priority,metaobject_id,handle,display_name,proposed_action,referencing_products,referencing_product_handles,why_tim_approval_is_required
1,135406977340,french-fitness-3-tier-saddle-15-pair-dumbbell-rack-new,French Fitness 3 Tier Saddle 15 Pair Dumbbell Rack (New),"DECIDE survivor, then MERGE + ARCHIVE the other",1,french-fitness-3-tier-saddle-15-pair-dumbbell-rack-new,High - repointing changes live PDP content.
1,146703778108,french-fitness-3-tier-saddle-15-pair-dumbbell-rack-new-1,French Fitness 3 Tier Saddle 15 Pair Dumbbell Rack V2 (New),"DECIDE survivor, then MERGE + ARCHIVE the other",1,french-fitness-3-tier-saddle-15-pair-dumbbell-rack-v2-new,High - repointing changes live PDP content.
1,135511015740,french-fitness-ffs-silver-seated-leg-press-new,French Fitness FFB Black Seated Leg Press (New),"DECIDE survivor, then MERGE + ARCHIVE the other",1,french-fitness-ffb-black-seated-leg-press-new,High - repointing changes live PDP content.
1,135511245116,french-fitness-ffs-silver-seated-leg-press-new-1,French Fitness FFS Silver Seated Leg Press (New),"DECIDE survivor, then MERGE + ARCHIVE the other",1,french-fitness-ffs-silver-seated-leg-press-new,High - repointing changes live PDP content.
1,195353444668,french-fitness-fsr-110-jammer-arms-new,French Fitness FSR110 Jammer Arms (New),"DECIDE survivor, then MERGE + ARCHIVE the other",1,french-fitness-fsr110-jammer-arms-new,High - repointing changes live PDP content.
1,195363504444,french-fitness-fsr-110-jammer-arms-new-1,French Fitness T850 Commercial Treadmill w/LED Console (New),"DECIDE survivor, then MERGE + ARCHIVE the other",1,french-fitness-t850-commercial-treadmill-w-led-console-new,High - repointing changes live PDP content.
1,135943061820,french-fitness-olympic-colored-bumper-plate-set-370-lbs-new,French Fitness Olympic Colored Bumper Plate Set 370 lbs (New),"DECIDE survivor, then MERGE + ARCHIVE the other",1,french-fitness-olympic-colored-bumper-plate-set-370-lbs-new,High - repointing changes live PDP content.
1,135943160124,french-fitness-olympic-colored-bumper-plate-set-370-lbs-new-1,French Fitness Olympic Colored Bumper Plate Set 370 lbs - Blank (New),"DECIDE survivor, then MERGE + ARCHIVE the other",1,french-fitness-olympic-colored-bumper-plate-set-370-lbs-blank-new,High - repointing changes live PDP content.
1,135486767420,french-fitness-push-pull-weight-sled-new,French Fitness Push / Pull Weight Sled (New),"DECIDE survivor, then MERGE + ARCHIVE the other",1,french-fitness-push-pull-weight-sled-new,High - repointing changes live PDP content.
1,183262150972,french-fitness-push-pull-weight-sled-new-1,French Fitness Push / Pull Weight Sled (New),"DECIDE survivor, then MERGE + ARCHIVE the other",1,french-fitness-push-pull-weight-sled-v3-new,High - repointing changes live PDP content.
1,135510622524,french-fitness-specialty-multi-grip-olympic-swiss-bar-new,French Fitness Multi Grip Olympic Swiss Bar V2 (New),"DECIDE survivor, then MERGE + ARCHIVE the other",1,french-fitness-multi-grip-olympic-swiss-bar-v2-new,High - repointing changes live PDP content.
1,135822475580,french-fitness-specialty-multi-grip-olympic-swiss-bar-new-1,French Fitness Specialty Multi Grip Olympic Swiss Bar (New),"DECIDE survivor, then MERGE + ARCHIVE the other",1,french-fitness-specialty-multigrip-olympic-swiss-bar-new,High - repointing changes live PDP content.
1,136826454332,sci-fit-iso-1000-upright-bike-remanufactured,SciFit ISO 1000 Upright Bike (Remanufactured),"DECIDE survivor, then MERGE + ARCHIVE the other",1,scifit-iso-1000-upright-bike-remanufactured,High - repointing changes live PDP content.
1,136832581948,sci-fit-iso-1000-upright-bike-remanufactured-1,SciFit ISO1000 Upright Bike (Remanufactured),"DECIDE survivor, then MERGE + ARCHIVE the other",1,scifit-iso1000-upright-bike-remanufactured,High - repointing changes live PDP content.
1,135764443452,versaclimber-alxp-versa-climber-new,Versaclimber ALXP Versa Climber (New),"DECIDE survivor, then MERGE + ARCHIVE the other",1,versaclimber-alxp-versa-climber-new,High - repointing changes live PDP content.
1,135764869436,versaclimber-alxp-versa-climber-new-1,Versaclimber ALXP Versa Climber (New),"DECIDE survivor, then MERGE + ARCHIVE the other",1,versaclimber-alxp-versa-climber-new-1,High - repointing changes live PDP content.
1,144916152636,woodway-4-front-treadmill-w-personal-trainer-2024-display-remanufactured,Woodway 4Front Treadmill w/Personal Trainer 2024 Display (Remanufactured),"DECIDE survivor, then MERGE + ARCHIVE the other",1,woodway-4front-treadmill-w-personal-trainer-2024-display-remanufactured,High - repointing changes live PDP content.
1,144918282556,woodway-4-front-treadmill-w-personal-trainer-2024-display-remanufactured-1,Woodway 4Front Treadmill w/HDTV (Remanufactured),"DECIDE survivor, then MERGE + ARCHIVE the other",1,woodway-4front-treadmill-w-hdtv-remanufactured,High - repointing changes live PDP content.
2,176457646396,french-fitness-fsr-100-commercial-functional-smith-rack-system-new-1,French Fitness FSR100 Commercial Functional Smith Rack System (New),"MERGE missing fields into canonical, then ARCHIVE this record",0,,Low-medium - content loss if merged without field-level review.
2,127882854716,french-fitness-fsr-50-ab-adjustable-bench-new,French Fitness FSR50-AB Adjustable Bench (New),"MERGE missing fields into canonical, then ARCHIVE this record",0,,Low-medium - content loss if merged without field-level review.
2,186876395836,french-fitness-onyx-leverage-horizontal-bench-press-plate-loaded-new,French Fitness Onyx Leverage Horizontal Bench Press Plate Loaded (New),"MERGE missing fields into canonical, then ARCHIVE this record",0,,Low-medium - content loss if merged without field-level review.
2,135909540156,french-fitness-rubber-grip-olympic-plate-10-lbs-black-new,French Fitness Rubber Grip Olympic Plate 10 lbs Black (New),"MERGE missing fields into canonical, then ARCHIVE this record",0,,Low-medium - content loss if merged without field-level review.
2,135982088508,french-fitness-rubber-grip-weight-plate-set-w-7-ft-olympic-bar-235-lbs-new,French Fitness Rubber Grip Weight Plate Set w/7 ft Olympic Bar 235 lbs (New),"MERGE missing fields into canonical, then ARCHIVE this record",0,,Low-medium - content loss if merged without field-level review.
2,136247476540,french-fitness-soft-medicine-wall-ball-6-lb-new,French Fitness Soft Medicine Wall Ball 6 lb (New),"MERGE missing fields into canonical, then ARCHIVE this record",0,,Low-medium - content loss if merged without field-level review.
2,176470065468,french-fitness-tahoe-pec-fly-rear-delt-new-1,French Fitness Tahoe Pec Fly / Rear Delt (New),"MERGE missing fields into canonical, then ARCHIVE this record",0,,Low-medium - content loss if merged without field-level review.
2,176471998780,french-fitness-tahoe-prone-leg-curl-leg-extension-new-1,French Fitness Tahoe Prone Leg Curl / Leg Extension (New),"MERGE missing fields into canonical, then ARCHIVE this record",0,,Low-medium - content loss if merged without field-level review.
2,176468525372,french-fitness-tahoe-seated-leg-curl-leg-extension-new-1,French Fitness Tahoe Seated Leg Curl / Leg Extension (New),"MERGE missing fields into canonical, then ARCHIVE this record",0,,Low-medium - content loss if merged without field-level review.
2,275975897404,french-fitness-urethane-8-sided-hex-dumbbell-set-5-60-lbs-blank-no-logo-new,"French Fitness Urethane 8 Sided Hex Dumbbell Set, 5-60 lbs - Blank / No Logo (New)","MERGE missing fields into canonical, then ARCHIVE this record",0,,Low-medium - content loss if merged without field-level review.
2,136506638652,golden-designs-gdi-8503-01-savonlinna-3-person-outdoor-traditional-sauna-canadian-red-cedar-interior-new,Golden Designs GDI-8503-01 Savonlinna 3 Person Outdoor Traditional Sauna - Canadian Red Cedar Interior (New),"MERGE missing fields into canonical, then ARCHIVE this record",0,,Low-medium - content loss if merged without field-level review.
2,136432812348,hammer-strength-3-tier-dumbbell-rack-remanufactured,Hammer Strength 3 Tier Dumbbell Rack (Remanufactured),"MERGE missing fields into canonical, then ARCHIVE this record",0,,Low-medium - content loss if merged without field-level review.
2,136336376124,life-fitness-integrity-se-3-hd-elliptical-remanufactured,Life Fitness Integrity SE3 HD Elliptical (Remanufactured),"MERGE missing fields into canonical, then ARCHIVE this record",0,,Low-medium - content loss if merged without field-level review.
2,136840479036,nautilus-inspiration-vertical-row-9-ipvr-5-60-bz-new,Nautilus Inspiration Vertical Row 9-IPVR5-60BZ (New),"MERGE missing fields into canonical, then ARCHIVE this record",0,,Low-medium - content loss if merged without field-level review.
2,135975698748,sports-art-t-645-l-performance-treadmill-new,SportsArt T645L Performance Treadmill (New),"MERGE missing fields into canonical, then ARCHIVE this record",0,,Low-medium - content loss if merged without field-level review.
2,146935873852,stairmaster-8-series-gauntlet-x-w-led-display-9-5395-8-gx-16-in-60-new,"Stairmaster 8 Series Gauntlet X w/16"" Touch Display (New)","MERGE missing fields into canonical, then ARCHIVE this record",0,,Low-medium - content loss if merged without field-level review.
2,173610959164,star-trac-6-series-6-tr-treadmill-w-24-embedded-display-black-new,"Star Trac 6 Series 6TR Treadmill w/16"" Embedded Display - Black (New)","MERGE missing fields into canonical, then ARCHIVE this record",0,,Low-medium - content loss if merged without field-level review.
3,271082848572,220-v-240-v-external-transformer-box-for-fitness-equipment,2000VA External Step-Up / Step-Down Transformer Box for Fitness Equipment,DISCONNECT (if attached) + ARCHIVE,1,220v-240v-external-transformer-box,Medium - archiving/reactivating the product later would need the record back.
3,135998570812,air-tek-fitness-hiit-air-magnetic-rower-new,AirTEK Fitness HIIT Air + Magnetic Rower (New),DISCONNECT (if attached) + ARCHIVE,1,airtek-fitness-hiit-air-magnetic-rower-new,Medium - archiving/reactivating the product later would need the record back.
3,136669528380,body-craft-f-603-flat-incline-utility-bench-for-free-weights-new,BodyCraft  F603 Flat / Incline Utility Bench for Free Weights (New),DISCONNECT (if attached) + ARCHIVE,0,,Low - nothing renders it. Recoverable only from the export in this packet.
3,135516356924,body-craft-f-605-flat-incline-decline-utility-bench-new,BodyCraft F605 Flat/Incline/Decline Utility Bench (New),DISCONNECT (if attached) + ARCHIVE,1,bodycraft-f605-flat-incline-decline-utility-bench-new,Medium - archiving/reactivating the product later would need the record back.
3,136669790524,body-craft-f-610-arm-curl-attachment-new,BodyCraft F610 Arm Curl Attachment (New),DISCONNECT (if attached) + ARCHIVE,1,bodycraft-f610-arm-curl-attachment-new,Medium - archiving/reactivating the product later would need the record back.
3,136046707004,body-solid-b-3-u-endurance-self-generating-upright-bike-new,Body-Solid B3U Endurance Self Generating Upright Bike (New),DISCONNECT (if attached) + ARCHIVE,1,body-solid-b3u-endurance-self-generating-upright-bike-new,Medium - archiving/reactivating the product later would need the record back.
3,136049623356,body-solid-bc-2-extra-pair-of-bar-catches-for-ppr-200-x-and-bfpr-100-new,Body-Solid BC2 Extra Pair of Bar Catches for PPR200X and BFPR100 (New),DISCONNECT (if attached) + ARCHIVE,0,,Low - nothing renders it. Recoverable only from the export in this packet.
3,136046149948,body-solid-best-fitness-bfmg-30-multi-station-home-gym-new,Body Solid Best Fitness BFMG30 Multi-Station Home Gym (New),DISCONNECT (if attached) + ARCHIVE,1,body-solid-best-fitness-bfmg30-multi-station-home-gym-new,Medium - archiving/reactivating the product later would need the record back.
3,136045953340,body-solid-bfdr-10-best-fitness-dumbbell-rack-new,Body Solid BFDR10 Best Fitness Dumbbell Rack (New),DISCONNECT (if attached) + ARCHIVE,0,,Low - nothing renders it. Recoverable only from the export in this packet.
3,136053326140,body-solid-bfmc-10-best-fitness-mountain-climber-new,Body-Solid BFMC10 Best Fitness Mountain Climber (New),DISCONNECT (if attached) + ARCHIVE,1,body-solid-bfmc10-best-fitness-mountain-climber-new,Medium - archiving/reactivating the product later would need the record back.
3,136053883196,body-solid-bfmg-20-best-fitness-sportsman-home-gym-new,Body-Solid BFMG20 Best Fitness Sportsman Home Gym (New),DISCONNECT (if attached) + ARCHIVE,1,body-solid-bfmg20-best-fitness-sportsman-home-gym-new,Medium - archiving/reactivating the product later would need the record back.
3,136059126076,body-solid-bfvk-10-r-best-fitness-vertical-knee-raise-new,Body-Solid BFVK10R Best Fitness Vertical Knee Raise (New),DISCONNECT (if attached) + ARCHIVE,0,,Low - nothing renders it. Recoverable only from the export in this packet.
3,135522419004,body-solid-bsldg-2-b-apu-aluminum-pulley-upgrade-new,Body-Solid BSLDG2B-APU Aluminum Pulley Upgrade (New),DISCONNECT (if attached) + ARCHIVE,1,body-solid-bsldg2b-apu-aluminum-pulley-upgrade-new,Medium - archiving/reactivating the product later would need the record back.
3,136683553084,body-solid-bstdmb-25-dual-grip-medicine-ball-25-lbs-new,Body Solid BSTDMB25 Dual-Grip Medicine Ball - 25 lbs. (New),DISCONNECT (if attached) + ARCHIVE,1,body-solid-bstdmb25-dual-grip-medicine-ball-25-lbs-new,Medium - archiving/reactivating the product later would need the record back.
3,136683618620,body-solid-bstdmb-6-dual-grip-medicine-ball-6-lbs-new,Body Solid BSTDMB6 Dual-Grip Medicine Ball - 6 lbs. (New),DISCONNECT (if attached) + ARCHIVE,1,body-solid-bstdmb6-dual-grip-medicine-ball-6-lbs-new,Medium - archiving/reactivating the product later would need the record back.
3,136683716924,body-solid-bstdmb-8-dual-grip-medicine-ball-8-lbs-new,Body Solid BSTDMB8 Dual-Grip Medicine Ball - 8 lbs. (New),DISCONNECT (if attached) + ARCHIVE,1,body-solid-bstdmb8-dual-grip-medicine-ball-8-lbs-new,Medium - archiving/reactivating the product later would need the record back.
3,136683979068,body-solid-bstfb-12-fitness-bar-12-lbs-green-new,Body Solid BSTFB12 Fitness Bar 12 lbs. - Green (New),DISCONNECT (if attached) + ARCHIVE,0,,Low - nothing renders it. Recoverable only from the export in this packet.
3,136684273980,body-solid-bstfb-15-fitness-bar-15-lbs-red-new,Body Solid BSTFB15 Fitness Bar 15 lbs. - Red (New),DISCONNECT (if attached) + ARCHIVE,0,,Low - nothing renders it. Recoverable only from the export in this packet.
3,136684634428,body-solid-bstfb-18-fitness-bar-18-lbs-blue-new,Body Solid BSTFB18 Fitness Bar 18 lbs. - Blue (New),DISCONNECT (if attached) + ARCHIVE,0,,Low - nothing renders it. Recoverable only from the export in this packet.
3,136684798268,body-solid-bstfb-24-fitness-bar-24-lbs-purple-new,Body Solid BSTFB24 Fitness Bar 24 lbs. - Purple (New),DISCONNECT (if attached) + ARCHIVE,0,,Low - nothing renders it. Recoverable only from the export in this packet.
3,136684994876,body-solid-bstfb-30-fitness-bar-30-lbs-magenta-new,Body Solid BSTFB30 Fitness Bar 30 lbs. - Magenta (New),DISCONNECT (if attached) + ARCHIVE,0,,Low - nothing renders it. Recoverable only from the export in this packet.
3,136685093180,body-solid-bstfb-36-fitness-bar-36-lbs-gray-new,Body Solid BSTFB36 Fitness Bar 36 lbs. - Gray (New),DISCONNECT (if attached) + ARCHIVE,0,,Low - nothing renders it. Recoverable only from the export in this packet.
3,136685289788,body-solid-bstfb-4-fitness-bar-4-lbs-orange-new,Body Solid BSTFB4 Fitness Bar 4 lbs. - Orange (New),DISCONNECT (if attached) + ARCHIVE,0,,Low - nothing renders it. Recoverable only from the export in this packet.
3,136685388092,body-solid-bstfb-6-fitness-bar-6-lbs-light-purple-new,Body Solid BSTFB6 Fitness Bar 6 lbs. - Light Purple (New),DISCONNECT (if attached) + ARCHIVE,0,,Low - nothing renders it. Recoverable only from the export in this packet.
3,136685814076,body-solid-bstfb-9-fitness-bar-9-lbs-yellow-new,Body Solid BSTFB9 Fitness Bar 9 lbs. - Yellow (New),DISCONNECT (if attached) + ARCHIVE,0,,Low - nothing renders it. Recoverable only from the export in this packet.
3,135523369276,body-solid-bstfm-10-tools-foam-exercise-mat-new,Body-Solid BSTFM10 Tools Foam Exercise Mat (New),DISCONNECT (if attached) + ARCHIVE,0,,Low - nothing renders it. Recoverable only from the export in this packet.
3,136686403900,body-solid-bsthb-10-slam-ball-red-10-lbs-new,Body Solid BSTHB10 Slam Ball Red 10 lbs. (New),DISCONNECT (if attached) + ARCHIVE,1,body-solid-bsthb10-slam-ball-red-10-lbs-new,Medium - archiving/reactivating the product later would need the record back.
3,136703541564,body-solid-bsthb-15-slam-ball-red-15-lbs-new,Body Solid BSTHB15 Slam Ball Red 15 lbs. (New),DISCONNECT (if attached) + ARCHIVE,1,body-solid-bsthb15-slam-ball-red-15-lbs-new,Medium - archiving/reactivating the product later would need the record back.
3,136703770940,body-solid-bsthb-20-slam-ball-red-20-lbs-new,Body Solid BSTHB20 Slam Ball Red 20 lbs. (New),DISCONNECT (if attached) + ARCHIVE,1,body-solid-bsthb20-slam-ball-red-20-lbs-new,Medium - archiving/reactivating the product later would need the record back.
3,136704327996,body-solid-bsthb-25-slam-ball-red-25-lbs-new,Body Solid BSTHB25 Slam Ball Red 25 lbs. (New),DISCONNECT (if attached) + ARCHIVE,1,body-solid-bsthb25-slam-ball-red-25-lbs-new,Medium - archiving/reactivating the product later would need the record back.
3,136704852284,body-solid-bsthb-30-slam-ball-red-30-lbs-new,Body Solid BSTHB30 Slam Ball Red 30 lbs. (New),DISCONNECT (if attached) + ARCHIVE,1,body-solid-bsthb30-slam-ball-red-30-lbs-new,Medium - archiving/reactivating the product later would need the record back.
3,136686043452,body-solid-bsthb-tools-slam-balls-set-of-5-new,Body Solid BSTHB Tools Slam Balls Set of 5 (New),DISCONNECT (if attached) + ARCHIVE,1,body-solid-bsthb-tools-slam-balls-set-of-5-new,Medium - archiving/reactivating the product later would need the record back.
3,136722252092,body-solid-bsthb-tools-slam-balls-w-rack-new,Body Solid BSTHB Tools Slam Balls w/Rack (New),DISCONNECT (if attached) + ARCHIVE,1,body-solid-bsthb-tools-slam-balls-w-rack-new,Medium - archiving/reactivating the product later would need the record back.
3,138221191484,body-solid-bsthrb-20-20-lbs-heavy-rubber-ball-purple-new,Body-Solid BSTHRB20 20 lbs. Heavy Rubber Ball - Purple (New),DISCONNECT (if attached) + ARCHIVE,1,body-solid-bsthrb20-20-lbs-heavy-rubber-ball-purple-new,Medium - archiving/reactivating the product later would need the record back.
3,138221781308,body-solid-bsthrb-30-30-lbs-heavy-rubber-ball-yellow-new,Body-Solid BSTHRB30 30 lbs. Heavy Rubber Ball - Yellow (New),DISCONNECT (if attached) + ARCHIVE,1,body-solid-bsthrb30-30-lbs-heavy-rubber-ball-yellow-new,Medium - archiving/reactivating the product later would need the record back.
3,138222305596,body-solid-bsthrb-60-60-lbs-heavy-rubber-ball-blue-new,Body-Solid BSTHRB60 60 lbs. Heavy Rubber Ball - Blue (New),DISCONNECT (if attached) + ARCHIVE,1,body-solid-bsthrb60-60-lbs-heavy-rubber-ball-blue-new,Medium - archiving/reactivating the product later would need the record back.
3,138222469436,body-solid-bsthrb-70-70-lbs-heavy-rubber-ball-gray-new,Body-Solid BSTHRB70 70 lbs. Heavy Rubber Ball - Gray (New),DISCONNECT (if attached) + ARCHIVE,1,body-solid-bsthrb70-70-lbs-heavy-rubber-ball-gray-new,Medium - archiving/reactivating the product later would need the record back.
3,136723300668,body-solid-bstmb-10-10-lbs-medicine-ball-blue-new,Body Solid BSTMB10 10 lbs. Medicine Ball - Blue (New),DISCONNECT (if attached) + ARCHIVE,1,body-solid-bstmb10-10-lbs-medicine-ball-blue-new,Medium - archiving/reactivating the product later would need the record back.
3,136723497276,body-solid-bstmb-12-12-lbs-medicine-ball-black-new,Body Solid BSTMB12 12 lbs. Medicine Ball - Black (New),DISCONNECT (if attached) + ARCHIVE,1,body-solid-bstmb12-12-lbs-medicine-ball-black-new,Medium - archiving/reactivating the product later would need the record back.
3,136723693884,body-solid-bstmb-14-14-lbs-medicine-ball-orange-new,Body Solid BSTMB14 14 lbs. Medicine Ball - Orange (New),DISCONNECT (if attached) + ARCHIVE,1,body-solid-bstmb14-14-lbs-medicine-ball-orange-new,Medium - archiving/reactivating the product later would need the record back.
3,136723988796,body-solid-bstmb-16-16-lbs-medicine-ball-green-new,Body Solid BSTMB16 16 lbs. Medicine Ball - Green (New),DISCONNECT (if attached) + ARCHIVE,1,body-solid-bstmb16-16-lbs-medicine-ball-green-new,Medium - archiving/reactivating the product later would need the record back.
3,136724152636,body-solid-bstmb-2-2-lbs-medicine-ball-lt-purple-new,Body Solid BSTMB2 2 lbs. Medicine Ball - Lt. Purple (New),DISCONNECT (if attached) + ARCHIVE,1,body-solid-bstmb2-2-lbs-medicine-ball-lt-purple-new,Medium - archiving/reactivating the product later would need the record back.
3,136724513084,body-solid-bstmb-20-20-lbs-medicine-ball-blue-new,Body Solid BSTMB20 20 lbs. Medicine Ball - Blue (New),DISCONNECT (if attached) + ARCHIVE,1,body-solid-bstmb20-20-lbs-medicine-ball-blue-new,Medium - archiving/reactivating the product later would need the record back.
3,136724807996,body-solid-bstmb-25-25-lbs-medicine-ball-black-new,Body Solid BSTMB25 25 lbs. Medicine Ball - Black (New),DISCONNECT (if attached) + ARCHIVE,1,body-solid-bstmb25-25-lbs-medicine-ball-black-new,Medium - archiving/reactivating the product later would need the record back.
3,136724939068,body-solid-bstmb-30-30-lbs-medicine-ball-black-new,Body Solid BSTMB30 30 lbs. Medicine Ball - Black (New),DISCONNECT (if attached) + ARCHIVE,1,body-solid-bstmb30-30-lbs-medicine-ball-black-new,Medium - archiving/reactivating the product later would need the record back.
3,136725561660,body-solid-bstmb-4-4-lbs-medicine-ball-yellow-new,Body Solid BSTMB4 4 lbs. Medicine Ball - Yellow (New),DISCONNECT (if attached) + ARCHIVE,1,body-solid-bstmb4-4-lbs-medicine-ball-yellow-new,Medium - archiving/reactivating the product later would need the record back.
3,136727658812,body-solid-bstmb-6-6-lbs-medicine-ball-aqua-new,Body Solid BSTMB6 6 lbs. Medicine Ball - Aqua (New),DISCONNECT (if attached) + ARCHIVE,1,body-solid-bstmb6-6-lbs-medicine-ball-aqua-new,Medium - archiving/reactivating the product later would need the record back.
3,136730673468,body-solid-bstmb-8-8-lbs-medicine-ball-red-new,Body Solid BSTMB8 8 lbs. Medicine Ball - Red (New),DISCONNECT (if attached) + ARCHIVE,1,body-solid-bstmb8-8-lbs-medicine-ball-red-new,Medium - archiving/reactivating the product later would need the record back.
3,136074527036,body-solid-bstnd-1-1-lb-body-solid-neoprene-dumbbell-new,Body Solid BSTND1 1 lb. Body-Solid Neoprene Dumbbell (New),DISCONNECT (if attached) + ARCHIVE,0,,Low - nothing renders it. Recoverable only from the export in this packet.
3,136074592572,body-solid-bstnd-10-neoprene-dumbbell-10-lbs-orange-new,Body Solid BSTND10 Neoprene Dumbbell- 10 lbs. Orange (New),DISCONNECT (if attached) + ARCHIVE,0,,Low - nothing renders it. Recoverable only from the export in this packet.
3,136074756412,body-solid-bstnd-12-neoprene-dumbbell-12-lbs-pink-new,Body Solid BSTND12 Neoprene Dumbbell- 12 lbs. Pink (New),DISCONNECT (if attached) + ARCHIVE,0,,Low - nothing renders it. Recoverable only from the export in this packet.
3,136074821948,body-solid-bstnd-15-neoprene-dumbbell-15-lbs-gray-new,Body Solid BSTND15 Neoprene Dumbbell- 15 lbs. Gray (New),DISCONNECT (if attached) + ARCHIVE,0,,Low - nothing renders it. Recoverable only from the export in this packet.
3,136074953020,body-solid-bstnd-2-neoprene-dumbbell-2-lbs-light-purple-new,Body Solid BSTND2 Neoprene Dumbbell- 2 lbs. Light Purple (New),DISCONNECT (if attached) + ARCHIVE,0,,Low - nothing renders it. Recoverable only from the export in this packet.
3,136075575612,body-solid-bstnd-3-neoprene-dumbbell-3-lbs-green-new,Body Solid BSTND3 Neoprene Dumbbell- 3 lbs. Green (New),DISCONNECT (if attached) + ARCHIVE,0,,Low - nothing renders it. Recoverable only from the export in this packet.
3,135512162620,body-solid-bstnd-4-neoprene-dumbbell-4-lbs-light-gray-new,Body Solid BSTND4 Neoprene Dumbbell- 4 lbs. Light Gray (New),DISCONNECT (if attached) + ARCHIVE,0,,Low - nothing renders it. Recoverable only from the export in this packet.
3,136075673916,body-solid-bstnd-5-neoprene-dumbbell-5-lbs-blue-new,Body Solid BSTND5 Neoprene Dumbbell- 5 lbs. Blue (New),DISCONNECT (if attached) + ARCHIVE,0,,Low - nothing renders it. Recoverable only from the export in this packet.
3,136075706684,body-solid-bstnd-6-neoprene-dumbbell-6-lbs-red-new,Body Solid BSTND6 Neoprene Dumbbell- 6 lbs. Red (New),DISCONNECT (if attached) + ARCHIVE,0,,Low - nothing renders it. Recoverable only from the export in this packet.
3,136075804988,body-solid-bstnd-7-neoprene-dumbbell-7-lbs-purple-new,Body Solid BSTND7 Neoprene Dumbbell- 7 lbs. Purple (New),DISCONNECT (if attached) + ARCHIVE,0,,Low - nothing renders it. Recoverable only from the export in this packet.
3,136075968828,body-solid-bstnd-8-neoprene-dumbbell-8-lbs-black-new,Body Solid BSTND8 Neoprene Dumbbell- 8 lbs. Black (New),DISCONNECT (if attached) + ARCHIVE,0,,Low - nothing renders it. Recoverable only from the export in this packet.
3,136076001596,body-solid-bstnd-9-neoprene-dumbbell-9-lbs-yellow-new,Body Solid BSTND9 Neoprene Dumbbell- 9 lbs. Yellow (New),DISCONNECT (if attached) + ARCHIVE,0,,Low - nothing renders it. Recoverable only from the export in this packet.
3,136077312316,body-solid-bstnds-110-neoprene-dumbbell-1-10-lbs-set-new,Body-Solid BSTNDS110 Neoprene Dumbbell 1-10 lbs. Set (New),DISCONNECT (if attached) + ARCHIVE,0,,Low - nothing renders it. Recoverable only from the export in this packet.
3,136135835964,body-solid-bstnds-164-neoprene-dumbbell-1-15-lbs-set-new,Body-Solid BSTNDS164 Neoprene Dumbbell 1-15 lbs. Set (New),DISCONNECT (if attached) + ARCHIVE,0,,Low - nothing renders it. Recoverable only from the export in this packet.
3,136139211068,body-solid-bstolp-tools-plate-load-pin-new,Body Solid BSTOLP Tools Plate Load Pin (New),DISCONNECT (if attached) + ARCHIVE,1,body-solid-bstolp-tools-plate-load-pin-new,Medium - archiving/reactivating the product later would need the record back.
3,136730870076,body-solid-bstsb-55-exercise-ball-55-cm-grey-new,Body Solid BSTSB55 Exercise Ball 55cm Grey (New),DISCONNECT (if attached) + ARCHIVE,1,body-solid-bstsb55-exercise-ball-55cm-grey-new,Medium - archiving/reactivating the product later would need the record back.
3,136731099452,body-solid-bstsb-65-exercise-ball-65-cm-red-new,Body Solid BSTSB65 Exercise Ball 65cm Red (New),DISCONNECT (if attached) + ARCHIVE,1,body-solid-bstsb65-exercise-ball-65cm-red-new,Medium - archiving/reactivating the product later would need the record back.
3,136731459900,body-solid-bstsb-75-exercise-ball-75-cm-blue-new,Body Solid BSTSB75 Exercise Ball 75cm Blue (New),DISCONNECT (if attached) + ARCHIVE,1,body-solid-bstsb75-exercise-ball-75cm-blue-new,Medium - archiving/reactivating the product later would need the record back.
3,136731656508,body-solid-bstvd-1-vinyl-dumbbell-1-lb-light-pink-new,Body Solid BSTVD1 Vinyl Dumbbell 1 lb. Light Pink (New),DISCONNECT (if attached) + ARCHIVE,1,body-solid-bstvd1-vinyl-dumbbell-1-lb-light-pink-new,Medium - archiving/reactivating the product later would need the record back.
3,136150483260,body-solid-bstvd-10-vinyl-dumbbell-10-lbs-orange-new,Body Solid BSTVD10 Vinyl Dumbbell 10 lbs. Orange (New),DISCONNECT (if attached) + ARCHIVE,0,,Low - nothing renders it. Recoverable only from the export in this packet.
3,136737292604,body-solid-bstvd-110-vinyl-dumbbell-1-10-lbs-set-new,Body Solid BSTVD110 Vinyl Dumbbell 1-10lbs. Set (New),DISCONNECT (if attached) + ARCHIVE,1,body-solid-bstvd110-vinyl-dumbbell-1-10lbs-set-new,Medium - archiving/reactivating the product later would need the record back.
3,136731885884,body-solid-bstvd-12-vinyl-dumbbell-12-lbs-pink-new,Body Solid BSTVD12 Vinyl Dumbbell 12 lbs. Pink (New),DISCONNECT (if attached) + ARCHIVE,1,body-solid-bstvd12-vinyl-dumbbell-12-lbs-pink-new,Medium - archiving/reactivating the product later would need the record back.
3,136732803388,body-solid-bstvd-15-vinyl-dumbbell-15-lbs-gray-new,Body Solid BSTVD15 Vinyl Dumbbell 15 lbs. Gray (New),DISCONNECT (if attached) + ARCHIVE,1,body-solid-bstvd15-vinyl-dumbbell-15-lbs-gray-new,Medium - archiving/reactivating the product later would need the record back.
3,136738046268,body-solid-bstvd-164-vinyl-dumbbell-1-15-lbs-set-new,Body Solid BSTVD164 Vinyl Dumbbell 1-15lbs. Set (New),DISCONNECT (if attached) + ARCHIVE,1,body-solid-bstvd164-vinyl-dumbbell-1-15lbs-set-new,Medium - archiving/reactivating the product later would need the record back.
3,136733065532,body-solid-bstvd-2-vinyl-dumbbell-2-lbs-light-purple-new,Body Solid BSTVD2 Vinyl Dumbbell 2 lbs. Light Purple (New),DISCONNECT (if attached) + ARCHIVE,1,body-solid-bstvd2-vinyl-dumbbell-2-lbs-light-purple-new,Medium - archiving/reactivating the product later would need the record back.
3,136733294908,body-solid-bstvd-3-vinyl-dumbbell-3-lbs-green-new,Body Solid BSTVD3 Vinyl Dumbbell 3 lbs. Green (New),DISCONNECT (if attached) + ARCHIVE,1,body-solid-bstvd3-vinyl-dumbbell-3-lbs-green-new,Medium - archiving/reactivating the product later would need the record back.
3,136733622588,body-solid-bstvd-4-vinyl-dumbbell-4-lbs-light-gray-new,Body Solid BSTVD4 Vinyl Dumbbell 4 lbs. Light Gray (New),DISCONNECT (if attached) + ARCHIVE,1,body-solid-bstvd4-vinyl-dumbbell-4-lbs-light-gray-new,Medium - archiving/reactivating the product later would need the record back.
3,136736014652,body-solid-bstvd-5-vinyl-dumbbell-5-lbs-blue-new,Body Solid BSTVD5 Vinyl Dumbbell 5 lbs. Blue (New),DISCONNECT (if attached) + ARCHIVE,1,body-solid-bstvd5-vinyl-dumbbell-5-lbs-blue-new,Medium - archiving/reactivating the product later would need the record back.
3,136736080188,body-solid-bstvd-6-vinyl-dumbbell-6-lbs-red-new,Body Solid BSTVD6 Vinyl Dumbbell 6 lbs. Red (New),DISCONNECT (if attached) + ARCHIVE,1,body-solid-bstvd6-vinyl-dumbbell-6-lbs-red-new,Medium - archiving/reactivating the product later would need the record back.
3,136736604476,body-solid-bstvd-7-vinyl-dumbbell-7-lbs-purple-new,Body Solid BSTVD7 Vinyl Dumbbell 7 lbs. Purple (New),DISCONNECT (if attached) + ARCHIVE,1,body-solid-bstvd7-vinyl-dumbbell-7-lbs-purple-new,Medium - archiving/reactivating the product later would need the record back.
3,136736833852,body-solid-bstvd-8-vinyl-dumbbell-8-lbs-black-new,Body Solid BSTVD8 Vinyl Dumbbell 8 lbs. Black (New),DISCONNECT (if attached) + ARCHIVE,1,body-solid-bstvd8-vinyl-dumbbell-8-lbs-black-new,Medium - archiving/reactivating the product later would need the record back.
3,136737161532,body-solid-bstvd-9-vinyl-dumbbell-9-lbs-yellow-new,Body Solid BSTVD9 Vinyl Dumbbell 9 lbs. Yellow (New),DISCONNECT (if attached) + ARCHIVE,1,body-solid-bstvd9-vinyl-dumbbell-9-lbs-yellow-new,Medium - archiving/reactivating the product later would need the record back.
3,138179936572,body-solid-exm-2500-s-home-gym-new,Body-Solid EXM2500s Home Gym (New),DISCONNECT (if attached) + ARCHIVE,0,,Low - nothing renders it. Recoverable only from the export in this packet.
3,138180723004,body-solid-f-400-fusion-400-personal-trainer-new,Body-Solid F400 Fusion 400 Personal Trainer (New),DISCONNECT (if attached) + ARCHIVE,1,body-solid-f400-fusion-400-personal-trainer-new,Medium - archiving/reactivating the product later would need the record back.
3,136175223100,body-solid-g-1-s-selectorized-home-gym-new,Body-Solid G1S Selectorized Home Gym (New),DISCONNECT (if attached) + ARCHIVE,1,body-solid-g1s-selectorized-home-gym-new,Medium - archiving/reactivating the product later would need the record back.
3,136177156412,body-solid-g-9-s-selectorized-2-stack-multi-gym-new,Body-Solid G9S Selectorized 2 Stack Multi Gym (New),DISCONNECT (if attached) + ARCHIVE,0,,Low - nothing renders it. Recoverable only from the export in this packet.
3,136182137148,body-solid-gap-1-aluminum-pulley-upgrade-for-g-1-s-gym-new,Body-Solid GAP1 Aluminum Pulley Upgrade for G1S Gym (New),DISCONNECT (if attached) + ARCHIVE,1,body-solid-gap1-aluminum-pulley-upgrade-for-g1s-gym-new,Medium - archiving/reactivating the product later would need the record back.
3,136182399292,body-solid-gap-10-aluminum-pulley-upgrade-for-g-10-b-new,Body-Solid GAP10 Aluminum Pulley Upgrade for G10B (New),DISCONNECT (if attached) + ARCHIVE,1,body-solid-gap10-aluminum-pulley-upgrade-for-g10b-new,Medium - archiving/reactivating the product later would need the record back.
3,136182890812,body-solid-gap-3-aluminum-pulley-upgrade-for-g-3-s-gym-new,Body-Solid GAP3 Aluminum Pulley Upgrade for G3S Gym (New),DISCONNECT (if attached) + ARCHIVE,1,body-solid-gap3-aluminum-pulley-upgrade-for-g3s-gym-new,Medium - archiving/reactivating the product later would need the record back.
3,136183021884,body-solid-gap-348-aluminum-pulley-upgrade-gla-348-s-lat-attachment-new,Body-Solid GAP348 Aluminum Pulley Upgrade - GLA348S Lat Attachment (New),DISCONNECT (if attached) + ARCHIVE,1,body-solid-gap348-aluminum-pulley-upgrade-gla348s-lat-attachment-new,Medium - archiving/reactivating the product later would need the record back.
3,136183873852,body-solid-gap-378-aluminum-pulley-upgrade-for-gla-378-new,Body-Solid GAP378 Aluminum Pulley Upgrade for GLA378 (New),DISCONNECT (if attached) + ARCHIVE,1,body-solid-gap378-aluminum-pulley-upgrade-for-gla378-new,Medium - archiving/reactivating the product later would need the record back.
3,136184168764,body-solid-gap-5-aluminum-pulley-upgrade-for-g-5-s-gym-new,Body-Solid GAP5 Aluminum Pulley Upgrade for G5S Gym (New),DISCONNECT (if attached) + ARCHIVE,1,body-solid-gap5-aluminum-pulley-upgrade-for-g5s-gym-new,Medium - archiving/reactivating the product later would need the record back.
3,136184267068,body-solid-gap-6-aluminum-pulley-upgrade-for-g-6-b-gym-new,Body-Solid GAP6 Aluminum Pulley Upgrade for G6B Gym (New),DISCONNECT (if attached) + ARCHIVE,1,body-solid-gap6-aluminum-pulley-upgrade-for-g6b-gym-new,Medium - archiving/reactivating the product later would need the record back.
3,136184430908,body-solid-gap-9-aluminum-pulley-upgrade-for-g-9-s-gym-new,Body-Solid GAP9 Aluminum Pulley Upgrade for G9S Gym (New),DISCONNECT (if attached) + ARCHIVE,1,body-solid-gap9-aluminum-pulley-upgrade-for-g9s-gym-new,Medium - archiving/reactivating the product later would need the record back.
3,136184496444,body-solid-gapiot-aluminum-pulley-upgrade-for-giot-new,Body-Solid GAPIOT Aluminum Pulley Upgrade for GIOT (New),DISCONNECT (if attached) + ARCHIVE,1,body-solid-gapiot-aluminum-pulley-upgrade-for-giot-new,Medium - archiving/reactivating the product later would need the record back.
3,136184660284,body-solid-gaplp-aluminum-pulley-upgrade-for-glp-new,Body-Solid GAPLP Aluminum Pulley Upgrade for GLP (New),DISCONNECT (if attached) + ARCHIVE,1,body-solid-gaplp-aluminum-pulley-upgrade-for-glp-new,Medium - archiving/reactivating the product later would need the record back.
3,136186495292,body-solid-gcec-340-cam-series-leg-extension-curl-new,Body-Solid GCEC340 Cam Series Leg Extension & Curl (New),DISCONNECT (if attached) + ARCHIVE,0,,Low - nothing renders it. Recoverable only from the export in this packet.
3,136187052348,body-solid-gcr-100-cardio-barbell-weight-rack-new,Body-Solid GCR100 Cardio Barbell Weight Rack (New),DISCONNECT (if attached) + ARCHIVE,1,body-solid-gcr100-cardio-barbell-weight-rack-new,Medium - archiving/reactivating the product later would need the record back.
3,136188264764,body-solid-gcrpack-cardio-barbell-package-set-new,Body Solid GCRPACK Cardio Barbell Package Set (New),DISCONNECT (if attached) + ARCHIVE,1,body-solid-gcrpack-cardio-barbell-package-set-new,Medium - archiving/reactivating the product later would need the record back.
3,136188854588,body-solid-gdcc-200-functional-training-center-200-new,Body-Solid GDCC200 Functional Training Center 200 (New),DISCONNECT (if attached) + ARCHIVE,0,,Low - nothing renders it. Recoverable only from the export in this packet.
3,138180952380,body-solid-gdcc-210-functional-training-center-210-new,Body-Solid GDCC210 Functional Training Center 210 (New),DISCONNECT (if attached) + ARCHIVE,1,body-solid-gdcc210-functional-training-center-210-new,Medium - archiving/reactivating the product later would need the record back.
3,138181083452,body-solid-gdcc-accessory-rack-new,Body-Solid GDCC Accessory Rack (New),DISCONNECT (if attached) + ARCHIVE,1,body-solid-gdcc-accessory-rack-new,Medium - archiving/reactivating the product later would need the record back.
3,138181345596,body-solid-gdkr-100-dual-dumbbell-kettlebell-rack-new,Body Solid GDKR100 Dual Dumbbell & Kettlebell Rack (New),DISCONNECT (if attached) + ARCHIVE,1,body-solid-gdkr100-dual-dumbbell-kettlebell-rack-new,Medium - archiving/reactivating the product later would need the record back.
3,138182000956,body-solid-gdr-24-npack-12-pairs-neoprene-dumbbells-1-15-lbs-w-rack-new,Body-Solid GDR24-NPACK 12 Pairs Neoprene Dumbbells 1-15 lbs w/Rack (New),DISCONNECT (if attached) + ARCHIVE,1,body-solid-gdr24-npack-12-pairs-neoprene-dumbbells-1-15-lbs-w-rack-new,Medium - archiving/reactivating the product later would need the record back.
3,135515439420,body-solid-gdr-24-vpack-12-pairs-vinyl-dumbbells-1-15-lbs-w-rack-new,Body-Solid GDR24-VPACK 12 Pairs Vinyl Dumbbells 1-15 lbs w/Rack (New),DISCONNECT (if attached) + ARCHIVE,1,body-solid-gdr24-vpack-12-pairs-vinyl-dumbbells-1-15-lbs-w-rack-new,Medium - archiving/reactivating the product later would need the record back.
3,136232501564,body-solid-gdr-34-3-tier-horizontal-34-vinyl-or-neoprene-dumbbell-rack-new,"Body Solid GDR34 3 Tier Horizontal 34"" Vinyl or Neoprene Dumbbell Rack (New)",DISCONNECT (if attached) + ARCHIVE,0,,Low - nothing renders it. Recoverable only from the export in this packet.
3,136233648444,body-solid-gdr-44-vertical-dumbbell-rack-new,Body Solid GDR44 Vertical Dumbbell Rack (New),DISCONNECT (if attached) + ARCHIVE,0,,Low - nothing renders it. Recoverable only from the export in this packet.
3,135526220092,body-solid-gdr-500-neopack-neoprene-dumbbell-package-new,Body Solid GDR500-NEOPACK Neoprene Dumbbell Package (New),DISCONNECT (if attached) + ARCHIVE,0,,Low - nothing renders it. Recoverable only from the export in this packet.
3,138185736508,body-solid-gdr-500-pack-vinyl-dumbbell-package-new,Body Solid GDR500PACK Vinyl Dumbbell Package (New),DISCONNECT (if attached) + ARCHIVE,1,body-solid-gdr500pack-vinyl-dumbbell-package-new,Medium - archiving/reactivating the product later would need the record back.
3,138186293564,body-solid-gfi-21-heavy-duty-flat-incline-bench-new,Body-Solid GFI21 Heavy Duty Flat Incline Bench (New),DISCONNECT (if attached) + ARCHIVE,1,body-solid-gfi21-heavy-duty-flat-incline-bench-new,Medium - archiving/reactivating the product later would need the record back.
3,136257339708,body-solid-gfid-31-flat-incline-decline-bench-new,Body-Solid GFID31 Flat Incline Decline Bench (New),DISCONNECT (if attached) + ARCHIVE,1,body-solid-gfid31-flat-incline-decline-bench-new,Medium - archiving/reactivating the product later would need the record back.
3,136257732924,body-solid-gfid-71-heavy-duty-flat-incline-decline-bench-new,Body-Solid GFID71 Heavy Duty Flat Incline Decline Bench (New),DISCONNECT (if attached) + ARCHIVE,1,body-solid-gfid71-heavy-duty-flat-incline-decline-bench-new,Medium - archiving/reactivating the product later would need the record back.
3,136259895612,body-solid-ghyp-345-45-degree-back-hyperextension-new,Body-Solid GHYP345 45 Degree Back Hyperextension (New),DISCONNECT (if attached) + ARCHIVE,0,,Low - nothing renders it. Recoverable only from the export in this packet.
3,136260616508,body-solid-gib-2-inversion-boots-new,Body Solid GIB2 Inversion Boots (New),DISCONNECT (if attached) + ARCHIVE,1,body-solid-gib2-inversion-boots-new,Medium - archiving/reactivating the product later would need the record back.
3,136261828924,body-solid-glce-365-seated-leg-extension-supine-curl-new,Body-Solid GLCE365 Seated Leg Extension & Supine Curl (New),DISCONNECT (if attached) + ARCHIVE,0,,Low - nothing renders it. Recoverable only from the export in this packet.
3,138192257340,body-solid-gmr-10-medicine-ball-rack-new,Body Solid GMR10 Medicine Ball Rack (New),DISCONNECT (if attached) + ARCHIVE,1,body-solid-gmr10-medicine-ball-rack-new,Medium - archiving/reactivating the product later would need the record back.
3,138193994044,body-solid-gmr-10-pack-medicine-ball-package-w-rack-new,Body Solid GMR10PACK Medicine Ball Package w/Rack (New),DISCONNECT (if attached) + ARCHIVE,1,body-solid-gmr10pack-medicine-ball-package-w-rack-new,Medium - archiving/reactivating the product later would need the record back.
3,136274641212,body-solid-gpcb-329-2-x-3-preacher-curl-bench-new,"Body-Solid GPCB329 2"" X 3"" Preacher Curl Bench (New)",DISCONNECT (if attached) + ARCHIVE,1,body-solid-gpcb329-2-x-3-preacher-curl-bench-new,Medium - archiving/reactivating the product later would need the record back.
3,136274903356,body-solid-gpm-65-plate-loaded-pec-fly-rear-delt-machine-new,Body-Solid GPM65 Plate Loaded Pec Fly / Rear Delt Machine (New),DISCONNECT (if attached) + ARCHIVE,0,,Low - nothing renders it. Recoverable only from the export in this packet.
3,136277229884,body-solid-gs-348-q-series-7-linear-bearing-smith-new,Body-Solid GS348Q Series 7 Linear Bearing Smith (New),DISCONNECT (if attached) + ARCHIVE,0,,Low - nothing renders it. Recoverable only from the export in this packet.
3,136277328188,body-solid-gs-348-qp-4-series-7-smith-gym-system-new,Body-Solid GS348QP4 Series 7 Smith Gym System (New),DISCONNECT (if attached) + ARCHIVE,0,,Low - nothing renders it. Recoverable only from the export in this packet.
3,136278114620,body-solid-gscr-349-commercial-seated-calf-raise-new,Body-Solid GSCR349 Commercial Seated Calf Raise (New),DISCONNECT (if attached) + ARCHIVE,0,,Low - nothing renders it. Recoverable only from the export in this packet.
3,136280736060,body-solid-gst-20-utility-stool-new,Body-Solid GST20 Utility Stool (New),DISCONNECT (if attached) + ARCHIVE,1,body-solid-gst20-utility-stool-new,Medium - archiving/reactivating the product later would need the record back.
3,136282210620,body-solid-gvkr-60-vkr-vertical-knee-raise-dip-new,Body-Solid GVKR60 VKR Vertical Knee Raise & Dip (New),DISCONNECT (if attached) + ARCHIVE,0,,Low - nothing renders it. Recoverable only from the export in this packet.
3,136283554108,body-solid-gvkr-82-deluxe-vkr-vertical-knee-raise-dip-pull-up-new,"Body-Solid GVKR82 Deluxe VKR Vertical Knee Raise, Dip, Pull Up (New)",DISCONNECT (if attached) + ARCHIVE,0,,Low - nothing renders it. Recoverable only from the export in this packet.
3,136788312380,body-solid-kbc-10-10-lbs-premium-kettlebell-new,Body Solid KBC10 10 lbs. Premium Kettlebell (New),DISCONNECT (if attached) + ARCHIVE,1,body-solid-kbc10-10-lbs-premium-kettlebell-new,Medium - archiving/reactivating the product later would need the record back.
3,136788476220,body-solid-kbc-15-15-lb-premium-kettlebell-new,Body Solid KBC15 15 lb. Premium Kettlebell (New),DISCONNECT (if attached) + ARCHIVE,1,body-solid-kbc15-15-lb-premium-kettlebell-new,Medium - archiving/reactivating the product later would need the record back.
3,136788607292,body-solid-kbc-20-20-lbs-premium-kettlebell-new,Body Solid KBC20 20 lbs. Premium Kettlebell (New),DISCONNECT (if attached) + ARCHIVE,1,body-solid-kbc20-20-lbs-premium-kettlebell-new,Medium - archiving/reactivating the product later would need the record back.
3,136788967740,body-solid-kbc-25-25-lbs-premium-kettlebell-new,Body Solid KBC25 25 lbs. Premium Kettlebell (New),DISCONNECT (if attached) + ARCHIVE,1,body-solid-kbc25-25-lbs-premium-kettlebell-new,Medium - archiving/reactivating the product later would need the record back.
3,136789328188,body-solid-kbc-30-30-lbs-premium-kettlebell-new,Body Solid KBC30 30 lbs. Premium Kettlebell (New),DISCONNECT (if attached) + ARCHIVE,1,body-solid-kbc30-30-lbs-premium-kettlebell-new,Medium - archiving/reactivating the product later would need the record back.
3,136789688636,body-solid-kbc-35-35-lbs-premium-kettlebell-new,Body Solid KBC35 35 lbs. Premium Kettlebell (New),DISCONNECT (if attached) + ARCHIVE,1,body-solid-kbc35-35-lbs-premium-kettlebell-new,Medium - archiving/reactivating the product later would need the record back.
3,136789950780,body-solid-kbc-40-40-lbs-premium-kettlebell-new,Body Solid KBC40 40 lbs. Premium Kettlebell (New),DISCONNECT (if attached) + ARCHIVE,1,body-solid-kbc40-40-lbs-premium-kettlebell-new,Medium - archiving/reactivating the product later would need the record back.
3,136790180156,body-solid-kbc-45-45-lbs-premium-kettlebell-new,Body Solid KBC45 45 lbs. Premium Kettlebell (New),DISCONNECT (if attached) + ARCHIVE,1,body-solid-kbc45-45-lbs-premium-kettlebell-new,Medium - archiving/reactivating the product later would need the record back.
3,136790343996,body-solid-kbc-5-5-lbs-premium-kettlebell-new,Body Solid KBC5 5 lbs. Premium Kettlebell (New),DISCONNECT (if attached) + ARCHIVE,1,body-solid-kbc5-5-lbs-premium-kettlebell-new,Medium - archiving/reactivating the product later would need the record back.
3,136790475068,body-solid-kbc-50-50-lbs-premium-kettlebell-new,Body Solid KBC50 50 lbs. Premium Kettlebell (New),DISCONNECT (if attached) + ARCHIVE,1,body-solid-kbc50-50-lbs-premium-kettlebell-new,Medium - archiving/reactivating the product later would need the record back.
3,136790573372,body-solid-kbc-55-55-lbs-premium-kettlebell-new,Body Solid KBC55 55 lbs. Premium Kettlebell (New),DISCONNECT (if attached) + ARCHIVE,1,body-solid-kbc55-55-lbs-premium-kettlebell-new,Medium - archiving/reactivating the product later would need the record back.
3,138194321724,body-solid-kbc-60-60-lbs-premium-kettlebell-new,Body Solid KBC60 60 lbs. Premium Kettlebell (New),DISCONNECT (if attached) + ARCHIVE,1,body-solid-kbc60-60-lbs-premium-kettlebell-new,Medium - archiving/reactivating the product later would need the record back.
3,138194420028,body-solid-kbc-65-65-lbs-premium-kettlebell-new,Body Solid KBC65 65 lbs. Premium Kettlebell (New),DISCONNECT (if attached) + ARCHIVE,1,body-solid-kbc65-65-lbs-premium-kettlebell-new,Medium - archiving/reactivating the product later would need the record back.
3,138194518332,body-solid-kbc-70-70-lbs-premium-kettlebell-new,Body Solid KBC70 70 lbs. Premium Kettlebell (New),DISCONNECT (if attached) + ARCHIVE,1,body-solid-kbc70-70-lbs-premium-kettlebell-new,Medium - archiving/reactivating the product later would need the record back.
3,138194616636,body-solid-kbc-75-75-lbs-premium-kettlebell-new,Body Solid KBC75 75 lbs. Premium Kettlebell (New),DISCONNECT (if attached) + ARCHIVE,1,body-solid-kbc75-75-lbs-premium-kettlebell-new,Medium - archiving/reactivating the product later would need the record back.
3,138194780476,body-solid-kbcs-105-premium-kettlebell-set-5-to-30-lbs-new,Body Solid KBCS105 Premium Kettlebell Set 5 to 30 lbs. (New),DISCONNECT (if attached) + ARCHIVE,1,body-solid-kbcs105-premium-kettlebell-set-5-to-30-lbs-new,Medium - archiving/reactivating the product later would need the record back.
3,138195796284,body-solid-kbl-40-vinyl-dipped-kettlebell-40-lbs-new,Body Solid KBL40 Vinyl Dipped Kettlebell - 40 lbs. (New),DISCONNECT (if attached) + ARCHIVE,1,body-solid-kbl40-vinyl-dipped-kettlebell-40-lbs-new,Medium - archiving/reactivating the product later would need the record back.
3,138195861820,body-solid-kbls-180-vinyl-dipped-kettlebell-set-5-40-lb-kbls-180-new,Body Solid KBLS180 Vinyl Dipped Kettlebell Set 5-40 lb. KBLS180 (New),DISCONNECT (if attached) + ARCHIVE,1,body-solid-kbls180-vinyl-dipped-kettlebell-set-5-40-lb-kbls180-new,Medium - archiving/reactivating the product later would need the record back.
3,138196025660,body-solid-kbs-105-cast-kettlebell-set-5-30-lbs-new,Body Solid KBS105 Cast Kettlebell Set 5-30 lbs (New),DISCONNECT (if attached) + ARCHIVE,1,body-solid-kbs105-cast-kettlebell-set-5-30-lbs-new,Medium - archiving/reactivating the product later would need the record back.
3,138199761212,body-solid-kbs-275-cast-kettlebell-set-5-50-lbs-new,Body Solid KBS275 Cast Kettlebell Set 5-50 lbs (New),DISCONNECT (if attached) + ARCHIVE,1,body-solid-kbs275-cast-kettlebell-set-5-50-lbs-new,Medium - archiving/reactivating the product later would need the record back.
3,136291778876,body-solid-lo-378-bar-lift-offs-new,Body-Solid LO378 Bar Lift Offs (New),DISCONNECT (if attached) + ARCHIVE,1,body-solid-lo378-bar-lift-offs-new,Medium - archiving/reactivating the product later would need the record back.
3,136333099324,body-solid-mb-148-a-aluminum-lat-bar-new,Body-Solid MB148A Aluminum Lat Bar (New),DISCONNECT (if attached) + ARCHIVE,0,,Low - nothing renders it. Recoverable only from the export in this packet.
3,138199826748,body-solid-obpb-10-olympic-rubber-bumper-plate-10-lbs-new,Body Solid OBPB10 Olympic Rubber Bumper Plate - 10 lbs. (New),DISCONNECT (if attached) + ARCHIVE,1,body-solid-obpb10-olympic-rubber-bumper-plate-10-lbs-new,Medium - archiving/reactivating the product later would need the record back.
3,138200088892,body-solid-obpb-15-15-lb-chicago-extreme-colored-bumper-plate-new,Body Solid OBPB15 15 lb. Chicago Extreme Colored Bumper Plate (New),DISCONNECT (if attached) + ARCHIVE,1,body-solid-obpb15-15-lb-chicago-extreme-colored-bumper-plate-new,Medium - archiving/reactivating the product later would need the record back.
3,138200613180,body-solid-obpb-25-olympic-rubber-bumper-plate-25-lbs-new,Body Solid OBPB25 Olympic Rubber Bumper Plate - 25 lbs. (New),DISCONNECT (if attached) + ARCHIVE,1,body-solid-obpb25-olympic-rubber-bumper-plate-25-lbs-new,Medium - archiving/reactivating the product later would need the record back.
3,138200645948,body-solid-obpb-35-olympic-rubber-bumper-plate-35-lbs-new,Body Solid OBPB35 Olympic Rubber Bumper Plate - 35 lbs. (New),DISCONNECT (if attached) + ARCHIVE,1,body-solid-obpb35-olympic-rubber-bumper-plate-35-lbs-new,Medium - archiving/reactivating the product later would need the record back.
3,138200711484,body-solid-obpb-45-olympic-rubber-bumper-plate-45-lbs-new,Body Solid OBPB45 Olympic Rubber Bumper Plate - 45 lbs. (New),DISCONNECT (if attached) + ARCHIVE,1,body-solid-obpb45-olympic-rubber-bumper-plate-45-lbs-new,Medium - archiving/reactivating the product later would need the record back.
3,138200842556,body-solid-obpc-10-10-lb-chicago-extreme-colored-bumper-plate-new,Body Solid OBPC10 10lb. Chicago Extreme Colored Bumper Plate (New),DISCONNECT (if attached) + ARCHIVE,1,body-solid-obpc10-10lb-chicago-extreme-colored-bumper-plate-new,Medium - archiving/reactivating the product later would need the record back.
3,138200875324,body-solid-obpc-25-25-lb-chicago-extreme-colored-bumper-plate-new,Body Solid OBPC25 25 lb. Chicago Extreme Colored Bumper Plate (New),DISCONNECT (if attached) + ARCHIVE,1,body-solid-obpc25-25-lb-chicago-extreme-colored-bumper-plate-new,Medium - archiving/reactivating the product later would need the record back.
3,138200908092,body-solid-obpc-260-chicago-extreme-colored-bumper-plates-260-lbs-new,Body Solid OBPC260 Chicago Extreme Colored Bumper Plates - 260 lbs. (New),DISCONNECT (if attached) + ARCHIVE,1,body-solid-obpc260-chicago-extreme-colored-bumper-plates-260-lbs-new,Medium - archiving/reactivating the product later would need the record back.
3,138200973628,body-solid-obpc-35-35-lb-chicago-extreme-colored-bumper-plate-new,Body Solid OBPC35 35 lb. Chicago Extreme Colored Bumper Plate (New),DISCONNECT (if attached) + ARCHIVE,1,body-solid-obpc35-35-lb-chicago-extreme-colored-bumper-plate-new,Medium - archiving/reactivating the product later would need the record back.
3,138201071932,body-solid-obpc-45-45-lb-chicago-extreme-colored-bumper-plate-new,Body Solid OBPC45 45 lb. Chicago Extreme Colored Bumper Plate (New),DISCONNECT (if attached) + ARCHIVE,1,body-solid-obpc45-45-lb-chicago-extreme-colored-bumper-plate-new,Medium - archiving/reactivating the product later would need the record back.
3,138201104700,body-solid-obph-10-10-lbs-body-solid-premium-bumper-plate-new,Body Solid OBPH10 10 lbs. Body-Solid Premium Bumper Plate (New),DISCONNECT (if attached) + ARCHIVE,1,body-solid-obph10-10-lbs-body-solid-premium-bumper-plate-new,Medium - archiving/reactivating the product later would need the record back.
3,138201203004,body-solid-obph-15-15-lbs-body-solid-premium-bumper-plate-new,Body Solid OBPH15 15 lbs. Body-Solid Premium Bumper Plate (New),DISCONNECT (if attached) + ARCHIVE,1,body-solid-obph15-15-lbs-body-solid-premium-bumper-plate-new,Medium - archiving/reactivating the product later would need the record back.
3,138201497916,body-solid-obph-25-25-lbs-body-solid-premium-bumper-plate-new,Body Solid OBPH25 25 lbs. Body-Solid Premium Bumper Plate (New),DISCONNECT (if attached) + ARCHIVE,1,body-solid-obph25-25-lbs-body-solid-premium-bumper-plate-new,Medium - archiving/reactivating the product later would need the record back.
3,138201694524,body-solid-obph-35-35-lbs-body-solid-premium-bumper-plate-new,Body Solid OBPH35 35 lbs. Body-Solid Premium Bumper Plate (New),DISCONNECT (if attached) + ARCHIVE,1,body-solid-obph35-35-lbs-body-solid-premium-bumper-plate-new,Medium - archiving/reactivating the product later would need the record back.
3,138201825596,body-solid-obph-45-45-lbs-body-solid-premium-bumper-plate-new,Body Solid OBPH45 45 lbs. Body-Solid Premium Bumper Plate (New),DISCONNECT (if attached) + ARCHIVE,1,body-solid-obph45-45-lbs-body-solid-premium-bumper-plate-new,Medium - archiving/reactivating the product later would need the record back.
3,138201989436,body-solid-obpx-chicago-extreme-bumper-plates-set-305-lbs-w-bar-new,Body Solid OBPX Chicago Extreme Bumper Plates Set 305 lbs w/Bar (New),DISCONNECT (if attached) + ARCHIVE,1,body-solid-obpx-chicago-extreme-bumper-plates-set-305-lbs-w-bar-new,Medium - archiving/reactivating the product later would need the record back.
3,138204184892,body-solid-obpx-chicago-extreme-bumper-plates-set-new,Body Solid OBPX Chicago Extreme Bumper Plates Set (New),DISCONNECT (if attached) + ARCHIVE,1,body-solid-obpx-chicago-extreme-bumper-plates-set-new,Medium - archiving/reactivating the product later would need the record back.
3,138203300156,body-solid-obpxc-chicago-extreme-bumper-plates-set-305-lbs-w-bar-new,Body Solid OBPXC Chicago Extreme Bumper Plates Set 305 lbs w/Bar (New),DISCONNECT (if attached) + ARCHIVE,1,body-solid-obpxc-chicago-extreme-bumper-plates-set-305-lbs-w-bar-new,Medium - archiving/reactivating the product later would need the record back.
3,138204545340,body-solid-opb-10-olympic-weight-plate-10-lbs-new,Body Solid OPB10 Olympic Weight Plate- 10 lbs. (New),DISCONNECT (if attached) + ARCHIVE,1,body-solid-opb10-olympic-weight-plate-10-lbs-new,Medium - archiving/reactivating the product later would need the record back.
3,138204643644,body-solid-opb-100-olympic-weight-plate-100-lbs-new,Body Solid OPB100 Olympic Weight Plate- 100 lbs. (New),DISCONNECT (if attached) + ARCHIVE,1,body-solid-opb100-olympic-weight-plate-100-lbs-new,Medium - archiving/reactivating the product later would need the record back.
3,135517339964,body-solid-opb-2-5-olympic-weight-plate-2-5-lbs-new,Body Solid OPB2-5 Olympic Weight Plate- 2.5 lbs. (New),DISCONNECT (if attached) + ARCHIVE,1,body-solid-opb2-5-olympic-weight-plate-2-5-lbs-new,Medium - archiving/reactivating the product later would need the record back.
3,138204840252,body-solid-opb-25-olympic-weight-plate-25-lbs-new,Body Solid OPB25 Olympic Weight Plate- 25 lbs. (New),DISCONNECT (if attached) + ARCHIVE,1,body-solid-opb25-olympic-weight-plate-25-lbs-new,Medium - archiving/reactivating the product later would need the record back.
3,138205004092,body-solid-opb-35-olympic-weight-plate-35-lbs-new,Body Solid OPB35 Olympic Weight Plate- 35 lbs. (New),DISCONNECT (if attached) + ARCHIVE,1,body-solid-opb35-olympic-weight-plate-35-lbs-new,Medium - archiving/reactivating the product later would need the record back.
3,138205299004,body-solid-opb-45-olympic-weight-plate-45-lbs-new,Body Solid OPB45 Olympic Weight Plate- 45 lbs. (New),DISCONNECT (if attached) + ARCHIVE,1,body-solid-opb45-olympic-weight-plate-45-lbs-new,Medium - archiving/reactivating the product later would need the record back.
3,138205397308,body-solid-opb-5-olympic-weight-plate-5-lbs-new,Body Solid OPB5 Olympic Weight Plate- 5 lbs. (New),DISCONNECT (if attached) + ARCHIVE,1,body-solid-opb5-olympic-weight-plate-5-lbs-new,Medium - archiving/reactivating the product later would need the record back.
3,138205462844,body-solid-orblk-260-olympic-rubber-bumper-plate-set-260-lbs-new,Body Solid ORBLK260 Olympic Rubber Bumper Plate Set - 260 lbs. (New),DISCONNECT (if attached) + ARCHIVE,1,body-solid-orblk260-olympic-rubber-bumper-plate-set-260-lbs-new,Medium - archiving/reactivating the product later would need the record back.
3,138208051516,body-solid-orc-300-s-colored-rubber-grip-olympic-plate-set-300-lbs-new,Body Solid ORC300S Colored Rubber Grip Olympic Plate Set 300 lbs (New),DISCONNECT (if attached) + ARCHIVE,1,body-solid-orc300s-colored-rubber-grip-olympic-plate-set-300-lbs-new,Medium - archiving/reactivating the product later would need the record back.
3,138208182588,body-solid-orph-260-premium-bumper-plate-set-260-lbs-new,Body Solid ORPH260 Premium Bumper Plate Set- 260 lbs. (New),DISCONNECT (if attached) + ARCHIVE,1,body-solid-orph260-premium-bumper-plate-set-260-lbs-new,Medium - archiving/reactivating the product later would need the record back.
3,138208313660,body-solid-orst-255-rubber-grip-olympic-set-255-lbs-new,Body Solid ORST255 Rubber Grip Olympic Set 255 lbs. (New),DISCONNECT (if attached) + ARCHIVE,1,body-solid-orst255-rubber-grip-olympic-set-255-lbs-new,Medium - archiving/reactivating the product later would need the record back.
3,138208805180,body-solid-orst-355-rubber-grip-olympic-set-355-lbs-new,Body Solid ORST355 Rubber Grip Olympic Set 355 lbs. (New),DISCONNECT (if attached) + ARCHIVE,1,body-solid-orst355-rubber-grip-olympic-set-355-lbs-new,Medium - archiving/reactivating the product later would need the record back.
3,138209198396,body-solid-orst-455-rubber-grip-olympic-set-455-lbs-new,Body Solid ORST455 Rubber Grip Olympic Set 455 lbs. (New),DISCONNECT (if attached) + ARCHIVE,1,body-solid-orst455-rubber-grip-olympic-set-455-lbs-new,Medium - archiving/reactivating the product later would need the record back.
3,138209263932,body-solid-ort-10-rubber-grip-olympic-plate-10-lbs-black-new,Body Solid ORT10 Rubber Grip Olympic Plate 10 lbs. Black (New),DISCONNECT (if attached) + ARCHIVE,1,body-solid-ort10-rubber-grip-olympic-plate-10-lbs-black-new,Medium - archiving/reactivating the product later would need the record back.
3,138209329468,body-solid-ort-100-rubber-grip-olympic-plate-100-lbs-black-new,Body Solid ORT100 Rubber Grip Olympic Plate 100 lbs. Black (New),DISCONNECT (if attached) + ARCHIVE,1,body-solid-ort100-rubber-grip-olympic-plate-100-lbs-black-new,Medium - archiving/reactivating the product later would need the record back.
3,135517765948,body-solid-ort-2-5-rubber-grip-olympic-plate-2-5-lbs-black-new,Body Solid ORT2-5 Rubber Grip Olympic Plate 2.5 lbs. Black (New),DISCONNECT (if attached) + ARCHIVE,1,body-solid-ort2-5-rubber-grip-olympic-plate-2-5-lbs-black-new,Medium - archiving/reactivating the product later would need the record back.
3,138209362236,body-solid-ort-25-rubber-grip-olympic-plate-25-lbs-black-new,Body Solid ORT25 Rubber Grip Olympic Plate 25 lbs. Black (New),DISCONNECT (if attached) + ARCHIVE,1,body-solid-ort25-rubber-grip-olympic-plate-25-lbs-black-new,Medium - archiving/reactivating the product later would need the record back.
3,138209493308,body-solid-ort-255-rubber-grip-olympic-plates-new,Body Solid ORT255 Rubber Grip Olympic Plates (New),DISCONNECT (if attached) + ARCHIVE,1,body-solid-ort255-rubber-grip-olympic-plates-new,Medium - archiving/reactivating the product later would need the record back.
3,138209984828,body-solid-ort-35-rubber-grip-olympic-plate-35-lbs-black-new,Body Solid ORT35 Rubber Grip Olympic Plate 35 lbs. Black (New),DISCONNECT (if attached) + ARCHIVE,1,body-solid-ort35-rubber-grip-olympic-plate-35-lbs-black-new,Medium - archiving/reactivating the product later would need the record back.
3,138269098300,body-solid-ort-45-rubber-grip-olympic-plate-45-lbs-black-new,Body Solid ORT45 Rubber Grip Olympic Plate 45 lbs. Black (New),DISCONNECT (if attached) + ARCHIVE,1,body-solid-ort45-rubber-grip-olympic-plate-45-lbs-black-new,Medium - archiving/reactivating the product later would need the record back.
3,138269196604,body-solid-ort-5-rubber-grip-olympic-plate-5-lbs-black-new,Body Solid ORT5 Rubber Grip Olympic Plate 5 lbs. Black (New),DISCONNECT (if attached) + ARCHIVE,1,body-solid-ort5-rubber-grip-olympic-plate-5-lbs-black-new,Medium - archiving/reactivating the product later would need the record back.
3,138269229372,body-solid-ortc-10-rubber-grip-olympic-plate-10-lbs-green-new,Body Solid ORTC10 Rubber Grip Olympic Plate 10 lbs. Green (New),DISCONNECT (if attached) + ARCHIVE,1,body-solid-ortc10-rubber-grip-olympic-plate-10-lbs-green-new,Medium - archiving/reactivating the product later would need the record back.
3,135517897020,body-solid-ortc-2-5-rubber-grip-olympic-plate-2-5-lbs-gray-new,Body Solid ORTC2-5 Rubber Grip Olympic Plate 2.5 lbs. Gray (New),DISCONNECT (if attached) + ARCHIVE,1,body-solid-ortc2-5-rubber-grip-olympic-plate-2-5-lbs-gray-new,Medium - archiving/reactivating the product later would need the record back.
3,138269294908,body-solid-ortc-25-rubber-grip-olympic-plate-25-lbs-yellow-new,Body Solid ORTC25 Rubber Grip Olympic Plate 25 lbs. Yellow (New),DISCONNECT (if attached) + ARCHIVE,1,body-solid-ortc25-rubber-grip-olympic-plate-25-lbs-yellow-new,Medium - archiving/reactivating the product later would need the record back.
3,138269360444,body-solid-ortc-35-rubber-grip-olympic-plate-35-lbs-blue-new,Body Solid ORTC35 Rubber Grip Olympic Plate 35 lbs. Blue (New),DISCONNECT (if attached) + ARCHIVE,1,body-solid-ortc35-rubber-grip-olympic-plate-35-lbs-blue-new,Medium - archiving/reactivating the product later would need the record back.
3,138270376252,body-solid-ortc-45-rubber-grip-olympic-plate-45-lbs-red-new,Body Solid ORTC45 Rubber Grip Olympic Plate 45 lbs. Red (New),DISCONNECT (if attached) + ARCHIVE,1,body-solid-ortc45-rubber-grip-olympic-plate-45-lbs-red-new,Medium - archiving/reactivating the product later would need the record back.
3,138270572860,body-solid-ortc-5-rubber-grip-olympic-plate-5-lbs-dark-blue-new,Body Solid ORTC5 Rubber Grip Olympic Plate 5 lbs. Dark Blue (New),DISCONNECT (if attached) + ARCHIVE,1,body-solid-ortc5-rubber-grip-olympic-plate-5-lbs-dark-blue-new,Medium - archiving/reactivating the product later would need the record back.
3,138272866620,body-solid-osb-255-olympic-weight-set-255-lbs-plates-only-new,Body Solid OSB255 Olympic Weight Set - 255 lbs. (plates only) (New),DISCONNECT (if attached) + ARCHIVE,1,body-solid-osb255-olympic-weight-set-255-lbs-plates-only-new,Medium - archiving/reactivating the product later would need the record back.
3,138273685820,body-solid-osb-300-s-olympic-weight-set-300-lbs-black-bar-new,Body Solid OSB300S Olympic Weight Set - 300 lbs.- Black Bar (New),DISCONNECT (if attached) + ARCHIVE,1,body-solid-osb300s-olympic-weight-set-300-lbs-black-bar-new,Medium - archiving/reactivating the product later would need the record back.
3,138275356988,body-solid-osb-355-olympic-weight-set-355-lbs-plates-only-new,Body Solid OSB355 Olympic Weight Set - 355 lbs. (plates only) (New),DISCONNECT (if attached) + ARCHIVE,1,body-solid-osb355-olympic-weight-set-355-lbs-plates-only-new,Medium - archiving/reactivating the product later would need the record back.
3,138275717436,body-solid-osb-400-s-olympic-weight-set-400-lbs-with-black-bar-new,Body Solid OSB400S Olympic Weight Set - 400 lbs. with Black Bar (New),DISCONNECT (if attached) + ARCHIVE,1,body-solid-osb400s-olympic-weight-set-400-lbs-with-black-bar-new,Medium - archiving/reactivating the product later would need the record back.
3,138276045116,body-solid-osb-455-olympic-weight-set-455-lbs-plates-only-new,Body Solid OSB455 Olympic Weight Set - 455 lbs. (plates only) (New),DISCONNECT (if attached) + ARCHIVE,1,body-solid-osb455-olympic-weight-set-455-lbs-plates-only-new,Medium - archiving/reactivating the product later would need the record back.
3,138276241724,body-solid-osb-500-s-olympic-weight-set-500-lbs-with-black-bar-new,Body Solid OSB500S Olympic Weight Set - 500 lbs. with Black Bar (New),DISCONNECT (if attached) + ARCHIVE,1,body-solid-osb500s-olympic-weight-set-500-lbs-with-black-bar-new,Medium - archiving/reactivating the product later would need the record back.
3,138276471100,body-solid-osc-300-s-olympic-weight-set-300-lbs-chrome-bar-new,Body Solid OSC300S Olympic Weight Set - 300 lbs.- Chrome Bar (New),DISCONNECT (if attached) + ARCHIVE,1,body-solid-osc300s-olympic-weight-set-300-lbs-chrome-bar-new,Medium - archiving/reactivating the product later would need the record back.
3,138276700476,body-solid-osc-400-s-olympic-weight-set-400-lbs-with-chrome-bar-new,Body Solid OSC400S Olympic Weight Set - 400 lbs. with Chrome Bar (New),DISCONNECT (if attached) + ARCHIVE,1,body-solid-osc400s-olympic-weight-set-400-lbs-with-chrome-bar-new,Medium - archiving/reactivating the product later would need the record back.
3,138277060924,body-solid-osc-500-s-olympic-weight-set-500-lbs-with-chrome-bar-new,Body Solid OSC500S Olympic Weight Set - 500 lbs. with Chrome Bar (New),DISCONNECT (if attached) + ARCHIVE,1,body-solid-osc500s-olympic-weight-set-500-lbs-with-chrome-bar-new,Medium - archiving/reactivating the product later would need the record back.
3,138281976124,body-solid-osr-300-s-rubber-grip-olympic-set-300-lbs-includes-bar-new,Body Solid OSR300S Rubber Grip Olympic Set 300 lbs. includes bar (New),DISCONNECT (if attached) + ARCHIVE,1,body-solid-osr300s-rubber-grip-olympic-set-300-lbs-includes-bar-new,Medium - archiving/reactivating the product later would need the record back.
3,138282172732,body-solid-osr-400-s-rubber-grip-olympic-set-400-lbs-includes-bar-new,Body Solid OSR400S Rubber Grip Olympic Set 400 lbs. includes bar (New),DISCONNECT (if attached) + ARCHIVE,1,body-solid-osr400s-rubber-grip-olympic-set-400-lbs-includes-bar-new,Medium - archiving/reactivating the product later would need the record back.
3,138283123004,body-solid-osr-500-s-rubber-grip-olympic-set-500-lbs-includes-bar-new,Body Solid OSR500S Rubber Grip Olympic Set 500 lbs. includes bar (NEW),DISCONNECT (if attached) + ARCHIVE,1,body-solid-osr500s-rubber-grip-olympic-set-500-lbs-includes-bar-new,Medium - archiving/reactivating the product later would need the record back.
3,136357708092,body-solid-pla-144-x-lat-attachment-for-powerline-smith-machine-new,Body-Solid PLA144X Lat Attachment for Powerline Smith Machine (New),DISCONNECT (if attached) + ARCHIVE,1,body-solid-pla144x-lat-attachment-for-powerline-smith-machine-new,Medium - archiving/reactivating the product later would need the record back.
3,138189832508,body-solid-plate-loaded-lat-machine-glm-83-new,Body-Solid Plate Loaded Lat Machine GLM83 (New),DISCONNECT (if attached) + ARCHIVE,1,body-solid-plate-loaded-lat-machine-glm83-new,Medium - archiving/reactivating the product later would need the record back.
3,160702726460,body-solid-pro-clubline-sprlft-monolift-attachment-new,Body-Solid Pro Clubline SPRLFT Monolift Attachment (New),DISCONNECT (if attached) + ARCHIVE,1,body-solid-pro-clubline-sprlft-monolift-new,Medium - archiving/reactivating the product later would need the record back.
3,136366653756,body-solid-psm-144-x-powerline-smith-machine-new,Body-Solid PSM144X Powerline Smith Machine (New),DISCONNECT (if attached) + ARCHIVE,1,body-solid-psm144x-powerline-smith-machine-new,Medium - archiving/reactivating the product later would need the record back.
3,136366424380,body-solid-psm-1442-xs-powerline-smith-machine-system-new,Body-Solid PSM1442XS Powerline Smith Machine System (New),DISCONNECT (if attached) + ARCHIVE,1,body-solid-psm1442xs-powerline-smith-machine-system-new,Medium - archiving/reactivating the product later would need the record back.
3,140390990140,body-solid-pub-34-doorway-chinning-bar-new,Body Solid PUB34 Doorway Chinning Bar (New),DISCONNECT (if attached) + ARCHIVE,1,body-solid-pub34-doorway-chinning-bar-new,Medium - archiving/reactivating the product later would need the record back.
3,135518552380,body-solid-rfm-3-4-blk-3-rubber-equipment-mat-3-x-4-3-4-thick-new,"Body-Solid RFM3-4BLK3 Rubber Equipment Mat 3' x 4', 3/4"" Thick (New)",DISCONNECT (if attached) + ARCHIVE,1,body-solid-rfm3-4blk3-rubber-equipment-mat-3-x-4-3-4-thick-new,Medium - archiving/reactivating the product later would need the record back.
3,135518355772,body-solid-rpb-1-25-standard-weight-plates-1-25-lbs-new,Body Solid RPB1-25 Standard Weight Plates- 1.25 lbs. (New),DISCONNECT (if attached) + ARCHIVE,1,body-solid-rpb1-25-standard-weight-plates-1-25-lbs-new,Medium - archiving/reactivating the product later would need the record back.
3,150446932284,body-solid-rpb-10-standard-weight-plates-10-lbs-new,Body Solid RPB10 Standard Weight Plates - 10 lbs. (New),DISCONNECT (if attached) + ARCHIVE,1,body-solid-rpb10-standard-weight-plates-10-lbs-new,Medium - archiving/reactivating the product later would need the record back.
3,135518191932,body-solid-rpb-12-5-standard-weight-plates-12-5-lbs-new,Body Solid RPB12-5 Standard Weight Plates - 12.5 lbs. (New),DISCONNECT (if attached) + ARCHIVE,1,body-solid-rpb12-5-standard-weight-plates-12-5-lbs-new,Medium - archiving/reactivating the product later would need the record back.
3,135518290236,body-solid-rpb-2-5-standard-weight-plates-2-5-lbs-new,Body Solid RPB2-5 Standard Weight Plates - 2.5 lbs. (New),DISCONNECT (if attached) + ARCHIVE,1,body-solid-rpb2-5-standard-weight-plates-2-5-lbs-new,Medium - archiving/reactivating the product later would need the record back.
3,150447522108,body-solid-rpb-20-standard-weight-plates-20-lbs-new,Body Solid RPB20 Standard Weight Plates - 20 lbs. (New),DISCONNECT (if attached) + ARCHIVE,1,body-solid-rpb20-standard-weight-plates-20-lbs-new,Medium - archiving/reactivating the product later would need the record back.
3,150447685948,body-solid-rpb-25-standard-weight-plates-25-lbs-new,Body Solid RPB25 Standard Weight Plates - 25 lbs. (New),DISCONNECT (if attached) + ARCHIVE,1,body-solid-rpb25-standard-weight-plates-25-lbs-new,Medium - archiving/reactivating the product later would need the record back.
3,150447784252,body-solid-rpb-5-standard-weight-plates-5-lbs-new,Body Solid RPB5 Standard Weight Plates - 5 lbs. (New),DISCONNECT (if attached) + ARCHIVE,1,body-solid-rpb5-standard-weight-plates-5-lbs-new,Medium - archiving/reactivating the product later would need the record back.
3,150447849788,body-solid-rpb-50-standard-weight-plates-50-lbs-new,Body Solid RPB50 Standard Weight Plates - 50 lbs. (New),DISCONNECT (if attached) + ARCHIVE,1,body-solid-rpb50-standard-weight-plates-50-lbs-new,Medium - archiving/reactivating the product later would need the record back.
3,135518323004,body-solid-rpb-7-5-standard-weight-plates-7-5-lbs-new,Body Solid RPB7-5 Standard Weight Plates - 7.5 lbs. (New),DISCONNECT (if attached) + ARCHIVE,1,body-solid-rpb7-5-standard-weight-plates-7-5-lbs-new,Medium - archiving/reactivating the product later would need the record back.
3,136002470204,body-solid-s-2-lat-1-series-ii-lat-pulldown-and-seated-row-new,Body-Solid S2LAT-1 Series II Lat Pulldown and Seated Row (New),DISCONNECT (if attached) + ARCHIVE,1,body-solid-s2lat-1-series-ii-lat-pulldown-and-seated-row-new,Medium - archiving/reactivating the product later would need the record back.
3,136002863420,body-solid-s-2-lex-1-series-ii-leg-extension-new,Body-Solid S2LEX-1 Series II Leg Extension (New),DISCONNECT (if attached) + ARCHIVE,1,body-solid-s2lex-1-series-ii-leg-extension-new,Medium - archiving/reactivating the product later would need the record back.
3,136356266300,body-solid-sdib-370-bench-rack-combo-new,Body-Solid SDIB370 Bench Rack Combo (New),DISCONNECT (if attached) + ARCHIVE,0,,Low - nothing renders it. Recoverable only from the export in this packet.
3,138185998652,body-solid-sdp-10-rubber-round-dumbbell-10-lbs-new,Body Solid SDP10 Rubber Round Dumbbell 10 lbs. (New),DISCONNECT (if attached) + ARCHIVE,1,body-solid-sdp10-rubber-round-dumbbell-10-lbs-new,Medium - archiving/reactivating the product later would need the record back.
3,138186162492,body-solid-sdp-15-rubber-round-dumbbell-15-lbs-new,Body Solid SDP15 Rubber Round Dumbbell 15 lbs. (New),DISCONNECT (if attached) + ARCHIVE,1,body-solid-sdp15-rubber-round-dumbbell-15-lbs-new,Medium - archiving/reactivating the product later would need the record back.
3,138186424636,body-solid-sdp-20-rubber-round-dumbbell-20-lbs-new,Body Solid SDP20 Rubber Round Dumbbell 20 lbs. (New),DISCONNECT (if attached) + ARCHIVE,1,body-solid-sdp20-rubber-round-dumbbell-20-lbs-new,Medium - archiving/reactivating the product later would need the record back.
3,138186522940,body-solid-sdp-25-rubber-round-dumbbell-25-lbs-new,Body Solid SDP25 Rubber Round Dumbbell 25 lbs. (New),DISCONNECT (if attached) + ARCHIVE,1,body-solid-sdp25-rubber-round-dumbbell-25-lbs-new,Medium - archiving/reactivating the product later would need the record back.
3,138186785084,body-solid-sdp-30-rubber-round-dumbbell-30-lbs-new,Body Solid SDP30 Rubber Round Dumbbell 30 lbs. (New),DISCONNECT (if attached) + ARCHIVE,1,body-solid-sdp30-rubber-round-dumbbell-30-lbs-new,Medium - archiving/reactivating the product later would need the record back.
3,138186916156,body-solid-sdp-35-rubber-round-dumbbell-35-lbs-new,Body Solid SDP35 Rubber Round Dumbbell 35 lbs. (New),DISCONNECT (if attached) + ARCHIVE,1,body-solid-sdp35-rubber-round-dumbbell-35-lbs-new,Medium - archiving/reactivating the product later would need the record back.
3,138187702588,body-solid-sdp-40-rubber-round-dumbbell-40-lbs-new,Body Solid SDP40 Rubber Round Dumbbell 40 lbs. (New),DISCONNECT (if attached) + ARCHIVE,1,body-solid-sdp40-rubber-round-dumbbell-40-lbs-new,Medium - archiving/reactivating the product later would need the record back.
3,138187997500,body-solid-sdp-45-rubber-round-dumbbell-45-lbs-new,Body Solid SDP45 Rubber Round Dumbbell 45 lbs. (New),DISCONNECT (if attached) + ARCHIVE,1,body-solid-sdp45-rubber-round-dumbbell-45-lbs-new,Medium - archiving/reactivating the product later would need the record back.
3,138188063036,body-solid-sdp-5-rubber-round-dumbbell-5-lbs-new,Body Solid SDP5 Rubber Round Dumbbell 5 lbs. (New),DISCONNECT (if attached) + ARCHIVE,1,body-solid-sdp5-rubber-round-dumbbell-5-lbs-new,Medium - archiving/reactivating the product later would need the record back.
3,138188194108,body-solid-sdp-50-rubber-round-dumbbell-50-lbs-new,Body Solid SDP50 Rubber Round Dumbbell 50 lbs. (New),DISCONNECT (if attached) + ARCHIVE,1,body-solid-sdp50-rubber-round-dumbbell-50-lbs-new,Medium - archiving/reactivating the product later would need the record back.
3,138188947772,body-solid-sdps-550-rubber-round-dumbbells-5-to-50-lbs-new,Body Solid SDPS550 Rubber Round Dumbbells 5 to 50 lbs. (New),DISCONNECT (if attached) + ARCHIVE,1,body-solid-sdps550-rubber-round-dumbbells-5-to-50-lbs-new,Medium - archiving/reactivating the product later would need the record back.
3,138189308220,body-solid-sdps-650-rubber-round-dumbbells-55-to-75-lbs-new,Body Solid SDPS650 Rubber Round Dumbbells 55 to 75 lbs. (New),DISCONNECT (if attached) + ARCHIVE,1,body-solid-sdps650-rubber-round-dumbbells-55-to-75-lbs-new,Medium - archiving/reactivating the product later would need the record back.
3,138189537596,body-solid-sdps-900-rubber-round-dumbbells-80-to-100-lbs-new,Body Solid SDPS900 Rubber Round Dumbbells 80 to 100 lbs. (New),DISCONNECT (if attached) + ARCHIVE,1,body-solid-sdps900-rubber-round-dumbbells-80-to-100-lbs-new,Medium - archiving/reactivating the product later would need the record back.
3,138191536444,body-solid-sdr-10-rubber-coated-hex-dumbbell-10-lbs-new,Body Solid SDR10 Rubber Coated Hex Dumbbell 10 lbs. (New),DISCONNECT (if attached) + ARCHIVE,1,body-solid-sdr10-rubber-coated-hex-dumbbell-10-lbs-new,Medium - archiving/reactivating the product later would need the record back.
3,138194452796,body-solid-sdr-100-rubber-coated-hex-dumbbell-100-lbs-new,Body Solid SDR100 Rubber Coated Hex Dumbbell 100 lbs. (New),DISCONNECT (if attached) + ARCHIVE,1,body-solid-sdr100-rubber-coated-hex-dumbbell-100-lbs-new,Medium - archiving/reactivating the product later would need the record back.
3,138194551100,body-solid-sdr-105-rubber-coated-hex-dumbbell-105-lbs-new,Body Solid SDR105 Rubber Coated Hex Dumbbell 105 lbs. (New),DISCONNECT (if attached) + ARCHIVE,1,body-solid-sdr105-rubber-coated-hex-dumbbell-105-lbs-new,Medium - archiving/reactivating the product later would need the record back.
3,138194583868,body-solid-sdr-110-rubber-coated-hex-dumbbell-110-lbs-new,Body Solid SDR110 Rubber Coated Hex Dumbbell 110 lbs. (New),DISCONNECT (if attached) + ARCHIVE,1,body-solid-sdr110-rubber-coated-hex-dumbbell-110-lbs-new,Medium - archiving/reactivating the product later would need the record back.
3,138194682172,body-solid-sdr-115-rubber-coated-hex-dumbbell-115-lbs-new,Body Solid SDR115 Rubber Coated Hex Dumbbell 115 lbs. (New),DISCONNECT (if attached) + ARCHIVE,1,body-solid-sdr115-rubber-coated-hex-dumbbell-115-lbs-new,Medium - archiving/reactivating the product later would need the record back.
3,138205692220,body-solid-sdr-12-rubber-coated-hex-dumbbell-12-lbs-new,Body Solid SDR12 Rubber Coated Hex Dumbbell 12 lbs. (New),DISCONNECT (if attached) + ARCHIVE,1,body-solid-sdr12-rubber-coated-hex-dumbbell-12-lbs-new,Medium - archiving/reactivating the product later would need the record back.
3,138205724988,body-solid-sdr-120-rubber-coated-hex-dumbbell-120-lbs-new,Body Solid SDR120 Rubber Coated Hex Dumbbell 120 lbs. (New),DISCONNECT (if attached) + ARCHIVE,1,body-solid-sdr120-rubber-coated-hex-dumbbell-120-lbs-new,Medium - archiving/reactivating the product later would need the record back.
3,138205790524,body-solid-sdr-15-rubber-coated-hex-dumbbell-15-lbs-new,Body Solid SDR15 Rubber Coated Hex Dumbbell 15 lbs. (New),DISCONNECT (if attached) + ARCHIVE,1,body-solid-sdr15-rubber-coated-hex-dumbbell-15-lbs-new,Medium - archiving/reactivating the product later would need the record back.
3,138205823292,body-solid-sdr-20-rubber-coated-hex-dumbbell-20-lbs-new,Body Solid SDR20 Rubber Coated Hex Dumbbell 20 lbs. (New),DISCONNECT (if attached) + ARCHIVE,1,body-solid-sdr20-rubber-coated-hex-dumbbell-20-lbs-new,Medium - archiving/reactivating the product later would need the record back.
3,138205888828,body-solid-sdr-25-rubber-coated-hex-dumbbell-25-lbs-new,Body Solid SDR25 Rubber Coated Hex Dumbbell 25 lbs. (New),DISCONNECT (if attached) + ARCHIVE,1,body-solid-sdr25-rubber-coated-hex-dumbbell-25-lbs-new,Medium - archiving/reactivating the product later would need the record back.
3,138205921596,body-solid-sdr-3-rubber-coated-hex-dumbbell-3-lbs-new,Body Solid SDR3 Rubber Coated Hex Dumbbell 3 lbs. (New),DISCONNECT (if attached) + ARCHIVE,1,body-solid-sdr3-rubber-coated-hex-dumbbell-3-lbs-new,Medium - archiving/reactivating the product later would need the record back.
3,138205954364,body-solid-sdr-30-rubber-coated-hex-dumbbell-30-lbs-new,Body Solid SDR30 Rubber Coated Hex Dumbbell 30 lbs. (New),DISCONNECT (if attached) + ARCHIVE,1,body-solid-sdr30-rubber-coated-hex-dumbbell-30-lbs-new,Medium - archiving/reactivating the product later would need the record back.
3,138205987132,body-solid-sdr-35-rubber-coated-hex-dumbbell-35-lbs-new,Body Solid SDR35 Rubber Coated Hex Dumbbell 35 lbs. (New),DISCONNECT (if attached) + ARCHIVE,1,body-solid-sdr35-rubber-coated-hex-dumbbell-35-lbs-new,Medium - archiving/reactivating the product later would need the record back.
3,138206019900,body-solid-sdr-40-rubber-coated-hex-dumbbell-40-lbs-new,Body Solid SDR40 Rubber Coated Hex Dumbbell 40 lbs. (New),DISCONNECT (if attached) + ARCHIVE,1,body-solid-sdr40-rubber-coated-hex-dumbbell-40-lbs-new,Medium - archiving/reactivating the product later would need the record back.
3,138206150972,body-solid-sdr-45-rubber-coated-hex-dumbbell-45-lbs-new,Body Solid SDR45 Rubber Coated Hex Dumbbell 45 lbs. (New),DISCONNECT (if attached) + ARCHIVE,1,body-solid-sdr45-rubber-coated-hex-dumbbell-45-lbs-new,Medium - archiving/reactivating the product later would need the record back.
3,138206183740,body-solid-sdr-5-rubber-coated-hex-dumbbell-5-lbs-new,Body Solid SDR5 Rubber Coated Hex Dumbbell 5 lbs. (New),DISCONNECT (if attached) + ARCHIVE,1,body-solid-sdr5-rubber-coated-hex-dumbbell-5-lbs-new,Medium - archiving/reactivating the product later would need the record back.
3,138206282044,body-solid-sdr-50-rubber-coated-hex-dumbbell-50-lbs-new,Body Solid SDR50 Rubber Coated Hex Dumbbell 50 lbs. (New),DISCONNECT (if attached) + ARCHIVE,1,body-solid-sdr50-rubber-coated-hex-dumbbell-50-lbs-new,Medium - archiving/reactivating the product later would need the record back.
3,138206347580,body-solid-sdr-55-rubber-coated-hex-dumbbell-55-lbs-new,Body Solid SDR55 Rubber Coated Hex Dumbbell 55 lbs. (New),DISCONNECT (if attached) + ARCHIVE,1,body-solid-sdr55-rubber-coated-hex-dumbbell-55-lbs-new,Medium - archiving/reactivating the product later would need the record back.
3,138206413116,body-solid-sdr-60-rubber-coated-hex-dumbbell-60-lbs-new,Body Solid SDR60 Rubber Coated Hex Dumbbell 60 lbs. (New),DISCONNECT (if attached) + ARCHIVE,1,body-solid-sdr60-rubber-coated-hex-dumbbell-60-lbs-new,Medium - archiving/reactivating the product later would need the record back.
3,138206445884,body-solid-sdr-65-rubber-coated-hex-dumbbell-65-lbs-new,Body Solid SDR65 Rubber Coated Hex Dumbbell 65 lbs. (New),DISCONNECT (if attached) + ARCHIVE,1,body-solid-sdr65-rubber-coated-hex-dumbbell-65-lbs-new,Medium - archiving/reactivating the product later would need the record back.
3,138206478652,body-solid-sdr-70-rubber-coated-hex-dumbbell-70-lbs-new,Body Solid SDR70 Rubber Coated Hex Dumbbell 70 lbs. (New),DISCONNECT (if attached) + ARCHIVE,1,body-solid-sdr70-rubber-coated-hex-dumbbell-70-lbs-new,Medium - archiving/reactivating the product later would need the record back.
3,138206511420,body-solid-sdr-75-rubber-coated-hex-dumbbell-75-lbs-new,Body Solid SDR75 Rubber Coated Hex Dumbbell 75 lbs. (New),DISCONNECT (if attached) + ARCHIVE,1,body-solid-sdr75-rubber-coated-hex-dumbbell-75-lbs-new,Medium - archiving/reactivating the product later would need the record back.
3,138206544188,body-solid-sdr-8-rubber-coated-hex-dumbbell-8-lbs-new,Body Solid SDR8 Rubber Coated Hex Dumbbell 8 lbs. (New),DISCONNECT (if attached) + ARCHIVE,1,body-solid-sdr8-rubber-coated-hex-dumbbell-8-lbs-new,Medium - archiving/reactivating the product later would need the record back.
3,138206609724,body-solid-sdr-80-rubber-coated-hex-dumbbell-80-lbs-new,Body Solid SDR80 Rubber Coated Hex Dumbbell 80 lbs. (New),DISCONNECT (if attached) + ARCHIVE,1,body-solid-sdr80-rubber-coated-hex-dumbbell-80-lbs-new,Medium - archiving/reactivating the product later would need the record back.
3,138206642492,body-solid-sdr-85-rubber-coated-hex-dumbbell-85-lbs-new,Body Solid SDR85 Rubber Coated Hex Dumbbell 85 lbs. (New),DISCONNECT (if attached) + ARCHIVE,1,body-solid-sdr85-rubber-coated-hex-dumbbell-85-lbs-new,Medium - archiving/reactivating the product later would need the record back.
3,138206675260,body-solid-sdr-90-rubber-coated-hex-dumbbell-90-lbs-new,Body Solid SDR90 Rubber Coated Hex Dumbbell 90 lbs. (New),DISCONNECT (if attached) + ARCHIVE,1,body-solid-sdr90-rubber-coated-hex-dumbbell-90-lbs-new,Medium - archiving/reactivating the product later would need the record back.
3,138206773564,body-solid-sdr-95-rubber-coated-hex-dumbbell-95-lbs-new,Body Solid SDR95 Rubber Coated Hex Dumbbell 95 lbs. (New),DISCONNECT (if attached) + ARCHIVE,1,body-solid-sdr95-rubber-coated-hex-dumbbell-95-lbs-new,Medium - archiving/reactivating the product later would need the record back.
3,138219192636,body-solid-sdrs-550-rubber-coated-hex-dumbbell-set-5-to-50-lbs-new,Body Solid SDRS550 Rubber Coated Hex Dumbbell Set 5 to 50 lbs. (New),DISCONNECT (if attached) + ARCHIVE,1,body-solid-sdrs550-rubber-coated-hex-dumbbell-set-5-to-50-lbs-new,Medium - archiving/reactivating the product later would need the record back.
3,138217718076,body-solid-sdrs-900-rubber-coated-hex-dumbbell-set-80-to-100-lbs-new,Body Solid SDRS900 Rubber Coated Hex Dumbbell Set 80 to 100 lbs. (New),DISCONNECT (if attached) + ARCHIVE,1,body-solid-sdrs900-rubber-coated-hex-dumbbell-set-80-to-100-lbs-new,Medium - archiving/reactivating the product later would need the record back.
3,138218340668,body-solid-sds-550-hex-dumbbell-set-5-to-50-lbs-new,Body Solid SDS550 Hex Dumbbell Set 5 to 50 lbs. (New),DISCONNECT (if attached) + ARCHIVE,1,body-solid-sds550-hex-dumbbell-set-5-to-50-lbs-new,Medium - archiving/reactivating the product later would need the record back.
3,138219651388,body-solid-sds-650-hex-dumbbell-set-55-to-75-lbs-new,Body Solid SDS650 Hex Dumbbell Set 55 to 75 lbs. (New),DISCONNECT (if attached) + ARCHIVE,1,body-solid-sds650-hex-dumbbell-set-55-to-75-lbs-new,Medium - archiving/reactivating the product later would need the record back.
3,138219946300,body-solid-sds-900-hex-dumbbell-set-80-to-100-lbs-new,Body Solid SDS900 Hex Dumbbell Set 80 to 100 lbs. (New),DISCONNECT (if attached) + ARCHIVE,1,body-solid-sds900-hex-dumbbell-set-80-to-100-lbs-new,Medium - archiving/reactivating the product later would need the record back.
3,138220044604,body-solid-sdx-10-hex-dumbbell-10-lbs-sdx-10-new,Body Solid SDX10 Hex Dumbbell 10 lbs. SDX10 (New),DISCONNECT (if attached) + ARCHIVE,1,body-solid-sdx10-hex-dumbbell-10-lbs-sdx10-new,Medium - archiving/reactivating the product later would need the record back.
3,138220208444,body-solid-sdx-12-hex-dumbbell-12-lbs-new,Body Solid SDX12 Hex Dumbbell 12 lbs. (New),DISCONNECT (if attached) + ARCHIVE,1,body-solid-sdx12-hex-dumbbell-12-lbs-new,Medium - archiving/reactivating the product later would need the record back.
3,138220339516,body-solid-sdx-15-hex-dumbbell-15-lbs-new,Body Solid SDX15 Hex Dumbbell 15 lbs. (New),DISCONNECT (if attached) + ARCHIVE,1,body-solid-sdx15-hex-dumbbell-15-lbs-new,Medium - archiving/reactivating the product later would need the record back.
3,138220405052,body-solid-sdx-2-hex-dumbbell-2-lbs-new,Body Solid SDX2 Hex Dumbbell 2 lbs. (New),DISCONNECT (if attached) + ARCHIVE,1,body-solid-sdx2-hex-dumbbell-2-lbs-new,Medium - archiving/reactivating the product later would need the record back.
3,138220437820,body-solid-sdx-20-hex-dumbbell-20-lbs-sdx-20-new,Body Solid SDX20 Hex Dumbbell 20 lbs. SDX20 (New),DISCONNECT (if attached) + ARCHIVE,1,body-solid-sdx20-hex-dumbbell-20-lbs-sdx20-new,Medium - archiving/reactivating the product later would need the record back.
3,138220699964,body-solid-sdx-25-hex-dumbbell-25-lbs-sdx-25-new,Body Solid SDX25 Hex Dumbbell 25 lbs. SDX25 (New),DISCONNECT (if attached) + ARCHIVE,1,body-solid-sdx25-hex-dumbbell-25-lbs-sdx25-new,Medium - archiving/reactivating the product later would need the record back.
3,138220765500,body-solid-sdx-3-hex-dumbbell-3-lbs-new,Body Solid SDX3 Hex Dumbbell 3 lbs. (New),DISCONNECT (if attached) + ARCHIVE,1,body-solid-sdx3-hex-dumbbell-3-lbs-new,Medium - archiving/reactivating the product later would need the record back.
3,138220962108,body-solid-sdx-5-hex-dumbbell-5-lbs-sdx-5-new,Body Solid SDX5 Hex Dumbbell 5 lbs. SDX5 (New),DISCONNECT (if attached) + ARCHIVE,1,body-solid-sdx5-hex-dumbbell-5-lbs-sdx5-new,Medium - archiving/reactivating the product later would need the record back.
3,138220994876,body-solid-sdx-8-hex-dumbbell-8-lbs-new,Body Solid SDX8 Hex Dumbbell 8 lbs. (New),DISCONNECT (if attached) + ARCHIVE,1,body-solid-sdx8-hex-dumbbell-8-lbs-new,Medium - archiving/reactivating the product later would need the record back.
3,136358691132,body-solid-sfid-325-pro-club-line-adjustable-bench-new,Body-Solid SFID325 Pro Club-Line Adjustable Bench (New),DISCONNECT (if attached) + ARCHIVE,1,body-solid-sfid325-pro-club-line-adjustable-bench-new,Medium - archiving/reactivating the product later would need the record back.
3,160694436156,body-solid-sprbsb-belt-squat-belt-new,Body-Solid SPRBSB Belt Squat Belt (New),DISCONNECT (if attached) + ARCHIVE,1,body-solid-sprbsb-belt-squat-belt-new,Medium - archiving/reactivating the product later would need the record back.
3,161000030524,body-solid-sprplatform-power-rack-floor-mat-new,Body-Solid SPRPLATFORM Power Rack Floor Mat (New),DISCONNECT (if attached) + ARCHIVE,1,body-solid-sprplatform-power-rack-floor-mat-new,Medium - archiving/reactivating the product later would need the record back.
3,136033534268,body-solid-sr-sc-hex-system-safety-catches-2-new,Body-Solid SR-SC Hex System Safety Catches (2) (New),DISCONNECT (if attached) + ARCHIVE,1,body-solid-sr-sc-hex-system-safety-catches-2-new,Medium - archiving/reactivating the product later would need the record back.
3,136725922108,body-solid-tools-bstmb-medicine-ball-set-4-20-w-rack-new,Body-Solid Tools BSTMB Medicine Ball Set (4-20) w/Rack (New),DISCONNECT (if attached) + ARCHIVE,1,body-solid-tools-bstmb-medicine-ball-set-4-20-w-rack-new,Medium - archiving/reactivating the product later would need the record back.
3,136378384700,bowflex-m-8-max-trainer-remanufactured,Bowflex M8 Max Trainer (Remanufactured),DISCONNECT (if attached) + ARCHIVE,0,,Low - nothing renders it. Recoverable only from the export in this packet.
3,136553529660,cybex-r-series-70-t-arc-trainer-total-body-new,Cybex R Series 70T Arc Trainer - Total Body (New),DISCONNECT (if attached) + ARCHIVE,1,cybex-r-series-70t-arc-trainer-total-body-new,Medium - archiving/reactivating the product later would need the record back.
3,136392638780,dynamic-cold-therapy-dct-5-x-2-5-20-micron-filters-4-pack-new,Dynamic Cold Therapy DCT 5x2.5 20 Micron Filters - 4 Pack (New),DISCONNECT (if attached) + ARCHIVE,1,dynamic-cold-therapy-dct-5x2-5-20-micron-filters-4-pack-new,Medium - archiving/reactivating the product later would need the record back.
3,135358841148,dynamic-cold-therapy-dct-b-042-plpc-pvc-barrel-spa-plastic-with-pacific-cedar-exterior-new,Dynamic Cold Therapy DCT-B-042-PLPC PVC Barrel Spa - Plastic with Pacific Cedar Exterior (New),DISCONNECT (if attached) + ARCHIVE,1,dynamic-cold-therapy-dct-b-042-plpc-pvc-barrel-spa-plastic-with-pacific-cedar-exterior-new,Medium - archiving/reactivating the product later would need the record back.
3,136392048956,dynamic-cold-therapy-dct-b-042-sspc-barrel-spa-304-stainless-steel-with-pacific-cedar-exterior-new,Dynamic Cold Therapy DCT-B-042-SSPC Barrel Spa - 304 Stainless Steel with Pacific Cedar Exterior (New),DISCONNECT (if attached) + ARCHIVE,1,dynamic-cold-therapy-dct-b-042-sspc-barrel-spa-304-stainless-steel-with-pacific-cedar-exterior-new,Medium - archiving/reactivating the product later would need the record back.
3,136392245564,dynamic-cold-therapy-dct-b-042-usspc-barrel-spa-316-ultra-stainless-steel-with-pacific-cedar-exterior-new,Dynamic Cold Therapy DCT-B-042-USSPC Barrel Spa - 316 Ultra Stainless Steel with Pacific Cedar Exterior (New),DISCONNECT (if attached) + ARCHIVE,1,dynamic-cold-therapy-dct-b-042-usspc-barrel-spa-316-ultra-stainless-steel-with-pacific-cedar-exterior-new,Medium - archiving/reactivating the product later would need the record back.
3,136394441020,dynamic-cold-therapy-dct-s-050-ss-cuboid-spa-304-stainless-steel-new,Dynamic Cold Therapy DCT-S-050-SS CUBOID Spa - 304 Stainless Steel (New),DISCONNECT (if attached) + ARCHIVE,1,dynamic-cold-therapy-dct-s-050-ss-cuboid-spa-304-stainless-steel-new,Medium - archiving/reactivating the product later would need the record back.
3,136394539324,dynamic-cold-therapy-dct-s-050-uss-cuboid-spa-316-ultra-stainless-steel-new,Dynamic Cold Therapy DCT-S-050-USS CUBOID Spa - 316 Ultra Stainless Steel (New),DISCONNECT (if attached) + ARCHIVE,1,dynamic-cold-therapy-dct-s-050-uss-cuboid-spa-316-ultra-stainless-steel-new,Medium - archiving/reactivating the product later would need the record back.
3,136394637628,dynamic-cold-therapy-dct-s-055-ss-cuboid-spa-304-stainless-steel-xl-new,Dynamic Cold Therapy DCT-S-055-SS CUBOID Spa - 304 Stainless Steel XL (New),DISCONNECT (if attached) + ARCHIVE,1,dynamic-cold-therapy-dct-s-055-ss-cuboid-spa-304-stainless-steel-xl-new,Medium - archiving/reactivating the product later would need the record back.
3,136395325756,dynamic-cold-therapy-dct-sy-06-hc-0-6-hp-chiller-basic-cooling-heating-system-with-wifi-app-new,Dynamic Cold Therapy DCT-SY-06-HC 0.6 HP Chiller Basic Cooling/Heating System with WIFI APP (New),DISCONNECT (if attached) + ARCHIVE,1,dynamic-cold-therapy-dct-sy-06-hc-0-6-hp-chiller-basic-cooling-heating-system-with-wifi-app-new,Medium - archiving/reactivating the product later would need the record back.
3,136395391292,dynamic-cold-therapy-dct-sy-06-hc-ti-0-6-hp-cooling-heating-system-titanium-heat-exchange-new,Dynamic Cold Therapy DCT-SY-06-HC-TI 0.6 HP Cooling/Heating System Titanium Heat Exchange (New),DISCONNECT (if attached) + ARCHIVE,1,dynamic-cold-therapy-dct-sy-06-hc-ti-0-6-hp-cooling-heating-system-titanium-heat-exchange-new,Medium - archiving/reactivating the product later would need the record back.
3,136395489596,dynamic-cold-therapy-dct-sy-08-hc-0-8-hp-chiller-basic-cooling-heating-system-with-wifi-app-new,Dynamic Cold Therapy DCT-SY-08-HC 0.8 HP Chiller Basic Cooling/Heating System with WIFI APP (New),DISCONNECT (if attached) + ARCHIVE,1,dynamic-cold-therapy-dct-sy-08-hc-0-8-hp-chiller-basic-cooling-heating-system-with-wifi-app-new,Medium - archiving/reactivating the product later would need the record back.
3,136395686204,dynamic-cold-therapy-dct-sy-08-hc-ti-0-8-hp-cooling-heating-system-titanium-heat-exchange-new,Dynamic Cold Therapy DCT-SY-08-HC-TI 0.8 HP Cooling/Heating System Titanium Heat Exchange (New),DISCONNECT (if attached) + ARCHIVE,1,dynamic-cold-therapy-dct-sy-08-hc-ti-0-8-hp-cooling-heating-system-titanium-heat-exchange-new,Medium - archiving/reactivating the product later would need the record back.
3,136395817276,dynamic-cold-therapy-dct-sy-10-hc-1-0-hp-chiller-basic-cooling-heating-system-with-wifi-app-new,Dynamic Cold Therapy DCT-SY-10-HC 1.0 HP Chiller Basic Cooling/Heating System with WIFI APP (New),DISCONNECT (if attached) + ARCHIVE,1,dynamic-cold-therapy-dct-sy-10-hc-1-0-hp-chiller-basic-cooling-heating-system-with-wifi-app-new,Medium - archiving/reactivating the product later would need the record back.
3,136395948348,dynamic-cold-therapy-dct-sy-10-hc-ti-1-0-hp-cooling-heating-system-titanium-heat-exchange-new,Dynamic Cold Therapy DCT-SY-10-HC-TI 1.0 HP Cooling/Heating System Titanium Heat Exchange (New),DISCONNECT (if attached) + ARCHIVE,1,dynamic-cold-therapy-dct-sy-10-hc-ti-1-0-hp-cooling-heating-system-titanium-heat-exchange-new,Medium - archiving/reactivating the product later would need the record back.
3,136125645116,dynamic-cold-therapy-standard-edition-dct-qg-10-a-06-0-6-hp-chiller-cooling-heating-system-with-wifi-app-new,Dynamic Cold Therapy Standard Edition DCT-QG-10-A-06 0.6 HP Chiller Cooling/Heating System with WIFI APP (New),DISCONNECT (if attached) + ARCHIVE,1,dynamic-cold-therapy-standard-edition-dct-qg-10-a-06-0-6-hp-chiller-cooling-heating-system-with-wifi-app-new,Medium - archiving/reactivating the product later would need the record back.
3,136393752892,dynamic-cold-therapy-standard-edition-dct-qg-10-a-08-0-8-hp-chiller-cooling-heating-system-with-wifi-app-new,Dynamic Cold Therapy Standard Edition DCT-QG-10-A-08 0.8 HP Chiller Cooling/Heating System with WIFI APP (New),DISCONNECT (if attached) + ARCHIVE,1,dynamic-cold-therapy-standard-edition-dct-qg-10-a-08-0-8-hp-chiller-cooling-heating-system-with-wifi-app-new,Medium - archiving/reactivating the product later would need the record back.
3,136393916732,dynamic-cold-therapy-standard-edition-dct-qg-10-a-10-1-0-hp-chiller-cooling-heating-system-with-wifi-app-new,Dynamic Cold Therapy Standard Edition DCT-QG-10-A-10 1.0 HP Chiller Cooling/Heating System with WIFI APP (New),DISCONNECT (if attached) + ARCHIVE,1,dynamic-cold-therapy-standard-edition-dct-qg-10-a-10-1-0-hp-chiller-cooling-heating-system-with-wifi-app-new,Medium - archiving/reactivating the product later would need the record back.
3,160967852348,dynamic-r-1-pro-magnetic-air-rower-new,Dynamic R1 Pro Magnetic Air Rower (New),DISCONNECT (if attached) + ARCHIVE,1,dynamic-r1-pro-magnetic-air-rower-new,Medium - archiving/reactivating the product later would need the record back.
3,178842534204,french-fitness-3-tier-saddle-15-pair-dumbbell-rack-v-3-new-1,French Fitness 3 Tier Saddle 15 Pair Dumbbell Rack V3 (New),DISCONNECT (if attached) + ARCHIVE,1,french-fitness-3-tier-saddle-15-pair-dumbbell-rack-v3-new,Medium - archiving/reactivating the product later would need the record back.
3,249920291132,french-fitness-artificial-gym-turf-flooring-roll-82-x-6-5-standard,French Fitness Artificial Grass Synthetic Lawn Turf Flooring Roll 82' x 6.5' – V1 Base (New),DISCONNECT (if attached) + ARCHIVE,0,,Low - nothing renders it. Recoverable only from the export in this packet.
3,135444562236,french-fitness-diablo-incline-chest-press-plate-loaded-new,French Fitness Diablo Incline Chest Press Plate Loaded (New),DISCONNECT (if attached) + ARCHIVE,1,french-fitness-diablo-incline-chest-press-plate-loaded-new,Medium - archiving/reactivating the product later would need the record back.
3,135852392764,french-fitness-eureka-selectorized-abdominal-crunch-new,French Fitness Eureka Selectorized Abdominal Crunch (New),DISCONNECT (if attached) + ARCHIVE,1,french-fitness-eureka-selectorized-abdominal-crunch-new,Medium - archiving/reactivating the product later would need the record back.
3,135390396732,french-fitness-ff-360-t-apu-aluminum-pulley-upgrade-new,French Fitness FF-360T-APU Aluminum Pulley Upgrade (New),DISCONNECT (if attached) + ARCHIVE,1,french-fitness-ff-360t-apu-aluminum-pulley-upgrade-new,Medium - archiving/reactivating the product later would need the record back.
3,135394525500,french-fitness-ff-360-xl-apu-aluminum-pulley-upgrade-new,French Fitness FF-360XL-APU Aluminum Pulley Upgrade (New),DISCONNECT (if attached) + ARCHIVE,1,french-fitness-ff-360xl-apu-aluminum-pulley-upgrade-new,Medium - archiving/reactivating the product later would need the record back.
3,135398359356,french-fitness-ff-360-xs-apu-aluminum-pulley-upgrade-new,French Fitness FF-360XS-APU Aluminum Pulley Upgrade (New),DISCONNECT (if attached) + ARCHIVE,1,french-fitness-ff-360xs-apu-aluminum-pulley-upgrade-new,Medium - archiving/reactivating the product later would need the record back.
3,135415398716,french-fitness-ff-4-smjg-apu-aluminum-pulley-upgrade-new,French Fitness FF-4SMJG-APU Aluminum Pulley Upgrade (New),DISCONNECT (if attached) + ARCHIVE,1,french-fitness-ff-4smjg-apu-aluminum-pulley-upgrade-new,Medium - archiving/reactivating the product later would need the record back.
3,135443677500,french-fitness-ff-5-smjg-apu-aluminum-pulley-upgrade-new,French Fitness FF-5SMJG-APU Aluminum Pulley Upgrade (New),DISCONNECT (if attached) + ARCHIVE,1,french-fitness-ff-5smjg-apu-aluminum-pulley-upgrade-new,Medium - archiving/reactivating the product later would need the record back.
3,135443972412,french-fitness-ff-8-smjg-apu-aluminum-pulley-upgrade-new,French Fitness FF-8SMJG-APU Aluminum Pulley Upgrade (New),DISCONNECT (if attached) + ARCHIVE,1,french-fitness-ff-8smjg-apu-aluminum-pulley-upgrade-new,Medium - archiving/reactivating the product later would need the record back.
3,135442399548,french-fitness-ff-acc-apu-aluminum-pulley-upgrade-new,French Fitness FF-ACC-APU Aluminum Pulley Upgrade (New),DISCONNECT (if attached) + ARCHIVE,1,french-fitness-ff-acc-apu-aluminum-pulley-upgrade-new,Medium - archiving/reactivating the product later would need the record back.
3,135444070716,french-fitness-ff-acd-apu-aluminum-pulley-upgrade-new,French Fitness FF-ACD-APU Aluminum Pulley Upgrade (New),DISCONNECT (if attached) + ARCHIVE,1,french-fitness-ff-acd-apu-aluminum-pulley-upgrade-new,Medium - archiving/reactivating the product later would need the record back.
3,135444037948,french-fitness-ff-aclb-apu-aluminum-pulley-upgrade-new,French Fitness FF-ACLB-APU Aluminum Pulley Upgrade (New),DISCONNECT (if attached) + ARCHIVE,1,french-fitness-ff-aclb-apu-aluminum-pulley-upgrade-new,Medium - archiving/reactivating the product later would need the record back.
3,135444627772,french-fitness-ff-bac-apu-aluminum-pulley-upgrade-new,French Fitness FF-BAC-APU Aluminum Pulley Upgrade (New),DISCONNECT (if attached) + ARCHIVE,1,french-fitness-ff-bac-apu-aluminum-pulley-upgrade-new,Medium - archiving/reactivating the product later would need the record back.
3,135445152060,french-fitness-ff-be-apu-aluminum-pulley-upgrade-new,French Fitness FF-BE-APU Aluminum Pulley Upgrade (New),DISCONNECT (if attached) + ARCHIVE,1,french-fitness-ff-be-apu-aluminum-pulley-upgrade-new,Medium - archiving/reactivating the product later would need the record back.
3,135445250364,french-fitness-ff-cc-apu-aluminum-pulley-upgrade-new,French Fitness FF-CC-APU Aluminum Pulley Upgrade (New),DISCONNECT (if attached) + ARCHIVE,1,french-fitness-ff-cc-apu-aluminum-pulley-upgrade-new,Medium - archiving/reactivating the product later would need the record back.
3,135445315900,french-fitness-ff-clp-apu-aluminum-pulley-upgrade-new,French Fitness FF-CLP-APU Aluminum Pulley Upgrade (New),DISCONNECT (if attached) + ARCHIVE,1,french-fitness-ff-clp-apu-aluminum-pulley-upgrade-new,Medium - archiving/reactivating the product later would need the record back.
3,135445643580,french-fitness-ff-cp-apu-aluminum-pulley-upgrade-new,French Fitness FF-CP-APU Aluminum Pulley Upgrade (New),DISCONNECT (if attached) + ARCHIVE,1,french-fitness-ff-cp-apu-aluminum-pulley-upgrade-new,Medium - archiving/reactivating the product later would need the record back.
3,135446036796,french-fitness-ff-csmp-apu-aluminum-pulley-upgrade-new,French Fitness FF-CSMP-APU Aluminum Pulley Upgrade (New),DISCONNECT (if attached) + ARCHIVE,1,french-fitness-ff-csmp-apu-aluminum-pulley-upgrade-new,Medium - archiving/reactivating the product later would need the record back.
3,135446561084,french-fitness-ff-dap-50-apu-aluminum-pulley-upgrade-new,French Fitness FF-DAP50-APU Aluminum Pulley Upgrade (New),DISCONNECT (if attached) + ARCHIVE,1,french-fitness-ff-dap50-apu-aluminum-pulley-upgrade-new,Medium - archiving/reactivating the product later would need the record back.
3,135446200636,french-fitness-ff-dap-apu-aluminum-pulley-upgrade-new,French Fitness FF-DAP-APU Aluminum Pulley Upgrade (New),DISCONNECT (if attached) + ARCHIVE,1,french-fitness-ff-dap-apu-aluminum-pulley-upgrade-new,Medium - archiving/reactivating the product later would need the record back.
3,135446790460,french-fitness-ff-dbct-apu-aluminum-pulley-upgrade-new,French Fitness FF-DBCT-APU Aluminum Pulley Upgrade (New),DISCONNECT (if attached) + ARCHIVE,1,french-fitness-ff-dbct-apu-aluminum-pulley-upgrade-new,Medium - archiving/reactivating the product later would need the record back.
3,135447413052,french-fitness-ff-dcc-apu-aluminum-pulley-upgrade-new,French Fitness FF-DCC-APU Aluminum Pulley Upgrade (New),DISCONNECT (if attached) + ARCHIVE,1,french-fitness-ff-dcc-apu-aluminum-pulley-upgrade-new,Medium - archiving/reactivating the product later would need the record back.
3,135447806268,french-fitness-ff-dpwmcc-apu-aluminum-pulley-upgrade-new,French Fitness FF-DPWMCC-APU Aluminum Pulley Upgrade (New),DISCONNECT (if attached) + ARCHIVE,1,french-fitness-ff-dpwmcc-apu-aluminum-pulley-upgrade-new,Medium - archiving/reactivating the product later would need the record back.
3,159028281660,french-fitness-ff-ds-bac-apu-aluminum-pulley-upgrade-new,French Fitness FF-DS-BAC-APU Aluminum Pulley Upgrade (New),DISCONNECT (if attached) + ARCHIVE,1,french-fitness-ff-ds-bac-apu-aluminum-pulley-upgrade-new,Medium - archiving/reactivating the product later would need the record back.
3,159218598204,french-fitness-ff-ds-dp-apu-aluminum-pulley-upgrade-new,French Fitness FF-DS-DP-APU Aluminum Pulley Upgrade (New),DISCONNECT (if attached) + ARCHIVE,1,french-fitness-ff-ds-dp-apu-aluminum-pulley-upgrade-new,Medium - archiving/reactivating the product later would need the record back.
3,159238750524,french-fitness-ff-ds-flpd-apu-aluminum-pulley-upgrade-new,French Fitness FF-DS-FLPD-APU Aluminum Pulley Upgrade (New),DISCONNECT (if attached) + ARCHIVE,1,french-fitness-ff-ds-flpd-apu-aluminum-pulley-upgrade-new,Medium - archiving/reactivating the product later would need the record back.
3,159357993276,french-fitness-ff-ds-hr-apu-aluminum-pulley-upgrade-new,French Fitness FF-DS-HR-APU Aluminum Pulley Upgrade (New),DISCONNECT (if attached) + ARCHIVE,1,french-fitness-ff-ds-hr-apu-aluminum-pulley-upgrade-new,Medium - archiving/reactivating the product later would need the record back.
3,159607030076,french-fitness-ff-ds-ip-apu-aluminum-pulley-upgrade-new,French Fitness FF-DS-IP-APU Aluminum Pulley Upgrade (New),DISCONNECT (if attached) + ARCHIVE,1,french-fitness-ff-ds-ip-apu-aluminum-pulley-upgrade-new,Medium - archiving/reactivating the product later would need the record back.
3,159619285308,french-fitness-ff-ds-lr-apu-aluminum-pulley-upgrade-new,French Fitness FF-DS-LR-APU Aluminum Pulley Upgrade (New),DISCONNECT (if attached) + ARCHIVE,1,french-fitness-ff-ds-lr-apu-aluminum-pulley-upgrade-new,Medium - archiving/reactivating the product later would need the record back.
3,159625937212,french-fitness-ff-ds-sp-apu-aluminum-pulley-upgrade-new,French Fitness FF-DS-SP-APU Aluminum Pulley Upgrade (New),DISCONNECT (if attached) + ARCHIVE,1,french-fitness-ff-ds-sp-apu-aluminum-pulley-upgrade-new,Medium - archiving/reactivating the product later would need the record back.
3,135447937340,french-fitness-ff-dscc-apu-aluminum-pulley-upgrade-new,French Fitness FF-DSCC-APU Aluminum Pulley Upgrade (New),DISCONNECT (if attached) + ARCHIVE,1,french-fitness-ff-dscc-apu-aluminum-pulley-upgrade-new,Medium - archiving/reactivating the product later would need the record back.
3,135448068412,french-fitness-ff-fcprc-apu-aluminum-pulley-upgrade-new,French Fitness FF-FCPRC-APU Aluminum Pulley Upgrade (New),DISCONNECT (if attached) + ARCHIVE,1,french-fitness-ff-fcprc-apu-aluminum-pulley-upgrade-new,Medium - archiving/reactivating the product later would need the record back.
3,135448199484,french-fitness-ff-flp-apu-aluminum-pulley-upgrade-new,French Fitness FF-FLP-APU Aluminum Pulley Upgrade (New),DISCONNECT (if attached) + ARCHIVE,1,french-fitness-ff-flp-apu-aluminum-pulley-upgrade-new,Medium - archiving/reactivating the product later would need the record back.
3,135448297788,french-fitness-ff-fsr-10-oos-apu-aluminum-pulley-upgrade-new,French Fitness FF-FSR10-OOS-APU Aluminum Pulley Upgrade (New),DISCONNECT (if attached) + ARCHIVE,1,french-fitness-ff-fsr10-oos-apu-aluminum-pulley-upgrade-new,Medium - archiving/reactivating the product later would need the record back.
3,135448527164,french-fitness-ff-fsr-100-apu-aluminum-pulley-upgrade-new,French Fitness FF-FSR100-APU Aluminum Pulley Upgrade (New),DISCONNECT (if attached) + ARCHIVE,1,french-fitness-ff-fsr100-apu-aluminum-pulley-upgrade-new,Medium - archiving/reactivating the product later would need the record back.
3,135448625468,french-fitness-ff-fsr-100-cb-apu-aluminum-pulley-upgrade-new,French Fitness FF-FSR100-CB-APU Aluminum Pulley Upgrade (New),DISCONNECT (if attached) + ARCHIVE,1,french-fitness-ff-fsr100-cb-apu-aluminum-pulley-upgrade-new,Medium - archiving/reactivating the product later would need the record back.
3,135449018684,french-fitness-ff-fsr-20-pl-apu-aluminum-pulley-upgrade-new,French Fitness FF-FSR20-PL-APU Aluminum Pulley Upgrade (New),DISCONNECT (if attached) + ARCHIVE,1,french-fitness-ff-fsr20-pl-apu-aluminum-pulley-upgrade-new,Medium - archiving/reactivating the product later would need the record back.
3,254923866428,french-fitness-ff-fsr-40-apu-aluminum-pulley-upgrade-new,French Fitness FF-FSR40-APU Aluminum Pulley Upgrade (New),DISCONNECT (if attached) + ARCHIVE,1,french-fitness-ff-fsr40-apu-aluminum-pulley-upgrade-new,Medium - archiving/reactivating the product later would need the record back.
3,135448822076,french-fitness-ff-fsr-50-apu-aluminum-pulley-upgrade-new,French Fitness FF-FSR50-APU Aluminum Pulley Upgrade (New),DISCONNECT (if attached) + ARCHIVE,1,french-fitness-ff-fsr50-apu-aluminum-pulley-upgrade-new,Medium - archiving/reactivating the product later would need the record back.
3,135448887612,french-fitness-ff-fsr-60-apu-aluminum-pulley-upgrade-new,French Fitness FF-FSR60-APU Aluminum Pulley Upgrade (New),DISCONNECT (if attached) + ARCHIVE,1,french-fitness-ff-fsr60-apu-aluminum-pulley-upgrade-new,Medium - archiving/reactivating the product later would need the record back.
3,135449149756,french-fitness-ff-fsr-70-apu-aluminum-pulley-upgrade-new,French Fitness FF-FSR70-APU Aluminum Pulley Upgrade (New),DISCONNECT (if attached) + ARCHIVE,1,french-fitness-ff-fsr70-apu-aluminum-pulley-upgrade-new,Medium - archiving/reactivating the product later would need the record back.
3,135450034492,french-fitness-ff-fsr-80-apu-aluminum-pulley-upgrade-new,French Fitness FF-FSR80-APU Aluminum Pulley Upgrade (New),DISCONNECT (if attached) + ARCHIVE,1,french-fitness-ff-fsr80-apu-aluminum-pulley-upgrade-new,Medium - archiving/reactivating the product later would need the record back.
3,135450100028,french-fitness-ff-fsr-90-apu-aluminum-pulley-upgrade-new,French Fitness FF-FSR90-APU Aluminum Pulley Upgrade (New),DISCONNECT (if attached) + ARCHIVE,1,french-fitness-ff-fsr90-apu-aluminum-pulley-upgrade-new,Medium - archiving/reactivating the product later would need the record back.
3,135450296636,french-fitness-ff-fts-f-1-apu-aluminum-pulley-upgrade-new,French Fitness FF-FTS-F1-APU Aluminum Pulley Upgrade (New),DISCONNECT (if attached) + ARCHIVE,1,french-fitness-ff-fts-f1-apu-aluminum-pulley-upgrade-new,Medium - archiving/reactivating the product later would need the record back.
3,135450493244,french-fitness-ff-gm-apu-aluminum-pulley-upgrade-new,French Fitness FF-GM-APU Aluminum Pulley Upgrade (New),DISCONNECT (if attached) + ARCHIVE,1,french-fitness-ff-gm-apu-aluminum-pulley-upgrade-new,Medium - archiving/reactivating the product later would need the record back.
3,135450558780,french-fitness-ff-haa-apu-aluminum-pulley-upgrade-new,French Fitness FF-HAA-APU Aluminum Pulley Upgrade (New),DISCONNECT (if attached) + ARCHIVE,1,french-fitness-ff-haa-apu-aluminum-pulley-upgrade-new,Medium - archiving/reactivating the product later would need the record back.
3,135450755388,french-fitness-ff-hait-apu-aluminum-pulley-upgrade-new,French Fitness FF-HAIT-APU Aluminum Pulley Upgrade (New),DISCONNECT (if attached) + ARCHIVE,1,french-fitness-ff-hait-apu-aluminum-pulley-upgrade-new,Medium - archiving/reactivating the product later would need the record back.
3,135450853692,french-fitness-ff-haot-apu-aluminum-pulley-upgrade-new,French Fitness FF-HAOT-APU Aluminum Pulley Upgrade (New),DISCONNECT (if attached) + ARCHIVE,1,french-fitness-ff-haot-apu-aluminum-pulley-upgrade-new,Medium - archiving/reactivating the product later would need the record back.
3,135451083068,french-fitness-ff-hc-apu-aluminum-pulley-upgrade-new,French Fitness FF-HC-APU Aluminum Pulley Upgrade (New),DISCONNECT (if attached) + ARCHIVE,1,french-fitness-ff-hc-apu-aluminum-pulley-upgrade-new,Medium - archiving/reactivating the product later would need the record back.
3,159758975292,french-fitness-ff-htgm-apu-aluminum-pulley-upgrade-new,French Fitness FF-HTGM-APU Aluminum Pulley Upgrade (New),DISCONNECT (if attached) + ARCHIVE,1,french-fitness-ff-hgtm-apu-aluminum-pulley-upgrade-new,Medium - archiving/reactivating the product later would need the record back.
3,135451541820,french-fitness-ff-lpdlr-apu-aluminum-pulley-upgrade-new,French Fitness FF-LPDLR-APU Aluminum Pulley Upgrade (New),DISCONNECT (if attached) + ARCHIVE,1,french-fitness-ff-lpdlr-apu-aluminum-pulley-upgrade-new,Medium - archiving/reactivating the product later would need the record back.
3,135451607356,french-fitness-ff-lplr-apu-aluminum-pulley-upgrade-new,French Fitness FF-LPLR-APU Aluminum Pulley Upgrade (New),DISCONNECT (if attached) + ARCHIVE,1,french-fitness-ff-lplr-apu-aluminum-pulley-upgrade-new,Medium - archiving/reactivating the product later would need the record back.
3,135451672892,french-fitness-ff-lps-apu-aluminum-pulley-upgrade-new,French Fitness FF-LPS-APU Aluminum Pulley Upgrade (New),DISCONNECT (if attached) + ARCHIVE,1,french-fitness-ff-lps-apu-aluminum-pulley-upgrade-new,Medium - archiving/reactivating the product later would need the record back.
3,135451902268,french-fitness-ff-lr-apu-aluminum-pulley-upgrade-new,French Fitness FF-LR-APU Aluminum Pulley Upgrade (New),DISCONNECT (if attached) + ARCHIVE,1,french-fitness-ff-lr-apu-aluminum-pulley-upgrade-new,Medium - archiving/reactivating the product later would need the record back.
3,135452098876,french-fitness-ff-mhg-apu-aluminum-pulley-upgrade-new,French Fitness FF-MHG-APU Aluminum Pulley Upgrade (New),DISCONNECT (if attached) + ARCHIVE,1,french-fitness-ff-mhg-apu-aluminum-pulley-upgrade-new,Medium - archiving/reactivating the product later would need the record back.
3,135452721468,french-fitness-ff-msc-10-apu-aluminum-pulley-upgrade-new,French Fitness FF-MSC10-APU Aluminum Pulley Upgrade (New),DISCONNECT (if attached) + ARCHIVE,1,french-fitness-ff-msc10-apu-aluminum-pulley-upgrade-new,Medium - archiving/reactivating the product later would need the record back.
3,135513932092,french-fitness-ff-msc-20-apu-aluminum-pulley-upgrade-new,French Fitness FF-MSC20-APU Aluminum Pulley Upgrade (New),DISCONNECT (if attached) + ARCHIVE,1,french-fitness-ff-msc20-apu-aluminum-pulley-upgrade-new,Medium - archiving/reactivating the product later would need the record back.
3,135514325308,french-fitness-ff-pf-apu-aluminum-pulley-upgrade-new,French Fitness FF-PF-APU Aluminum Pulley Upgrade (New),DISCONNECT (if attached) + ARCHIVE,1,french-fitness-ff-pf-apu-aluminum-pulley-upgrade-new,Medium - archiving/reactivating the product later would need the record back.
3,135514521916,french-fitness-ff-pfrd-apu-aluminum-pulley-upgrade-new,French Fitness FF-PFRD-APU Aluminum Pulley Upgrade (New),DISCONNECT (if attached) + ARCHIVE,1,french-fitness-ff-pfrd-apu-aluminum-pulley-upgrade-new,Medium - archiving/reactivating the product later would need the record back.
3,135514685756,french-fitness-ff-plc-apu-aluminum-pulley-upgrade-new,French Fitness FF-PLC-APU Aluminum Pulley Upgrade (New),DISCONNECT (if attached) + ARCHIVE,1,french-fitness-ff-plc-apu-aluminum-pulley-upgrade-new,Medium - archiving/reactivating the product later would need the record back.
3,135514915132,french-fitness-ff-plcle-apu-aluminum-pulley-upgrade-new,French Fitness FF-PLCLE-APU Aluminum Pulley Upgrade (New),DISCONNECT (if attached) + ARCHIVE,1,french-fitness-ff-plcle-apu-aluminum-pulley-upgrade-new,Medium - archiving/reactivating the product later would need the record back.
3,135515046204,french-fitness-ff-rr-cc-apu-aluminum-pulley-upgrade-new,French Fitness FF-RR-CC-APU Aluminum Pulley Upgrade (New),DISCONNECT (if attached) + ARCHIVE,1,french-fitness-ff-rr-cc-apu-aluminum-pulley-upgrade-new,Medium - archiving/reactivating the product later would need the record back.
3,135515308348,french-fitness-ff-rr-ft-3-ts-49-aluminum-pulley-upgrade-new,French Fitness FF-RR-FT-3TS49 Aluminum Pulley Upgrade (New),DISCONNECT (if attached) + ARCHIVE,1,french-fitness-ff-rr-ft-3ts49-aluminum-pulley-upgrade-new,Medium - archiving/reactivating the product later would need the record back.
3,159757041980,french-fitness-ff-rr-ft-cave-apu-aluminum-pulley-upgrade-new,French Fitness FF-RR-FT-CAVE-APU Aluminum Pulley Upgrade (New),DISCONNECT (if attached) + ARCHIVE,1,french-fitness-ff-rr-ft-cave-apu-aluminum-pulley-upgrade-new,Medium - archiving/reactivating the product later would need the record back.
3,135515865404,french-fitness-ff-rtr-apu-aluminum-pulley-upgrade-new,French Fitness FF-RTR-APU Aluminum Pulley Upgrade (New),DISCONNECT (if attached) + ARCHIVE,1,french-fitness-ff-rtr-apu-aluminum-pulley-upgrade-new,Medium - archiving/reactivating the product later would need the record back.
3,135516029244,french-fitness-ff-sac-apu-aluminum-pulley-upgrade-new,French Fitness FF-SAC-APU Aluminum Pulley Upgrade (New),DISCONNECT (if attached) + ARCHIVE,1,french-fitness-ff-sac-apu-aluminum-pulley-upgrade-new,Medium - archiving/reactivating the product later would need the record back.
3,135516422460,french-fitness-ff-shac-apu-aluminum-pulley-upgrade-new,French Fitness FF-SHAC-APU Aluminum Pulley Upgrade (New),DISCONNECT (if attached) + ARCHIVE,1,french-fitness-ff-shac-apu-aluminum-pulley-upgrade-new,Medium - archiving/reactivating the product later would need the record back.
3,135516520764,french-fitness-ff-shlp-apu-aluminum-pulley-upgrade-new,French Fitness FF-SHLP-APU Aluminum Pulley Upgrade (New),DISCONNECT (if attached) + ARCHIVE,1,french-fitness-ff-shlp-apu-aluminum-pulley-upgrade-new,Medium - archiving/reactivating the product later would need the record back.
3,135516782908,french-fitness-ff-slc-apu-aluminum-pulley-upgrade-new,French Fitness FF-SLC-APU Aluminum Pulley Upgrade (New),DISCONNECT (if attached) + ARCHIVE,1,french-fitness-ff-slc-apu-aluminum-pulley-upgrade-new,Medium - archiving/reactivating the product later would need the record back.
3,135517831484,french-fitness-ff-slcle-apu-aluminum-pulley-upgrade-new,French Fitness FF-SLCLE-APU Aluminum Pulley Upgrade (New),DISCONNECT (if attached) + ARCHIVE,1,french-fitness-ff-slcle-apu-aluminum-pulley-upgrade-new,Medium - archiving/reactivating the product later would need the record back.
3,135518060860,french-fitness-ff-sle-apu-aluminum-pulley-upgrade-new,French Fitness FF-SLE-APU Aluminum Pulley Upgrade (New),DISCONNECT (if attached) + ARCHIVE,1,french-fitness-ff-sle-apu-aluminum-pulley-upgrade-new,Medium - archiving/reactivating the product later would need the record back.
3,135518224700,french-fitness-ff-slp-apu-aluminum-pulley-upgrade-new,French Fitness FF-SLP-APU Aluminum Pulley Upgrade (New),DISCONNECT (if attached) + ARCHIVE,1,french-fitness-ff-slp-apu-aluminum-pulley-upgrade-new,Medium - archiving/reactivating the product later would need the record back.
3,135518388540,french-fitness-ff-sp-apu-aluminum-pulley-upgrade-new,French Fitness FF-SP-APU Aluminum Pulley Upgrade (New),DISCONNECT (if attached) + ARCHIVE,1,french-fitness-ff-sp-apu-aluminum-pulley-upgrade-new,Medium - archiving/reactivating the product later would need the record back.
3,135518650684,french-fitness-ff-sr-apu-aluminum-pulley-upgrade-new,French Fitness FF-SR-APU Aluminum Pulley Upgrade (New),DISCONNECT (if attached) + ARCHIVE,1,french-fitness-ff-sr-apu-aluminum-pulley-upgrade-new,Medium - archiving/reactivating the product later would need the record back.
3,135518880060,french-fitness-ff-srft-8-apu-aluminum-pulley-upgrade-new,French Fitness FF-SRFT8-APU Aluminum Pulley Upgrade (New),DISCONNECT (if attached) + ARCHIVE,1,french-fitness-ff-srft8-apu-aluminum-pulley-upgrade-new,Medium - archiving/reactivating the product later would need the record back.
3,159656345916,french-fitness-ff-ss-ac-apu-aluminum-pulley-upgrade-new,French Fitness FF-SS-AC-APU Aluminum Pulley Upgrade (New),DISCONNECT (if attached) + ARCHIVE,1,french-fitness-ff-ss-ac-apu-aluminum-pulley-upgrade-new,Medium - archiving/reactivating the product later would need the record back.
3,159753830716,french-fitness-ff-ss-vs-apu-aluminum-pulley-upgrade-new,French Fitness FF-SS-VS-APU Aluminum Pulley Upgrade (New),DISCONNECT (if attached) + ARCHIVE,1,french-fitness-ff-ss-vs-apu-aluminum-pulley-upgrade-new,Medium - archiving/reactivating the product later would need the record back.
3,135518978364,french-fitness-ff-ssc-apu-aluminum-pulley-upgrade-new,French Fitness FF-SSC-APU Aluminum Pulley Upgrade (New),DISCONNECT (if attached) + ARCHIVE,1,french-fitness-ff-ssc-apu-aluminum-pulley-upgrade-new,Medium - archiving/reactivating the product later would need the record back.
3,135519404348,french-fitness-ff-tac-apu-aluminum-pulley-upgrade-new,French Fitness FF-TAC-APU Aluminum Pulley Upgrade (New),DISCONNECT (if attached) + ARCHIVE,1,french-fitness-ff-tac-apu-aluminum-pulley-upgrade-new,Medium - archiving/reactivating the product later would need the record back.
3,135519764796,french-fitness-ff-tae-apu-aluminum-pulley-upgrade-new,French Fitness FF-TAE-APU Aluminum Pulley Upgrade (New),DISCONNECT (if attached) + ARCHIVE,1,french-fitness-ff-tae-apu-aluminum-pulley-upgrade-new,Medium - archiving/reactivating the product later would need the record back.
3,135520223548,french-fitness-ff-tpsd-apu-aluminum-pulley-upgrade-new,French Fitness FF-TPSD-APU Aluminum Pulley Upgrade (New),DISCONNECT (if attached) + ARCHIVE,1,french-fitness-ff-tpsd-apu-aluminum-pulley-upgrade-new,Medium - archiving/reactivating the product later would need the record back.
3,135520420156,french-fitness-ff-tr-apu-aluminum-pulley-upgrade-new,French Fitness FF-TR-APU Aluminum Pulley Upgrade (New),DISCONNECT (if attached) + ARCHIVE,1,french-fitness-ff-tr-apu-aluminum-pulley-upgrade-new,Medium - archiving/reactivating the product later would need the record back.
3,135520649532,french-fitness-ff-wmdccc-apu-aluminum-pulley-upgrade-new,French Fitness FF-WMDCCC-APU Aluminum Pulley Upgrade (New),DISCONNECT (if attached) + ARCHIVE,1,french-fitness-ff-wmdccc-apu-aluminum-pulley-upgrade-new,Medium - archiving/reactivating the product later would need the record back.
3,135520846140,french-fitness-ff-wmmft-apu-aluminum-pulley-upgrade-new,French Fitness FF-WMMFT-APU Aluminum Pulley Upgrade (New),DISCONNECT (if attached) + ARCHIVE,1,french-fitness-ff-wmmft-apu-aluminum-pulley-upgrade-new,Medium - archiving/reactivating the product later would need the record back.
3,135521435964,french-fitness-ff-x-10-apu-aluminum-pulley-upgrade-new,French Fitness FF-X10-APU Aluminum Pulley Upgrade (New),DISCONNECT (if attached) + ARCHIVE,1,french-fitness-ff-x10-apu-aluminum-pulley-upgrade-new,Medium - archiving/reactivating the product later would need the record back.
3,135521763644,french-fitness-ff-x-12-apu-aluminum-pulley-upgrade-new,French Fitness FF-X12-APU Aluminum Pulley Upgrade (New),DISCONNECT (if attached) + ARCHIVE,1,french-fitness-ff-x12-apu-aluminum-pulley-upgrade-new,Medium - archiving/reactivating the product later would need the record back.
3,135522615612,french-fitness-ff-x-2-apu-aluminum-pulley-upgrade-new,French Fitness FF-X2-APU Aluminum Pulley Upgrade (New),DISCONNECT (if attached) + ARCHIVE,1,french-fitness-ff-x2-apu-aluminum-pulley-upgrade-new,Medium - archiving/reactivating the product later would need the record back.
3,135522844988,french-fitness-ff-x-2-black-apu-aluminum-pulley-upgrade-new,French Fitness FF-X2-BLACK-APU Aluminum Pulley Upgrade (New),DISCONNECT (if attached) + ARCHIVE,1,french-fitness-ff-x2-black-apu-aluminum-pulley-upgrade-new,Medium - archiving/reactivating the product later would need the record back.
3,135523434812,french-fitness-ff-x-4-apu-aluminum-pulley-upgrade-new,French Fitness FF-X4-APU Aluminum Pulley Upgrade (New),DISCONNECT (if attached) + ARCHIVE,1,french-fitness-ff-x4-apu-aluminum-pulley-upgrade-new,Medium - archiving/reactivating the product later would need the record back.
3,135523729724,french-fitness-ff-x-4-black-apu-aluminum-pulley-upgrade-new,French Fitness FF-X4-BLACK-APU Aluminum Pulley Upgrade (New),DISCONNECT (if attached) + ARCHIVE,1,french-fitness-ff-x4-black-apu-aluminum-pulley-upgrade-new,Medium - archiving/reactivating the product later would need the record back.
3,135523860796,french-fitness-ff-x-5-apu-aluminum-pulley-upgrade-new,French Fitness FF-X5-APU Aluminum Pulley Upgrade (New),DISCONNECT (if attached) + ARCHIVE,1,french-fitness-ff-x5-apu-aluminum-pulley-upgrade-new,Medium - archiving/reactivating the product later would need the record back.
3,135524057404,french-fitness-ff-x-7-lp-apu-aluminum-pulley-upgrade-new,French Fitness FF-X7LP-APU Aluminum Pulley Upgrade (New),DISCONNECT (if attached) + ARCHIVE,1,french-fitness-ff-x7lp-apu-aluminum-pulley-upgrade-new,Medium - archiving/reactivating the product later would need the record back.
3,135524319548,french-fitness-ff-x-8-apu-aluminum-pulley-upgrade-new,French Fitness FF-X8-APU Aluminum Pulley Upgrade (New),DISCONNECT (if attached) + ARCHIVE,1,french-fitness-ff-x8-apu-aluminum-pulley-upgrade-new,Medium - archiving/reactivating the product later would need the record back.
3,135524581692,french-fitness-ff-x-8-bf-apu-aluminum-pulley-upgrade-new,French Fitness FF-X8-BF-APU Aluminum Pulley Upgrade (New),DISCONNECT (if attached) + ARCHIVE,1,french-fitness-ff-x8-bf-apu-aluminum-pulley-upgrade-new,Medium - archiving/reactivating the product later would need the record back.
3,135524712764,french-fitness-ff-x-8-lp-apu-aluminum-pulley-upgrade-new,French Fitness FF-X8-LP-APU Aluminum Pulley Upgrade (New),DISCONNECT (if attached) + ARCHIVE,1,french-fitness-ff-x8-lp-apu-aluminum-pulley-upgrade-new,Medium - archiving/reactivating the product later would need the record back.
3,135524909372,french-fitness-ff-x-8-xl-apu-aluminum-pulley-upgrade-new,French Fitness FF-X8XL-APU Aluminum Pulley Upgrade (New),DISCONNECT (if attached) + ARCHIVE,1,french-fitness-ff-x8xl-apu-aluminum-pulley-upgrade-new,Medium - archiving/reactivating the product later would need the record back.
3,135525040444,french-fitness-ff-x-9-lp-apu-aluminum-pulley-upgrade-new,French Fitness FF-X9LP-APU Aluminum Pulley Upgrade (New),DISCONNECT (if attached) + ARCHIVE,1,french-fitness-ff-x9lp-apu-aluminum-pulley-upgrade-new,Medium - archiving/reactivating the product later would need the record back.
3,135447609660,french-fitness-ffs-dcc-apu-aluminum-pulley-upgrade-new,French Fitness FFS-DCC-APU Aluminum Pulley Upgrade (New),DISCONNECT (if attached) + ARCHIVE,1,french-fitness-ffs-dcc-apu-aluminum-pulley-upgrade-new,Medium - archiving/reactivating the product later would need the record back.
3,176448995644,french-fitness-fsr-90-functional-trainer-smith-squat-rack-machine,French Fitness FSR90 Functional Trainer Smith & Squat Rack Machine,DISCONNECT (if attached) + ARCHIVE,0,,Low - nothing renders it. Recoverable only from the export in this packet.
3,265257058620,french-fitness-gym-package-build-your-own-gym-1,French Fitness Gym Package - Build Your Own Gym,DISCONNECT (if attached) + ARCHIVE,0,,Low - nothing renders it. Recoverable only from the export in this packet.
3,176495460668,french-fitness-horizontal-bumper-plate-storage-rack-v-2-new,French Fitness Horizontal Bumper Plate Storage Rack V2 (New),DISCONNECT (if attached) + ARCHIVE,0,,Low - nothing renders it. Recoverable only from the export in this packet.
3,290314158396,french-fitness-marin-assisted-nordic-hamstring-trainer-new,French Fitness Marin Assisted Nordic Hamstring Trainer (New),DISCONNECT (if attached) + ARCHIVE,1,french-fitness-marin-assisted-nordic-hamstring-trainer-new,Medium - archiving/reactivating the product later would need the record back.
3,160987021628,french-fitness-marin-glute-drive-hip-thrust-machine-plate-loaded-new,French Fitness Marin Glute Drive Hip Thrust Machine Plate Loaded (New),DISCONNECT (if attached) + ARCHIVE,1,french-fitness-marin-glute-drive-hip-thrust-machine-plate-loaded-new,Medium - archiving/reactivating the product later would need the record back.
3,135842824508,french-fitness-marin-seated-leg-press-sled-calf-raise-new,French Fitness Marin Seated Leg Press Sled / Calf Raise (New),DISCONNECT (if attached) + ARCHIVE,1,french-fitness-marin-seated-leg-press-sled-calf-raise-new,Medium - archiving/reactivating the product later would need the record back.
3,290321236284,french-fitness-marin-standing-lateral-raise-plate-loaded-new,French Fitness Marin Standing Lateral Raise Plate Loaded (New),DISCONNECT (if attached) + ARCHIVE,1,french-fitness-marin-standing-lateral-raise-plate-loaded-new,Medium - archiving/reactivating the product later would need the record back.
3,138192322876,french-fitness-medicine-wall-ball-30-lb-new,French Fitness Medicine Wall Ball 30 lb (New),DISCONNECT (if attached) + ARCHIVE,1,french-fitness-medicine-wall-ball-30-lb-new-oos,Medium - archiving/reactivating the product later would need the record back.
3,150661038396,french-fitness-monster-universal-storage-system-ff-mss-123-new,French Fitness Monster Universal Storage System FF-MSS-123 (New),DISCONNECT (if attached) + ARCHIVE,1,french-fitness-monster-universal-storage-system-ff-mss-123-new,Medium - archiving/reactivating the product later would need the record back.
3,150662086972,french-fitness-monster-universal-storage-system-ff-mss-151-new,French Fitness Monster Universal Storage System FF-MSS-151 (New),DISCONNECT (if attached) + ARCHIVE,1,french-fitness-monster-universal-storage-system-ff-mss-151-new,Medium - archiving/reactivating the product later would need the record back.
3,136293155132,french-fitness-monster-universal-storage-system-ff-mss-48-new,French Fitness Monster Universal Storage System FF-MSS-48 (New),DISCONNECT (if attached) + ARCHIVE,1,french-fitness-monster-universal-storage-system-ff-mss-48-new,Medium - archiving/reactivating the product later would need the record back.
3,138270081340,french-fitness-monster-universal-storage-system-ff-mss-77-new,French Fitness Monster Universal Storage System FF-MSS-77 (New),DISCONNECT (if attached) + ARCHIVE,1,french-fitness-monster-universal-storage-system-ff-mss-77-new,Medium - archiving/reactivating the product later would need the record back.
3,147662602556,french-fitness-monster-universal-storage-system-ff-mss-94-new,French Fitness Monster Universal Storage System FF-MSS-94 (New),DISCONNECT (if attached) + ARCHIVE,1,french-fitness-monster-universal-storage-system-ff-mss-94-new,Medium - archiving/reactivating the product later would need the record back.
3,160976142652,french-fitness-napa-glute-drive-hip-thrust-machine-plate-loaded-new,French Fitness Napa Glute Drive Hip Thrust Machine Plate Loaded (New),DISCONNECT (if attached) + ARCHIVE,1,french-fitness-napa-glute-drive-hip-thrust-machine-plate-loaded-new,Medium - archiving/reactivating the product later would need the record back.
3,135842136380,french-fitness-napa-seated-leg-press-sled-calf-raise-new,French Fitness Napa Seated Leg Press Sled / Calf Raise (New),DISCONNECT (if attached) + ARCHIVE,1,french-fitness-napa-seated-leg-press-sled-calf-raise-new,Medium - archiving/reactivating the product later would need the record back.
3,136294236476,french-fitness-ntr-nylon-tricep-rope-new,French Fitness NTR Nylon Tricep Rope (New),DISCONNECT (if attached) + ARCHIVE,1,french-fitness-ntr-nylon-tricep-rope-new,Medium - archiving/reactivating the product later would need the record back.
3,176490447164,french-fitness-owt-10-olympic-weight-tree-storage-rack-new,French Fitness OWT10 Olympic Weight Tree Storage Rack (New),DISCONNECT (if attached) + ARCHIVE,0,,Low - nothing renders it. Recoverable only from the export in this packet.
3,290074329404,french-fitness-r-5-commercial-rower-new,French Fitness R5 Commercial Rower (New),DISCONNECT (if attached) + ARCHIVE,1,french-fitness-r5-commercial-rower-new,Medium - archiving/reactivating the product later would need the record back.
3,227280650556,french-fitness-rack-rig-ff-rr-ajb-angled-junction-bars-new,French Fitness Rack & Rig Angled Junction Bars (New),DISCONNECT (if attached) + ARCHIVE,0,,Low - nothing renders it. Recoverable only from the export in this packet.
3,136184365372,french-fitness-rack-rig-wall-ball-target-attachment-new,French Fitness Rack & Rig Wall Ball Target Attachment (New),DISCONNECT (if attached) + ARCHIVE,0,,Low - nothing renders it. Recoverable only from the export in this packet.
3,290306982204,french-fitness-ski-row-multi-trainer-new,French Fitness Ski & Row Multi-Trainer (New),DISCONNECT (if attached) + ARCHIVE,1,french-fitness-ski-row-multi-trainer-new,Medium - archiving/reactivating the product later would need the record back.
3,187270070588,french-fitness-speed-agility-hurdle-set-of-12-new,French Fitness Speed & Agility Hurdle Set of 12 (New),DISCONNECT (if attached) + ARCHIVE,0,,Low - nothing renders it. Recoverable only from the export in this packet.
3,135850590524,french-fitness-strongman-sandbag-150-lb-new,French Fitness Strongman Sandbag - 150 lb (New),DISCONNECT (if attached) + ARCHIVE,1,french-fitness-strongman-sandbag-150-lb-new-archived,Medium - archiving/reactivating the product later would need the record back.
3,135850950972,french-fitness-strongman-sandbag-200-lb-new,French Fitness Strongman Sandbag - 200 lb (New),DISCONNECT (if attached) + ARCHIVE,1,french-fitness-strongman-sandbag-200-lb-new-archived,Medium - archiving/reactivating the product later would need the record back.
3,272264855868,french-fitness-tahoe-dual-cable-crossover-new,French Fitness Tahoe Dual Cable Crossover (New),DISCONNECT (if attached) + ARCHIVE,1,french-fitness-tahoe-dual-cable-crossover-new,Medium - archiving/reactivating the product later would need the record back.
3,135445446972,french-fitness-tahoe-incline-chest-press-plate-loaded-new,French Fitness Tahoe Incline Chest Press Plate Loaded (New),DISCONNECT (if attached) + ARCHIVE,1,french-fitness-tahoe-incline-chest-press-plate-loaded-new,Medium - archiving/reactivating the product later would need the record back.
3,174949695804,french-fitness-tahoe-v2-lat-pulldown-low-row-new,French Fitness Tahoe V2 Lat Pulldown / Low Row (New),DISCONNECT (if attached) + ARCHIVE,1,french-fitness-tahoe-v2-lat-pulldown-low-row-new,Medium - archiving/reactivating the product later would need the record back.
3,161014743356,golden-designs-dyn-5830-01-bilbao-3-person-ultra-low-emf-far-infrared-sauna-new,GoldenDesigns DYN-5830-01 Bilbao 3 Person Ultra Low EMF FAR Infrared Sauna (New),DISCONNECT (if attached) + ARCHIVE,1,goldendesigns-dyn-5830-01-bilbao-3-person-ultra-low-emf-far-infrared-sauna-new,Medium - archiving/reactivating the product later would need the record back.
3,161503215932,golden-designs-dyn-5860-01-la-sagrada-6-person-ultra-low-emf-far-infrared-sauna-new,GoldenDesigns DYN-5860-01 La Sagrada 6 Person Ultra Low EMF FAR Infrared Sauna (New),DISCONNECT (if attached) + ARCHIVE,1,goldendesigns-dyn-5860-01-la-sagrada-6-person-ultra-low-emf-far-infrared-sauna-new,Medium - archiving/reactivating the product later would need the record back.
3,161012515132,golden-designs-dyn-6202-03-dynamic-andora-low-emf-far-infrared-sauna-new,"GoldenDesigns DYN-6202-03 Dynamic ""Andora"" Low EMF Far Infrared Sauna (New)",DISCONNECT (if attached) + ARCHIVE,1,goldendesigns-dyn-6202-03-dynamic-andora-low-emf-far-infrared-sauna-new,Medium - archiving/reactivating the product later would need the record back.
3,161775747388,golden-designs-dyn-6208-01-toulouse-ultra-low-emf-far-infrared-sauna-new,GoldenDesigns DYN-6208-01 Toulouse Ultra Low EMF FAR Infrared Sauna (New),DISCONNECT (if attached) + ARCHIVE,1,goldendesigns-dyn-6208-01-toulouse-ultra-low-emf-far-infrared-sauna-new,Medium - archiving/reactivating the product later would need the record back.
3,161779876156,golden-designs-dyn-6210-02-venice-ii-edition-dynamic-sauna-new,GoldenDesigns DYN-6210-02 Venice II Edition Dynamic Sauna (New),DISCONNECT (if attached) + ARCHIVE,1,goldendesigns-dyn-6210-02-venice-ii-edition-dynamic-sauna-new,Medium - archiving/reactivating the product later would need the record back.
3,136462401852,golden-designs-dyn-6215-02-elite-llumeneres-2-person-ultra-low-emf-far-infrared-sauna-new,GoldenDesigns DYN-6215-02 Elite Llumeneres 2 Person Ultra Low EMF Far Infrared Sauna (New),DISCONNECT (if attached) + ARCHIVE,1,goldendesigns-dyn-6215-02-elite-llumeneres-2-person-ultra-low-emf-far-infrared-sauna-new,Medium - archiving/reactivating the product later would need the record back.
3,161780891964,golden-designs-dyn-6215-02-llumeneres-2-person-ultra-low-emf-far-infrared-sauna-new,GoldenDesigns DYN-6215-02 Llumeneres 2 Person Ultra Low EMF Far Infrared Sauna (New),DISCONNECT (if attached) + ARCHIVE,1,goldendesigns-dyn-6215-02-llumeneres-2-person-ultra-low-emf-far-infrared-sauna-new,Medium - archiving/reactivating the product later would need the record back.
3,161939620156,golden-designs-dyn-6306-01-dynamic-bellagio-low-emf-far-infrared-sauna-new,"GoldenDesigns DYN-6306-01 Dynamic ""Bellagio"" Low EMF Far Infrared Sauna (New)",DISCONNECT (if attached) + ARCHIVE,1,goldendesigns-dyn-6306-01-dynamic-bellagio-low-emf-far-infrared-sauna-new,Medium - archiving/reactivating the product later would need the record back.
3,161940046140,golden-designs-dyn-6308-01-marseille-ultra-low-emf-far-infrared-sauna-new,GoldenDesigns DYN-6308-01 Marseille Ultra Low EMF FAR Infrared Sauna (New),DISCONNECT (if attached) + ARCHIVE,1,goldendesigns-dyn-6308-01-marseille-ultra-low-emf-far-infrared-sauna-new,Medium - archiving/reactivating the product later would need the record back.
3,161940472124,golden-designs-dyn-6310-01-madrid-i-edition-dynamic-sauna-new,GoldenDesigns DYN-6310-01 Madrid I Edition Dynamic Sauna (New),DISCONNECT (if attached) + ARCHIVE,1,goldendesigns-dyn-6310-01-madrid-i-edition-dynamic-sauna-new,Medium - archiving/reactivating the product later would need the record back.
3,162308686140,golden-designs-dyn-6315-01-dynamic-low-emf-far-infrared-sauna-florence-edition-new,"GoldenDesigns DYN-6315-01 Dynamic Low EMF Far Infrared Sauna, Florence Edition (New)",DISCONNECT (if attached) + ARCHIVE,1,goldendesigns-dyn-6315-01-dynamic-low-emf-far-infrared-sauna-florence-edition-new,Medium - archiving/reactivating the product later would need the record back.
3,161940865340,golden-designs-dyn-6315-01-florence-edition-dynamic-sauna-new,GoldenDesigns DYN-6315-01 Florence Edition Dynamic Sauna (New),DISCONNECT (if attached) + ARCHIVE,1,goldendesigns-dyn-6315-01-florence-edition-dynamic-sauna-new,Medium - archiving/reactivating the product later would need the record back.
3,136463909180,golden-designs-dyn-6315-02-elite-vila-3-person-ultra-low-emf-far-infrared-sauna-new,GoldenDesigns DYN-6315-02 Elite Vila 3 Person Ultra Low EMF Far Infrared Sauna (New),DISCONNECT (if attached) + ARCHIVE,1,goldendesigns-dyn-6315-02-elite-vila-3-person-ultra-low-emf-far-infrared-sauna-new,Medium - archiving/reactivating the product later would need the record back.
3,161941455164,golden-designs-dyn-6315-02-vila-3-person-ultra-low-emf-far-infrared-sauna-new,GoldenDesigns DYN-6315-02 Vila 3 Person Ultra Low EMF Far Infrared Sauna (New),DISCONNECT (if attached) + ARCHIVE,1,goldendesigns-dyn-6315-02-vila-3-person-ultra-low-emf-far-infrared-sauna-new,Medium - archiving/reactivating the product later would need the record back.
3,161942896956,golden-designs-dyn-6326-01-valencia-3-person-ultra-low-emf-far-infrared-sauna-new,GoldenDesigns DYN-6326-01 Valencia 3 Person Ultra Low EMF FAR Infrared Sauna (New),DISCONNECT (if attached) + ARCHIVE,1,goldendesigns-dyn-6326-01-valencia-3-person-ultra-low-emf-far-infrared-sauna-new,Medium - archiving/reactivating the product later would need the record back.
3,162308849980,golden-designs-dyn-6336-01-dynamic-lugano-low-emf-far-infrared-sauna-new,"GoldenDesigns DYN-6336-01 Dynamic ""Lugano"" Low EMF Far Infrared Sauna (New)",DISCONNECT (if attached) + ARCHIVE,1,goldendesigns-dyn-6336-01-dynamic-lugano-low-emf-far-infrared-sauna-new,Medium - archiving/reactivating the product later would need the record back.
3,162281587004,golden-designs-dyn-6336-02-fs-dynamic-lugano-3-person-full-spectrum-near-zero-emf-far-infrared-sauna-new,GoldenDesigns DYN-6336-02 FS Dynamic Lugano 3-Person Full Spectrum Near Zero EMF FAR Infrared Sauna (New),DISCONNECT (if attached) + ARCHIVE,1,goldendesigns-dyn-6336-02-fs-dynamic-lugano-3-person-full-spectrum-near-zero-emf-far-infrared-sauna-new,Medium - archiving/reactivating the product later would need the record back.
3,162284110140,golden-designs-dyn-6444-04-modena-edition-dynamic-sauna-new,GoldenDesigns DYN-6444-04 Modena Edition Dynamic Sauna (New),DISCONNECT (if attached) + ARCHIVE,1,goldendesigns-dyn-6444-04-modena-edition-dynamic-sauna-new,Medium - archiving/reactivating the product later would need the record back.
3,162290434364,golden-designs-dyn-6996-01-near-zero-emf-far-infrared-sauna-new,GoldenDesigns DYN-6996-01 Near Zero EMF Far Infrared Sauna (New),DISCONNECT (if attached) + ARCHIVE,1,goldendesigns-dyn-6996-01-near-zero-emf-far-infrared-sauna-new,Medium - archiving/reactivating the product later would need the record back.
3,161760936252,golden-designs-gdi-6106-01-elite-barcelona-select-elite-1-2-person-near-zero-far-infrared-sauna-new,Golden Designs GDI-6106-01 Elite Barcelona Select Elite 1-2 Person Near Zero Far Infrared Sauna (New),DISCONNECT (if attached) + ARCHIVE,1,golden-designs-gdi-6106-01-elite-barcelona-select-elite-1-2-person-near-zero-far-infrared-sauna-new,Medium - archiving/reactivating the product later would need the record back.
3,161763066172,golden-designs-gdi-6109-01-elite-studio-elite-1-2-person-near-zero-far-infrared-sauna-new,Golden Designs GDI-6109-01 Elite Studio Elite 1-2 Person Near Zero Far Infrared Sauna (New),DISCONNECT (if attached) + ARCHIVE,1,golden-designs-gdi-6109-01-elite-studio-elite-1-2-person-near-zero-far-infrared-sauna-new,Medium - archiving/reactivating the product later would need the record back.
3,161771487548,golden-designs-gdi-6154-01-near-zero-emf-far-ir-sauna-new,GoldenDesigns GDI-6154-01 Near Zero EMF Far IR Sauna (New),DISCONNECT (if attached) + ARCHIVE,1,goldendesigns-gdi-6154-01-near-zero-emf-far-ir-sauna-new,Medium - archiving/reactivating the product later would need the record back.
3,161852031292,golden-designs-gdi-6254-01-near-zero-emf-far-ir-sauna-new,GoldenDesigns GDI-6254-01 Near Zero EMF Far IR Sauna (New),DISCONNECT (if attached) + ARCHIVE,1,goldendesigns-gdi-6254-01-near-zero-emf-far-ir-sauna-new,Medium - archiving/reactivating the product later would need the record back.
3,161852096828,golden-designs-gdi-6264-01-near-zero-emf-far-ir-sauna-new,GoldenDesigns GDI-6264-01 Near Zero EMF Far IR Sauna (New),DISCONNECT (if attached) + ARCHIVE,1,goldendesigns-gdi-6264-01-near-zero-emf-far-ir-sauna-new,Medium - archiving/reactivating the product later would need the record back.
3,161852195132,golden-designs-gdi-6273-01-near-zero-emf-far-ir-sauna-new,GoldenDesigns GDI-6273-01 Near Zero EMF Far IR Sauna (New),DISCONNECT (if attached) + ARCHIVE,1,goldendesigns-gdi-6273-01-near-zero-emf-far-ir-sauna-new,Medium - archiving/reactivating the product later would need the record back.
3,162282471740,golden-designs-gdi-6354-01-near-zero-emf-far-ir-sauna-new,GoldenDesigns GDI-6354-01 Near Zero EMF Far IR Sauna (New),DISCONNECT (if attached) + ARCHIVE,1,goldendesigns-gdi-6354-01-near-zero-emf-far-ir-sauna-new,Medium - archiving/reactivating the product later would need the record back.
3,162283454780,golden-designs-gdi-6365-01-near-zero-emf-far-ir-sauna-new,GoldenDesigns GDI-6365-01 Near Zero EMF Far IR Sauna (New),DISCONNECT (if attached) + ARCHIVE,1,goldendesigns-gdi-6365-01-near-zero-emf-far-ir-sauna-new,Medium - archiving/reactivating the product later would need the record back.
3,162287452476,golden-designs-gdi-6880-01-elite-catalonia-8-person-ultra-low-emf-far-infrared-sauna-new,GoldenDesigns GDI-6880-01 Elite Catalonia 8 Person Ultra Low EMF FAR Infrared Sauna (New),DISCONNECT (if attached) + ARCHIVE,1,goldendesigns-gdi-6880-01-elite-catalonia-8-person-ultra-low-emf-far-infrared-sauna-new,Medium - archiving/reactivating the product later would need the record back.
3,162286993724,golden-designs-gdi-6880-01-near-zero-emf-far-ir-sauna-new,GoldenDesigns GDI-6880-01 Near Zero EMF Far IR Sauna (New),DISCONNECT (if attached) + ARCHIVE,1,goldendesigns-gdi-6880-01-near-zero-emf-far-ir-sauna-new,Medium - archiving/reactivating the product later would need the record back.
3,162290663740,golden-designs-gdi-6996-01-near-zero-emf-far-ir-sauna-new,GoldenDesigns GDI-6996-01 Near Zero EMF Far IR Sauna (New),DISCONNECT (if attached) + ARCHIVE,1,goldendesigns-gdi-6996-01-near-zero-emf-far-ir-sauna-new,Medium - archiving/reactivating the product later would need the record back.
3,162291908924,golden-designs-gdi-7289-01-l-vasteras-luxury-ed-red-cedar-sauna-new,GoldenDesigns GDI-7289-01L Vasteras Luxury Ed. Red Cedar Sauna (New),DISCONNECT (if attached) + ARCHIVE,1,goldendesigns-gdi-7289-01l-vasteras-luxury-ed-red-cedar-sauna-new,Medium - archiving/reactivating the product later would need the record back.
3,162291056956,golden-designs-gdi-7289-01-sundsvall-edition-traditional-steam-sauna-canadian-red-cedar-new,"Golden Designs GDI-7289-01 ""Sundsvall Edition"" Traditional Steam Sauna - Canadian Red Cedar (New)",DISCONNECT (if attached) + ARCHIVE,1,golden-designs-gdi-7289-01-sundsvall-edition-traditional-steam-sauna-canadian-red-cedar-new,Medium - archiving/reactivating the product later would need the record back.
3,162292072764,golden-designs-gdi-7389-01-canadian-red-cedar-copenhagen-edition-3-person-traditional-steam-sauna-new,"Golden Designs GDI-7389-01 Canadian Red Cedar ""Copenhagen Edition"" 3 Person Traditional Steam Sauna (New)",DISCONNECT (if attached) + ARCHIVE,1,golden-designs-gdi-7389-01-canadian-red-cedar-copenhagen-edition-3-person-traditional-steam-sauna-new,Medium - archiving/reactivating the product later would need the record back.
3,162293121340,golden-designs-gdi-7689-01-l-bergen-luxury-ed-red-cedar-sauna-new,GoldenDesigns GDI-7689-01L Bergen Luxury Ed. Red Cedar Sauna (New),DISCONNECT (if attached) + ARCHIVE,1,goldendesigns-gdi-7689-01l-bergen-luxury-ed-red-cedar-sauna-new,Medium - archiving/reactivating the product later would need the record back.
3,162293416252,golden-designs-gdi-8010-01-near-zero-emf-far-ir-sauna-new,GoldenDesigns GDI-8010-01 Near Zero EMF Far IR Sauna (New),DISCONNECT (if attached) + ARCHIVE,1,goldendesigns-gdi-8010-01-near-zero-emf-far-ir-sauna-new,Medium - archiving/reactivating the product later would need the record back.
3,162296430908,golden-designs-gdi-8010-02-1-2-person-full-spectrum-pure-tech-near-zero-emf-far-infrared-sauna-with-himalayan-salt-bar-new,Golden Designs GDI-8010-02 1-2-Person Full Spectrum PureTech Near Zero EMF FAR Infrared Sauna with Himalayan Salt Bar (New),DISCONNECT (if attached) + ARCHIVE,1,golden-designs-gdi-8010-02-1-2-person-full-spectrum-puretech-near-zero-emf-far-infrared-sauna-with-himalayan-salt-bar-new,Medium - archiving/reactivating the product later would need the record back.
3,162297315644,golden-designs-gdi-8020-01-near-zero-emf-far-ir-sauna-new,GoldenDesigns GDI-8020-01 Near Zero EMF Far IR Sauna (New),DISCONNECT (if attached) + ARCHIVE,1,goldendesigns-gdi-8020-01-near-zero-emf-far-ir-sauna-new,Medium - archiving/reactivating the product later would need the record back.
3,162297643324,golden-designs-gdi-8020-02-2-person-full-spectrum-pure-tech-near-zero-emf-far-infrared-sauna-with-himalayan-salt-bar-new,GoldenDesigns GDI-8020-02 2-Person Full Spectrum PureTech Near Zero EMF FAR Infrared Sauna with Himalayan Salt Bar (New),DISCONNECT (if attached) + ARCHIVE,1,goldendesigns-gdi-8020-02-2-person-full-spectrum-puretech-near-zero-emf-far-infrared-sauna-with-himalayan-salt-bar-new,Medium - archiving/reactivating the product later would need the record back.
3,162298102076,golden-designs-gdi-8020-h-2-near-zero-emf-with-himalayan-salt-bar-new,GoldenDesigns GDI-8020-H2 Near Zero EMF with Himalayan Salt Bar (New),DISCONNECT (if attached) + ARCHIVE,1,goldendesigns-gdi-8020-h2-near-zero-emf-with-himalayan-salt-bar-new,Medium - archiving/reactivating the product later would need the record back.
3,162300264764,golden-designs-gdi-8030-01-near-zero-emf-far-ir-sauna-new,GoldenDesigns GDI-8030-01 Near Zero EMF Far IR Sauna (New),DISCONNECT (if attached) + ARCHIVE,1,goldendesigns-gdi-8030-01-near-zero-emf-far-ir-sauna-new,Medium - archiving/reactivating the product later would need the record back.
3,162300395836,golden-designs-gdi-8030-02-3-person-full-spectrum-pure-tech-near-zero-emf-far-infrared-sauna-with-himalayan-salt-bar-new,GoldenDesigns GDI-8030-02 3-Person Full Spectrum PureTech Near Zero EMF FAR Infrared Sauna with Himalayan Salt Bar (New),DISCONNECT (if attached) + ARCHIVE,1,goldendesigns-gdi-8030-02-3-person-full-spectrum-puretech-near-zero-emf-far-infrared-sauna-with-himalayan-salt-bar-new,Medium - archiving/reactivating the product later would need the record back.
3,162300690748,golden-designs-gdi-8030-h-3-near-zero-emf-with-himalayan-salt-bar-new,GoldenDesigns GDI-8030-H3 Near Zero EMF with Himalayan Salt Bar (New),DISCONNECT (if attached) + ARCHIVE,1,goldendesigns-gdi-8030-h3-near-zero-emf-with-himalayan-salt-bar-new,Medium - archiving/reactivating the product later would need the record back.
3,162300952892,golden-designs-gdi-8035-01-near-zero-emf-far-ir-sauna-new,GoldenDesigns GDI-8035-01 Near Zero EMF Far IR Sauna (New),DISCONNECT (if attached) + ARCHIVE,1,goldendesigns-gdi-8035-01-near-zero-emf-far-ir-sauna-new,Medium - archiving/reactivating the product later would need the record back.
3,162301247804,golden-designs-gdi-8035-02-3-person-corner-full-spectrum-pure-tech-near-zero-emf-far-infrared-sauna-with-himalayan-salt-bar-new,Golden Designs GDI-8035-02 3-Person Corner Full Spectrum PureTech Near Zero EMF FAR Infrared Sauna with Himalayan Salt Bar (New),DISCONNECT (if attached) + ARCHIVE,1,golden-designs-gdi-8035-02-3-person-corner-full-spectrum-puretech-near-zero-emf-far-infrared-sauna-with-himalayan-salt-bar-new,Medium - archiving/reactivating the product later would need the record back.
3,162302460220,golden-designs-gdi-8040-01-near-zero-emf-far-ir-sauna-new,GoldenDesigns GDI-8040-01 Near Zero EMF Far IR Sauna (New),DISCONNECT (if attached) + ARCHIVE,1,goldendesigns-gdi-8040-01-near-zero-emf-far-ir-sauna-new,Medium - archiving/reactivating the product later would need the record back.
3,162304819516,golden-designs-gdi-8065-01-near-zero-emf-far-ir-sauna-new,GoldenDesigns GDI-8065-01 Near Zero EMF Far IR Sauna (New),DISCONNECT (if attached) + ARCHIVE,1,goldendesigns-gdi-8065-01-near-zero-emf-far-ir-sauna-new,Medium - archiving/reactivating the product later would need the record back.
3,162306851132,golden-designs-gdi-8535-01-near-zero-emf-far-ir-sauna-new,GoldenDesigns GDI-8535-01 Near Zero EMF Far IR Sauna (New),DISCONNECT (if attached) + ARCHIVE,1,goldendesigns-gdi-8535-01-near-zero-emf-far-ir-sauna-new,Medium - archiving/reactivating the product later would need the record back.
3,162308981052,golden-designs-mx-j-206-02-s-maxxus-aspen-dual-tech-low-emf-far-ir-sauna-new,"GoldenDesigns MX-J206-02S Maxxus ""Aspen"" Dual Tech Low EMF FAR IR Sauna (New)",DISCONNECT (if attached) + ARCHIVE,1,goldendesigns-mx-j206-02s-maxxus-aspen-dual-tech-low-emf-far-ir-sauna-new,Medium - archiving/reactivating the product later would need the record back.
3,162308260156,golden-designs-mx-k-206-01-red-cedar-lemf-maxxus-far-ir-sauna-new,GoldenDesigns MX-K206-01 Red Cedar LEMF Maxxus Far IR Sauna (New),DISCONNECT (if attached) + ARCHIVE,1,goldendesigns-mx-k206-01-red-cedar-lemf-maxxus-far-ir-sauna-new,Medium - archiving/reactivating the product later would need the record back.
3,162307801404,golden-designs-mx-k-206-01-zf-ced-canadian-red-cedar-maxxus-cholet-edition-2-person-near-zero-emf-far-infrared-sauna-new,"GoldenDesigns MX-K206-01-ZF CED Canadian Red Cedar Maxxus ""Cholet Edition"" 2 Person Near Zero EMF FAR Infrared Sauna (New)",DISCONNECT (if attached) + ARCHIVE,1,goldendesigns-mx-k206-01-zf-ced-canadian-red-cedar-maxxus-cholet-edition-2-person-near-zero-emf-far-infrared-sauna-new,Medium - archiving/reactivating the product later would need the record back.
3,162304327996,golden-designs-reserve-edition-gdi-8040-02-full-spectrum-with-himalayan-salt-bar-new,GoldenDesigns Reserve Edition GDI-8040-02 Full Spectrum with Himalayan Salt Bar (New),DISCONNECT (if attached) + ARCHIVE,1,goldendesigns-reserve-edition-gdi-8040-02-full-spectrum-with-himalayan-salt-bar-new,Medium - archiving/reactivating the product later would need the record back.
3,136385888572,green-series-7000-e-g-1-treadmill-w-16-touchscreen-remanufactured,"Green Series 7000E-G1 Treadmill w/16"" Touchscreen (Remanufactured)",DISCONNECT (if attached) + ARCHIVE,1,green-series-7000e-g1-treadmill-w-16-touchscreen-remanufactured,Medium - archiving/reactivating the product later would need the record back.
3,136730378556,https-www-fitnesssuperstore-com-product-details-asp-product-code-bsldbstmb-630-rack,Body-Solid Tools BSTMB Medicine Ball Set (6-30) w/Rack (New),DISCONNECT (if attached) + ARCHIVE,1,body-solid-tools-bstmb-medicine-ball-set-6-30-w-rack-new,Medium - archiving/reactivating the product later would need the record back.
3,144733634876,jacobs-ladder-stairway-new,Jacobs Ladder Stairway (New),DISCONNECT (if attached) + ARCHIVE,1,jacobs-ladder-stairway-new,Medium - archiving/reactivating the product later would need the record back.
3,162173157692,landice-e-9-cardio-ellipti-mill-new,Landice E9 Cardio ElliptiMill (New),DISCONNECT (if attached) + ARCHIVE,1,landice-e9-cardio-elliptimill-new,Medium - archiving/reactivating the product later would need the record back.
3,162172338492,landice-e-9-executive-ellipti-mill-new,Landice E9 Executive ElliptiMill (New),DISCONNECT (if attached) + ARCHIVE,1,landice-e9-executive-elliptimill-new,Medium - archiving/reactivating the product later would need the record back.
3,162172043580,landice-e-9-pro-ellipti-mill-new,Landice E9 Pro ElliptiMill (New),DISCONNECT (if attached) + ARCHIVE,1,landice-e9-pro-elliptimill-new,Medium - archiving/reactivating the product later would need the record back.
3,162171846972,landice-e-9-pro-sports-ellipti-mill-new,Landice E9 Pro Sports ElliptiMill (New),DISCONNECT (if attached) + ARCHIVE,1,landice-e9-pro-sports-elliptimill-new,Medium - archiving/reactivating the product later would need the record back.
3,139449762108,m-spa-aurora-d-au-06-inflatable-spa-new,MSpa Aurora D-AU06 Inflatable Spa (New),DISCONNECT (if attached) + ARCHIVE,1,mspa-aurora-d-au06-inflatable-spa-new,Medium - archiving/reactivating the product later would need the record back.
3,139444977980,m-spa-baikal-e-ba-049-inflatable-spa-new,MSpa Baikal E-BA049 Inflatable Spa (New),DISCONNECT (if attached) + ARCHIVE,1,mspa-baikal-e-ba049-inflatable-spa-new,Medium - archiving/reactivating the product later would need the record back.
3,139442291004,m-spa-mont-blanc-p-mb-049-inflatable-spa-new,MSpa Mont Blanc P-MB049 Inflatable Spa (New),DISCONNECT (if attached) + ARCHIVE,1,mspa-mont-blanc-p-mb049-inflatable-spa-new,Medium - archiving/reactivating the product later would need the record back.
3,139447828796,m-spa-tekapo-d-te-06-inflatable-spa-new,MSpa Tekapo D-TE06 Inflatable Spa (New),DISCONNECT (if attached) + ARCHIVE,1,mspa-tekapo-d-te06-inflatable-spa-new,Medium - archiving/reactivating the product later would need the record back.
3,162310488380,marpo-kinetics-magrack-new,Marpo Kinetics Magrack (New),DISCONNECT (if attached) + ARCHIVE,1,marpo-kinetics-magrack-new,Medium - archiving/reactivating the product later would need the record back.
3,162310783292,marpo-kinetics-v-250-rope-trainer-weight-assist-new,Marpo Kinetics V250 Rope Trainer Weight Assist (New),DISCONNECT (if attached) + ARCHIVE,1,marpo-kinetics-v250-rope-trainer-weight-assist-new,Medium - archiving/reactivating the product later would need the record back.
3,162311143740,marpo-kinetics-v-250-viper-rope-trainer-new,Marpo Kinetics V250 Viper Rope Trainer (New),DISCONNECT (if attached) + ARCHIVE,1,marpo-kinetics-v250-viper-rope-trainer-new,Medium - archiving/reactivating the product later would need the record back.
3,162311373116,marpo-kinetics-vector-rope-trainer-portable-new,Marpo Kinetics VECTOR Rope Trainer Portable (New),DISCONNECT (if attached) + ARCHIVE,1,marpo-kinetics-vector-rope-trainer-portable-new,Medium - archiving/reactivating the product later would need the record back.
3,136817377596,nautilus-instinct-biceps-curl-9-nl-s-5100-60-ars-new,Nautilus Instinct Biceps Curl 9NL-S5100-60ARS (New),DISCONNECT (if attached) + ARCHIVE,0,,Low - nothing renders it. Recoverable only from the export in this packet.
3,145960468796,nordictrack-commercial-2950-treadmill-new,Nordictrack Commercial 2950 Treadmill (New),DISCONNECT (if attached) + ARCHIVE,1,nordictrack-commercial-2950-treadmill-new,Medium - archiving/reactivating the product later would need the record back.
3,162312749372,octane-fitness-pro-3700-elliptical-w-touch-screen-new,Octane Fitness Pro 3700 Elliptical w/Touch Screen (New),DISCONNECT (if attached) + ARCHIVE,1,octane-fitness-pro-3700-elliptical-w-touch-screen-new,Medium - archiving/reactivating the product later would need the record back.
3,160669008188,octane-fitness-side-step-kit-new,Octane Fitness Side Step Kit (New),DISCONNECT (if attached) + ARCHIVE,1,octane-fitness-side-step-kit-new,Medium - archiving/reactivating the product later would need the record back.
3,136585412924,octane-fitness-x-ride-x-r-6-seated-elliptical-new,Octane Fitness xRide xR6 Seated Elliptical (New),DISCONNECT (if attached) + ARCHIVE,1,octane-fitness-xride-xr6-seated-elliptical-new,Medium - archiving/reactivating the product later would need the record back.
3,136526627132,octane-pro-3700-elliptical-new,Octane Pro 3700 Elliptical (New),DISCONNECT (if attached) + ARCHIVE,1,octane-pro-3700-elliptical-new,Medium - archiving/reactivating the product later would need the record back.
3,160668057916,octane-xt-1-xt-one-elliptical-w-standard-console-new,Octane XT1 XT-One Elliptical w/Standard Console (New),DISCONNECT (if attached) + ARCHIVE,1,octane-xt1-xt-one-elliptical-w-standard-console-new,Medium - archiving/reactivating the product later would need the record back.
3,162313568572,power-block-pro-90-commercial-set-new,PowerBlock Pro 90 Commercial Set (New),DISCONNECT (if attached) + ARCHIVE,1,powerblock-pro-90-commercial-set-new,Medium - archiving/reactivating the product later would need the record back.
3,136516272444,power-block-pro-commercial-axe-handle-5-lb-new,PowerBlock Pro Commercial Axe Handle 5lb (New),DISCONNECT (if attached) + ARCHIVE,1,powerblock-pro-commercial-axe-handle-5lb-new,Medium - archiving/reactivating the product later would need the record back.
3,136724316476,power-plate-mini-new,Power Plate Mini+ (New),DISCONNECT (if attached) + ARCHIVE,1,power-plate-mini-new,Medium - archiving/reactivating the product later would need the record back.
3,136702591292,power-plate-pro-5-vibration-trainer-silver-new,Power Plate Pro5 Vibration Trainer - Silver (New),DISCONNECT (if attached) + ARCHIVE,1,power-plate-pro5-vibration-trainer-silver-new,Medium - archiving/reactivating the product later would need the record back.
3,136113619260,power-plate-pro-7-graphite-new,Power Plate Pro7 - Graphite (New),DISCONNECT (if attached) + ARCHIVE,1,power-plate-pro7-graphite-new,Medium - archiving/reactivating the product later would need the record back.
3,146844451132,power-plate-pro-7-hc-new,Power Plate pro7HC (New),DISCONNECT (if attached) + ARCHIVE,1,power-plate-pro7hc-new,Medium - archiving/reactivating the product later would need the record back.
3,162314256700,precor-amt-885-with-open-stride-w-p-80-console-new,Precor AMT 885 with Open Stride w/P80 Console (New),DISCONNECT (if attached) + ARCHIVE,1,precor-amt-885-with-open-stride-w-p80-console-new,Medium - archiving/reactivating the product later would need the record back.
3,162315206972,precor-amt-885-with-open-stride-w-p-82-console-new,Precor AMT 885 with Open Stride w/P82 Console (New),DISCONNECT (if attached) + ARCHIVE,1,precor-amt-885-with-open-stride-w-p82-console-new,Medium - archiving/reactivating the product later would need the record back.
3,162319728956,precor-efx-635-elliptical-w-converging-crossramp-p-31-console-new,Precor EFX 635 Elliptical w/Converging Crossramp + p31 Console (New),DISCONNECT (if attached) + ARCHIVE,1,precor-efx-635-elliptical-w-converging-crossramp-p31-console-new,Medium - archiving/reactivating the product later would need the record back.
3,162332311868,precor-efx-835-elliptical-w-converging-crossramp-p-31-console-new,Precor EFX 835 Elliptical w/Converging Crossramp + p31 Console (New),DISCONNECT (if attached) + ARCHIVE,1,precor-efx-835-elliptical-w-converging-crossramp-p31-console-new,Medium - archiving/reactivating the product later would need the record back.
3,162333229372,precor-efx-883-elliptical-cross-trainer-w-p-80-console-new,Precor EFX 883 Elliptical Cross-Trainer w/p80 Console (New),DISCONNECT (if attached) + ARCHIVE,1,precor-efx-883-elliptical-cross-trainer-w-p80-console-new,Medium - archiving/reactivating the product later would need the record back.
3,162336244028,precor-efx-885-elliptical-crosstrainer-w-p-82-console-new,Precor EFX 885 Elliptical Crosstrainer w/ p82 Console (New),DISCONNECT (if attached) + ARCHIVE,1,precor-efx-885-elliptical-crosstrainer-w-p82-console-new,Medium - archiving/reactivating the product later would need the record back.
3,162334540092,precor-efx-885-elliptical-w-converging-crossramp-p-82-console-new,Precor EFX 885 Elliptical w/Converging Crossramp + p82 Console (New),DISCONNECT (if attached) + ARCHIVE,1,precor-efx-885-elliptical-w-converging-crossramp-p82-console-new,Medium - archiving/reactivating the product later would need the record back.
3,162336964924,precor-rbk-885-recumbent-bike-w-p-82-console-new,Precor RBK 885 Recumbent Bike w/ P82 Console (New),DISCONNECT (if attached) + ARCHIVE,1,precor-rbk-885-recumbent-bike-w-p82-console-new,Medium - archiving/reactivating the product later would need the record back.
3,162176598332,pro-rower-rowing-machine-h-2-o-club-series-rx-950-new,ProRower Rowing Machine H2O Club Series RX-950 (New),DISCONNECT (if attached) + ARCHIVE,1,prorower-rowing-machine-h2o-club-series-rx-950-new,Medium - archiving/reactivating the product later would need the record back.
3,160624050492,ptx-gym-all-in-one-functional-trainer-new,PTX Gym All In One Functional Trainer (New),DISCONNECT (if attached) + ARCHIVE,1,ptx-gym-all-in-one-functional-trainer-new,Medium - archiving/reactivating the product later would need the record back.
3,227850387772,schwinn-aetherion-r-bike-zone-display-new,Schwinn Aetherion+ R 9-7612-AETH-R-ZONE Bike w/Zone Display (New),DISCONNECT (if attached) + ARCHIVE,0,,Low - nothing renders it. Recoverable only from the export in this packet.
3,160624574780,schwinn-xa-9-7470-qintp-0-x-bike-new,Schwinn Xa 9-7470-QINTP0 X Bike (New),DISCONNECT (if attached) + ARCHIVE,1,schwinn-xa-9-7470-qintp0-x-bike-new,Medium - archiving/reactivating the product later would need the record back.
3,137694576956,schwinn-xs-9-7480-qintp-0-x-bike-new,Schwinn Xs 9-7480-QINTP0 X Bike (New),DISCONNECT (if attached) + ARCHIVE,1,schwinn-xs-9-7480-qintp0-x-bike-new,Medium - archiving/reactivating the product later would need the record back.
3,160650166588,schwinn-za-9-7520-qintp-0-z-bike-new,Schwinn Za 9-7520-QINTP0 Z Bike (New),DISCONNECT (if attached) + ARCHIVE,1,schwinn-za-9-7520-qintp0-z-bike-new,Medium - archiving/reactivating the product later would need the record back.
3,137695134012,schwinn-zs-9-7510-qintp-0-z-bike-new,Schwinn Zs 9-7510-QINTP0 Z Bike (New),DISCONNECT (if attached) + ARCHIVE,1,schwinn-zs-9-7510-qintp0-z-bike-new,Medium - archiving/reactivating the product later would need the record back.
3,145659822396,speed-fit-speedboard-pro-xl-treadmill-new,SpeedFit Speedboard ProXL Treadmill (New),DISCONNECT (if attached) + ARCHIVE,1,speedfit-speedboard-proxl-treadmill-new,Medium - archiving/reactivating the product later would need the record back.
3,136384315708,stair-master-boxmaster-pro-quad-new,StairMaster Boxmaster Pro Quad (New),DISCONNECT (if attached) + ARCHIVE,0,,Low - nothing renders it. Recoverable only from the export in this packet.
3,136384184636,stair-master-boxmaster-pro-tower-new,StairMaster Boxmaster Pro Tower (New),DISCONNECT (if attached) + ARCHIVE,0,,Low - nothing renders it. Recoverable only from the export in this packet.
3,160175423804,stair-master-sm-3-step-mill-w-lcd-d-1-console-new,StairMaster SM3 StepMill w/ LCD (D-1) Console (New),DISCONNECT (if attached) + ARCHIVE,1,stairmaster-sm3-stepmill-w-lcd-d-1-console-new,Medium - archiving/reactivating the product later would need the record back.
3,160180601148,stairmaster-10-series-10-g-gauntlet-w-10-touch-display-black-new,"Stairmaster 10 Series 10G Gauntlet w/10"" Touch Display - Black (New)",DISCONNECT (if attached) + ARCHIVE,1,stairmaster-10-series-10g-gauntlet-w-10-touch-display-black-new,Medium - archiving/reactivating the product later would need the record back.
3,160179126588,stairmaster-8-series-freeclimber-w-10-touch-display-black-new,"Stairmaster 8 Series Freeclimber w/10"" Touch Display - Black (New)",DISCONNECT (if attached) + ARCHIVE,1,stairmaster-8-series-freeclimber-w-10-touch-display-black-new,Medium - archiving/reactivating the product later would need the record back.
3,160180044092,stairmaster-8-series-gauntlet-x-w-10-touch-display-black-new,"Stairmaster 8 Series Gauntlet X, w/10"" Touch Display - Black (New)",DISCONNECT (if attached) + ARCHIVE,1,stairmaster-8-series-gauntlet-x-w-10-touch-display-black-new,Medium - archiving/reactivating the product later would need the record back.
3,146699682108,stairmaster-hiit-bike-new,Stairmaster HIIT Bike (New),DISCONNECT (if attached) + ARCHIVE,1,stairmaster-hiit-bike-new,Medium - archiving/reactivating the product later would need the record back.
3,145597006140,stairmaster-hiitmill-new,Stairmaster HIITMILL (New),DISCONNECT (if attached) + ARCHIVE,1,stairmaster-hiitmill-new,Medium - archiving/reactivating the product later would need the record back.
3,145595990332,stairmaster-hiitmill-x-new,Stairmaster HIITMILL X (New),DISCONNECT (if attached) + ARCHIVE,1,stairmaster-hiitmill-x-new,Medium - archiving/reactivating the product later would need the record back.
3,145592353084,star-trac-10-series-freerunner-w-lcd-new,Star Trac 10 Series Freerunner w/LCD  (New),DISCONNECT (if attached) + ARCHIVE,0,,Low - nothing renders it. Recoverable only from the export in this packet.
3,146691850556,star-trac-8-series-cross-trainer-w-lcd-black-new,Star Trac 8 Series Cross Trainer w/LCD - Black (New),DISCONNECT (if attached) + ARCHIVE,0,,Low - nothing renders it. Recoverable only from the export in this packet.
3,146690343228,star-trac-8-series-rear-drive-elliptical-w-lcd-black-new,Star Trac 8 Series Rear Drive Elliptical w/LCD - Black (New),DISCONNECT (if attached) + ARCHIVE,0,,Low - nothing renders it. Recoverable only from the export in this packet.
3,146689786172,star-trac-8-series-recumbent-bike-w-lcd-black-new,Star Trac 8 Series Recumbent Bike w/LCD - Black (New),DISCONNECT (if attached) + ARCHIVE,0,,Low - nothing renders it. Recoverable only from the export in this packet.
3,145531404604,star-trac-8-series-tr-treadmill-w-lcd-black-new,Star Trac 8 Series TR Treadmill w/LCD - Black  (New),DISCONNECT (if attached) + ARCHIVE,0,,Low - nothing renders it. Recoverable only from the export in this packet.
3,145529930044,star-trac-8-series-trx-treadmill-w-lcd-black-new,Star Trac 8 Series TRX Treadmill w/LCD - Black  (New),DISCONNECT (if attached) + ARCHIVE,0,,Low - nothing renders it. Recoverable only from the export in this packet.
3,146688639292,star-trac-8-series-upright-bike-w-lcd-black-new,Star Trac 8 Series Upright Bike w/LCD - Black (New),DISCONNECT (if attached) + ARCHIVE,0,,Low - nothing renders it. Recoverable only from the export in this packet.
3,146687754556,star-trac-8-series-versastrider-w-lcd-black-new,Star Trac 8 Series Versastrider w/LCD - Black (New),DISCONNECT (if attached) + ARCHIVE,0,,Low - nothing renders it. Recoverable only from the export in this packet.
3,160167690556,super-mats-super-lock-heavy-duty-weightlifting-mat-set-of-4-new,SuperMats SuperLock Heavy Duty Weightlifting Mat - Set of 4 (New),DISCONNECT (if attached) + ARCHIVE,1,supermats-superlock-heavy-duty-weightlifting-mat-set-of-4-new,Medium - archiving/reactivating the product later would need the record back.
3,280363204924,technogym-step-excite-1000-w-unity-console-remanufactured,Technogym Step Excite 1000 w/Unity Console (Remanufactured),DISCONNECT (if attached) + ARCHIVE,1,technogym-step-excite-1000-w-unity-console-remanufactured,Medium - archiving/reactivating the product later would need the record back.
3,201781215548,test,test,DISCONNECT (if attached) + ARCHIVE,0,,Low - nothing renders it. Recoverable only from the export in this packet.
3,145420648764,throwdown-hiit-ski-new,Throwdown HIIT Ski (New),DISCONNECT (if attached) + ARCHIVE,0,,Low - nothing renders it. Recoverable only from the export in this packet.
3,136052408636,throwdown-urethane-straight-barbell-20-110-lbs-set-new,Throwdown Urethane Straight Barbell 20-110 lbs Set (New),DISCONNECT (if attached) + ARCHIVE,1,throwdown-urethane-straight-barbell-20-110-lbs-set-new,Medium - archiving/reactivating the product later would need the record back.
3,236038488380,versa-climber-home-w-touch-screen-new,VersaClimber Home w/Touch Screen (New),DISCONNECT (if attached) + ARCHIVE,0,,Low - nothing renders it. Recoverable only from the export in this packet.
3,135763951932,versaclimber-cl-108-alx-versa-climber-new,Versaclimber CL-108ALX Versa Climber (New),DISCONNECT (if attached) + ARCHIVE,1,versaclimber-cl-108alx-versa-climber-new,Medium - archiving/reactivating the product later would need the record back.
3,144922411324,versaclimber-cl-108-h-stair-climber-new,Versaclimber CL-108H Stair Climber (New),DISCONNECT (if attached) + ARCHIVE,1,versaclimber-cl-108h-stair-climber-new,Medium - archiving/reactivating the product later would need the record back.
3,135763624252,versaclimber-cl-108-hp-stair-climber-new,Versaclimber CL-108 HP Stair Climber (New),DISCONNECT (if attached) + ARCHIVE,1,versaclimber-cl-108-hp-stair-climber-new,Medium - archiving/reactivating the product later would need the record back.
3,135763525948,versaclimber-cl-108-lx-versa-climber-new,Versaclimber CL-108LX Versa Climber (New),DISCONNECT (if attached) + ARCHIVE,1,versaclimber-cl-108lx-versa-climber-new,Medium - archiving/reactivating the product later would need the record back.
4,135481917756,french-fitness-ffb-black-5-stack-multi-jungle-gym-new,French Fitness FFB Black 5 Stack Multi Jungle Gym (New),EDIT shared record,2,french-fitness-ffb-black-5-stack-multi-jungle-gym-new|french-fitness-ffb-black-5-stack-multi-jungle-gym-test-copy,High if edited - one edit changes every product sharing it.
4,147354157372,french-fitness-free-standing-rig-rack-system-20-new,French Fitness Free Standing Rig & Rack System 20 (New),EDIT shared record,2,french-fitness-free-standing-rig-rack-system-20-new|french-fitness-free-standing-rig-rack-system-20-new-test-copy,High if edited - one edit changes every product sharing it.
4,225321255228,french-fitness-monster-universal-storage-system-new,French Fitness Monster Universal Storage System (New),EDIT shared record,2,french-fitness-monster-universal-storage-system-new|french-fitness-monster-universal-storage-system-test-copy,High if edited - one edit changes every product sharing it.
4,140547555644,french-fitness-rig-rack-functional-training-cave-new,French Fitness Rig & Rack Functional Training Cave (New),EDIT shared record,2,french-fitness-rig-rack-functional-training-cave-new|french-fitness-rig-rack-functional-training-cave-new-copy,High if edited - one edit changes every product sharing it.
4,204115870012,french-fitness-rubber-coated-hex-dumbbell-new,French Fitness Rubber Coated Hex Dumbbell (New),EDIT shared record,2,french-fitness-rubber-coated-hex-dumbbell-new|french-fitness-rubber-coated-hex-dumbbells,High if edited - one edit changes every product sharing it.
4,136326152508,french-fitness-rubber-coated-hex-dumbbell-set-5-50-lbs-new,French Fitness Rubber Coated Hex Dumbbell Set 5-50 lbs (New),EDIT shared record,2,french-fitness-rubber-coated-hex-dumbbell-set-5-50-lbs-new|french-fitness-rubber-coated-hex-dumbbell-set-5-50-lbs-test-copy,High if edited - one edit changes every product sharing it.
4,135850393916,french-fitness-strongman-sandbag-new,French Fitness Strongman Sandbag - Ships Empty (New),EDIT shared record,2,french-fitness-strongman-sandbag-100-lb-new-archived|french-fitness-strongman-sandbag-ships-empty-new,High if edited - one edit changes every product sharing it.
4,136492876092,life-fitness-signature-lat-pulldown-remanufactured,Life Fitness Signature Lat Pulldown (Remanufactured),EDIT shared record,2,life-fitness-signature-lat-pulldown-remanufactured|life-fitness-signature-lat-pulldown-remanufactured-copy,High if edited - one edit changes every product sharing it.
4,146690572604,star-trac-8-series-rear-drive-elliptical-w-16-embedded-display-black-new,"Star Trac 8 Series Rear Drive Elliptical w/16"" Embedded Display - Black (OOB)",EDIT shared record,2,star-trac-8-series-rear-drive-elliptical-w-16-embedded-display-black-new|star-trac-8-series-rear-drive-elliptical-w-16-embedded-display-black-oob,High if edited - one edit changes every product sharing it.
4,145543495996,star-trac-8-series-tr-treadmill-w-20-embedded-display-black-new,"Star Trac 8 Series TR Treadmill w/20"" Embedded Display - Black (OOB)",EDIT shared record,2,star-trac-8-series-tr-treadmill-w-20-embedded-display-black-new|star-trac-8-series-tr-treadmill-w-20-embedded-display-black-oob,High if edited - one edit changes every product sharing it.
