theme_id,theme_name,role,field_key,at_risk,file,line
187010974012,Development (bff609-Ayyazs-MacBook-Pro-2),DEVELOPMENT,shipping_dims_weight_2,YES,sections/extra-info.liquid,437
187010974012,Development (bff609-Ayyazs-MacBook-Pro-2),DEVELOPMENT,list,YES,templates/product.boost-test.json,183
187010974012,Development (bff609-Ayyazs-MacBook-Pro-2),DEVELOPMENT,shipping_dims_weight_2,YES,templates/product.boost-test.json,221
187010974012,Development (bff609-Ayyazs-MacBook-Pro-2),DEVELOPMENT,list,YES,templates/product.byo-rig.json,182
187010974012,Development (bff609-Ayyazs-MacBook-Pro-2),DEVELOPMENT,shipping_dims_weight_2,YES,templates/product.byo-rig.json,189
187010974012,Development (bff609-Ayyazs-MacBook-Pro-2),DEVELOPMENT,list,YES,templates/product.combined-listings.json,188
187010974012,Development (bff609-Ayyazs-MacBook-Pro-2),DEVELOPMENT,shipping_dims_weight_2,YES,templates/product.combined-listings.json,220
187010974012,Development (bff609-Ayyazs-MacBook-Pro-2),DEVELOPMENT,list,YES,templates/product.customised-product.json,192
187010974012,Development (bff609-Ayyazs-MacBook-Pro-2),DEVELOPMENT,shipping_dims_weight_2,YES,templates/product.customised-product.json,224
187010974012,Development (bff609-Ayyazs-MacBook-Pro-2),DEVELOPMENT,list,YES,templates/product.discontinued.json,194
187010974012,Development (bff609-Ayyazs-MacBook-Pro-2),DEVELOPMENT,shipping_dims_weight_2,YES,templates/product.discontinued.json,232
187010974012,Development (bff609-Ayyazs-MacBook-Pro-2),DEVELOPMENT,list,YES,templates/product.gift_cards.json,184
187010974012,Development (bff609-Ayyazs-MacBook-Pro-2),DEVELOPMENT,shipping_dims_weight_2,YES,templates/product.gift_cards.json,216
187010974012,Development (bff609-Ayyazs-MacBook-Pro-2),DEVELOPMENT,list,YES,templates/product.gym-package.json,208
187010974012,Development (bff609-Ayyazs-MacBook-Pro-2),DEVELOPMENT,shipping_dims_weight,YES,templates/product.gym-package.json,215
187010974012,Development (bff609-Ayyazs-MacBook-Pro-2),DEVELOPMENT,list,YES,templates/product.json,182
187010974012,Development (bff609-Ayyazs-MacBook-Pro-2),DEVELOPMENT,shipping_dims_weight_2,YES,templates/product.json,220
187010974012,Development (bff609-Ayyazs-MacBook-Pro-2),DEVELOPMENT,exercises,YES,templates/product.pdp-new.json,55
187010974012,Development (bff609-Ayyazs-MacBook-Pro-2),DEVELOPMENT,list,YES,templates/product.shopify-product-option.json,187
187010974012,Development (bff609-Ayyazs-MacBook-Pro-2),DEVELOPMENT,shipping_dims_weight_2,YES,templates/product.shopify-product-option.json,219
187010974012,Development (bff609-Ayyazs-MacBook-Pro-2),DEVELOPMENT,list,YES,templates/product.variants-pulley.json,188
187010974012,Development (bff609-Ayyazs-MacBook-Pro-2),DEVELOPMENT,shipping_dims_weight_2,YES,templates/product.variants-pulley.json,220
187010974012,Development (bff609-Ayyazs-MacBook-Pro-2),DEVELOPMENT,list,YES,templates/product.variants.json,191
187010974012,Development (bff609-Ayyazs-MacBook-Pro-2),DEVELOPMENT,shipping_dims_weight_2,YES,templates/product.variants.json,223
187963769148,Development (fa512b-DESKTOP-H5141UJ),DEVELOPMENT,shipping_dims_weight_2,YES,sections/extra-info.liquid,437
187963769148,Development (fa512b-DESKTOP-H5141UJ),DEVELOPMENT,list,YES,templates/product.boost-test.json,183
187963769148,Development (fa512b-DESKTOP-H5141UJ),DEVELOPMENT,shipping_dims_weight_2,YES,templates/product.boost-test.json,221
187963769148,Development (fa512b-DESKTOP-H5141UJ),DEVELOPMENT,list,YES,templates/product.byo-rig.json,182
187963769148,Development (fa512b-DESKTOP-H5141UJ),DEVELOPMENT,shipping_dims_weight_2,YES,templates/product.byo-rig.json,189
187963769148,Development (fa512b-DESKTOP-H5141UJ),DEVELOPMENT,list,YES,templates/product.combined-listings.json,188
187963769148,Development (fa512b-DESKTOP-H5141UJ),DEVELOPMENT,shipping_dims_weight_2,YES,templates/product.combined-listings.json,220
187963769148,Development (fa512b-DESKTOP-H5141UJ),DEVELOPMENT,list,YES,templates/product.customised-product.json,192
187963769148,Development (fa512b-DESKTOP-H5141UJ),DEVELOPMENT,shipping_dims_weight_2,YES,templates/product.customised-product.json,224
187963769148,Development (fa512b-DESKTOP-H5141UJ),DEVELOPMENT,list,YES,templates/product.discontinued.json,194
187963769148,Development (fa512b-DESKTOP-H5141UJ),DEVELOPMENT,shipping_dims_weight_2,YES,templates/product.discontinued.json,232
187963769148,Development (fa512b-DESKTOP-H5141UJ),DEVELOPMENT,list,YES,templates/product.gift_cards.json,184
187963769148,Development (fa512b-DESKTOP-H5141UJ),DEVELOPMENT,shipping_dims_weight_2,YES,templates/product.gift_cards.json,216
187963769148,Development (fa512b-DESKTOP-H5141UJ),DEVELOPMENT,list,YES,templates/product.gym-package.json,208
187963769148,Development (fa512b-DESKTOP-H5141UJ),DEVELOPMENT,shipping_dims_weight,YES,templates/product.gym-package.json,215
187963769148,Development (fa512b-DESKTOP-H5141UJ),DEVELOPMENT,list,YES,templates/product.json,182
187963769148,Development (fa512b-DESKTOP-H5141UJ),DEVELOPMENT,shipping_dims_weight_2,YES,templates/product.json,220
187963769148,Development (fa512b-DESKTOP-H5141UJ),DEVELOPMENT,list,YES,templates/product.shopify-product-option.json,187
187963769148,Development (fa512b-DESKTOP-H5141UJ),DEVELOPMENT,shipping_dims_weight_2,YES,templates/product.shopify-product-option.json,219
187963769148,Development (fa512b-DESKTOP-H5141UJ),DEVELOPMENT,list,YES,templates/product.variants-pulley.json,188
187963769148,Development (fa512b-DESKTOP-H5141UJ),DEVELOPMENT,shipping_dims_weight_2,YES,templates/product.variants-pulley.json,220
187963769148,Development (fa512b-DESKTOP-H5141UJ),DEVELOPMENT,list,YES,templates/product.variants.json,191
187963769148,Development (fa512b-DESKTOP-H5141UJ),DEVELOPMENT,shipping_dims_weight_2,YES,templates/product.variants.json,223
186305118524,Fitnesssuperstore-shopify/HomePage-Updates-Waqas,UNPUBLISHED,shipping_dims_weight_2,YES,sections/extra-info.liquid,707
186305118524,Fitnesssuperstore-shopify/HomePage-Updates-Waqas,UNPUBLISHED,list,YES,templates/product.boost-test.json,183
186305118524,Fitnesssuperstore-shopify/HomePage-Updates-Waqas,UNPUBLISHED,shipping_dims_weight_2,YES,templates/product.boost-test.json,221
186305118524,Fitnesssuperstore-shopify/HomePage-Updates-Waqas,UNPUBLISHED,list,YES,templates/product.byo-rig.json,182
186305118524,Fitnesssuperstore-shopify/HomePage-Updates-Waqas,UNPUBLISHED,shipping_dims_weight_2,YES,templates/product.byo-rig.json,189
186305118524,Fitnesssuperstore-shopify/HomePage-Updates-Waqas,UNPUBLISHED,list,YES,templates/product.combined-listings.json,188
186305118524,Fitnesssuperstore-shopify/HomePage-Updates-Waqas,UNPUBLISHED,shipping_dims_weight_2,YES,templates/product.combined-listings.json,220
186305118524,Fitnesssuperstore-shopify/HomePage-Updates-Waqas,UNPUBLISHED,list,YES,templates/product.customised-product.json,197
186305118524,Fitnesssuperstore-shopify/HomePage-Updates-Waqas,UNPUBLISHED,shipping_dims_weight_2,YES,templates/product.customised-product.json,229
186305118524,Fitnesssuperstore-shopify/HomePage-Updates-Waqas,UNPUBLISHED,list,YES,templates/product.discontinued.json,194
186305118524,Fitnesssuperstore-shopify/HomePage-Updates-Waqas,UNPUBLISHED,shipping_dims_weight_2,YES,templates/product.discontinued.json,232
186305118524,Fitnesssuperstore-shopify/HomePage-Updates-Waqas,UNPUBLISHED,list,YES,templates/product.gift_cards.json,189
186305118524,Fitnesssuperstore-shopify/HomePage-Updates-Waqas,UNPUBLISHED,shipping_dims_weight_2,YES,templates/product.gift_cards.json,221
186305118524,Fitnesssuperstore-shopify/HomePage-Updates-Waqas,UNPUBLISHED,list,YES,templates/product.gym-package.json,213
186305118524,Fitnesssuperstore-shopify/HomePage-Updates-Waqas,UNPUBLISHED,shipping_dims_weight,YES,templates/product.gym-package.json,220
186305118524,Fitnesssuperstore-shopify/HomePage-Updates-Waqas,UNPUBLISHED,list,YES,templates/product.json,187
186305118524,Fitnesssuperstore-shopify/HomePage-Updates-Waqas,UNPUBLISHED,shipping_dims_weight_2,YES,templates/product.json,225
186305118524,Fitnesssuperstore-shopify/HomePage-Updates-Waqas,UNPUBLISHED,list,YES,templates/product.shopify-product-option.json,187
186305118524,Fitnesssuperstore-shopify/HomePage-Updates-Waqas,UNPUBLISHED,shipping_dims_weight_2,YES,templates/product.shopify-product-option.json,219
186305118524,Fitnesssuperstore-shopify/HomePage-Updates-Waqas,UNPUBLISHED,list,YES,templates/product.variants-pulley.json,193
186305118524,Fitnesssuperstore-shopify/HomePage-Updates-Waqas,UNPUBLISHED,shipping_dims_weight_2,YES,templates/product.variants-pulley.json,225
186305118524,Fitnesssuperstore-shopify/HomePage-Updates-Waqas,UNPUBLISHED,list,YES,templates/product.variants.json,193
186305118524,Fitnesssuperstore-shopify/HomePage-Updates-Waqas,UNPUBLISHED,shipping_dims_weight_2,YES,templates/product.variants.json,225
187819524412,PDP Metaobjects Pilot - PR640 (98adebe1),UNPUBLISHED,shipping_dims_weight_2,YES,sections/extra-info.liquid,437
187819524412,PDP Metaobjects Pilot - PR640 (98adebe1),UNPUBLISHED,list,YES,templates/product.boost-test.json,183
187819524412,PDP Metaobjects Pilot - PR640 (98adebe1),UNPUBLISHED,shipping_dims_weight_2,YES,templates/product.boost-test.json,221
187819524412,PDP Metaobjects Pilot - PR640 (98adebe1),UNPUBLISHED,list,YES,templates/product.byo-rig.json,182
187819524412,PDP Metaobjects Pilot - PR640 (98adebe1),UNPUBLISHED,shipping_dims_weight_2,YES,templates/product.byo-rig.json,189
187819524412,PDP Metaobjects Pilot - PR640 (98adebe1),UNPUBLISHED,list,YES,templates/product.combined-listings.json,188
187819524412,PDP Metaobjects Pilot - PR640 (98adebe1),UNPUBLISHED,shipping_dims_weight_2,YES,templates/product.combined-listings.json,220
187819524412,PDP Metaobjects Pilot - PR640 (98adebe1),UNPUBLISHED,list,YES,templates/product.customised-product.json,192
187819524412,PDP Metaobjects Pilot - PR640 (98adebe1),UNPUBLISHED,shipping_dims_weight_2,YES,templates/product.customised-product.json,224
187819524412,PDP Metaobjects Pilot - PR640 (98adebe1),UNPUBLISHED,list,YES,templates/product.discontinued.json,194
187819524412,PDP Metaobjects Pilot - PR640 (98adebe1),UNPUBLISHED,shipping_dims_weight_2,YES,templates/product.discontinued.json,232
187819524412,PDP Metaobjects Pilot - PR640 (98adebe1),UNPUBLISHED,list,YES,templates/product.gift_cards.json,184
187819524412,PDP Metaobjects Pilot - PR640 (98adebe1),UNPUBLISHED,shipping_dims_weight_2,YES,templates/product.gift_cards.json,216
187819524412,PDP Metaobjects Pilot - PR640 (98adebe1),UNPUBLISHED,list,YES,templates/product.gym-package.json,208
187819524412,PDP Metaobjects Pilot - PR640 (98adebe1),UNPUBLISHED,shipping_dims_weight,YES,templates/product.gym-package.json,215
187819524412,PDP Metaobjects Pilot - PR640 (98adebe1),UNPUBLISHED,list,YES,templates/product.json,182
187819524412,PDP Metaobjects Pilot - PR640 (98adebe1),UNPUBLISHED,shipping_dims_weight_2,YES,templates/product.json,220
187819524412,PDP Metaobjects Pilot - PR640 (98adebe1),UNPUBLISHED,list,YES,templates/product.shopify-product-option.json,187
187819524412,PDP Metaobjects Pilot - PR640 (98adebe1),UNPUBLISHED,shipping_dims_weight_2,YES,templates/product.shopify-product-option.json,219
187819524412,PDP Metaobjects Pilot - PR640 (98adebe1),UNPUBLISHED,list,YES,templates/product.variants-pulley.json,188
187819524412,PDP Metaobjects Pilot - PR640 (98adebe1),UNPUBLISHED,shipping_dims_weight_2,YES,templates/product.variants-pulley.json,220
187819524412,PDP Metaobjects Pilot - PR640 (98adebe1),UNPUBLISHED,list,YES,templates/product.variants.json,191
187819524412,PDP Metaobjects Pilot - PR640 (98adebe1),UNPUBLISHED,shipping_dims_weight_2,YES,templates/product.variants.json,223
187306901820,PR663 PREVIEW - packaging CTA - DO NOT PUBLISH,UNPUBLISHED,shipping_dims_weight_2,YES,sections/extra-info.liquid,437
187306901820,PR663 PREVIEW - packaging CTA - DO NOT PUBLISH,UNPUBLISHED,list,YES,templates/product.boost-test.json,183
187306901820,PR663 PREVIEW - packaging CTA - DO NOT PUBLISH,UNPUBLISHED,shipping_dims_weight_2,YES,templates/product.boost-test.json,221
187306901820,PR663 PREVIEW - packaging CTA - DO NOT PUBLISH,UNPUBLISHED,list,YES,templates/product.byo-rig.json,182
187306901820,PR663 PREVIEW - packaging CTA - DO NOT PUBLISH,UNPUBLISHED,shipping_dims_weight_2,YES,templates/product.byo-rig.json,189
187306901820,PR663 PREVIEW - packaging CTA - DO NOT PUBLISH,UNPUBLISHED,list,YES,templates/product.combined-listings.json,188
187306901820,PR663 PREVIEW - packaging CTA - DO NOT PUBLISH,UNPUBLISHED,shipping_dims_weight_2,YES,templates/product.combined-listings.json,220
187306901820,PR663 PREVIEW - packaging CTA - DO NOT PUBLISH,UNPUBLISHED,list,YES,templates/product.customised-product.json,192
187306901820,PR663 PREVIEW - packaging CTA - DO NOT PUBLISH,UNPUBLISHED,shipping_dims_weight_2,YES,templates/product.customised-product.json,224
187306901820,PR663 PREVIEW - packaging CTA - DO NOT PUBLISH,UNPUBLISHED,list,YES,templates/product.discontinued.json,194
187306901820,PR663 PREVIEW - packaging CTA - DO NOT PUBLISH,UNPUBLISHED,shipping_dims_weight_2,YES,templates/product.discontinued.json,232
187306901820,PR663 PREVIEW - packaging CTA - DO NOT PUBLISH,UNPUBLISHED,list,YES,templates/product.gift_cards.json,184
187306901820,PR663 PREVIEW - packaging CTA - DO NOT PUBLISH,UNPUBLISHED,shipping_dims_weight_2,YES,templates/product.gift_cards.json,216
187306901820,PR663 PREVIEW - packaging CTA - DO NOT PUBLISH,UNPUBLISHED,list,YES,templates/product.gym-package.json,208
187306901820,PR663 PREVIEW - packaging CTA - DO NOT PUBLISH,UNPUBLISHED,shipping_dims_weight,YES,templates/product.gym-package.json,215
187306901820,PR663 PREVIEW - packaging CTA - DO NOT PUBLISH,UNPUBLISHED,list,YES,templates/product.json,182
187306901820,PR663 PREVIEW - packaging CTA - DO NOT PUBLISH,UNPUBLISHED,shipping_dims_weight_2,YES,templates/product.json,220
187306901820,PR663 PREVIEW - packaging CTA - DO NOT PUBLISH,UNPUBLISHED,list,YES,templates/product.shopify-product-option.json,187
187306901820,PR663 PREVIEW - packaging CTA - DO NOT PUBLISH,UNPUBLISHED,shipping_dims_weight_2,YES,templates/product.shopify-product-option.json,219
187306901820,PR663 PREVIEW - packaging CTA - DO NOT PUBLISH,UNPUBLISHED,list,YES,templates/product.variants-pulley.json,188
187306901820,PR663 PREVIEW - packaging CTA - DO NOT PUBLISH,UNPUBLISHED,shipping_dims_weight_2,YES,templates/product.variants-pulley.json,220
187306901820,PR663 PREVIEW - packaging CTA - DO NOT PUBLISH,UNPUBLISHED,list,YES,templates/product.variants.json,191
187306901820,PR663 PREVIEW - packaging CTA - DO NOT PUBLISH,UNPUBLISHED,shipping_dims_weight_2,YES,templates/product.variants.json,223
187684913468,PR722 PREVIEW - NPPGov coop link - DO NOT PUBLISH,UNPUBLISHED,shipping_dims_weight_2,YES,sections/extra-info.liquid,437
187684913468,PR722 PREVIEW - NPPGov coop link - DO NOT PUBLISH,UNPUBLISHED,list,YES,templates/product.boost-test.json,183
187684913468,PR722 PREVIEW - NPPGov coop link - DO NOT PUBLISH,UNPUBLISHED,shipping_dims_weight_2,YES,templates/product.boost-test.json,221
187684913468,PR722 PREVIEW - NPPGov coop link - DO NOT PUBLISH,UNPUBLISHED,list,YES,templates/product.byo-rig.json,182
187684913468,PR722 PREVIEW - NPPGov coop link - DO NOT PUBLISH,UNPUBLISHED,shipping_dims_weight_2,YES,templates/product.byo-rig.json,189
187684913468,PR722 PREVIEW - NPPGov coop link - DO NOT PUBLISH,UNPUBLISHED,list,YES,templates/product.combined-listings.json,188
187684913468,PR722 PREVIEW - NPPGov coop link - DO NOT PUBLISH,UNPUBLISHED,shipping_dims_weight_2,YES,templates/product.combined-listings.json,220
187684913468,PR722 PREVIEW - NPPGov coop link - DO NOT PUBLISH,UNPUBLISHED,list,YES,templates/product.customised-product.json,192
187684913468,PR722 PREVIEW - NPPGov coop link - DO NOT PUBLISH,UNPUBLISHED,shipping_dims_weight_2,YES,templates/product.customised-product.json,224
187684913468,PR722 PREVIEW - NPPGov coop link - DO NOT PUBLISH,UNPUBLISHED,list,YES,templates/product.discontinued.json,194
187684913468,PR722 PREVIEW - NPPGov coop link - DO NOT PUBLISH,UNPUBLISHED,shipping_dims_weight_2,YES,templates/product.discontinued.json,232
187684913468,PR722 PREVIEW - NPPGov coop link - DO NOT PUBLISH,UNPUBLISHED,list,YES,templates/product.gift_cards.json,184
187684913468,PR722 PREVIEW - NPPGov coop link - DO NOT PUBLISH,UNPUBLISHED,shipping_dims_weight_2,YES,templates/product.gift_cards.json,216
187684913468,PR722 PREVIEW - NPPGov coop link - DO NOT PUBLISH,UNPUBLISHED,list,YES,templates/product.gym-package.json,208
187684913468,PR722 PREVIEW - NPPGov coop link - DO NOT PUBLISH,UNPUBLISHED,shipping_dims_weight,YES,templates/product.gym-package.json,215
187684913468,PR722 PREVIEW - NPPGov coop link - DO NOT PUBLISH,UNPUBLISHED,list,YES,templates/product.json,182
187684913468,PR722 PREVIEW - NPPGov coop link - DO NOT PUBLISH,UNPUBLISHED,shipping_dims_weight_2,YES,templates/product.json,220
187684913468,PR722 PREVIEW - NPPGov coop link - DO NOT PUBLISH,UNPUBLISHED,list,YES,templates/product.shopify-product-option.json,187
187684913468,PR722 PREVIEW - NPPGov coop link - DO NOT PUBLISH,UNPUBLISHED,shipping_dims_weight_2,YES,templates/product.shopify-product-option.json,219
187684913468,PR722 PREVIEW - NPPGov coop link - DO NOT PUBLISH,UNPUBLISHED,list,YES,templates/product.variants-pulley.json,188
187684913468,PR722 PREVIEW - NPPGov coop link - DO NOT PUBLISH,UNPUBLISHED,shipping_dims_weight_2,YES,templates/product.variants-pulley.json,220
187684913468,PR722 PREVIEW - NPPGov coop link - DO NOT PUBLISH,UNPUBLISHED,list,YES,templates/product.variants.json,191
187684913468,PR722 PREVIEW - NPPGov coop link - DO NOT PUBLISH,UNPUBLISHED,shipping_dims_weight_2,YES,templates/product.variants.json,223
188016689468,PREVIEW PR720 GMC compliance - UNPUBLISHED DO N...,UNPUBLISHED,shipping_dims_weight_2,YES,sections/extra-info.liquid,437
188016689468,PREVIEW PR720 GMC compliance - UNPUBLISHED DO N...,UNPUBLISHED,list,YES,templates/product.boost-test.json,183
188016689468,PREVIEW PR720 GMC compliance - UNPUBLISHED DO N...,UNPUBLISHED,shipping_dims_weight_2,YES,templates/product.boost-test.json,221
188016689468,PREVIEW PR720 GMC compliance - UNPUBLISHED DO N...,UNPUBLISHED,list,YES,templates/product.byo-rig.json,182
188016689468,PREVIEW PR720 GMC compliance - UNPUBLISHED DO N...,UNPUBLISHED,shipping_dims_weight_2,YES,templates/product.byo-rig.json,189
188016689468,PREVIEW PR720 GMC compliance - UNPUBLISHED DO N...,UNPUBLISHED,list,YES,templates/product.combined-listings.json,188
188016689468,PREVIEW PR720 GMC compliance - UNPUBLISHED DO N...,UNPUBLISHED,shipping_dims_weight_2,YES,templates/product.combined-listings.json,220
188016689468,PREVIEW PR720 GMC compliance - UNPUBLISHED DO N...,UNPUBLISHED,list,YES,templates/product.customised-product.json,192
188016689468,PREVIEW PR720 GMC compliance - UNPUBLISHED DO N...,UNPUBLISHED,shipping_dims_weight_2,YES,templates/product.customised-product.json,224
188016689468,PREVIEW PR720 GMC compliance - UNPUBLISHED DO N...,UNPUBLISHED,list,YES,templates/product.discontinued.json,194
188016689468,PREVIEW PR720 GMC compliance - UNPUBLISHED DO N...,UNPUBLISHED,shipping_dims_weight_2,YES,templates/product.discontinued.json,232
188016689468,PREVIEW PR720 GMC compliance - UNPUBLISHED DO N...,UNPUBLISHED,list,YES,templates/product.gift_cards.json,184
188016689468,PREVIEW PR720 GMC compliance - UNPUBLISHED DO N...,UNPUBLISHED,shipping_dims_weight_2,YES,templates/product.gift_cards.json,216
188016689468,PREVIEW PR720 GMC compliance - UNPUBLISHED DO N...,UNPUBLISHED,list,YES,templates/product.gym-package.json,208
188016689468,PREVIEW PR720 GMC compliance - UNPUBLISHED DO N...,UNPUBLISHED,shipping_dims_weight,YES,templates/product.gym-package.json,215
188016689468,PREVIEW PR720 GMC compliance - UNPUBLISHED DO N...,UNPUBLISHED,list,YES,templates/product.json,182
188016689468,PREVIEW PR720 GMC compliance - UNPUBLISHED DO N...,UNPUBLISHED,shipping_dims_weight_2,YES,templates/product.json,220
188016689468,PREVIEW PR720 GMC compliance - UNPUBLISHED DO N...,UNPUBLISHED,list,YES,templates/product.shopify-product-option.json,187
188016689468,PREVIEW PR720 GMC compliance - UNPUBLISHED DO N...,UNPUBLISHED,shipping_dims_weight_2,YES,templates/product.shopify-product-option.json,219
188016689468,PREVIEW PR720 GMC compliance - UNPUBLISHED DO N...,UNPUBLISHED,list,YES,templates/product.variants-pulley.json,188
188016689468,PREVIEW PR720 GMC compliance - UNPUBLISHED DO N...,UNPUBLISHED,shipping_dims_weight_2,YES,templates/product.variants-pulley.json,220
188016689468,PREVIEW PR720 GMC compliance - UNPUBLISHED DO N...,UNPUBLISHED,list,YES,templates/product.variants.json,191
188016689468,PREVIEW PR720 GMC compliance - UNPUBLISHED DO N...,UNPUBLISHED,shipping_dims_weight_2,YES,templates/product.variants.json,223
186773635388,QA - French Fitness subcategory custom URL fall...,UNPUBLISHED,shipping_dims_weight_2,YES,sections/extra-info.liquid,424
186773635388,QA - French Fitness subcategory custom URL fall...,UNPUBLISHED,list,YES,templates/product.boost-test.json,183
186773635388,QA - French Fitness subcategory custom URL fall...,UNPUBLISHED,shipping_dims_weight_2,YES,templates/product.boost-test.json,221
186773635388,QA - French Fitness subcategory custom URL fall...,UNPUBLISHED,list,YES,templates/product.byo-rig.json,182
186773635388,QA - French Fitness subcategory custom URL fall...,UNPUBLISHED,shipping_dims_weight_2,YES,templates/product.byo-rig.json,189
186773635388,QA - French Fitness subcategory custom URL fall...,UNPUBLISHED,list,YES,templates/product.combined-listings.json,188
186773635388,QA - French Fitness subcategory custom URL fall...,UNPUBLISHED,shipping_dims_weight_2,YES,templates/product.combined-listings.json,220
186773635388,QA - French Fitness subcategory custom URL fall...,UNPUBLISHED,list,YES,templates/product.customised-product.json,197
186773635388,QA - French Fitness subcategory custom URL fall...,UNPUBLISHED,shipping_dims_weight_2,YES,templates/product.customised-product.json,229
186773635388,QA - French Fitness subcategory custom URL fall...,UNPUBLISHED,list,YES,templates/product.discontinued.json,194
186773635388,QA - French Fitness subcategory custom URL fall...,UNPUBLISHED,shipping_dims_weight_2,YES,templates/product.discontinued.json,232
186773635388,QA - French Fitness subcategory custom URL fall...,UNPUBLISHED,list,YES,templates/product.gift_cards.json,189
186773635388,QA - French Fitness subcategory custom URL fall...,UNPUBLISHED,shipping_dims_weight_2,YES,templates/product.gift_cards.json,221
186773635388,QA - French Fitness subcategory custom URL fall...,UNPUBLISHED,list,YES,templates/product.gym-package.json,213
186773635388,QA - French Fitness subcategory custom URL fall...,UNPUBLISHED,shipping_dims_weight,YES,templates/product.gym-package.json,220
186773635388,QA - French Fitness subcategory custom URL fall...,UNPUBLISHED,list,YES,templates/product.json,187
186773635388,QA - French Fitness subcategory custom URL fall...,UNPUBLISHED,shipping_dims_weight_2,YES,templates/product.json,225
186773635388,QA - French Fitness subcategory custom URL fall...,UNPUBLISHED,list,YES,templates/product.shopify-product-option.json,187
186773635388,QA - French Fitness subcategory custom URL fall...,UNPUBLISHED,shipping_dims_weight_2,YES,templates/product.shopify-product-option.json,219
186773635388,QA - French Fitness subcategory custom URL fall...,UNPUBLISHED,list,YES,templates/product.variants-pulley.json,193
186773635388,QA - French Fitness subcategory custom URL fall...,UNPUBLISHED,shipping_dims_weight_2,YES,templates/product.variants-pulley.json,225
186773635388,QA - French Fitness subcategory custom URL fall...,UNPUBLISHED,list,YES,templates/product.variants.json,196
186773635388,QA - French Fitness subcategory custom URL fall...,UNPUBLISHED,shipping_dims_weight_2,YES,templates/product.variants.json,228
187111768380,[Boost Support] fitnesssuperstore-shopify/main,UNPUBLISHED,shipping_dims_weight_2,YES,sections/extra-info.liquid,437
187111768380,[Boost Support] fitnesssuperstore-shopify/main,UNPUBLISHED,list,YES,templates/product.boost-test.json,183
187111768380,[Boost Support] fitnesssuperstore-shopify/main,UNPUBLISHED,shipping_dims_weight_2,YES,templates/product.boost-test.json,221
187111768380,[Boost Support] fitnesssuperstore-shopify/main,UNPUBLISHED,list,YES,templates/product.byo-rig.json,182
187111768380,[Boost Support] fitnesssuperstore-shopify/main,UNPUBLISHED,shipping_dims_weight_2,YES,templates/product.byo-rig.json,189
187111768380,[Boost Support] fitnesssuperstore-shopify/main,UNPUBLISHED,list,YES,templates/product.combined-listings.json,188
187111768380,[Boost Support] fitnesssuperstore-shopify/main,UNPUBLISHED,shipping_dims_weight_2,YES,templates/product.combined-listings.json,220
187111768380,[Boost Support] fitnesssuperstore-shopify/main,UNPUBLISHED,list,YES,templates/product.customised-product.json,192
187111768380,[Boost Support] fitnesssuperstore-shopify/main,UNPUBLISHED,shipping_dims_weight_2,YES,templates/product.customised-product.json,224
187111768380,[Boost Support] fitnesssuperstore-shopify/main,UNPUBLISHED,list,YES,templates/product.discontinued.json,194
187111768380,[Boost Support] fitnesssuperstore-shopify/main,UNPUBLISHED,shipping_dims_weight_2,YES,templates/product.discontinued.json,232
187111768380,[Boost Support] fitnesssuperstore-shopify/main,UNPUBLISHED,list,YES,templates/product.gift_cards.json,184
187111768380,[Boost Support] fitnesssuperstore-shopify/main,UNPUBLISHED,shipping_dims_weight_2,YES,templates/product.gift_cards.json,216
187111768380,[Boost Support] fitnesssuperstore-shopify/main,UNPUBLISHED,list,YES,templates/product.gym-package.json,208
187111768380,[Boost Support] fitnesssuperstore-shopify/main,UNPUBLISHED,shipping_dims_weight,YES,templates/product.gym-package.json,215
187111768380,[Boost Support] fitnesssuperstore-shopify/main,UNPUBLISHED,list,YES,templates/product.json,182
187111768380,[Boost Support] fitnesssuperstore-shopify/main,UNPUBLISHED,shipping_dims_weight_2,YES,templates/product.json,220
187111768380,[Boost Support] fitnesssuperstore-shopify/main,UNPUBLISHED,list,YES,templates/product.shopify-product-option.json,187
187111768380,[Boost Support] fitnesssuperstore-shopify/main,UNPUBLISHED,shipping_dims_weight_2,YES,templates/product.shopify-product-option.json,219
187111768380,[Boost Support] fitnesssuperstore-shopify/main,UNPUBLISHED,list,YES,templates/product.variants-pulley.json,188
187111768380,[Boost Support] fitnesssuperstore-shopify/main,UNPUBLISHED,shipping_dims_weight_2,YES,templates/product.variants-pulley.json,220
187111768380,[Boost Support] fitnesssuperstore-shopify/main,UNPUBLISHED,list,YES,templates/product.variants.json,191
187111768380,[Boost Support] fitnesssuperstore-shopify/main,UNPUBLISHED,shipping_dims_weight_2,YES,templates/product.variants.json,223
187347599676,fitnesssuperstore-shopify/Mixed-Google-Signals,UNPUBLISHED,shipping_dims_weight_2,YES,sections/extra-info.liquid,437
187347599676,fitnesssuperstore-shopify/Mixed-Google-Signals,UNPUBLISHED,list,YES,templates/product.boost-test.json,183
187347599676,fitnesssuperstore-shopify/Mixed-Google-Signals,UNPUBLISHED,shipping_dims_weight_2,YES,templates/product.boost-test.json,221
187347599676,fitnesssuperstore-shopify/Mixed-Google-Signals,UNPUBLISHED,list,YES,templates/product.byo-rig.json,182
187347599676,fitnesssuperstore-shopify/Mixed-Google-Signals,UNPUBLISHED,shipping_dims_weight_2,YES,templates/product.byo-rig.json,189
187347599676,fitnesssuperstore-shopify/Mixed-Google-Signals,UNPUBLISHED,list,YES,templates/product.combined-listings.json,188
187347599676,fitnesssuperstore-shopify/Mixed-Google-Signals,UNPUBLISHED,shipping_dims_weight_2,YES,templates/product.combined-listings.json,220
187347599676,fitnesssuperstore-shopify/Mixed-Google-Signals,UNPUBLISHED,list,YES,templates/product.customised-product.json,192
187347599676,fitnesssuperstore-shopify/Mixed-Google-Signals,UNPUBLISHED,shipping_dims_weight_2,YES,templates/product.customised-product.json,224
187347599676,fitnesssuperstore-shopify/Mixed-Google-Signals,UNPUBLISHED,list,YES,templates/product.discontinued.json,194
187347599676,fitnesssuperstore-shopify/Mixed-Google-Signals,UNPUBLISHED,shipping_dims_weight_2,YES,templates/product.discontinued.json,232
187347599676,fitnesssuperstore-shopify/Mixed-Google-Signals,UNPUBLISHED,list,YES,templates/product.gift_cards.json,184
187347599676,fitnesssuperstore-shopify/Mixed-Google-Signals,UNPUBLISHED,shipping_dims_weight_2,YES,templates/product.gift_cards.json,216
187347599676,fitnesssuperstore-shopify/Mixed-Google-Signals,UNPUBLISHED,list,YES,templates/product.gym-package.json,208
187347599676,fitnesssuperstore-shopify/Mixed-Google-Signals,UNPUBLISHED,shipping_dims_weight,YES,templates/product.gym-package.json,215
187347599676,fitnesssuperstore-shopify/Mixed-Google-Signals,UNPUBLISHED,list,YES,templates/product.json,182
187347599676,fitnesssuperstore-shopify/Mixed-Google-Signals,UNPUBLISHED,shipping_dims_weight_2,YES,templates/product.json,220
187347599676,fitnesssuperstore-shopify/Mixed-Google-Signals,UNPUBLISHED,list,YES,templates/product.shopify-product-option.json,187
187347599676,fitnesssuperstore-shopify/Mixed-Google-Signals,UNPUBLISHED,shipping_dims_weight_2,YES,templates/product.shopify-product-option.json,219
187347599676,fitnesssuperstore-shopify/Mixed-Google-Signals,UNPUBLISHED,list,YES,templates/product.variants-pulley.json,188
187347599676,fitnesssuperstore-shopify/Mixed-Google-Signals,UNPUBLISHED,shipping_dims_weight_2,YES,templates/product.variants-pulley.json,220
187347599676,fitnesssuperstore-shopify/Mixed-Google-Signals,UNPUBLISHED,list,YES,templates/product.variants.json,191
187347599676,fitnesssuperstore-shopify/Mixed-Google-Signals,UNPUBLISHED,shipping_dims_weight_2,YES,templates/product.variants.json,223
186253541692,fitnesssuperstore-shopify/NoTopATC-FSR90-Waqas,UNPUBLISHED,shipping_dims_weight_2,YES,sections/extra-info.liquid,808
186253541692,fitnesssuperstore-shopify/NoTopATC-FSR90-Waqas,UNPUBLISHED,list,YES,templates/product.ab-test.json,179
186253541692,fitnesssuperstore-shopify/NoTopATC-FSR90-Waqas,UNPUBLISHED,shipping_dims_weight_2,YES,templates/product.ab-test.json,211
186253541692,fitnesssuperstore-shopify/NoTopATC-FSR90-Waqas,UNPUBLISHED,list,YES,templates/product.byo-rig.json,171
186253541692,fitnesssuperstore-shopify/NoTopATC-FSR90-Waqas,UNPUBLISHED,shipping_dims_weight_2,YES,templates/product.byo-rig.json,178
186253541692,fitnesssuperstore-shopify/NoTopATC-FSR90-Waqas,UNPUBLISHED,list,YES,templates/product.customised-product.json,178
186253541692,fitnesssuperstore-shopify/NoTopATC-FSR90-Waqas,UNPUBLISHED,shipping_dims_weight_2,YES,templates/product.customised-product.json,210
186253541692,fitnesssuperstore-shopify/NoTopATC-FSR90-Waqas,UNPUBLISHED,list,YES,templates/product.fsr-90-notop-atc.json,371
186253541692,fitnesssuperstore-shopify/NoTopATC-FSR90-Waqas,UNPUBLISHED,shipping_dims_weight_2,YES,templates/product.fsr-90-notop-atc.json,403
186253541692,fitnesssuperstore-shopify/NoTopATC-FSR90-Waqas,UNPUBLISHED,list,YES,templates/product.fsr-90-top-atc.json,219
186253541692,fitnesssuperstore-shopify/NoTopATC-FSR90-Waqas,UNPUBLISHED,shipping_dims_weight_2,YES,templates/product.fsr-90-top-atc.json,251
186253541692,fitnesssuperstore-shopify/NoTopATC-FSR90-Waqas,UNPUBLISHED,list,YES,templates/product.gym-package.json,199
186253541692,fitnesssuperstore-shopify/NoTopATC-FSR90-Waqas,UNPUBLISHED,shipping_dims_weight,YES,templates/product.gym-package.json,206
186253541692,fitnesssuperstore-shopify/NoTopATC-FSR90-Waqas,UNPUBLISHED,list,YES,templates/product.json,178
186253541692,fitnesssuperstore-shopify/NoTopATC-FSR90-Waqas,UNPUBLISHED,shipping_dims_weight_2,YES,templates/product.json,210
186253541692,fitnesssuperstore-shopify/NoTopATC-FSR90-Waqas,UNPUBLISHED,list,YES,templates/product.variants.json,177
186253541692,fitnesssuperstore-shopify/NoTopATC-FSR90-Waqas,UNPUBLISHED,shipping_dims_weight_2,YES,templates/product.variants.json,209
187043610940,fitnesssuperstore-shopify/Remanufactured-Waqas,UNPUBLISHED,shipping_dims_weight_2,YES,sections/extra-info.liquid,424
187043610940,fitnesssuperstore-shopify/Remanufactured-Waqas,UNPUBLISHED,list,YES,templates/product.boost-test.json,183
187043610940,fitnesssuperstore-shopify/Remanufactured-Waqas,UNPUBLISHED,shipping_dims_weight_2,YES,templates/product.boost-test.json,221
187043610940,fitnesssuperstore-shopify/Remanufactured-Waqas,UNPUBLISHED,list,YES,templates/product.byo-rig.json,182
187043610940,fitnesssuperstore-shopify/Remanufactured-Waqas,UNPUBLISHED,shipping_dims_weight_2,YES,templates/product.byo-rig.json,189
187043610940,fitnesssuperstore-shopify/Remanufactured-Waqas,UNPUBLISHED,list,YES,templates/product.combined-listings.json,188
187043610940,fitnesssuperstore-shopify/Remanufactured-Waqas,UNPUBLISHED,shipping_dims_weight_2,YES,templates/product.combined-listings.json,220
187043610940,fitnesssuperstore-shopify/Remanufactured-Waqas,UNPUBLISHED,list,YES,templates/product.customised-product.json,192
187043610940,fitnesssuperstore-shopify/Remanufactured-Waqas,UNPUBLISHED,shipping_dims_weight_2,YES,templates/product.customised-product.json,224
187043610940,fitnesssuperstore-shopify/Remanufactured-Waqas,UNPUBLISHED,list,YES,templates/product.discontinued.json,194
187043610940,fitnesssuperstore-shopify/Remanufactured-Waqas,UNPUBLISHED,shipping_dims_weight_2,YES,templates/product.discontinued.json,232
187043610940,fitnesssuperstore-shopify/Remanufactured-Waqas,UNPUBLISHED,list,YES,templates/product.gift_cards.json,184
187043610940,fitnesssuperstore-shopify/Remanufactured-Waqas,UNPUBLISHED,shipping_dims_weight_2,YES,templates/product.gift_cards.json,216
187043610940,fitnesssuperstore-shopify/Remanufactured-Waqas,UNPUBLISHED,list,YES,templates/product.gym-package.json,208
187043610940,fitnesssuperstore-shopify/Remanufactured-Waqas,UNPUBLISHED,shipping_dims_weight,YES,templates/product.gym-package.json,215
187043610940,fitnesssuperstore-shopify/Remanufactured-Waqas,UNPUBLISHED,list,YES,templates/product.json,182
187043610940,fitnesssuperstore-shopify/Remanufactured-Waqas,UNPUBLISHED,shipping_dims_weight_2,YES,templates/product.json,220
187043610940,fitnesssuperstore-shopify/Remanufactured-Waqas,UNPUBLISHED,list,YES,templates/product.shopify-product-option.json,187
187043610940,fitnesssuperstore-shopify/Remanufactured-Waqas,UNPUBLISHED,shipping_dims_weight_2,YES,templates/product.shopify-product-option.json,219
187043610940,fitnesssuperstore-shopify/Remanufactured-Waqas,UNPUBLISHED,list,YES,templates/product.variants-pulley.json,188
187043610940,fitnesssuperstore-shopify/Remanufactured-Waqas,UNPUBLISHED,shipping_dims_weight_2,YES,templates/product.variants-pulley.json,220
187043610940,fitnesssuperstore-shopify/Remanufactured-Waqas,UNPUBLISHED,list,YES,templates/product.variants.json,191
187043610940,fitnesssuperstore-shopify/Remanufactured-Waqas,UNPUBLISHED,shipping_dims_weight_2,YES,templates/product.variants.json,223
186216317244,fitnesssuperstore-shopify/UB310-yusra,UNPUBLISHED,shipping_dims_weight_2,YES,sections/extra-info.liquid,707
186216317244,fitnesssuperstore-shopify/UB310-yusra,UNPUBLISHED,list,YES,templates/product.boost-test.json,183
186216317244,fitnesssuperstore-shopify/UB310-yusra,UNPUBLISHED,shipping_dims_weight_2,YES,templates/product.boost-test.json,221
186216317244,fitnesssuperstore-shopify/UB310-yusra,UNPUBLISHED,list,YES,templates/product.byo-rig.json,182
186216317244,fitnesssuperstore-shopify/UB310-yusra,UNPUBLISHED,shipping_dims_weight_2,YES,templates/product.byo-rig.json,189
186216317244,fitnesssuperstore-shopify/UB310-yusra,UNPUBLISHED,list,YES,templates/product.combined-listings.json,188
186216317244,fitnesssuperstore-shopify/UB310-yusra,UNPUBLISHED,shipping_dims_weight_2,YES,templates/product.combined-listings.json,220
186216317244,fitnesssuperstore-shopify/UB310-yusra,UNPUBLISHED,list,YES,templates/product.customised-product.json,197
186216317244,fitnesssuperstore-shopify/UB310-yusra,UNPUBLISHED,shipping_dims_weight_2,YES,templates/product.customised-product.json,229
186216317244,fitnesssuperstore-shopify/UB310-yusra,UNPUBLISHED,list,YES,templates/product.discontinued.json,194
186216317244,fitnesssuperstore-shopify/UB310-yusra,UNPUBLISHED,shipping_dims_weight_2,YES,templates/product.discontinued.json,232
186216317244,fitnesssuperstore-shopify/UB310-yusra,UNPUBLISHED,list,YES,templates/product.gift_cards.json,189
186216317244,fitnesssuperstore-shopify/UB310-yusra,UNPUBLISHED,shipping_dims_weight_2,YES,templates/product.gift_cards.json,221
186216317244,fitnesssuperstore-shopify/UB310-yusra,UNPUBLISHED,list,YES,templates/product.gym-package.json,213
186216317244,fitnesssuperstore-shopify/UB310-yusra,UNPUBLISHED,shipping_dims_weight,YES,templates/product.gym-package.json,220
186216317244,fitnesssuperstore-shopify/UB310-yusra,UNPUBLISHED,list,YES,templates/product.json,187
186216317244,fitnesssuperstore-shopify/UB310-yusra,UNPUBLISHED,shipping_dims_weight_2,YES,templates/product.json,225
186216317244,fitnesssuperstore-shopify/UB310-yusra,UNPUBLISHED,list,YES,templates/product.shopify-product-option.json,187
186216317244,fitnesssuperstore-shopify/UB310-yusra,UNPUBLISHED,shipping_dims_weight_2,YES,templates/product.shopify-product-option.json,219
186216317244,fitnesssuperstore-shopify/UB310-yusra,UNPUBLISHED,list,YES,templates/product.variants-pulley.json,193
186216317244,fitnesssuperstore-shopify/UB310-yusra,UNPUBLISHED,shipping_dims_weight_2,YES,templates/product.variants-pulley.json,225
186216317244,fitnesssuperstore-shopify/UB310-yusra,UNPUBLISHED,list,YES,templates/product.variants.json,193
186216317244,fitnesssuperstore-shopify/UB310-yusra,UNPUBLISHED,shipping_dims_weight_2,YES,templates/product.variants.json,225
187204993340,fitnesssuperstore-shopify/a/b-testing,UNPUBLISHED,shipping_dims_weight_2,YES,sections/extra-info.liquid,437
187204993340,fitnesssuperstore-shopify/a/b-testing,UNPUBLISHED,list,YES,templates/product.boost-test.json,183
187204993340,fitnesssuperstore-shopify/a/b-testing,UNPUBLISHED,shipping_dims_weight_2,YES,templates/product.boost-test.json,221
187204993340,fitnesssuperstore-shopify/a/b-testing,UNPUBLISHED,list,YES,templates/product.byo-rig.json,182
187204993340,fitnesssuperstore-shopify/a/b-testing,UNPUBLISHED,shipping_dims_weight_2,YES,templates/product.byo-rig.json,189
187204993340,fitnesssuperstore-shopify/a/b-testing,UNPUBLISHED,list,YES,templates/product.combined-listings.json,188
187204993340,fitnesssuperstore-shopify/a/b-testing,UNPUBLISHED,shipping_dims_weight_2,YES,templates/product.combined-listings.json,220
187204993340,fitnesssuperstore-shopify/a/b-testing,UNPUBLISHED,list,YES,templates/product.customised-product.json,192
187204993340,fitnesssuperstore-shopify/a/b-testing,UNPUBLISHED,shipping_dims_weight_2,YES,templates/product.customised-product.json,224
187204993340,fitnesssuperstore-shopify/a/b-testing,UNPUBLISHED,list,YES,templates/product.discontinued.json,194
187204993340,fitnesssuperstore-shopify/a/b-testing,UNPUBLISHED,shipping_dims_weight_2,YES,templates/product.discontinued.json,232
187204993340,fitnesssuperstore-shopify/a/b-testing,UNPUBLISHED,list,YES,templates/product.gift_cards.json,184
187204993340,fitnesssuperstore-shopify/a/b-testing,UNPUBLISHED,shipping_dims_weight_2,YES,templates/product.gift_cards.json,216
187204993340,fitnesssuperstore-shopify/a/b-testing,UNPUBLISHED,list,YES,templates/product.gym-package.json,208
187204993340,fitnesssuperstore-shopify/a/b-testing,UNPUBLISHED,shipping_dims_weight,YES,templates/product.gym-package.json,215
187204993340,fitnesssuperstore-shopify/a/b-testing,UNPUBLISHED,list,YES,templates/product.json,182
187204993340,fitnesssuperstore-shopify/a/b-testing,UNPUBLISHED,shipping_dims_weight_2,YES,templates/product.json,220
187204993340,fitnesssuperstore-shopify/a/b-testing,UNPUBLISHED,list,YES,templates/product.shopify-product-option.json,187
187204993340,fitnesssuperstore-shopify/a/b-testing,UNPUBLISHED,shipping_dims_weight_2,YES,templates/product.shopify-product-option.json,219
187204993340,fitnesssuperstore-shopify/a/b-testing,UNPUBLISHED,list,YES,templates/product.variants-pulley.json,188
187204993340,fitnesssuperstore-shopify/a/b-testing,UNPUBLISHED,shipping_dims_weight_2,YES,templates/product.variants-pulley.json,220
187204993340,fitnesssuperstore-shopify/a/b-testing,UNPUBLISHED,list,YES,templates/product.variants.json,191
187204993340,fitnesssuperstore-shopify/a/b-testing,UNPUBLISHED,shipping_dims_weight_2,YES,templates/product.variants.json,223
188056895804,fitnesssuperstore-shopify/asjad-gymbuild-restart,UNPUBLISHED,shipping_dims_weight_2,YES,sections/extra-info.liquid,437
188056895804,fitnesssuperstore-shopify/asjad-gymbuild-restart,UNPUBLISHED,list,YES,templates/product.boost-test.json,183
188056895804,fitnesssuperstore-shopify/asjad-gymbuild-restart,UNPUBLISHED,shipping_dims_weight_2,YES,templates/product.boost-test.json,221
188056895804,fitnesssuperstore-shopify/asjad-gymbuild-restart,UNPUBLISHED,list,YES,templates/product.byo-rig.json,182
188056895804,fitnesssuperstore-shopify/asjad-gymbuild-restart,UNPUBLISHED,shipping_dims_weight_2,YES,templates/product.byo-rig.json,189
188056895804,fitnesssuperstore-shopify/asjad-gymbuild-restart,UNPUBLISHED,list,YES,templates/product.combined-listings.json,188
188056895804,fitnesssuperstore-shopify/asjad-gymbuild-restart,UNPUBLISHED,shipping_dims_weight_2,YES,templates/product.combined-listings.json,220
188056895804,fitnesssuperstore-shopify/asjad-gymbuild-restart,UNPUBLISHED,list,YES,templates/product.customised-product.json,192
188056895804,fitnesssuperstore-shopify/asjad-gymbuild-restart,UNPUBLISHED,shipping_dims_weight_2,YES,templates/product.customised-product.json,224
188056895804,fitnesssuperstore-shopify/asjad-gymbuild-restart,UNPUBLISHED,list,YES,templates/product.discontinued.json,194
188056895804,fitnesssuperstore-shopify/asjad-gymbuild-restart,UNPUBLISHED,shipping_dims_weight_2,YES,templates/product.discontinued.json,232
188056895804,fitnesssuperstore-shopify/asjad-gymbuild-restart,UNPUBLISHED,list,YES,templates/product.gift_cards.json,184
188056895804,fitnesssuperstore-shopify/asjad-gymbuild-restart,UNPUBLISHED,shipping_dims_weight_2,YES,templates/product.gift_cards.json,216
188056895804,fitnesssuperstore-shopify/asjad-gymbuild-restart,UNPUBLISHED,list,YES,templates/product.gym-package.json,208
188056895804,fitnesssuperstore-shopify/asjad-gymbuild-restart,UNPUBLISHED,shipping_dims_weight,YES,templates/product.gym-package.json,215
188056895804,fitnesssuperstore-shopify/asjad-gymbuild-restart,UNPUBLISHED,list,YES,templates/product.json,182
188056895804,fitnesssuperstore-shopify/asjad-gymbuild-restart,UNPUBLISHED,shipping_dims_weight_2,YES,templates/product.json,220
188056895804,fitnesssuperstore-shopify/asjad-gymbuild-restart,UNPUBLISHED,list,YES,templates/product.shopify-product-option.json,187
188056895804,fitnesssuperstore-shopify/asjad-gymbuild-restart,UNPUBLISHED,shipping_dims_weight_2,YES,templates/product.shopify-product-option.json,219
188056895804,fitnesssuperstore-shopify/asjad-gymbuild-restart,UNPUBLISHED,list,YES,templates/product.variants-pulley.json,188
188056895804,fitnesssuperstore-shopify/asjad-gymbuild-restart,UNPUBLISHED,shipping_dims_weight_2,YES,templates/product.variants-pulley.json,220
188056895804,fitnesssuperstore-shopify/asjad-gymbuild-restart,UNPUBLISHED,list,YES,templates/product.variants.json,191
188056895804,fitnesssuperstore-shopify/asjad-gymbuild-restart,UNPUBLISHED,shipping_dims_weight_2,YES,templates/product.variants.json,223
187751170364,fitnesssuperstore-shopify/asjad-pdp,UNPUBLISHED,shipping_dims_weight_2,YES,sections/extra-info.liquid,437
187751170364,fitnesssuperstore-shopify/asjad-pdp,UNPUBLISHED,shipping_dims_weight,YES,sections/main-product-ab-test-pdp-option-b.liquid,372
187751170364,fitnesssuperstore-shopify/asjad-pdp,UNPUBLISHED,shipping_dims_weight,YES,sections/main-product-ab-test-pdp-option-b.liquid,374
187751170364,fitnesssuperstore-shopify/asjad-pdp,UNPUBLISHED,list,YES,templates/product.boost-test.json,183
187751170364,fitnesssuperstore-shopify/asjad-pdp,UNPUBLISHED,shipping_dims_weight_2,YES,templates/product.boost-test.json,221
187751170364,fitnesssuperstore-shopify/asjad-pdp,UNPUBLISHED,list,YES,templates/product.byo-rig.json,182
187751170364,fitnesssuperstore-shopify/asjad-pdp,UNPUBLISHED,shipping_dims_weight_2,YES,templates/product.byo-rig.json,189
187751170364,fitnesssuperstore-shopify/asjad-pdp,UNPUBLISHED,list,YES,templates/product.combined-listings.json,188
187751170364,fitnesssuperstore-shopify/asjad-pdp,UNPUBLISHED,shipping_dims_weight_2,YES,templates/product.combined-listings.json,220
187751170364,fitnesssuperstore-shopify/asjad-pdp,UNPUBLISHED,list,YES,templates/product.customised-product.json,192
187751170364,fitnesssuperstore-shopify/asjad-pdp,UNPUBLISHED,shipping_dims_weight_2,YES,templates/product.customised-product.json,224
187751170364,fitnesssuperstore-shopify/asjad-pdp,UNPUBLISHED,list,YES,templates/product.discontinued.json,194
187751170364,fitnesssuperstore-shopify/asjad-pdp,UNPUBLISHED,shipping_dims_weight_2,YES,templates/product.discontinued.json,232
187751170364,fitnesssuperstore-shopify/asjad-pdp,UNPUBLISHED,list,YES,templates/product.gift_cards.json,184
187751170364,fitnesssuperstore-shopify/asjad-pdp,UNPUBLISHED,shipping_dims_weight_2,YES,templates/product.gift_cards.json,216
187751170364,fitnesssuperstore-shopify/asjad-pdp,UNPUBLISHED,list,YES,templates/product.gym-package.json,208
187751170364,fitnesssuperstore-shopify/asjad-pdp,UNPUBLISHED,shipping_dims_weight,YES,templates/product.gym-package.json,215
187751170364,fitnesssuperstore-shopify/asjad-pdp,UNPUBLISHED,list,YES,templates/product.json,182
187751170364,fitnesssuperstore-shopify/asjad-pdp,UNPUBLISHED,shipping_dims_weight_2,YES,templates/product.json,220
187751170364,fitnesssuperstore-shopify/asjad-pdp,UNPUBLISHED,list,YES,templates/product.shopify-product-option.json,187
187751170364,fitnesssuperstore-shopify/asjad-pdp,UNPUBLISHED,shipping_dims_weight_2,YES,templates/product.shopify-product-option.json,219
187751170364,fitnesssuperstore-shopify/asjad-pdp,UNPUBLISHED,list,YES,templates/product.variants-pulley.json,188
187751170364,fitnesssuperstore-shopify/asjad-pdp,UNPUBLISHED,shipping_dims_weight_2,YES,templates/product.variants-pulley.json,220
187751170364,fitnesssuperstore-shopify/asjad-pdp,UNPUBLISHED,list,YES,templates/product.variants.json,191
187751170364,fitnesssuperstore-shopify/asjad-pdp,UNPUBLISHED,shipping_dims_weight_2,YES,templates/product.variants.json,223
186494681404,fitnesssuperstore-shopify/atc-sticky-usman,UNPUBLISHED,shipping_dims_weight_2,YES,sections/extra-info.liquid,707
186494681404,fitnesssuperstore-shopify/atc-sticky-usman,UNPUBLISHED,list,YES,templates/product.boost-test.json,184
186494681404,fitnesssuperstore-shopify/atc-sticky-usman,UNPUBLISHED,shipping_dims_weight_2,YES,templates/product.boost-test.json,222
186494681404,fitnesssuperstore-shopify/atc-sticky-usman,UNPUBLISHED,list,YES,templates/product.byo-rig.json,183
186494681404,fitnesssuperstore-shopify/atc-sticky-usman,UNPUBLISHED,shipping_dims_weight_2,YES,templates/product.byo-rig.json,190
186494681404,fitnesssuperstore-shopify/atc-sticky-usman,UNPUBLISHED,list,YES,templates/product.combined-listings.json,188
186494681404,fitnesssuperstore-shopify/atc-sticky-usman,UNPUBLISHED,shipping_dims_weight_2,YES,templates/product.combined-listings.json,220
186494681404,fitnesssuperstore-shopify/atc-sticky-usman,UNPUBLISHED,list,YES,templates/product.customised-product.json,198
186494681404,fitnesssuperstore-shopify/atc-sticky-usman,UNPUBLISHED,shipping_dims_weight_2,YES,templates/product.customised-product.json,230
186494681404,fitnesssuperstore-shopify/atc-sticky-usman,UNPUBLISHED,list,YES,templates/product.discontinued.json,195
186494681404,fitnesssuperstore-shopify/atc-sticky-usman,UNPUBLISHED,shipping_dims_weight_2,YES,templates/product.discontinued.json,233
186494681404,fitnesssuperstore-shopify/atc-sticky-usman,UNPUBLISHED,list,YES,templates/product.gift_cards.json,189
186494681404,fitnesssuperstore-shopify/atc-sticky-usman,UNPUBLISHED,shipping_dims_weight_2,YES,templates/product.gift_cards.json,221
186494681404,fitnesssuperstore-shopify/atc-sticky-usman,UNPUBLISHED,list,YES,templates/product.gym-package.json,214
186494681404,fitnesssuperstore-shopify/atc-sticky-usman,UNPUBLISHED,shipping_dims_weight,YES,templates/product.gym-package.json,221
186494681404,fitnesssuperstore-shopify/atc-sticky-usman,UNPUBLISHED,list,YES,templates/product.json,188
186494681404,fitnesssuperstore-shopify/atc-sticky-usman,UNPUBLISHED,shipping_dims_weight_2,YES,templates/product.json,226
186494681404,fitnesssuperstore-shopify/atc-sticky-usman,UNPUBLISHED,list,YES,templates/product.shopify-product-option.json,188
186494681404,fitnesssuperstore-shopify/atc-sticky-usman,UNPUBLISHED,shipping_dims_weight_2,YES,templates/product.shopify-product-option.json,220
186494681404,fitnesssuperstore-shopify/atc-sticky-usman,UNPUBLISHED,list,YES,templates/product.variants-pulley.json,193
186494681404,fitnesssuperstore-shopify/atc-sticky-usman,UNPUBLISHED,shipping_dims_weight_2,YES,templates/product.variants-pulley.json,225
186494681404,fitnesssuperstore-shopify/atc-sticky-usman,UNPUBLISHED,list,YES,templates/product.variants.json,193
186494681404,fitnesssuperstore-shopify/atc-sticky-usman,UNPUBLISHED,shipping_dims_weight_2,YES,templates/product.variants.json,225
186911424828,fitnesssuperstore-shopify/below-fold-content,UNPUBLISHED,shipping_dims_weight_2,YES,sections/extra-info.liquid,424
186911424828,fitnesssuperstore-shopify/below-fold-content,UNPUBLISHED,list,YES,templates/product.boost-test.json,183
186911424828,fitnesssuperstore-shopify/below-fold-content,UNPUBLISHED,shipping_dims_weight_2,YES,templates/product.boost-test.json,221
186911424828,fitnesssuperstore-shopify/below-fold-content,UNPUBLISHED,list,YES,templates/product.byo-rig.json,182
186911424828,fitnesssuperstore-shopify/below-fold-content,UNPUBLISHED,shipping_dims_weight_2,YES,templates/product.byo-rig.json,189
186911424828,fitnesssuperstore-shopify/below-fold-content,UNPUBLISHED,list,YES,templates/product.combined-listings.json,188
186911424828,fitnesssuperstore-shopify/below-fold-content,UNPUBLISHED,shipping_dims_weight_2,YES,templates/product.combined-listings.json,220
186911424828,fitnesssuperstore-shopify/below-fold-content,UNPUBLISHED,list,YES,templates/product.customised-product.json,197
186911424828,fitnesssuperstore-shopify/below-fold-content,UNPUBLISHED,shipping_dims_weight_2,YES,templates/product.customised-product.json,229
186911424828,fitnesssuperstore-shopify/below-fold-content,UNPUBLISHED,list,YES,templates/product.discontinued.json,194
186911424828,fitnesssuperstore-shopify/below-fold-content,UNPUBLISHED,shipping_dims_weight_2,YES,templates/product.discontinued.json,232
186911424828,fitnesssuperstore-shopify/below-fold-content,UNPUBLISHED,list,YES,templates/product.gift_cards.json,189
186911424828,fitnesssuperstore-shopify/below-fold-content,UNPUBLISHED,shipping_dims_weight_2,YES,templates/product.gift_cards.json,221
186911424828,fitnesssuperstore-shopify/below-fold-content,UNPUBLISHED,list,YES,templates/product.gym-package.json,213
186911424828,fitnesssuperstore-shopify/below-fold-content,UNPUBLISHED,shipping_dims_weight,YES,templates/product.gym-package.json,220
186911424828,fitnesssuperstore-shopify/below-fold-content,UNPUBLISHED,list,YES,templates/product.json,187
186911424828,fitnesssuperstore-shopify/below-fold-content,UNPUBLISHED,shipping_dims_weight_2,YES,templates/product.json,225
186911424828,fitnesssuperstore-shopify/below-fold-content,UNPUBLISHED,list,YES,templates/product.shopify-product-option.json,187
186911424828,fitnesssuperstore-shopify/below-fold-content,UNPUBLISHED,shipping_dims_weight_2,YES,templates/product.shopify-product-option.json,219
186911424828,fitnesssuperstore-shopify/below-fold-content,UNPUBLISHED,list,YES,templates/product.variants-pulley.json,193
186911424828,fitnesssuperstore-shopify/below-fold-content,UNPUBLISHED,shipping_dims_weight_2,YES,templates/product.variants-pulley.json,225
186911424828,fitnesssuperstore-shopify/below-fold-content,UNPUBLISHED,list,YES,templates/product.variants.json,196
186911424828,fitnesssuperstore-shopify/below-fold-content,UNPUBLISHED,shipping_dims_weight_2,YES,templates/product.variants.json,228
187505869116,fitnesssuperstore-shopify/benicia-showroom,UNPUBLISHED,shipping_dims_weight_2,YES,sections/extra-info.liquid,437
187505869116,fitnesssuperstore-shopify/benicia-showroom,UNPUBLISHED,list,YES,templates/product.boost-test.json,183
187505869116,fitnesssuperstore-shopify/benicia-showroom,UNPUBLISHED,shipping_dims_weight_2,YES,templates/product.boost-test.json,221
187505869116,fitnesssuperstore-shopify/benicia-showroom,UNPUBLISHED,list,YES,templates/product.byo-rig.json,182
187505869116,fitnesssuperstore-shopify/benicia-showroom,UNPUBLISHED,shipping_dims_weight_2,YES,templates/product.byo-rig.json,189
187505869116,fitnesssuperstore-shopify/benicia-showroom,UNPUBLISHED,list,YES,templates/product.combined-listings.json,188
187505869116,fitnesssuperstore-shopify/benicia-showroom,UNPUBLISHED,shipping_dims_weight_2,YES,templates/product.combined-listings.json,220
187505869116,fitnesssuperstore-shopify/benicia-showroom,UNPUBLISHED,list,YES,templates/product.customised-product.json,192
187505869116,fitnesssuperstore-shopify/benicia-showroom,UNPUBLISHED,shipping_dims_weight_2,YES,templates/product.customised-product.json,224
187505869116,fitnesssuperstore-shopify/benicia-showroom,UNPUBLISHED,list,YES,templates/product.discontinued.json,194
187505869116,fitnesssuperstore-shopify/benicia-showroom,UNPUBLISHED,shipping_dims_weight_2,YES,templates/product.discontinued.json,232
187505869116,fitnesssuperstore-shopify/benicia-showroom,UNPUBLISHED,list,YES,templates/product.gift_cards.json,184
187505869116,fitnesssuperstore-shopify/benicia-showroom,UNPUBLISHED,shipping_dims_weight_2,YES,templates/product.gift_cards.json,216
187505869116,fitnesssuperstore-shopify/benicia-showroom,UNPUBLISHED,list,YES,templates/product.gym-package.json,208
187505869116,fitnesssuperstore-shopify/benicia-showroom,UNPUBLISHED,shipping_dims_weight,YES,templates/product.gym-package.json,215
187505869116,fitnesssuperstore-shopify/benicia-showroom,UNPUBLISHED,list,YES,templates/product.json,182
187505869116,fitnesssuperstore-shopify/benicia-showroom,UNPUBLISHED,shipping_dims_weight_2,YES,templates/product.json,220
187505869116,fitnesssuperstore-shopify/benicia-showroom,UNPUBLISHED,list,YES,templates/product.shopify-product-option.json,187
187505869116,fitnesssuperstore-shopify/benicia-showroom,UNPUBLISHED,shipping_dims_weight_2,YES,templates/product.shopify-product-option.json,219
187505869116,fitnesssuperstore-shopify/benicia-showroom,UNPUBLISHED,list,YES,templates/product.variants-pulley.json,188
187505869116,fitnesssuperstore-shopify/benicia-showroom,UNPUBLISHED,shipping_dims_weight_2,YES,templates/product.variants-pulley.json,220
187505869116,fitnesssuperstore-shopify/benicia-showroom,UNPUBLISHED,list,YES,templates/product.variants.json,191
187505869116,fitnesssuperstore-shopify/benicia-showroom,UNPUBLISHED,shipping_dims_weight_2,YES,templates/product.variants.json,223
187554169148,fitnesssuperstore-shopify/claude/ab-test-traine...,UNPUBLISHED,shipping_dims_weight_2,YES,sections/extra-info.liquid,437
187554169148,fitnesssuperstore-shopify/claude/ab-test-traine...,UNPUBLISHED,list,YES,templates/product.boost-test.json,183
187554169148,fitnesssuperstore-shopify/claude/ab-test-traine...,UNPUBLISHED,shipping_dims_weight_2,YES,templates/product.boost-test.json,221
187554169148,fitnesssuperstore-shopify/claude/ab-test-traine...,UNPUBLISHED,list,YES,templates/product.byo-rig.json,182
187554169148,fitnesssuperstore-shopify/claude/ab-test-traine...,UNPUBLISHED,shipping_dims_weight_2,YES,templates/product.byo-rig.json,189
187554169148,fitnesssuperstore-shopify/claude/ab-test-traine...,UNPUBLISHED,list,YES,templates/product.combined-listings.json,188
187554169148,fitnesssuperstore-shopify/claude/ab-test-traine...,UNPUBLISHED,shipping_dims_weight_2,YES,templates/product.combined-listings.json,220
187554169148,fitnesssuperstore-shopify/claude/ab-test-traine...,UNPUBLISHED,list,YES,templates/product.customised-product.json,192
187554169148,fitnesssuperstore-shopify/claude/ab-test-traine...,UNPUBLISHED,shipping_dims_weight_2,YES,templates/product.customised-product.json,224
187554169148,fitnesssuperstore-shopify/claude/ab-test-traine...,UNPUBLISHED,list,YES,templates/product.discontinued.json,194
187554169148,fitnesssuperstore-shopify/claude/ab-test-traine...,UNPUBLISHED,shipping_dims_weight_2,YES,templates/product.discontinued.json,232
187554169148,fitnesssuperstore-shopify/claude/ab-test-traine...,UNPUBLISHED,list,YES,templates/product.gift_cards.json,184
187554169148,fitnesssuperstore-shopify/claude/ab-test-traine...,UNPUBLISHED,shipping_dims_weight_2,YES,templates/product.gift_cards.json,216
187554169148,fitnesssuperstore-shopify/claude/ab-test-traine...,UNPUBLISHED,list,YES,templates/product.gym-package.json,208
187554169148,fitnesssuperstore-shopify/claude/ab-test-traine...,UNPUBLISHED,shipping_dims_weight,YES,templates/product.gym-package.json,215
187554169148,fitnesssuperstore-shopify/claude/ab-test-traine...,UNPUBLISHED,list,YES,templates/product.json,182
187554169148,fitnesssuperstore-shopify/claude/ab-test-traine...,UNPUBLISHED,shipping_dims_weight_2,YES,templates/product.json,220
187554169148,fitnesssuperstore-shopify/claude/ab-test-traine...,UNPUBLISHED,list,YES,templates/product.shopify-product-option.json,187
187554169148,fitnesssuperstore-shopify/claude/ab-test-traine...,UNPUBLISHED,shipping_dims_weight_2,YES,templates/product.shopify-product-option.json,219
187554169148,fitnesssuperstore-shopify/claude/ab-test-traine...,UNPUBLISHED,list,YES,templates/product.variants-pulley.json,188
187554169148,fitnesssuperstore-shopify/claude/ab-test-traine...,UNPUBLISHED,shipping_dims_weight_2,YES,templates/product.variants-pulley.json,220
187554169148,fitnesssuperstore-shopify/claude/ab-test-traine...,UNPUBLISHED,list,YES,templates/product.variants.json,191
187554169148,fitnesssuperstore-shopify/claude/ab-test-traine...,UNPUBLISHED,shipping_dims_weight_2,YES,templates/product.variants.json,223
187940143420,fitnesssuperstore-shopify/claude/ai-notices-ema...,UNPUBLISHED,shipping_dims_weight_2,YES,sections/extra-info.liquid,437
187940143420,fitnesssuperstore-shopify/claude/ai-notices-ema...,UNPUBLISHED,list,YES,templates/product.boost-test.json,183
187940143420,fitnesssuperstore-shopify/claude/ai-notices-ema...,UNPUBLISHED,shipping_dims_weight_2,YES,templates/product.boost-test.json,221
187940143420,fitnesssuperstore-shopify/claude/ai-notices-ema...,UNPUBLISHED,list,YES,templates/product.byo-rig.json,182
187940143420,fitnesssuperstore-shopify/claude/ai-notices-ema...,UNPUBLISHED,shipping_dims_weight_2,YES,templates/product.byo-rig.json,189
187940143420,fitnesssuperstore-shopify/claude/ai-notices-ema...,UNPUBLISHED,list,YES,templates/product.combined-listings.json,188
187940143420,fitnesssuperstore-shopify/claude/ai-notices-ema...,UNPUBLISHED,shipping_dims_weight_2,YES,templates/product.combined-listings.json,220
187940143420,fitnesssuperstore-shopify/claude/ai-notices-ema...,UNPUBLISHED,list,YES,templates/product.customised-product.json,192
187940143420,fitnesssuperstore-shopify/claude/ai-notices-ema...,UNPUBLISHED,shipping_dims_weight_2,YES,templates/product.customised-product.json,224
187940143420,fitnesssuperstore-shopify/claude/ai-notices-ema...,UNPUBLISHED,list,YES,templates/product.discontinued.json,194
187940143420,fitnesssuperstore-shopify/claude/ai-notices-ema...,UNPUBLISHED,shipping_dims_weight_2,YES,templates/product.discontinued.json,232
187940143420,fitnesssuperstore-shopify/claude/ai-notices-ema...,UNPUBLISHED,list,YES,templates/product.gift_cards.json,184
187940143420,fitnesssuperstore-shopify/claude/ai-notices-ema...,UNPUBLISHED,shipping_dims_weight_2,YES,templates/product.gift_cards.json,216
187940143420,fitnesssuperstore-shopify/claude/ai-notices-ema...,UNPUBLISHED,list,YES,templates/product.gym-package.json,208
187940143420,fitnesssuperstore-shopify/claude/ai-notices-ema...,UNPUBLISHED,shipping_dims_weight,YES,templates/product.gym-package.json,215
187940143420,fitnesssuperstore-shopify/claude/ai-notices-ema...,UNPUBLISHED,list,YES,templates/product.json,182
187940143420,fitnesssuperstore-shopify/claude/ai-notices-ema...,UNPUBLISHED,shipping_dims_weight_2,YES,templates/product.json,220
187940143420,fitnesssuperstore-shopify/claude/ai-notices-ema...,UNPUBLISHED,list,YES,templates/product.shopify-product-option.json,187
187940143420,fitnesssuperstore-shopify/claude/ai-notices-ema...,UNPUBLISHED,shipping_dims_weight_2,YES,templates/product.shopify-product-option.json,219
187940143420,fitnesssuperstore-shopify/claude/ai-notices-ema...,UNPUBLISHED,list,YES,templates/product.variants-pulley.json,188
187940143420,fitnesssuperstore-shopify/claude/ai-notices-ema...,UNPUBLISHED,shipping_dims_weight_2,YES,templates/product.variants-pulley.json,220
187940143420,fitnesssuperstore-shopify/claude/ai-notices-ema...,UNPUBLISHED,list,YES,templates/product.variants.json,191
187940143420,fitnesssuperstore-shopify/claude/ai-notices-ema...,UNPUBLISHED,shipping_dims_weight_2,YES,templates/product.variants.json,223
188015313212,fitnesssuperstore-shopify/claude/blog-closeout-...,UNPUBLISHED,shipping_dims_weight_2,YES,sections/extra-info.liquid,437
188015313212,fitnesssuperstore-shopify/claude/blog-closeout-...,UNPUBLISHED,list,YES,templates/product.boost-test.json,183
188015313212,fitnesssuperstore-shopify/claude/blog-closeout-...,UNPUBLISHED,shipping_dims_weight_2,YES,templates/product.boost-test.json,221
188015313212,fitnesssuperstore-shopify/claude/blog-closeout-...,UNPUBLISHED,list,YES,templates/product.byo-rig.json,182
188015313212,fitnesssuperstore-shopify/claude/blog-closeout-...,UNPUBLISHED,shipping_dims_weight_2,YES,templates/product.byo-rig.json,189
188015313212,fitnesssuperstore-shopify/claude/blog-closeout-...,UNPUBLISHED,list,YES,templates/product.combined-listings.json,188
188015313212,fitnesssuperstore-shopify/claude/blog-closeout-...,UNPUBLISHED,shipping_dims_weight_2,YES,templates/product.combined-listings.json,220
188015313212,fitnesssuperstore-shopify/claude/blog-closeout-...,UNPUBLISHED,list,YES,templates/product.customised-product.json,192
188015313212,fitnesssuperstore-shopify/claude/blog-closeout-...,UNPUBLISHED,shipping_dims_weight_2,YES,templates/product.customised-product.json,224
188015313212,fitnesssuperstore-shopify/claude/blog-closeout-...,UNPUBLISHED,list,YES,templates/product.discontinued.json,194
188015313212,fitnesssuperstore-shopify/claude/blog-closeout-...,UNPUBLISHED,shipping_dims_weight_2,YES,templates/product.discontinued.json,232
188015313212,fitnesssuperstore-shopify/claude/blog-closeout-...,UNPUBLISHED,list,YES,templates/product.gift_cards.json,184
188015313212,fitnesssuperstore-shopify/claude/blog-closeout-...,UNPUBLISHED,shipping_dims_weight_2,YES,templates/product.gift_cards.json,216
188015313212,fitnesssuperstore-shopify/claude/blog-closeout-...,UNPUBLISHED,list,YES,templates/product.gym-package.json,208
188015313212,fitnesssuperstore-shopify/claude/blog-closeout-...,UNPUBLISHED,shipping_dims_weight,YES,templates/product.gym-package.json,215
188015313212,fitnesssuperstore-shopify/claude/blog-closeout-...,UNPUBLISHED,list,YES,templates/product.json,182
188015313212,fitnesssuperstore-shopify/claude/blog-closeout-...,UNPUBLISHED,shipping_dims_weight_2,YES,templates/product.json,220
188015313212,fitnesssuperstore-shopify/claude/blog-closeout-...,UNPUBLISHED,list,YES,templates/product.shopify-product-option.json,187
188015313212,fitnesssuperstore-shopify/claude/blog-closeout-...,UNPUBLISHED,shipping_dims_weight_2,YES,templates/product.shopify-product-option.json,219
188015313212,fitnesssuperstore-shopify/claude/blog-closeout-...,UNPUBLISHED,list,YES,templates/product.variants-pulley.json,188
188015313212,fitnesssuperstore-shopify/claude/blog-closeout-...,UNPUBLISHED,shipping_dims_weight_2,YES,templates/product.variants-pulley.json,220
188015313212,fitnesssuperstore-shopify/claude/blog-closeout-...,UNPUBLISHED,list,YES,templates/product.variants.json,191
188015313212,fitnesssuperstore-shopify/claude/blog-closeout-...,UNPUBLISHED,shipping_dims_weight_2,YES,templates/product.variants.json,223
187600437564,fitnesssuperstore-shopify/claude/build-your-own...,UNPUBLISHED,shipping_dims_weight_2,YES,sections/extra-info.liquid,437
187600437564,fitnesssuperstore-shopify/claude/build-your-own...,UNPUBLISHED,list,YES,templates/product.boost-test.json,183
187600437564,fitnesssuperstore-shopify/claude/build-your-own...,UNPUBLISHED,shipping_dims_weight_2,YES,templates/product.boost-test.json,221
187600437564,fitnesssuperstore-shopify/claude/build-your-own...,UNPUBLISHED,list,YES,templates/product.byo-rig.json,205
187600437564,fitnesssuperstore-shopify/claude/build-your-own...,UNPUBLISHED,shipping_dims_weight_2,YES,templates/product.byo-rig.json,212
187600437564,fitnesssuperstore-shopify/claude/build-your-own...,UNPUBLISHED,list,YES,templates/product.combined-listings.json,188
187600437564,fitnesssuperstore-shopify/claude/build-your-own...,UNPUBLISHED,shipping_dims_weight_2,YES,templates/product.combined-listings.json,220
187600437564,fitnesssuperstore-shopify/claude/build-your-own...,UNPUBLISHED,list,YES,templates/product.customised-product.json,192
187600437564,fitnesssuperstore-shopify/claude/build-your-own...,UNPUBLISHED,shipping_dims_weight_2,YES,templates/product.customised-product.json,224
187600437564,fitnesssuperstore-shopify/claude/build-your-own...,UNPUBLISHED,list,YES,templates/product.discontinued.json,194
187600437564,fitnesssuperstore-shopify/claude/build-your-own...,UNPUBLISHED,shipping_dims_weight_2,YES,templates/product.discontinued.json,232
187600437564,fitnesssuperstore-shopify/claude/build-your-own...,UNPUBLISHED,list,YES,templates/product.gift_cards.json,184
187600437564,fitnesssuperstore-shopify/claude/build-your-own...,UNPUBLISHED,shipping_dims_weight_2,YES,templates/product.gift_cards.json,216
187600437564,fitnesssuperstore-shopify/claude/build-your-own...,UNPUBLISHED,list,YES,templates/product.gym-package.json,208
187600437564,fitnesssuperstore-shopify/claude/build-your-own...,UNPUBLISHED,shipping_dims_weight,YES,templates/product.gym-package.json,215
187600437564,fitnesssuperstore-shopify/claude/build-your-own...,UNPUBLISHED,list,YES,templates/product.json,182
187600437564,fitnesssuperstore-shopify/claude/build-your-own...,UNPUBLISHED,shipping_dims_weight_2,YES,templates/product.json,220
187600437564,fitnesssuperstore-shopify/claude/build-your-own...,UNPUBLISHED,list,YES,templates/product.shopify-product-option.json,187
187600437564,fitnesssuperstore-shopify/claude/build-your-own...,UNPUBLISHED,shipping_dims_weight_2,YES,templates/product.shopify-product-option.json,219
187600437564,fitnesssuperstore-shopify/claude/build-your-own...,UNPUBLISHED,list,YES,templates/product.variants-pulley.json,188
187600437564,fitnesssuperstore-shopify/claude/build-your-own...,UNPUBLISHED,shipping_dims_weight_2,YES,templates/product.variants-pulley.json,220
187600437564,fitnesssuperstore-shopify/claude/build-your-own...,UNPUBLISHED,list,YES,templates/product.variants.json,191
187600437564,fitnesssuperstore-shopify/claude/build-your-own...,UNPUBLISHED,shipping_dims_weight_2,YES,templates/product.variants.json,223
187691401532,fitnesssuperstore-shopify/claude/core-web-vital...,UNPUBLISHED,shipping_dims_weight_2,YES,sections/extra-info.liquid,437
187691401532,fitnesssuperstore-shopify/claude/core-web-vital...,UNPUBLISHED,list,YES,templates/product.boost-test.json,183
187691401532,fitnesssuperstore-shopify/claude/core-web-vital...,UNPUBLISHED,shipping_dims_weight_2,YES,templates/product.boost-test.json,221
187691401532,fitnesssuperstore-shopify/claude/core-web-vital...,UNPUBLISHED,list,YES,templates/product.byo-rig.json,182
187691401532,fitnesssuperstore-shopify/claude/core-web-vital...,UNPUBLISHED,shipping_dims_weight_2,YES,templates/product.byo-rig.json,189
187691401532,fitnesssuperstore-shopify/claude/core-web-vital...,UNPUBLISHED,list,YES,templates/product.combined-listings.json,188
187691401532,fitnesssuperstore-shopify/claude/core-web-vital...,UNPUBLISHED,shipping_dims_weight_2,YES,templates/product.combined-listings.json,220
187691401532,fitnesssuperstore-shopify/claude/core-web-vital...,UNPUBLISHED,list,YES,templates/product.customised-product.json,192
187691401532,fitnesssuperstore-shopify/claude/core-web-vital...,UNPUBLISHED,shipping_dims_weight_2,YES,templates/product.customised-product.json,224
187691401532,fitnesssuperstore-shopify/claude/core-web-vital...,UNPUBLISHED,list,YES,templates/product.discontinued.json,194
187691401532,fitnesssuperstore-shopify/claude/core-web-vital...,UNPUBLISHED,shipping_dims_weight_2,YES,templates/product.discontinued.json,232
187691401532,fitnesssuperstore-shopify/claude/core-web-vital...,UNPUBLISHED,list,YES,templates/product.gift_cards.json,184
187691401532,fitnesssuperstore-shopify/claude/core-web-vital...,UNPUBLISHED,shipping_dims_weight_2,YES,templates/product.gift_cards.json,216
187691401532,fitnesssuperstore-shopify/claude/core-web-vital...,UNPUBLISHED,list,YES,templates/product.gym-package.json,208
187691401532,fitnesssuperstore-shopify/claude/core-web-vital...,UNPUBLISHED,shipping_dims_weight,YES,templates/product.gym-package.json,215
187691401532,fitnesssuperstore-shopify/claude/core-web-vital...,UNPUBLISHED,list,YES,templates/product.json,182
187691401532,fitnesssuperstore-shopify/claude/core-web-vital...,UNPUBLISHED,shipping_dims_weight_2,YES,templates/product.json,220
187691401532,fitnesssuperstore-shopify/claude/core-web-vital...,UNPUBLISHED,list,YES,templates/product.shopify-product-option.json,187
187691401532,fitnesssuperstore-shopify/claude/core-web-vital...,UNPUBLISHED,shipping_dims_weight_2,YES,templates/product.shopify-product-option.json,219
187691401532,fitnesssuperstore-shopify/claude/core-web-vital...,UNPUBLISHED,list,YES,templates/product.variants-pulley.json,188
187691401532,fitnesssuperstore-shopify/claude/core-web-vital...,UNPUBLISHED,shipping_dims_weight_2,YES,templates/product.variants-pulley.json,220
187691401532,fitnesssuperstore-shopify/claude/core-web-vital...,UNPUBLISHED,list,YES,templates/product.variants.json,191
187691401532,fitnesssuperstore-shopify/claude/core-web-vital...,UNPUBLISHED,shipping_dims_weight_2,YES,templates/product.variants.json,223
187745763644,fitnesssuperstore-shopify/claude/free-shipping-...,UNPUBLISHED,shipping_dims_weight_2,YES,sections/extra-info.liquid,424
187745763644,fitnesssuperstore-shopify/claude/free-shipping-...,UNPUBLISHED,list,YES,templates/product.boost-test.json,183
187745763644,fitnesssuperstore-shopify/claude/free-shipping-...,UNPUBLISHED,shipping_dims_weight_2,YES,templates/product.boost-test.json,221
187745763644,fitnesssuperstore-shopify/claude/free-shipping-...,UNPUBLISHED,list,YES,templates/product.byo-rig.json,182
187745763644,fitnesssuperstore-shopify/claude/free-shipping-...,UNPUBLISHED,shipping_dims_weight_2,YES,templates/product.byo-rig.json,189
187745763644,fitnesssuperstore-shopify/claude/free-shipping-...,UNPUBLISHED,list,YES,templates/product.combined-listings.json,188
187745763644,fitnesssuperstore-shopify/claude/free-shipping-...,UNPUBLISHED,shipping_dims_weight_2,YES,templates/product.combined-listings.json,220
187745763644,fitnesssuperstore-shopify/claude/free-shipping-...,UNPUBLISHED,list,YES,templates/product.customised-product.json,192
187745763644,fitnesssuperstore-shopify/claude/free-shipping-...,UNPUBLISHED,shipping_dims_weight_2,YES,templates/product.customised-product.json,224
187745763644,fitnesssuperstore-shopify/claude/free-shipping-...,UNPUBLISHED,list,YES,templates/product.discontinued.json,194
187745763644,fitnesssuperstore-shopify/claude/free-shipping-...,UNPUBLISHED,shipping_dims_weight_2,YES,templates/product.discontinued.json,232
187745763644,fitnesssuperstore-shopify/claude/free-shipping-...,UNPUBLISHED,list,YES,templates/product.gift_cards.json,184
187745763644,fitnesssuperstore-shopify/claude/free-shipping-...,UNPUBLISHED,shipping_dims_weight_2,YES,templates/product.gift_cards.json,216
187745763644,fitnesssuperstore-shopify/claude/free-shipping-...,UNPUBLISHED,list,YES,templates/product.gym-package.json,208
187745763644,fitnesssuperstore-shopify/claude/free-shipping-...,UNPUBLISHED,shipping_dims_weight,YES,templates/product.gym-package.json,215
187745763644,fitnesssuperstore-shopify/claude/free-shipping-...,UNPUBLISHED,list,YES,templates/product.json,182
187745763644,fitnesssuperstore-shopify/claude/free-shipping-...,UNPUBLISHED,shipping_dims_weight_2,YES,templates/product.json,220
187745763644,fitnesssuperstore-shopify/claude/free-shipping-...,UNPUBLISHED,list,YES,templates/product.shopify-product-option.json,187
187745763644,fitnesssuperstore-shopify/claude/free-shipping-...,UNPUBLISHED,shipping_dims_weight_2,YES,templates/product.shopify-product-option.json,219
187745763644,fitnesssuperstore-shopify/claude/free-shipping-...,UNPUBLISHED,list,YES,templates/product.variants-pulley.json,188
187745763644,fitnesssuperstore-shopify/claude/free-shipping-...,UNPUBLISHED,shipping_dims_weight_2,YES,templates/product.variants-pulley.json,220
187745763644,fitnesssuperstore-shopify/claude/free-shipping-...,UNPUBLISHED,list,YES,templates/product.variants.json,191
187745763644,fitnesssuperstore-shopify/claude/free-shipping-...,UNPUBLISHED,shipping_dims_weight_2,YES,templates/product.variants.json,223
188014231868,fitnesssuperstore-shopify/claude/labor-day-sale...,UNPUBLISHED,shipping_dims_weight_2,YES,sections/extra-info.liquid,437
188072853820,fitnesssuperstore-shopify/claude/labor-day-sale...,UNPUBLISHED,shipping_dims_weight_2,YES,sections/extra-info.liquid,437
188072853820,fitnesssuperstore-shopify/claude/labor-day-sale...,UNPUBLISHED,list,YES,templates/product.boost-test.json,180
188014231868,fitnesssuperstore-shopify/claude/labor-day-sale...,UNPUBLISHED,list,YES,templates/product.boost-test.json,183
188072853820,fitnesssuperstore-shopify/claude/labor-day-sale...,UNPUBLISHED,shipping_dims_weight_2,YES,templates/product.boost-test.json,218
188014231868,fitnesssuperstore-shopify/claude/labor-day-sale...,UNPUBLISHED,shipping_dims_weight_2,YES,templates/product.boost-test.json,221
188014231868,fitnesssuperstore-shopify/claude/labor-day-sale...,UNPUBLISHED,list,YES,templates/product.byo-rig.json,182
188072853820,fitnesssuperstore-shopify/claude/labor-day-sale...,UNPUBLISHED,list,YES,templates/product.byo-rig.json,182
188014231868,fitnesssuperstore-shopify/claude/labor-day-sale...,UNPUBLISHED,shipping_dims_weight_2,YES,templates/product.byo-rig.json,189
188072853820,fitnesssuperstore-shopify/claude/labor-day-sale...,UNPUBLISHED,shipping_dims_weight_2,YES,templates/product.byo-rig.json,189
188014231868,fitnesssuperstore-shopify/claude/labor-day-sale...,UNPUBLISHED,list,YES,templates/product.combined-listings.json,188
188072853820,fitnesssuperstore-shopify/claude/labor-day-sale...,UNPUBLISHED,list,YES,templates/product.combined-listings.json,188
188014231868,fitnesssuperstore-shopify/claude/labor-day-sale...,UNPUBLISHED,shipping_dims_weight_2,YES,templates/product.combined-listings.json,220
188072853820,fitnesssuperstore-shopify/claude/labor-day-sale...,UNPUBLISHED,shipping_dims_weight_2,YES,templates/product.combined-listings.json,220
188072853820,fitnesssuperstore-shopify/claude/labor-day-sale...,UNPUBLISHED,list,YES,templates/product.customised-product.json,189
188014231868,fitnesssuperstore-shopify/claude/labor-day-sale...,UNPUBLISHED,list,YES,templates/product.customised-product.json,192
188072853820,fitnesssuperstore-shopify/claude/labor-day-sale...,UNPUBLISHED,shipping_dims_weight_2,YES,templates/product.customised-product.json,221
188014231868,fitnesssuperstore-shopify/claude/labor-day-sale...,UNPUBLISHED,shipping_dims_weight_2,YES,templates/product.customised-product.json,224
188014231868,fitnesssuperstore-shopify/claude/labor-day-sale...,UNPUBLISHED,list,YES,templates/product.discontinued.json,194
188072853820,fitnesssuperstore-shopify/claude/labor-day-sale...,UNPUBLISHED,list,YES,templates/product.discontinued.json,194
188014231868,fitnesssuperstore-shopify/claude/labor-day-sale...,UNPUBLISHED,shipping_dims_weight_2,YES,templates/product.discontinued.json,232
188072853820,fitnesssuperstore-shopify/claude/labor-day-sale...,UNPUBLISHED,shipping_dims_weight_2,YES,templates/product.discontinued.json,232
188014231868,fitnesssuperstore-shopify/claude/labor-day-sale...,UNPUBLISHED,list,YES,templates/product.gift_cards.json,184
188072853820,fitnesssuperstore-shopify/claude/labor-day-sale...,UNPUBLISHED,list,YES,templates/product.gift_cards.json,184
188014231868,fitnesssuperstore-shopify/claude/labor-day-sale...,UNPUBLISHED,shipping_dims_weight_2,YES,templates/product.gift_cards.json,216
188072853820,fitnesssuperstore-shopify/claude/labor-day-sale...,UNPUBLISHED,shipping_dims_weight_2,YES,templates/product.gift_cards.json,216
188072853820,fitnesssuperstore-shopify/claude/labor-day-sale...,UNPUBLISHED,list,YES,templates/product.gym-package.json,205
188014231868,fitnesssuperstore-shopify/claude/labor-day-sale...,UNPUBLISHED,list,YES,templates/product.gym-package.json,208
188072853820,fitnesssuperstore-shopify/claude/labor-day-sale...,UNPUBLISHED,shipping_dims_weight,YES,templates/product.gym-package.json,212
188014231868,fitnesssuperstore-shopify/claude/labor-day-sale...,UNPUBLISHED,shipping_dims_weight,YES,templates/product.gym-package.json,215
188014231868,fitnesssuperstore-shopify/claude/labor-day-sale...,UNPUBLISHED,list,YES,templates/product.json,182
188072853820,fitnesssuperstore-shopify/claude/labor-day-sale...,UNPUBLISHED,list,YES,templates/product.json,182
188014231868,fitnesssuperstore-shopify/claude/labor-day-sale...,UNPUBLISHED,shipping_dims_weight_2,YES,templates/product.json,220
188072853820,fitnesssuperstore-shopify/claude/labor-day-sale...,UNPUBLISHED,shipping_dims_weight_2,YES,templates/product.json,220
188014231868,fitnesssuperstore-shopify/claude/labor-day-sale...,UNPUBLISHED,list,YES,templates/product.shopify-product-option.json,187
188072853820,fitnesssuperstore-shopify/claude/labor-day-sale...,UNPUBLISHED,list,YES,templates/product.shopify-product-option.json,187
188014231868,fitnesssuperstore-shopify/claude/labor-day-sale...,UNPUBLISHED,shipping_dims_weight_2,YES,templates/product.shopify-product-option.json,219
188072853820,fitnesssuperstore-shopify/claude/labor-day-sale...,UNPUBLISHED,shipping_dims_weight_2,YES,templates/product.shopify-product-option.json,219
188014231868,fitnesssuperstore-shopify/claude/labor-day-sale...,UNPUBLISHED,list,YES,templates/product.variants-pulley.json,188
188072853820,fitnesssuperstore-shopify/claude/labor-day-sale...,UNPUBLISHED,list,YES,templates/product.variants-pulley.json,188
188014231868,fitnesssuperstore-shopify/claude/labor-day-sale...,UNPUBLISHED,shipping_dims_weight_2,YES,templates/product.variants-pulley.json,220
188072853820,fitnesssuperstore-shopify/claude/labor-day-sale...,UNPUBLISHED,shipping_dims_weight_2,YES,templates/product.variants-pulley.json,220
188014231868,fitnesssuperstore-shopify/claude/labor-day-sale...,UNPUBLISHED,list,YES,templates/product.variants.json,191
188072853820,fitnesssuperstore-shopify/claude/labor-day-sale...,UNPUBLISHED,list,YES,templates/product.variants.json,191
188014231868,fitnesssuperstore-shopify/claude/labor-day-sale...,UNPUBLISHED,shipping_dims_weight_2,YES,templates/product.variants.json,223
188072853820,fitnesssuperstore-shopify/claude/labor-day-sale...,UNPUBLISHED,shipping_dims_weight_2,YES,templates/product.variants.json,223
187685404988,fitnesssuperstore-shopify/claude/mobile-home-pa...,UNPUBLISHED,shipping_dims_weight_2,YES,sections/extra-info.liquid,437
187685404988,fitnesssuperstore-shopify/claude/mobile-home-pa...,UNPUBLISHED,list,YES,templates/product.boost-test.json,183
187685404988,fitnesssuperstore-shopify/claude/mobile-home-pa...,UNPUBLISHED,shipping_dims_weight_2,YES,templates/product.boost-test.json,221
187685404988,fitnesssuperstore-shopify/claude/mobile-home-pa...,UNPUBLISHED,list,YES,templates/product.byo-rig.json,182
187685404988,fitnesssuperstore-shopify/claude/mobile-home-pa...,UNPUBLISHED,shipping_dims_weight_2,YES,templates/product.byo-rig.json,189
187685404988,fitnesssuperstore-shopify/claude/mobile-home-pa...,UNPUBLISHED,list,YES,templates/product.combined-listings.json,188
187685404988,fitnesssuperstore-shopify/claude/mobile-home-pa...,UNPUBLISHED,shipping_dims_weight_2,YES,templates/product.combined-listings.json,220
187685404988,fitnesssuperstore-shopify/claude/mobile-home-pa...,UNPUBLISHED,list,YES,templates/product.customised-product.json,192
187685404988,fitnesssuperstore-shopify/claude/mobile-home-pa...,UNPUBLISHED,shipping_dims_weight_2,YES,templates/product.customised-product.json,224
187685404988,fitnesssuperstore-shopify/claude/mobile-home-pa...,UNPUBLISHED,list,YES,templates/product.discontinued.json,194
187685404988,fitnesssuperstore-shopify/claude/mobile-home-pa...,UNPUBLISHED,shipping_dims_weight_2,YES,templates/product.discontinued.json,232
187685404988,fitnesssuperstore-shopify/claude/mobile-home-pa...,UNPUBLISHED,list,YES,templates/product.gift_cards.json,184
187685404988,fitnesssuperstore-shopify/claude/mobile-home-pa...,UNPUBLISHED,shipping_dims_weight_2,YES,templates/product.gift_cards.json,216
187685404988,fitnesssuperstore-shopify/claude/mobile-home-pa...,UNPUBLISHED,list,YES,templates/product.gym-package.json,208
187685404988,fitnesssuperstore-shopify/claude/mobile-home-pa...,UNPUBLISHED,shipping_dims_weight,YES,templates/product.gym-package.json,215
187685404988,fitnesssuperstore-shopify/claude/mobile-home-pa...,UNPUBLISHED,list,YES,templates/product.json,182
187685404988,fitnesssuperstore-shopify/claude/mobile-home-pa...,UNPUBLISHED,shipping_dims_weight_2,YES,templates/product.json,220
187685404988,fitnesssuperstore-shopify/claude/mobile-home-pa...,UNPUBLISHED,list,YES,templates/product.shopify-product-option.json,187
187685404988,fitnesssuperstore-shopify/claude/mobile-home-pa...,UNPUBLISHED,shipping_dims_weight_2,YES,templates/product.shopify-product-option.json,219
187685404988,fitnesssuperstore-shopify/claude/mobile-home-pa...,UNPUBLISHED,list,YES,templates/product.variants-pulley.json,188
187685404988,fitnesssuperstore-shopify/claude/mobile-home-pa...,UNPUBLISHED,shipping_dims_weight_2,YES,templates/product.variants-pulley.json,220
187685404988,fitnesssuperstore-shopify/claude/mobile-home-pa...,UNPUBLISHED,list,YES,templates/product.variants.json,191
187685404988,fitnesssuperstore-shopify/claude/mobile-home-pa...,UNPUBLISHED,shipping_dims_weight_2,YES,templates/product.variants.json,223
187731542332,fitnesssuperstore-shopify/claude/pagespeed-724-...,UNPUBLISHED,shipping_dims_weight_2,YES,sections/extra-info.liquid,437
187731542332,fitnesssuperstore-shopify/claude/pagespeed-724-...,UNPUBLISHED,list,YES,templates/product.boost-test.json,183
187731542332,fitnesssuperstore-shopify/claude/pagespeed-724-...,UNPUBLISHED,shipping_dims_weight_2,YES,templates/product.boost-test.json,221
187731542332,fitnesssuperstore-shopify/claude/pagespeed-724-...,UNPUBLISHED,list,YES,templates/product.byo-rig.json,182
187731542332,fitnesssuperstore-shopify/claude/pagespeed-724-...,UNPUBLISHED,shipping_dims_weight_2,YES,templates/product.byo-rig.json,189
187731542332,fitnesssuperstore-shopify/claude/pagespeed-724-...,UNPUBLISHED,list,YES,templates/product.combined-listings.json,188
187731542332,fitnesssuperstore-shopify/claude/pagespeed-724-...,UNPUBLISHED,shipping_dims_weight_2,YES,templates/product.combined-listings.json,220
187731542332,fitnesssuperstore-shopify/claude/pagespeed-724-...,UNPUBLISHED,list,YES,templates/product.customised-product.json,192
187731542332,fitnesssuperstore-shopify/claude/pagespeed-724-...,UNPUBLISHED,shipping_dims_weight_2,YES,templates/product.customised-product.json,224
187731542332,fitnesssuperstore-shopify/claude/pagespeed-724-...,UNPUBLISHED,list,YES,templates/product.discontinued.json,194
187731542332,fitnesssuperstore-shopify/claude/pagespeed-724-...,UNPUBLISHED,shipping_dims_weight_2,YES,templates/product.discontinued.json,232
187731542332,fitnesssuperstore-shopify/claude/pagespeed-724-...,UNPUBLISHED,list,YES,templates/product.gift_cards.json,184
187731542332,fitnesssuperstore-shopify/claude/pagespeed-724-...,UNPUBLISHED,shipping_dims_weight_2,YES,templates/product.gift_cards.json,216
187731542332,fitnesssuperstore-shopify/claude/pagespeed-724-...,UNPUBLISHED,list,YES,templates/product.gym-package.json,208
187731542332,fitnesssuperstore-shopify/claude/pagespeed-724-...,UNPUBLISHED,shipping_dims_weight,YES,templates/product.gym-package.json,215
187731542332,fitnesssuperstore-shopify/claude/pagespeed-724-...,UNPUBLISHED,list,YES,templates/product.json,182
187731542332,fitnesssuperstore-shopify/claude/pagespeed-724-...,UNPUBLISHED,shipping_dims_weight_2,YES,templates/product.json,220
187731542332,fitnesssuperstore-shopify/claude/pagespeed-724-...,UNPUBLISHED,list,YES,templates/product.shopify-product-option.json,187
187731542332,fitnesssuperstore-shopify/claude/pagespeed-724-...,UNPUBLISHED,shipping_dims_weight_2,YES,templates/product.shopify-product-option.json,219
187731542332,fitnesssuperstore-shopify/claude/pagespeed-724-...,UNPUBLISHED,list,YES,templates/product.variants-pulley.json,188
187731542332,fitnesssuperstore-shopify/claude/pagespeed-724-...,UNPUBLISHED,shipping_dims_weight_2,YES,templates/product.variants-pulley.json,220
187731542332,fitnesssuperstore-shopify/claude/pagespeed-724-...,UNPUBLISHED,list,YES,templates/product.variants.json,191
187731542332,fitnesssuperstore-shopify/claude/pagespeed-724-...,UNPUBLISHED,shipping_dims_weight_2,YES,templates/product.variants.json,223
187691925820,fitnesssuperstore-shopify/claude/paypal-shopify...,UNPUBLISHED,shipping_dims_weight_2,YES,sections/extra-info.liquid,437
187691925820,fitnesssuperstore-shopify/claude/paypal-shopify...,UNPUBLISHED,list,YES,templates/product.boost-test.json,183
187691925820,fitnesssuperstore-shopify/claude/paypal-shopify...,UNPUBLISHED,shipping_dims_weight_2,YES,templates/product.boost-test.json,221
187691925820,fitnesssuperstore-shopify/claude/paypal-shopify...,UNPUBLISHED,list,YES,templates/product.byo-rig.json,182
187691925820,fitnesssuperstore-shopify/claude/paypal-shopify...,UNPUBLISHED,shipping_dims_weight_2,YES,templates/product.byo-rig.json,189
187691925820,fitnesssuperstore-shopify/claude/paypal-shopify...,UNPUBLISHED,list,YES,templates/product.combined-listings.json,188
187691925820,fitnesssuperstore-shopify/claude/paypal-shopify...,UNPUBLISHED,shipping_dims_weight_2,YES,templates/product.combined-listings.json,220
187691925820,fitnesssuperstore-shopify/claude/paypal-shopify...,UNPUBLISHED,list,YES,templates/product.customised-product.json,192
187691925820,fitnesssuperstore-shopify/claude/paypal-shopify...,UNPUBLISHED,shipping_dims_weight_2,YES,templates/product.customised-product.json,224
187691925820,fitnesssuperstore-shopify/claude/paypal-shopify...,UNPUBLISHED,list,YES,templates/product.discontinued.json,194
187691925820,fitnesssuperstore-shopify/claude/paypal-shopify...,UNPUBLISHED,shipping_dims_weight_2,YES,templates/product.discontinued.json,232
187691925820,fitnesssuperstore-shopify/claude/paypal-shopify...,UNPUBLISHED,list,YES,templates/product.gift_cards.json,184
187691925820,fitnesssuperstore-shopify/claude/paypal-shopify...,UNPUBLISHED,shipping_dims_weight_2,YES,templates/product.gift_cards.json,216
187691925820,fitnesssuperstore-shopify/claude/paypal-shopify...,UNPUBLISHED,list,YES,templates/product.gym-package.json,208
187691925820,fitnesssuperstore-shopify/claude/paypal-shopify...,UNPUBLISHED,shipping_dims_weight,YES,templates/product.gym-package.json,215
187691925820,fitnesssuperstore-shopify/claude/paypal-shopify...,UNPUBLISHED,list,YES,templates/product.json,182
187691925820,fitnesssuperstore-shopify/claude/paypal-shopify...,UNPUBLISHED,shipping_dims_weight_2,YES,templates/product.json,220
187691925820,fitnesssuperstore-shopify/claude/paypal-shopify...,UNPUBLISHED,list,YES,templates/product.shopify-product-option.json,187
187691925820,fitnesssuperstore-shopify/claude/paypal-shopify...,UNPUBLISHED,shipping_dims_weight_2,YES,templates/product.shopify-product-option.json,219
187691925820,fitnesssuperstore-shopify/claude/paypal-shopify...,UNPUBLISHED,list,YES,templates/product.variants-pulley.json,188
187691925820,fitnesssuperstore-shopify/claude/paypal-shopify...,UNPUBLISHED,shipping_dims_weight_2,YES,templates/product.variants-pulley.json,220
187691925820,fitnesssuperstore-shopify/claude/paypal-shopify...,UNPUBLISHED,list,YES,templates/product.variants.json,191
187691925820,fitnesssuperstore-shopify/claude/paypal-shopify...,UNPUBLISHED,shipping_dims_weight_2,YES,templates/product.variants.json,223
186202128700,fitnesssuperstore-shopify/compare-price-usman,UNPUBLISHED,shipping_dims_weight_2,YES,sections/extra-info.liquid,437
186202128700,fitnesssuperstore-shopify/compare-price-usman,UNPUBLISHED,list,YES,templates/product.boost-test.json,183
186202128700,fitnesssuperstore-shopify/compare-price-usman,UNPUBLISHED,shipping_dims_weight_2,YES,templates/product.boost-test.json,221
186202128700,fitnesssuperstore-shopify/compare-price-usman,UNPUBLISHED,list,YES,templates/product.byo-rig.json,182
186202128700,fitnesssuperstore-shopify/compare-price-usman,UNPUBLISHED,shipping_dims_weight_2,YES,templates/product.byo-rig.json,189
186202128700,fitnesssuperstore-shopify/compare-price-usman,UNPUBLISHED,list,YES,templates/product.combined-listings.json,188
186202128700,fitnesssuperstore-shopify/compare-price-usman,UNPUBLISHED,shipping_dims_weight_2,YES,templates/product.combined-listings.json,220
186202128700,fitnesssuperstore-shopify/compare-price-usman,UNPUBLISHED,list,YES,templates/product.customised-product.json,192
186202128700,fitnesssuperstore-shopify/compare-price-usman,UNPUBLISHED,shipping_dims_weight_2,YES,templates/product.customised-product.json,224
186202128700,fitnesssuperstore-shopify/compare-price-usman,UNPUBLISHED,list,YES,templates/product.discontinued.json,194
186202128700,fitnesssuperstore-shopify/compare-price-usman,UNPUBLISHED,shipping_dims_weight_2,YES,templates/product.discontinued.json,232
186202128700,fitnesssuperstore-shopify/compare-price-usman,UNPUBLISHED,list,YES,templates/product.gift_cards.json,184
186202128700,fitnesssuperstore-shopify/compare-price-usman,UNPUBLISHED,shipping_dims_weight_2,YES,templates/product.gift_cards.json,216
186202128700,fitnesssuperstore-shopify/compare-price-usman,UNPUBLISHED,list,YES,templates/product.gym-package.json,208
186202128700,fitnesssuperstore-shopify/compare-price-usman,UNPUBLISHED,shipping_dims_weight,YES,templates/product.gym-package.json,215
186202128700,fitnesssuperstore-shopify/compare-price-usman,UNPUBLISHED,list,YES,templates/product.json,182
186202128700,fitnesssuperstore-shopify/compare-price-usman,UNPUBLISHED,shipping_dims_weight_2,YES,templates/product.json,220
186202128700,fitnesssuperstore-shopify/compare-price-usman,UNPUBLISHED,list,YES,templates/product.shopify-product-option.json,187
186202128700,fitnesssuperstore-shopify/compare-price-usman,UNPUBLISHED,shipping_dims_weight_2,YES,templates/product.shopify-product-option.json,219
186202128700,fitnesssuperstore-shopify/compare-price-usman,UNPUBLISHED,list,YES,templates/product.variants-pulley.json,188
186202128700,fitnesssuperstore-shopify/compare-price-usman,UNPUBLISHED,shipping_dims_weight_2,YES,templates/product.variants-pulley.json,220
186202128700,fitnesssuperstore-shopify/compare-price-usman,UNPUBLISHED,list,YES,templates/product.variants.json,191
186202128700,fitnesssuperstore-shopify/compare-price-usman,UNPUBLISHED,shipping_dims_weight_2,YES,templates/product.variants.json,223
187505934652,fitnesssuperstore-shopify/control-a-mobile-base...,UNPUBLISHED,shipping_dims_weight_2,YES,sections/extra-info.liquid,437
187505934652,fitnesssuperstore-shopify/control-a-mobile-base...,UNPUBLISHED,list,YES,templates/product.boost-test.json,183
187505934652,fitnesssuperstore-shopify/control-a-mobile-base...,UNPUBLISHED,shipping_dims_weight_2,YES,templates/product.boost-test.json,221
187505934652,fitnesssuperstore-shopify/control-a-mobile-base...,UNPUBLISHED,list,YES,templates/product.byo-rig.json,182
187505934652,fitnesssuperstore-shopify/control-a-mobile-base...,UNPUBLISHED,shipping_dims_weight_2,YES,templates/product.byo-rig.json,189
187505934652,fitnesssuperstore-shopify/control-a-mobile-base...,UNPUBLISHED,list,YES,templates/product.combined-listings.json,188
187505934652,fitnesssuperstore-shopify/control-a-mobile-base...,UNPUBLISHED,shipping_dims_weight_2,YES,templates/product.combined-listings.json,220
187505934652,fitnesssuperstore-shopify/control-a-mobile-base...,UNPUBLISHED,list,YES,templates/product.customised-product.json,192
187505934652,fitnesssuperstore-shopify/control-a-mobile-base...,UNPUBLISHED,shipping_dims_weight_2,YES,templates/product.customised-product.json,224
187505934652,fitnesssuperstore-shopify/control-a-mobile-base...,UNPUBLISHED,list,YES,templates/product.discontinued.json,194
187505934652,fitnesssuperstore-shopify/control-a-mobile-base...,UNPUBLISHED,shipping_dims_weight_2,YES,templates/product.discontinued.json,232
187505934652,fitnesssuperstore-shopify/control-a-mobile-base...,UNPUBLISHED,list,YES,templates/product.gift_cards.json,184
187505934652,fitnesssuperstore-shopify/control-a-mobile-base...,UNPUBLISHED,shipping_dims_weight_2,YES,templates/product.gift_cards.json,216
187505934652,fitnesssuperstore-shopify/control-a-mobile-base...,UNPUBLISHED,list,YES,templates/product.gym-package.json,208
187505934652,fitnesssuperstore-shopify/control-a-mobile-base...,UNPUBLISHED,shipping_dims_weight,YES,templates/product.gym-package.json,215
187505934652,fitnesssuperstore-shopify/control-a-mobile-base...,UNPUBLISHED,list,YES,templates/product.json,182
187505934652,fitnesssuperstore-shopify/control-a-mobile-base...,UNPUBLISHED,shipping_dims_weight_2,YES,templates/product.json,220
187505934652,fitnesssuperstore-shopify/control-a-mobile-base...,UNPUBLISHED,list,YES,templates/product.shopify-product-option.json,187
187505934652,fitnesssuperstore-shopify/control-a-mobile-base...,UNPUBLISHED,shipping_dims_weight_2,YES,templates/product.shopify-product-option.json,219
187505934652,fitnesssuperstore-shopify/control-a-mobile-base...,UNPUBLISHED,list,YES,templates/product.variants-pulley.json,188
187505934652,fitnesssuperstore-shopify/control-a-mobile-base...,UNPUBLISHED,shipping_dims_weight_2,YES,templates/product.variants-pulley.json,220
187505934652,fitnesssuperstore-shopify/control-a-mobile-base...,UNPUBLISHED,list,YES,templates/product.variants.json,191
187505934652,fitnesssuperstore-shopify/control-a-mobile-base...,UNPUBLISHED,shipping_dims_weight_2,YES,templates/product.variants.json,223
187242119484,fitnesssuperstore-shopify/desktop-ab-test-28jul,UNPUBLISHED,shipping_dims_weight_2,YES,sections/extra-info.liquid,437
187242119484,fitnesssuperstore-shopify/desktop-ab-test-28jul,UNPUBLISHED,list,YES,templates/product.boost-test.json,183
187242119484,fitnesssuperstore-shopify/desktop-ab-test-28jul,UNPUBLISHED,shipping_dims_weight_2,YES,templates/product.boost-test.json,221
187242119484,fitnesssuperstore-shopify/desktop-ab-test-28jul,UNPUBLISHED,list,YES,templates/product.byo-rig.json,182
187242119484,fitnesssuperstore-shopify/desktop-ab-test-28jul,UNPUBLISHED,shipping_dims_weight_2,YES,templates/product.byo-rig.json,189
187242119484,fitnesssuperstore-shopify/desktop-ab-test-28jul,UNPUBLISHED,list,YES,templates/product.combined-listings.json,188
187242119484,fitnesssuperstore-shopify/desktop-ab-test-28jul,UNPUBLISHED,shipping_dims_weight_2,YES,templates/product.combined-listings.json,220
187242119484,fitnesssuperstore-shopify/desktop-ab-test-28jul,UNPUBLISHED,list,YES,templates/product.customised-product.json,192
187242119484,fitnesssuperstore-shopify/desktop-ab-test-28jul,UNPUBLISHED,shipping_dims_weight_2,YES,templates/product.customised-product.json,224
187242119484,fitnesssuperstore-shopify/desktop-ab-test-28jul,UNPUBLISHED,list,YES,templates/product.discontinued.json,194
187242119484,fitnesssuperstore-shopify/desktop-ab-test-28jul,UNPUBLISHED,shipping_dims_weight_2,YES,templates/product.discontinued.json,232
187242119484,fitnesssuperstore-shopify/desktop-ab-test-28jul,UNPUBLISHED,list,YES,templates/product.gift_cards.json,184
187242119484,fitnesssuperstore-shopify/desktop-ab-test-28jul,UNPUBLISHED,shipping_dims_weight_2,YES,templates/product.gift_cards.json,216
187242119484,fitnesssuperstore-shopify/desktop-ab-test-28jul,UNPUBLISHED,list,YES,templates/product.gym-package.json,208
187242119484,fitnesssuperstore-shopify/desktop-ab-test-28jul,UNPUBLISHED,shipping_dims_weight,YES,templates/product.gym-package.json,215
187242119484,fitnesssuperstore-shopify/desktop-ab-test-28jul,UNPUBLISHED,list,YES,templates/product.json,182
187242119484,fitnesssuperstore-shopify/desktop-ab-test-28jul,UNPUBLISHED,shipping_dims_weight_2,YES,templates/product.json,220
187242119484,fitnesssuperstore-shopify/desktop-ab-test-28jul,UNPUBLISHED,list,YES,templates/product.shopify-product-option.json,187
187242119484,fitnesssuperstore-shopify/desktop-ab-test-28jul,UNPUBLISHED,shipping_dims_weight_2,YES,templates/product.shopify-product-option.json,219
187242119484,fitnesssuperstore-shopify/desktop-ab-test-28jul,UNPUBLISHED,list,YES,templates/product.variants-pulley.json,188
187242119484,fitnesssuperstore-shopify/desktop-ab-test-28jul,UNPUBLISHED,shipping_dims_weight_2,YES,templates/product.variants-pulley.json,220
187242119484,fitnesssuperstore-shopify/desktop-ab-test-28jul,UNPUBLISHED,list,YES,templates/product.variants.json,191
187242119484,fitnesssuperstore-shopify/desktop-ab-test-28jul,UNPUBLISHED,shipping_dims_weight_2,YES,templates/product.variants.json,223
187440431420,fitnesssuperstore-shopify/desktop-homepage-ab-t...,UNPUBLISHED,shipping_dims_weight_2,YES,sections/extra-info.liquid,437
187440431420,fitnesssuperstore-shopify/desktop-homepage-ab-t...,UNPUBLISHED,list,YES,templates/product.boost-test.json,183
187440431420,fitnesssuperstore-shopify/desktop-homepage-ab-t...,UNPUBLISHED,shipping_dims_weight_2,YES,templates/product.boost-test.json,221
187440431420,fitnesssuperstore-shopify/desktop-homepage-ab-t...,UNPUBLISHED,list,YES,templates/product.byo-rig.json,182
187440431420,fitnesssuperstore-shopify/desktop-homepage-ab-t...,UNPUBLISHED,shipping_dims_weight_2,YES,templates/product.byo-rig.json,189
187440431420,fitnesssuperstore-shopify/desktop-homepage-ab-t...,UNPUBLISHED,list,YES,templates/product.combined-listings.json,188
187440431420,fitnesssuperstore-shopify/desktop-homepage-ab-t...,UNPUBLISHED,shipping_dims_weight_2,YES,templates/product.combined-listings.json,220
187440431420,fitnesssuperstore-shopify/desktop-homepage-ab-t...,UNPUBLISHED,list,YES,templates/product.customised-product.json,192
187440431420,fitnesssuperstore-shopify/desktop-homepage-ab-t...,UNPUBLISHED,shipping_dims_weight_2,YES,templates/product.customised-product.json,224
187440431420,fitnesssuperstore-shopify/desktop-homepage-ab-t...,UNPUBLISHED,list,YES,templates/product.discontinued.json,194
187440431420,fitnesssuperstore-shopify/desktop-homepage-ab-t...,UNPUBLISHED,shipping_dims_weight_2,YES,templates/product.discontinued.json,232
187440431420,fitnesssuperstore-shopify/desktop-homepage-ab-t...,UNPUBLISHED,list,YES,templates/product.gift_cards.json,184
187440431420,fitnesssuperstore-shopify/desktop-homepage-ab-t...,UNPUBLISHED,shipping_dims_weight_2,YES,templates/product.gift_cards.json,216
187440431420,fitnesssuperstore-shopify/desktop-homepage-ab-t...,UNPUBLISHED,list,YES,templates/product.gym-package.json,208
187440431420,fitnesssuperstore-shopify/desktop-homepage-ab-t...,UNPUBLISHED,shipping_dims_weight,YES,templates/product.gym-package.json,215
187440431420,fitnesssuperstore-shopify/desktop-homepage-ab-t...,UNPUBLISHED,list,YES,templates/product.json,182
187440431420,fitnesssuperstore-shopify/desktop-homepage-ab-t...,UNPUBLISHED,shipping_dims_weight_2,YES,templates/product.json,220
187440431420,fitnesssuperstore-shopify/desktop-homepage-ab-t...,UNPUBLISHED,list,YES,templates/product.shopify-product-option.json,187
187440431420,fitnesssuperstore-shopify/desktop-homepage-ab-t...,UNPUBLISHED,shipping_dims_weight_2,YES,templates/product.shopify-product-option.json,219
187440431420,fitnesssuperstore-shopify/desktop-homepage-ab-t...,UNPUBLISHED,list,YES,templates/product.variants-pulley.json,188
187440431420,fitnesssuperstore-shopify/desktop-homepage-ab-t...,UNPUBLISHED,shipping_dims_weight_2,YES,templates/product.variants-pulley.json,220
187440431420,fitnesssuperstore-shopify/desktop-homepage-ab-t...,UNPUBLISHED,list,YES,templates/product.variants.json,191
187440431420,fitnesssuperstore-shopify/desktop-homepage-ab-t...,UNPUBLISHED,shipping_dims_weight_2,YES,templates/product.variants.json,223
186442973500,fitnesssuperstore-shopify/external-tfr-yusra,UNPUBLISHED,shipping_dims_weight_2,YES,sections/extra-info.liquid,707
186442973500,fitnesssuperstore-shopify/external-tfr-yusra,UNPUBLISHED,list,YES,templates/product.boost-test.json,183
186442973500,fitnesssuperstore-shopify/external-tfr-yusra,UNPUBLISHED,shipping_dims_weight_2,YES,templates/product.boost-test.json,221
186442973500,fitnesssuperstore-shopify/external-tfr-yusra,UNPUBLISHED,list,YES,templates/product.byo-rig.json,182
186442973500,fitnesssuperstore-shopify/external-tfr-yusra,UNPUBLISHED,shipping_dims_weight_2,YES,templates/product.byo-rig.json,189
186442973500,fitnesssuperstore-shopify/external-tfr-yusra,UNPUBLISHED,list,YES,templates/product.combined-listings.json,188
186442973500,fitnesssuperstore-shopify/external-tfr-yusra,UNPUBLISHED,shipping_dims_weight_2,YES,templates/product.combined-listings.json,220
186442973500,fitnesssuperstore-shopify/external-tfr-yusra,UNPUBLISHED,list,YES,templates/product.customised-product.json,197
186442973500,fitnesssuperstore-shopify/external-tfr-yusra,UNPUBLISHED,shipping_dims_weight_2,YES,templates/product.customised-product.json,229
186442973500,fitnesssuperstore-shopify/external-tfr-yusra,UNPUBLISHED,list,YES,templates/product.discontinued.json,194
186442973500,fitnesssuperstore-shopify/external-tfr-yusra,UNPUBLISHED,shipping_dims_weight_2,YES,templates/product.discontinued.json,232
186442973500,fitnesssuperstore-shopify/external-tfr-yusra,UNPUBLISHED,list,YES,templates/product.gift_cards.json,189
186442973500,fitnesssuperstore-shopify/external-tfr-yusra,UNPUBLISHED,shipping_dims_weight_2,YES,templates/product.gift_cards.json,221
186442973500,fitnesssuperstore-shopify/external-tfr-yusra,UNPUBLISHED,list,YES,templates/product.gym-package.json,213
186442973500,fitnesssuperstore-shopify/external-tfr-yusra,UNPUBLISHED,shipping_dims_weight,YES,templates/product.gym-package.json,220
186442973500,fitnesssuperstore-shopify/external-tfr-yusra,UNPUBLISHED,list,YES,templates/product.json,187
186442973500,fitnesssuperstore-shopify/external-tfr-yusra,UNPUBLISHED,shipping_dims_weight_2,YES,templates/product.json,225
186442973500,fitnesssuperstore-shopify/external-tfr-yusra,UNPUBLISHED,list,YES,templates/product.shopify-product-option.json,187
186442973500,fitnesssuperstore-shopify/external-tfr-yusra,UNPUBLISHED,shipping_dims_weight_2,YES,templates/product.shopify-product-option.json,219
186442973500,fitnesssuperstore-shopify/external-tfr-yusra,UNPUBLISHED,list,YES,templates/product.variants-pulley.json,193
186442973500,fitnesssuperstore-shopify/external-tfr-yusra,UNPUBLISHED,shipping_dims_weight_2,YES,templates/product.variants-pulley.json,225
186442973500,fitnesssuperstore-shopify/external-tfr-yusra,UNPUBLISHED,list,YES,templates/product.variants.json,193
186442973500,fitnesssuperstore-shopify/external-tfr-yusra,UNPUBLISHED,shipping_dims_weight_2,YES,templates/product.variants.json,225
186654687548,fitnesssuperstore-shopify/fix-sequence-wording,UNPUBLISHED,shipping_dims_weight_2,YES,sections/extra-info.liquid,424
186654687548,fitnesssuperstore-shopify/fix-sequence-wording,UNPUBLISHED,list,YES,templates/product.boost-test.json,183
186654687548,fitnesssuperstore-shopify/fix-sequence-wording,UNPUBLISHED,shipping_dims_weight_2,YES,templates/product.boost-test.json,221
186654687548,fitnesssuperstore-shopify/fix-sequence-wording,UNPUBLISHED,list,YES,templates/product.byo-rig.json,182
186654687548,fitnesssuperstore-shopify/fix-sequence-wording,UNPUBLISHED,shipping_dims_weight_2,YES,templates/product.byo-rig.json,189
186654687548,fitnesssuperstore-shopify/fix-sequence-wording,UNPUBLISHED,list,YES,templates/product.combined-listings.json,188
186654687548,fitnesssuperstore-shopify/fix-sequence-wording,UNPUBLISHED,shipping_dims_weight_2,YES,templates/product.combined-listings.json,220
186654687548,fitnesssuperstore-shopify/fix-sequence-wording,UNPUBLISHED,list,YES,templates/product.customised-product.json,197
186654687548,fitnesssuperstore-shopify/fix-sequence-wording,UNPUBLISHED,shipping_dims_weight_2,YES,templates/product.customised-product.json,229
186654687548,fitnesssuperstore-shopify/fix-sequence-wording,UNPUBLISHED,list,YES,templates/product.discontinued.json,194
186654687548,fitnesssuperstore-shopify/fix-sequence-wording,UNPUBLISHED,shipping_dims_weight_2,YES,templates/product.discontinued.json,232
186654687548,fitnesssuperstore-shopify/fix-sequence-wording,UNPUBLISHED,list,YES,templates/product.gift_cards.json,189
186654687548,fitnesssuperstore-shopify/fix-sequence-wording,UNPUBLISHED,shipping_dims_weight_2,YES,templates/product.gift_cards.json,221
186654687548,fitnesssuperstore-shopify/fix-sequence-wording,UNPUBLISHED,list,YES,templates/product.gym-package.json,213
186654687548,fitnesssuperstore-shopify/fix-sequence-wording,UNPUBLISHED,shipping_dims_weight,YES,templates/product.gym-package.json,220
186654687548,fitnesssuperstore-shopify/fix-sequence-wording,UNPUBLISHED,list,YES,templates/product.json,187
186654687548,fitnesssuperstore-shopify/fix-sequence-wording,UNPUBLISHED,shipping_dims_weight_2,YES,templates/product.json,225
186654687548,fitnesssuperstore-shopify/fix-sequence-wording,UNPUBLISHED,list,YES,templates/product.shopify-product-option.json,187
186654687548,fitnesssuperstore-shopify/fix-sequence-wording,UNPUBLISHED,shipping_dims_weight_2,YES,templates/product.shopify-product-option.json,219
186654687548,fitnesssuperstore-shopify/fix-sequence-wording,UNPUBLISHED,list,YES,templates/product.variants-pulley.json,193
186654687548,fitnesssuperstore-shopify/fix-sequence-wording,UNPUBLISHED,shipping_dims_weight_2,YES,templates/product.variants-pulley.json,225
186654687548,fitnesssuperstore-shopify/fix-sequence-wording,UNPUBLISHED,list,YES,templates/product.variants.json,196
186654687548,fitnesssuperstore-shopify/fix-sequence-wording,UNPUBLISHED,shipping_dims_weight_2,YES,templates/product.variants.json,228
187900494140,fitnesssuperstore-shopify/fix/article-author-sc...,UNPUBLISHED,shipping_dims_weight_2,YES,sections/extra-info.liquid,437
187900494140,fitnesssuperstore-shopify/fix/article-author-sc...,UNPUBLISHED,list,YES,templates/product.boost-test.json,183
187900494140,fitnesssuperstore-shopify/fix/article-author-sc...,UNPUBLISHED,shipping_dims_weight_2,YES,templates/product.boost-test.json,221
187900494140,fitnesssuperstore-shopify/fix/article-author-sc...,UNPUBLISHED,list,YES,templates/product.byo-rig.json,182
187900494140,fitnesssuperstore-shopify/fix/article-author-sc...,UNPUBLISHED,shipping_dims_weight_2,YES,templates/product.byo-rig.json,189
187900494140,fitnesssuperstore-shopify/fix/article-author-sc...,UNPUBLISHED,list,YES,templates/product.combined-listings.json,188
187900494140,fitnesssuperstore-shopify/fix/article-author-sc...,UNPUBLISHED,shipping_dims_weight_2,YES,templates/product.combined-listings.json,220
187900494140,fitnesssuperstore-shopify/fix/article-author-sc...,UNPUBLISHED,list,YES,templates/product.customised-product.json,192
187900494140,fitnesssuperstore-shopify/fix/article-author-sc...,UNPUBLISHED,shipping_dims_weight_2,YES,templates/product.customised-product.json,224
187900494140,fitnesssuperstore-shopify/fix/article-author-sc...,UNPUBLISHED,list,YES,templates/product.discontinued.json,194
187900494140,fitnesssuperstore-shopify/fix/article-author-sc...,UNPUBLISHED,shipping_dims_weight_2,YES,templates/product.discontinued.json,232
187900494140,fitnesssuperstore-shopify/fix/article-author-sc...,UNPUBLISHED,list,YES,templates/product.gift_cards.json,184
187900494140,fitnesssuperstore-shopify/fix/article-author-sc...,UNPUBLISHED,shipping_dims_weight_2,YES,templates/product.gift_cards.json,216
187900494140,fitnesssuperstore-shopify/fix/article-author-sc...,UNPUBLISHED,list,YES,templates/product.gym-package.json,208
187900494140,fitnesssuperstore-shopify/fix/article-author-sc...,UNPUBLISHED,shipping_dims_weight,YES,templates/product.gym-package.json,215
187900494140,fitnesssuperstore-shopify/fix/article-author-sc...,UNPUBLISHED,list,YES,templates/product.json,182
187900494140,fitnesssuperstore-shopify/fix/article-author-sc...,UNPUBLISHED,shipping_dims_weight_2,YES,templates/product.json,220
187900494140,fitnesssuperstore-shopify/fix/article-author-sc...,UNPUBLISHED,list,YES,templates/product.shopify-product-option.json,187
187900494140,fitnesssuperstore-shopify/fix/article-author-sc...,UNPUBLISHED,shipping_dims_weight_2,YES,templates/product.shopify-product-option.json,219
187900494140,fitnesssuperstore-shopify/fix/article-author-sc...,UNPUBLISHED,list,YES,templates/product.variants-pulley.json,188
187900494140,fitnesssuperstore-shopify/fix/article-author-sc...,UNPUBLISHED,shipping_dims_weight_2,YES,templates/product.variants-pulley.json,220
187900494140,fitnesssuperstore-shopify/fix/article-author-sc...,UNPUBLISHED,list,YES,templates/product.variants.json,191
187900494140,fitnesssuperstore-shopify/fix/article-author-sc...,UNPUBLISHED,shipping_dims_weight_2,YES,templates/product.variants.json,223
187938046268,fitnesssuperstore-shopify/footer-mobile-order,UNPUBLISHED,shipping_dims_weight_2,YES,sections/extra-info.liquid,437
187938046268,fitnesssuperstore-shopify/footer-mobile-order,UNPUBLISHED,list,YES,templates/product.boost-test.json,183
187938046268,fitnesssuperstore-shopify/footer-mobile-order,UNPUBLISHED,shipping_dims_weight_2,YES,templates/product.boost-test.json,221
187938046268,fitnesssuperstore-shopify/footer-mobile-order,UNPUBLISHED,list,YES,templates/product.byo-rig.json,182
187938046268,fitnesssuperstore-shopify/footer-mobile-order,UNPUBLISHED,shipping_dims_weight_2,YES,templates/product.byo-rig.json,189
187938046268,fitnesssuperstore-shopify/footer-mobile-order,UNPUBLISHED,list,YES,templates/product.combined-listings.json,188
187938046268,fitnesssuperstore-shopify/footer-mobile-order,UNPUBLISHED,shipping_dims_weight_2,YES,templates/product.combined-listings.json,220
187938046268,fitnesssuperstore-shopify/footer-mobile-order,UNPUBLISHED,list,YES,templates/product.customised-product.json,192
187938046268,fitnesssuperstore-shopify/footer-mobile-order,UNPUBLISHED,shipping_dims_weight_2,YES,templates/product.customised-product.json,224
187938046268,fitnesssuperstore-shopify/footer-mobile-order,UNPUBLISHED,list,YES,templates/product.discontinued.json,194
187938046268,fitnesssuperstore-shopify/footer-mobile-order,UNPUBLISHED,shipping_dims_weight_2,YES,templates/product.discontinued.json,232
187938046268,fitnesssuperstore-shopify/footer-mobile-order,UNPUBLISHED,list,YES,templates/product.gift_cards.json,184
187938046268,fitnesssuperstore-shopify/footer-mobile-order,UNPUBLISHED,shipping_dims_weight_2,YES,templates/product.gift_cards.json,216
187938046268,fitnesssuperstore-shopify/footer-mobile-order,UNPUBLISHED,list,YES,templates/product.gym-package.json,208
187938046268,fitnesssuperstore-shopify/footer-mobile-order,UNPUBLISHED,shipping_dims_weight,YES,templates/product.gym-package.json,215
187938046268,fitnesssuperstore-shopify/footer-mobile-order,UNPUBLISHED,list,YES,templates/product.json,182
187938046268,fitnesssuperstore-shopify/footer-mobile-order,UNPUBLISHED,shipping_dims_weight_2,YES,templates/product.json,220
187938046268,fitnesssuperstore-shopify/footer-mobile-order,UNPUBLISHED,list,YES,templates/product.shopify-product-option.json,187
187938046268,fitnesssuperstore-shopify/footer-mobile-order,UNPUBLISHED,shipping_dims_weight_2,YES,templates/product.shopify-product-option.json,219
187938046268,fitnesssuperstore-shopify/footer-mobile-order,UNPUBLISHED,list,YES,templates/product.variants-pulley.json,188
187938046268,fitnesssuperstore-shopify/footer-mobile-order,UNPUBLISHED,shipping_dims_weight_2,YES,templates/product.variants-pulley.json,220
187938046268,fitnesssuperstore-shopify/footer-mobile-order,UNPUBLISHED,list,YES,templates/product.variants.json,191
187938046268,fitnesssuperstore-shopify/footer-mobile-order,UNPUBLISHED,shipping_dims_weight_2,YES,templates/product.variants.json,223
186956611900,fitnesssuperstore-shopify/functional-trainers-u...,UNPUBLISHED,shipping_dims_weight_2,YES,sections/extra-info.liquid,437
186956611900,fitnesssuperstore-shopify/functional-trainers-u...,UNPUBLISHED,list,YES,templates/product.boost-test.json,183
186956611900,fitnesssuperstore-shopify/functional-trainers-u...,UNPUBLISHED,shipping_dims_weight_2,YES,templates/product.boost-test.json,221
186956611900,fitnesssuperstore-shopify/functional-trainers-u...,UNPUBLISHED,list,YES,templates/product.byo-rig.json,182
186956611900,fitnesssuperstore-shopify/functional-trainers-u...,UNPUBLISHED,shipping_dims_weight_2,YES,templates/product.byo-rig.json,189
186956611900,fitnesssuperstore-shopify/functional-trainers-u...,UNPUBLISHED,list,YES,templates/product.combined-listings.json,188
186956611900,fitnesssuperstore-shopify/functional-trainers-u...,UNPUBLISHED,shipping_dims_weight_2,YES,templates/product.combined-listings.json,220
186956611900,fitnesssuperstore-shopify/functional-trainers-u...,UNPUBLISHED,list,YES,templates/product.customised-product.json,192
186956611900,fitnesssuperstore-shopify/functional-trainers-u...,UNPUBLISHED,shipping_dims_weight_2,YES,templates/product.customised-product.json,224
186956611900,fitnesssuperstore-shopify/functional-trainers-u...,UNPUBLISHED,list,YES,templates/product.discontinued.json,194
186956611900,fitnesssuperstore-shopify/functional-trainers-u...,UNPUBLISHED,shipping_dims_weight_2,YES,templates/product.discontinued.json,232
186956611900,fitnesssuperstore-shopify/functional-trainers-u...,UNPUBLISHED,list,YES,templates/product.gift_cards.json,184
186956611900,fitnesssuperstore-shopify/functional-trainers-u...,UNPUBLISHED,shipping_dims_weight_2,YES,templates/product.gift_cards.json,216
186956611900,fitnesssuperstore-shopify/functional-trainers-u...,UNPUBLISHED,list,YES,templates/product.gym-package.json,208
186956611900,fitnesssuperstore-shopify/functional-trainers-u...,UNPUBLISHED,shipping_dims_weight,YES,templates/product.gym-package.json,215
186956611900,fitnesssuperstore-shopify/functional-trainers-u...,UNPUBLISHED,list,YES,templates/product.json,182
186956611900,fitnesssuperstore-shopify/functional-trainers-u...,UNPUBLISHED,shipping_dims_weight_2,YES,templates/product.json,220
186956611900,fitnesssuperstore-shopify/functional-trainers-u...,UNPUBLISHED,list,YES,templates/product.shopify-product-option.json,187
186956611900,fitnesssuperstore-shopify/functional-trainers-u...,UNPUBLISHED,shipping_dims_weight_2,YES,templates/product.shopify-product-option.json,219
186956611900,fitnesssuperstore-shopify/functional-trainers-u...,UNPUBLISHED,list,YES,templates/product.variants-pulley.json,188
186956611900,fitnesssuperstore-shopify/functional-trainers-u...,UNPUBLISHED,shipping_dims_weight_2,YES,templates/product.variants-pulley.json,220
186956611900,fitnesssuperstore-shopify/functional-trainers-u...,UNPUBLISHED,list,YES,templates/product.variants.json,191
186956611900,fitnesssuperstore-shopify/functional-trainers-u...,UNPUBLISHED,shipping_dims_weight_2,YES,templates/product.variants.json,223
186251379004,fitnesssuperstore-shopify/home-gym-waqas,UNPUBLISHED,shipping_dims_weight_2,YES,sections/extra-info.liquid,712
186251379004,fitnesssuperstore-shopify/home-gym-waqas,UNPUBLISHED,list,YES,templates/product.boost-test.json,183
186251379004,fitnesssuperstore-shopify/home-gym-waqas,UNPUBLISHED,shipping_dims_weight_2,YES,templates/product.boost-test.json,221
186251379004,fitnesssuperstore-shopify/home-gym-waqas,UNPUBLISHED,list,YES,templates/product.byo-rig.json,182
186251379004,fitnesssuperstore-shopify/home-gym-waqas,UNPUBLISHED,shipping_dims_weight_2,YES,templates/product.byo-rig.json,189
186251379004,fitnesssuperstore-shopify/home-gym-waqas,UNPUBLISHED,list,YES,templates/product.combined-listings.json,188
186251379004,fitnesssuperstore-shopify/home-gym-waqas,UNPUBLISHED,shipping_dims_weight_2,YES,templates/product.combined-listings.json,220
186251379004,fitnesssuperstore-shopify/home-gym-waqas,UNPUBLISHED,list,YES,templates/product.customised-product.json,197
186251379004,fitnesssuperstore-shopify/home-gym-waqas,UNPUBLISHED,shipping_dims_weight_2,YES,templates/product.customised-product.json,229
186251379004,fitnesssuperstore-shopify/home-gym-waqas,UNPUBLISHED,list,YES,templates/product.discontinued.json,194
186251379004,fitnesssuperstore-shopify/home-gym-waqas,UNPUBLISHED,shipping_dims_weight_2,YES,templates/product.discontinued.json,232
186251379004,fitnesssuperstore-shopify/home-gym-waqas,UNPUBLISHED,list,YES,templates/product.gift_cards.json,189
186251379004,fitnesssuperstore-shopify/home-gym-waqas,UNPUBLISHED,shipping_dims_weight_2,YES,templates/product.gift_cards.json,221
186251379004,fitnesssuperstore-shopify/home-gym-waqas,UNPUBLISHED,list,YES,templates/product.gym-package.json,213
186251379004,fitnesssuperstore-shopify/home-gym-waqas,UNPUBLISHED,shipping_dims_weight,YES,templates/product.gym-package.json,220
186251379004,fitnesssuperstore-shopify/home-gym-waqas,UNPUBLISHED,list,YES,templates/product.json,187
186251379004,fitnesssuperstore-shopify/home-gym-waqas,UNPUBLISHED,shipping_dims_weight_2,YES,templates/product.json,225
186251379004,fitnesssuperstore-shopify/home-gym-waqas,UNPUBLISHED,list,YES,templates/product.shopify-product-option.json,187
186251379004,fitnesssuperstore-shopify/home-gym-waqas,UNPUBLISHED,shipping_dims_weight_2,YES,templates/product.shopify-product-option.json,219
186251379004,fitnesssuperstore-shopify/home-gym-waqas,UNPUBLISHED,list,YES,templates/product.variants.json,193
186251379004,fitnesssuperstore-shopify/home-gym-waqas,UNPUBLISHED,shipping_dims_weight_2,YES,templates/product.variants.json,225
186251444540,fitnesssuperstore-shopify/home-gym-waqas-updated,UNPUBLISHED,shipping_dims_weight_2,YES,sections/extra-info.liquid,707
186251444540,fitnesssuperstore-shopify/home-gym-waqas-updated,UNPUBLISHED,list,YES,templates/product.boost-test.json,183
186251444540,fitnesssuperstore-shopify/home-gym-waqas-updated,UNPUBLISHED,shipping_dims_weight_2,YES,templates/product.boost-test.json,221
186251444540,fitnesssuperstore-shopify/home-gym-waqas-updated,UNPUBLISHED,list,YES,templates/product.byo-rig.json,182
186251444540,fitnesssuperstore-shopify/home-gym-waqas-updated,UNPUBLISHED,shipping_dims_weight_2,YES,templates/product.byo-rig.json,189
186251444540,fitnesssuperstore-shopify/home-gym-waqas-updated,UNPUBLISHED,list,YES,templates/product.combined-listings.json,188
186251444540,fitnesssuperstore-shopify/home-gym-waqas-updated,UNPUBLISHED,shipping_dims_weight_2,YES,templates/product.combined-listings.json,220
186251444540,fitnesssuperstore-shopify/home-gym-waqas-updated,UNPUBLISHED,list,YES,templates/product.customised-product.json,197
186251444540,fitnesssuperstore-shopify/home-gym-waqas-updated,UNPUBLISHED,shipping_dims_weight_2,YES,templates/product.customised-product.json,229
186251444540,fitnesssuperstore-shopify/home-gym-waqas-updated,UNPUBLISHED,list,YES,templates/product.discontinued.json,194
186251444540,fitnesssuperstore-shopify/home-gym-waqas-updated,UNPUBLISHED,shipping_dims_weight_2,YES,templates/product.discontinued.json,232
186251444540,fitnesssuperstore-shopify/home-gym-waqas-updated,UNPUBLISHED,list,YES,templates/product.gift_cards.json,189
186251444540,fitnesssuperstore-shopify/home-gym-waqas-updated,UNPUBLISHED,shipping_dims_weight_2,YES,templates/product.gift_cards.json,221
186251444540,fitnesssuperstore-shopify/home-gym-waqas-updated,UNPUBLISHED,list,YES,templates/product.gym-package.json,213
186251444540,fitnesssuperstore-shopify/home-gym-waqas-updated,UNPUBLISHED,shipping_dims_weight,YES,templates/product.gym-package.json,220
186251444540,fitnesssuperstore-shopify/home-gym-waqas-updated,UNPUBLISHED,list,YES,templates/product.json,187
186251444540,fitnesssuperstore-shopify/home-gym-waqas-updated,UNPUBLISHED,shipping_dims_weight_2,YES,templates/product.json,225
186251444540,fitnesssuperstore-shopify/home-gym-waqas-updated,UNPUBLISHED,list,YES,templates/product.shopify-product-option.json,187
186251444540,fitnesssuperstore-shopify/home-gym-waqas-updated,UNPUBLISHED,shipping_dims_weight_2,YES,templates/product.shopify-product-option.json,219
186251444540,fitnesssuperstore-shopify/home-gym-waqas-updated,UNPUBLISHED,list,YES,templates/product.variants-pulley.json,193
186251444540,fitnesssuperstore-shopify/home-gym-waqas-updated,UNPUBLISHED,shipping_dims_weight_2,YES,templates/product.variants-pulley.json,225
186251444540,fitnesssuperstore-shopify/home-gym-waqas-updated,UNPUBLISHED,list,YES,templates/product.variants.json,193
186251444540,fitnesssuperstore-shopify/home-gym-waqas-updated,UNPUBLISHED,shipping_dims_weight_2,YES,templates/product.variants.json,225
188016099644,fitnesssuperstore-shopify/live-cart-bugs-review...,UNPUBLISHED,shipping_dims_weight_2,YES,sections/extra-info.liquid,437
188016099644,fitnesssuperstore-shopify/live-cart-bugs-review...,UNPUBLISHED,list,YES,templates/product.boost-test.json,183
188016099644,fitnesssuperstore-shopify/live-cart-bugs-review...,UNPUBLISHED,shipping_dims_weight_2,YES,templates/product.boost-test.json,221
188016099644,fitnesssuperstore-shopify/live-cart-bugs-review...,UNPUBLISHED,list,YES,templates/product.byo-rig.json,182
188016099644,fitnesssuperstore-shopify/live-cart-bugs-review...,UNPUBLISHED,shipping_dims_weight_2,YES,templates/product.byo-rig.json,189
188016099644,fitnesssuperstore-shopify/live-cart-bugs-review...,UNPUBLISHED,list,YES,templates/product.combined-listings.json,188
188016099644,fitnesssuperstore-shopify/live-cart-bugs-review...,UNPUBLISHED,shipping_dims_weight_2,YES,templates/product.combined-listings.json,220
188016099644,fitnesssuperstore-shopify/live-cart-bugs-review...,UNPUBLISHED,list,YES,templates/product.customised-product.json,192
188016099644,fitnesssuperstore-shopify/live-cart-bugs-review...,UNPUBLISHED,shipping_dims_weight_2,YES,templates/product.customised-product.json,224
188016099644,fitnesssuperstore-shopify/live-cart-bugs-review...,UNPUBLISHED,list,YES,templates/product.discontinued.json,194
188016099644,fitnesssuperstore-shopify/live-cart-bugs-review...,UNPUBLISHED,shipping_dims_weight_2,YES,templates/product.discontinued.json,232
188016099644,fitnesssuperstore-shopify/live-cart-bugs-review...,UNPUBLISHED,list,YES,templates/product.gift_cards.json,184
188016099644,fitnesssuperstore-shopify/live-cart-bugs-review...,UNPUBLISHED,shipping_dims_weight_2,YES,templates/product.gift_cards.json,216
188016099644,fitnesssuperstore-shopify/live-cart-bugs-review...,UNPUBLISHED,list,YES,templates/product.gym-package.json,208
188016099644,fitnesssuperstore-shopify/live-cart-bugs-review...,UNPUBLISHED,shipping_dims_weight,YES,templates/product.gym-package.json,215
188016099644,fitnesssuperstore-shopify/live-cart-bugs-review...,UNPUBLISHED,list,YES,templates/product.json,182
188016099644,fitnesssuperstore-shopify/live-cart-bugs-review...,UNPUBLISHED,shipping_dims_weight_2,YES,templates/product.json,220
188016099644,fitnesssuperstore-shopify/live-cart-bugs-review...,UNPUBLISHED,list,YES,templates/product.shopify-product-option.json,187
188016099644,fitnesssuperstore-shopify/live-cart-bugs-review...,UNPUBLISHED,shipping_dims_weight_2,YES,templates/product.shopify-product-option.json,219
188016099644,fitnesssuperstore-shopify/live-cart-bugs-review...,UNPUBLISHED,list,YES,templates/product.variants-pulley.json,188
188016099644,fitnesssuperstore-shopify/live-cart-bugs-review...,UNPUBLISHED,shipping_dims_weight_2,YES,templates/product.variants-pulley.json,220
188016099644,fitnesssuperstore-shopify/live-cart-bugs-review...,UNPUBLISHED,list,YES,templates/product.variants.json,191
188016099644,fitnesssuperstore-shopify/live-cart-bugs-review...,UNPUBLISHED,shipping_dims_weight_2,YES,templates/product.variants.json,223
186120208700,fitnesssuperstore-shopify/main,MAIN,shipping_dims_weight_2,YES,sections/extra-info.liquid,437
186120208700,fitnesssuperstore-shopify/main,MAIN,list,YES,templates/product.boost-test.json,180
186120208700,fitnesssuperstore-shopify/main,MAIN,shipping_dims_weight_2,YES,templates/product.boost-test.json,218
186120208700,fitnesssuperstore-shopify/main,MAIN,list,YES,templates/product.byo-rig.json,182
186120208700,fitnesssuperstore-shopify/main,MAIN,shipping_dims_weight_2,YES,templates/product.byo-rig.json,189
186120208700,fitnesssuperstore-shopify/main,MAIN,list,YES,templates/product.combined-listings.json,188
186120208700,fitnesssuperstore-shopify/main,MAIN,shipping_dims_weight_2,YES,templates/product.combined-listings.json,220
186120208700,fitnesssuperstore-shopify/main,MAIN,list,YES,templates/product.customised-product.json,189
186120208700,fitnesssuperstore-shopify/main,MAIN,shipping_dims_weight_2,YES,templates/product.customised-product.json,221
186120208700,fitnesssuperstore-shopify/main,MAIN,list,YES,templates/product.discontinued.json,194
186120208700,fitnesssuperstore-shopify/main,MAIN,shipping_dims_weight_2,YES,templates/product.discontinued.json,232
186120208700,fitnesssuperstore-shopify/main,MAIN,list,YES,templates/product.gift_cards.json,184
186120208700,fitnesssuperstore-shopify/main,MAIN,shipping_dims_weight_2,YES,templates/product.gift_cards.json,216
186120208700,fitnesssuperstore-shopify/main,MAIN,list,YES,templates/product.gym-package.json,205
186120208700,fitnesssuperstore-shopify/main,MAIN,shipping_dims_weight,YES,templates/product.gym-package.json,212
186120208700,fitnesssuperstore-shopify/main,MAIN,list,YES,templates/product.json,182
186120208700,fitnesssuperstore-shopify/main,MAIN,shipping_dims_weight_2,YES,templates/product.json,220
186120208700,fitnesssuperstore-shopify/main,MAIN,list,YES,templates/product.shopify-product-option.json,187
186120208700,fitnesssuperstore-shopify/main,MAIN,shipping_dims_weight_2,YES,templates/product.shopify-product-option.json,219
186120208700,fitnesssuperstore-shopify/main,MAIN,list,YES,templates/product.variants-pulley.json,188
186120208700,fitnesssuperstore-shopify/main,MAIN,shipping_dims_weight_2,YES,templates/product.variants-pulley.json,220
186120208700,fitnesssuperstore-shopify/main,MAIN,list,YES,templates/product.variants.json,191
186120208700,fitnesssuperstore-shopify/main,MAIN,shipping_dims_weight_2,YES,templates/product.variants.json,223
187871658300,fitnesssuperstore-shopify/megamenu-13inch-viewp...,UNPUBLISHED,shipping_dims_weight_2,YES,sections/extra-info.liquid,437
187871658300,fitnesssuperstore-shopify/megamenu-13inch-viewp...,UNPUBLISHED,list,YES,templates/product.boost-test.json,183
187871658300,fitnesssuperstore-shopify/megamenu-13inch-viewp...,UNPUBLISHED,shipping_dims_weight_2,YES,templates/product.boost-test.json,221
187871658300,fitnesssuperstore-shopify/megamenu-13inch-viewp...,UNPUBLISHED,list,YES,templates/product.byo-rig.json,182
187871658300,fitnesssuperstore-shopify/megamenu-13inch-viewp...,UNPUBLISHED,shipping_dims_weight_2,YES,templates/product.byo-rig.json,189
187871658300,fitnesssuperstore-shopify/megamenu-13inch-viewp...,UNPUBLISHED,list,YES,templates/product.combined-listings.json,188
187871658300,fitnesssuperstore-shopify/megamenu-13inch-viewp...,UNPUBLISHED,shipping_dims_weight_2,YES,templates/product.combined-listings.json,220
187871658300,fitnesssuperstore-shopify/megamenu-13inch-viewp...,UNPUBLISHED,list,YES,templates/product.customised-product.json,192
187871658300,fitnesssuperstore-shopify/megamenu-13inch-viewp...,UNPUBLISHED,shipping_dims_weight_2,YES,templates/product.customised-product.json,224
187871658300,fitnesssuperstore-shopify/megamenu-13inch-viewp...,UNPUBLISHED,list,YES,templates/product.discontinued.json,194
187871658300,fitnesssuperstore-shopify/megamenu-13inch-viewp...,UNPUBLISHED,shipping_dims_weight_2,YES,templates/product.discontinued.json,232
187871658300,fitnesssuperstore-shopify/megamenu-13inch-viewp...,UNPUBLISHED,list,YES,templates/product.gift_cards.json,184
187871658300,fitnesssuperstore-shopify/megamenu-13inch-viewp...,UNPUBLISHED,shipping_dims_weight_2,YES,templates/product.gift_cards.json,216
187871658300,fitnesssuperstore-shopify/megamenu-13inch-viewp...,UNPUBLISHED,list,YES,templates/product.gym-package.json,208
187871658300,fitnesssuperstore-shopify/megamenu-13inch-viewp...,UNPUBLISHED,shipping_dims_weight,YES,templates/product.gym-package.json,215
187871658300,fitnesssuperstore-shopify/megamenu-13inch-viewp...,UNPUBLISHED,list,YES,templates/product.json,182
187871658300,fitnesssuperstore-shopify/megamenu-13inch-viewp...,UNPUBLISHED,shipping_dims_weight_2,YES,templates/product.json,220
187871658300,fitnesssuperstore-shopify/megamenu-13inch-viewp...,UNPUBLISHED,list,YES,templates/product.shopify-product-option.json,187
187871658300,fitnesssuperstore-shopify/megamenu-13inch-viewp...,UNPUBLISHED,shipping_dims_weight_2,YES,templates/product.shopify-product-option.json,219
187871658300,fitnesssuperstore-shopify/megamenu-13inch-viewp...,UNPUBLISHED,list,YES,templates/product.variants-pulley.json,188
187871658300,fitnesssuperstore-shopify/megamenu-13inch-viewp...,UNPUBLISHED,shipping_dims_weight_2,YES,templates/product.variants-pulley.json,220
187871658300,fitnesssuperstore-shopify/megamenu-13inch-viewp...,UNPUBLISHED,list,YES,templates/product.variants.json,191
187871658300,fitnesssuperstore-shopify/megamenu-13inch-viewp...,UNPUBLISHED,shipping_dims_weight_2,YES,templates/product.variants.json,223
186379370812,fitnesssuperstore-shopify/metaobjectsContentFix,UNPUBLISHED,shipping_dims_weight_2,YES,sections/extra-info.liquid,707
186379370812,fitnesssuperstore-shopify/metaobjectsContentFix,UNPUBLISHED,list,YES,templates/product.boost-test.json,183
186379370812,fitnesssuperstore-shopify/metaobjectsContentFix,UNPUBLISHED,shipping_dims_weight_2,YES,templates/product.boost-test.json,221
186379370812,fitnesssuperstore-shopify/metaobjectsContentFix,UNPUBLISHED,list,YES,templates/product.byo-rig.json,182
186379370812,fitnesssuperstore-shopify/metaobjectsContentFix,UNPUBLISHED,shipping_dims_weight_2,YES,templates/product.byo-rig.json,189
186379370812,fitnesssuperstore-shopify/metaobjectsContentFix,UNPUBLISHED,list,YES,templates/product.combined-listings.json,188
186379370812,fitnesssuperstore-shopify/metaobjectsContentFix,UNPUBLISHED,shipping_dims_weight_2,YES,templates/product.combined-listings.json,220
186379370812,fitnesssuperstore-shopify/metaobjectsContentFix,UNPUBLISHED,list,YES,templates/product.customised-product.json,197
186379370812,fitnesssuperstore-shopify/metaobjectsContentFix,UNPUBLISHED,shipping_dims_weight_2,YES,templates/product.customised-product.json,229
186379370812,fitnesssuperstore-shopify/metaobjectsContentFix,UNPUBLISHED,list,YES,templates/product.discontinued.json,194
186379370812,fitnesssuperstore-shopify/metaobjectsContentFix,UNPUBLISHED,shipping_dims_weight_2,YES,templates/product.discontinued.json,232
186379370812,fitnesssuperstore-shopify/metaobjectsContentFix,UNPUBLISHED,list,YES,templates/product.gift_cards.json,189
186379370812,fitnesssuperstore-shopify/metaobjectsContentFix,UNPUBLISHED,shipping_dims_weight_2,YES,templates/product.gift_cards.json,221
186379370812,fitnesssuperstore-shopify/metaobjectsContentFix,UNPUBLISHED,list,YES,templates/product.gym-package.json,213
186379370812,fitnesssuperstore-shopify/metaobjectsContentFix,UNPUBLISHED,shipping_dims_weight,YES,templates/product.gym-package.json,220
186379370812,fitnesssuperstore-shopify/metaobjectsContentFix,UNPUBLISHED,list,YES,templates/product.json,187
186379370812,fitnesssuperstore-shopify/metaobjectsContentFix,UNPUBLISHED,shipping_dims_weight_2,YES,templates/product.json,225
186379370812,fitnesssuperstore-shopify/metaobjectsContentFix,UNPUBLISHED,list,YES,templates/product.shopify-product-option.json,187
186379370812,fitnesssuperstore-shopify/metaobjectsContentFix,UNPUBLISHED,shipping_dims_weight_2,YES,templates/product.shopify-product-option.json,219
186379370812,fitnesssuperstore-shopify/metaobjectsContentFix,UNPUBLISHED,list,YES,templates/product.variants-pulley.json,193
186379370812,fitnesssuperstore-shopify/metaobjectsContentFix,UNPUBLISHED,shipping_dims_weight_2,YES,templates/product.variants-pulley.json,225
186379370812,fitnesssuperstore-shopify/metaobjectsContentFix,UNPUBLISHED,list,YES,templates/product.variants.json,193
186379370812,fitnesssuperstore-shopify/metaobjectsContentFix,UNPUBLISHED,shipping_dims_weight_2,YES,templates/product.variants.json,225
187205943612,fitnesssuperstore-shopify/mobile-ab-test-24jul,UNPUBLISHED,shipping_dims_weight_2,YES,sections/extra-info.liquid,437
187205943612,fitnesssuperstore-shopify/mobile-ab-test-24jul,UNPUBLISHED,list,YES,templates/product.boost-test.json,183
187205943612,fitnesssuperstore-shopify/mobile-ab-test-24jul,UNPUBLISHED,shipping_dims_weight_2,YES,templates/product.boost-test.json,221
187205943612,fitnesssuperstore-shopify/mobile-ab-test-24jul,UNPUBLISHED,list,YES,templates/product.byo-rig.json,182
187205943612,fitnesssuperstore-shopify/mobile-ab-test-24jul,UNPUBLISHED,shipping_dims_weight_2,YES,templates/product.byo-rig.json,189
187205943612,fitnesssuperstore-shopify/mobile-ab-test-24jul,UNPUBLISHED,list,YES,templates/product.combined-listings.json,188
187205943612,fitnesssuperstore-shopify/mobile-ab-test-24jul,UNPUBLISHED,shipping_dims_weight_2,YES,templates/product.combined-listings.json,220
187205943612,fitnesssuperstore-shopify/mobile-ab-test-24jul,UNPUBLISHED,list,YES,templates/product.customised-product.json,192
187205943612,fitnesssuperstore-shopify/mobile-ab-test-24jul,UNPUBLISHED,shipping_dims_weight_2,YES,templates/product.customised-product.json,224
187205943612,fitnesssuperstore-shopify/mobile-ab-test-24jul,UNPUBLISHED,list,YES,templates/product.discontinued.json,194
187205943612,fitnesssuperstore-shopify/mobile-ab-test-24jul,UNPUBLISHED,shipping_dims_weight_2,YES,templates/product.discontinued.json,232
187205943612,fitnesssuperstore-shopify/mobile-ab-test-24jul,UNPUBLISHED,list,YES,templates/product.gift_cards.json,184
187205943612,fitnesssuperstore-shopify/mobile-ab-test-24jul,UNPUBLISHED,shipping_dims_weight_2,YES,templates/product.gift_cards.json,216
187205943612,fitnesssuperstore-shopify/mobile-ab-test-24jul,UNPUBLISHED,list,YES,templates/product.gym-package.json,208
187205943612,fitnesssuperstore-shopify/mobile-ab-test-24jul,UNPUBLISHED,shipping_dims_weight,YES,templates/product.gym-package.json,215
187205943612,fitnesssuperstore-shopify/mobile-ab-test-24jul,UNPUBLISHED,list,YES,templates/product.json,182
187205943612,fitnesssuperstore-shopify/mobile-ab-test-24jul,UNPUBLISHED,shipping_dims_weight_2,YES,templates/product.json,220
187205943612,fitnesssuperstore-shopify/mobile-ab-test-24jul,UNPUBLISHED,list,YES,templates/product.shopify-product-option.json,187
187205943612,fitnesssuperstore-shopify/mobile-ab-test-24jul,UNPUBLISHED,shipping_dims_weight_2,YES,templates/product.shopify-product-option.json,219
187205943612,fitnesssuperstore-shopify/mobile-ab-test-24jul,UNPUBLISHED,list,YES,templates/product.variants-pulley.json,188
187205943612,fitnesssuperstore-shopify/mobile-ab-test-24jul,UNPUBLISHED,shipping_dims_weight_2,YES,templates/product.variants-pulley.json,220
187205943612,fitnesssuperstore-shopify/mobile-ab-test-24jul,UNPUBLISHED,list,YES,templates/product.variants.json,191
187205943612,fitnesssuperstore-shopify/mobile-ab-test-24jul,UNPUBLISHED,shipping_dims_weight_2,YES,templates/product.variants.json,223
186120339772,fitnesssuperstore-shopify/mobile-pdp-waqas,UNPUBLISHED,shipping_dims_weight_2,YES,sections/extra-info.liquid,712
186120339772,fitnesssuperstore-shopify/mobile-pdp-waqas,UNPUBLISHED,list,YES,templates/product.boost-test.json,183
186120339772,fitnesssuperstore-shopify/mobile-pdp-waqas,UNPUBLISHED,shipping_dims_weight_2,YES,templates/product.boost-test.json,221
186120339772,fitnesssuperstore-shopify/mobile-pdp-waqas,UNPUBLISHED,list,YES,templates/product.byo-rig.json,182
186120339772,fitnesssuperstore-shopify/mobile-pdp-waqas,UNPUBLISHED,shipping_dims_weight_2,YES,templates/product.byo-rig.json,189
186120339772,fitnesssuperstore-shopify/mobile-pdp-waqas,UNPUBLISHED,list,YES,templates/product.combined-listings.json,188
186120339772,fitnesssuperstore-shopify/mobile-pdp-waqas,UNPUBLISHED,shipping_dims_weight_2,YES,templates/product.combined-listings.json,220
186120339772,fitnesssuperstore-shopify/mobile-pdp-waqas,UNPUBLISHED,list,YES,templates/product.customised-product.json,197
186120339772,fitnesssuperstore-shopify/mobile-pdp-waqas,UNPUBLISHED,shipping_dims_weight_2,YES,templates/product.customised-product.json,229
186120339772,fitnesssuperstore-shopify/mobile-pdp-waqas,UNPUBLISHED,list,YES,templates/product.discontinued.json,194
186120339772,fitnesssuperstore-shopify/mobile-pdp-waqas,UNPUBLISHED,shipping_dims_weight_2,YES,templates/product.discontinued.json,232
186120339772,fitnesssuperstore-shopify/mobile-pdp-waqas,UNPUBLISHED,list,YES,templates/product.gift_cards.json,189
186120339772,fitnesssuperstore-shopify/mobile-pdp-waqas,UNPUBLISHED,shipping_dims_weight_2,YES,templates/product.gift_cards.json,221
186120339772,fitnesssuperstore-shopify/mobile-pdp-waqas,UNPUBLISHED,list,YES,templates/product.gym-package.json,213
186120339772,fitnesssuperstore-shopify/mobile-pdp-waqas,UNPUBLISHED,shipping_dims_weight,YES,templates/product.gym-package.json,220
186120339772,fitnesssuperstore-shopify/mobile-pdp-waqas,UNPUBLISHED,list,YES,templates/product.json,187
186120339772,fitnesssuperstore-shopify/mobile-pdp-waqas,UNPUBLISHED,shipping_dims_weight_2,YES,templates/product.json,225
186120339772,fitnesssuperstore-shopify/mobile-pdp-waqas,UNPUBLISHED,list,YES,templates/product.shopify-product-option.json,187
186120339772,fitnesssuperstore-shopify/mobile-pdp-waqas,UNPUBLISHED,shipping_dims_weight_2,YES,templates/product.shopify-product-option.json,219
186120339772,fitnesssuperstore-shopify/mobile-pdp-waqas,UNPUBLISHED,list,YES,templates/product.variants.json,193
186120339772,fitnesssuperstore-shopify/mobile-pdp-waqas,UNPUBLISHED,shipping_dims_weight_2,YES,templates/product.variants.json,225
185704055100,fitnesssuperstore-shopify/new-eqpt-updated,UNPUBLISHED,shipping_dims_weight_2,YES,sections/extra-info.liquid,717
186120274236,fitnesssuperstore-shopify/new-eqpt-updated,UNPUBLISHED,shipping_dims_weight_2,YES,sections/extra-info.liquid,717
185704055100,fitnesssuperstore-shopify/new-eqpt-updated,UNPUBLISHED,list,YES,templates/product.boost-test.json,183
186120274236,fitnesssuperstore-shopify/new-eqpt-updated,UNPUBLISHED,list,YES,templates/product.boost-test.json,183
185704055100,fitnesssuperstore-shopify/new-eqpt-updated,UNPUBLISHED,shipping_dims_weight_2,YES,templates/product.boost-test.json,221
186120274236,fitnesssuperstore-shopify/new-eqpt-updated,UNPUBLISHED,shipping_dims_weight_2,YES,templates/product.boost-test.json,221
185704055100,fitnesssuperstore-shopify/new-eqpt-updated,UNPUBLISHED,list,YES,templates/product.byo-rig.json,182
186120274236,fitnesssuperstore-shopify/new-eqpt-updated,UNPUBLISHED,list,YES,templates/product.byo-rig.json,182
185704055100,fitnesssuperstore-shopify/new-eqpt-updated,UNPUBLISHED,shipping_dims_weight_2,YES,templates/product.byo-rig.json,189
186120274236,fitnesssuperstore-shopify/new-eqpt-updated,UNPUBLISHED,shipping_dims_weight_2,YES,templates/product.byo-rig.json,189
185704055100,fitnesssuperstore-shopify/new-eqpt-updated,UNPUBLISHED,list,YES,templates/product.combined-listings.json,188
186120274236,fitnesssuperstore-shopify/new-eqpt-updated,UNPUBLISHED,list,YES,templates/product.combined-listings.json,188
185704055100,fitnesssuperstore-shopify/new-eqpt-updated,UNPUBLISHED,shipping_dims_weight_2,YES,templates/product.combined-listings.json,220
186120274236,fitnesssuperstore-shopify/new-eqpt-updated,UNPUBLISHED,shipping_dims_weight_2,YES,templates/product.combined-listings.json,220
185704055100,fitnesssuperstore-shopify/new-eqpt-updated,UNPUBLISHED,list,YES,templates/product.customised-product.json,197
186120274236,fitnesssuperstore-shopify/new-eqpt-updated,UNPUBLISHED,list,YES,templates/product.customised-product.json,197
185704055100,fitnesssuperstore-shopify/new-eqpt-updated,UNPUBLISHED,shipping_dims_weight_2,YES,templates/product.customised-product.json,229
186120274236,fitnesssuperstore-shopify/new-eqpt-updated,UNPUBLISHED,shipping_dims_weight_2,YES,templates/product.customised-product.json,229
185704055100,fitnesssuperstore-shopify/new-eqpt-updated,UNPUBLISHED,list,YES,templates/product.discontinued.json,194
186120274236,fitnesssuperstore-shopify/new-eqpt-updated,UNPUBLISHED,list,YES,templates/product.discontinued.json,194
185704055100,fitnesssuperstore-shopify/new-eqpt-updated,UNPUBLISHED,shipping_dims_weight_2,YES,templates/product.discontinued.json,232
186120274236,fitnesssuperstore-shopify/new-eqpt-updated,UNPUBLISHED,shipping_dims_weight_2,YES,templates/product.discontinued.json,232
185704055100,fitnesssuperstore-shopify/new-eqpt-updated,UNPUBLISHED,list,YES,templates/product.gift_cards.json,189
186120274236,fitnesssuperstore-shopify/new-eqpt-updated,UNPUBLISHED,list,YES,templates/product.gift_cards.json,189
185704055100,fitnesssuperstore-shopify/new-eqpt-updated,UNPUBLISHED,shipping_dims_weight_2,YES,templates/product.gift_cards.json,221
186120274236,fitnesssuperstore-shopify/new-eqpt-updated,UNPUBLISHED,shipping_dims_weight_2,YES,templates/product.gift_cards.json,221
185704055100,fitnesssuperstore-shopify/new-eqpt-updated,UNPUBLISHED,list,YES,templates/product.gym-package.json,213
186120274236,fitnesssuperstore-shopify/new-eqpt-updated,UNPUBLISHED,list,YES,templates/product.gym-package.json,213
185704055100,fitnesssuperstore-shopify/new-eqpt-updated,UNPUBLISHED,shipping_dims_weight,YES,templates/product.gym-package.json,220
186120274236,fitnesssuperstore-shopify/new-eqpt-updated,UNPUBLISHED,shipping_dims_weight,YES,templates/product.gym-package.json,220
185704055100,fitnesssuperstore-shopify/new-eqpt-updated,UNPUBLISHED,list,YES,templates/product.json,187
186120274236,fitnesssuperstore-shopify/new-eqpt-updated,UNPUBLISHED,list,YES,templates/product.json,187
185704055100,fitnesssuperstore-shopify/new-eqpt-updated,UNPUBLISHED,shipping_dims_weight_2,YES,templates/product.json,225
186120274236,fitnesssuperstore-shopify/new-eqpt-updated,UNPUBLISHED,shipping_dims_weight_2,YES,templates/product.json,225
185704055100,fitnesssuperstore-shopify/new-eqpt-updated,UNPUBLISHED,list,YES,templates/product.shopify-product-option.json,187
186120274236,fitnesssuperstore-shopify/new-eqpt-updated,UNPUBLISHED,list,YES,templates/product.shopify-product-option.json,187
185704055100,fitnesssuperstore-shopify/new-eqpt-updated,UNPUBLISHED,shipping_dims_weight_2,YES,templates/product.shopify-product-option.json,219
186120274236,fitnesssuperstore-shopify/new-eqpt-updated,UNPUBLISHED,shipping_dims_weight_2,YES,templates/product.shopify-product-option.json,219
185704055100,fitnesssuperstore-shopify/new-eqpt-updated,UNPUBLISHED,list,YES,templates/product.variants.json,193
186120274236,fitnesssuperstore-shopify/new-eqpt-updated,UNPUBLISHED,list,YES,templates/product.variants.json,193
185704055100,fitnesssuperstore-shopify/new-eqpt-updated,UNPUBLISHED,shipping_dims_weight_2,YES,templates/product.variants.json,225
186120274236,fitnesssuperstore-shopify/new-eqpt-updated,UNPUBLISHED,shipping_dims_weight_2,YES,templates/product.variants.json,225
186321928508,fitnesssuperstore-shopify/new-homepage,UNPUBLISHED,shipping_dims_weight_2,YES,sections/extra-info.liquid,707
186321928508,fitnesssuperstore-shopify/new-homepage,UNPUBLISHED,list,YES,templates/product.boost-test.json,183
186321928508,fitnesssuperstore-shopify/new-homepage,UNPUBLISHED,shipping_dims_weight_2,YES,templates/product.boost-test.json,221
186321928508,fitnesssuperstore-shopify/new-homepage,UNPUBLISHED,list,YES,templates/product.byo-rig.json,182
186321928508,fitnesssuperstore-shopify/new-homepage,UNPUBLISHED,shipping_dims_weight_2,YES,templates/product.byo-rig.json,189
186321928508,fitnesssuperstore-shopify/new-homepage,UNPUBLISHED,list,YES,templates/product.combined-listings.json,188
186321928508,fitnesssuperstore-shopify/new-homepage,UNPUBLISHED,shipping_dims_weight_2,YES,templates/product.combined-listings.json,220
186321928508,fitnesssuperstore-shopify/new-homepage,UNPUBLISHED,list,YES,templates/product.customised-product.json,197
186321928508,fitnesssuperstore-shopify/new-homepage,UNPUBLISHED,shipping_dims_weight_2,YES,templates/product.customised-product.json,229
186321928508,fitnesssuperstore-shopify/new-homepage,UNPUBLISHED,list,YES,templates/product.discontinued.json,194
186321928508,fitnesssuperstore-shopify/new-homepage,UNPUBLISHED,shipping_dims_weight_2,YES,templates/product.discontinued.json,232
186321928508,fitnesssuperstore-shopify/new-homepage,UNPUBLISHED,list,YES,templates/product.gift_cards.json,189
186321928508,fitnesssuperstore-shopify/new-homepage,UNPUBLISHED,shipping_dims_weight_2,YES,templates/product.gift_cards.json,221
186321928508,fitnesssuperstore-shopify/new-homepage,UNPUBLISHED,list,YES,templates/product.gym-package.json,213
186321928508,fitnesssuperstore-shopify/new-homepage,UNPUBLISHED,shipping_dims_weight,YES,templates/product.gym-package.json,220
186321928508,fitnesssuperstore-shopify/new-homepage,UNPUBLISHED,list,YES,templates/product.json,187
186321928508,fitnesssuperstore-shopify/new-homepage,UNPUBLISHED,shipping_dims_weight_2,YES,templates/product.json,225
186321928508,fitnesssuperstore-shopify/new-homepage,UNPUBLISHED,list,YES,templates/product.shopify-product-option.json,187
186321928508,fitnesssuperstore-shopify/new-homepage,UNPUBLISHED,shipping_dims_weight_2,YES,templates/product.shopify-product-option.json,219
186321928508,fitnesssuperstore-shopify/new-homepage,UNPUBLISHED,list,YES,templates/product.variants-pulley.json,193
186321928508,fitnesssuperstore-shopify/new-homepage,UNPUBLISHED,shipping_dims_weight_2,YES,templates/product.variants-pulley.json,225
186321928508,fitnesssuperstore-shopify/new-homepage,UNPUBLISHED,list,YES,templates/product.variants.json,193
186321928508,fitnesssuperstore-shopify/new-homepage,UNPUBLISHED,shipping_dims_weight_2,YES,templates/product.variants.json,225
186400768316,fitnesssuperstore-shopify/no-left-nav-izza,UNPUBLISHED,shipping_dims_weight_2,YES,sections/extra-info.liquid,707
186400768316,fitnesssuperstore-shopify/no-left-nav-izza,UNPUBLISHED,list,YES,templates/product.boost-test.json,183
186400768316,fitnesssuperstore-shopify/no-left-nav-izza,UNPUBLISHED,shipping_dims_weight_2,YES,templates/product.boost-test.json,221
186400768316,fitnesssuperstore-shopify/no-left-nav-izza,UNPUBLISHED,list,YES,templates/product.byo-rig.json,182
186400768316,fitnesssuperstore-shopify/no-left-nav-izza,UNPUBLISHED,shipping_dims_weight_2,YES,templates/product.byo-rig.json,189
186400768316,fitnesssuperstore-shopify/no-left-nav-izza,UNPUBLISHED,list,YES,templates/product.combined-listings.json,188
186400768316,fitnesssuperstore-shopify/no-left-nav-izza,UNPUBLISHED,shipping_dims_weight_2,YES,templates/product.combined-listings.json,220
186400768316,fitnesssuperstore-shopify/no-left-nav-izza,UNPUBLISHED,list,YES,templates/product.customised-product.json,197
186400768316,fitnesssuperstore-shopify/no-left-nav-izza,UNPUBLISHED,shipping_dims_weight_2,YES,templates/product.customised-product.json,229
186400768316,fitnesssuperstore-shopify/no-left-nav-izza,UNPUBLISHED,list,YES,templates/product.discontinued.json,194
186400768316,fitnesssuperstore-shopify/no-left-nav-izza,UNPUBLISHED,shipping_dims_weight_2,YES,templates/product.discontinued.json,232
186400768316,fitnesssuperstore-shopify/no-left-nav-izza,UNPUBLISHED,list,YES,templates/product.gift_cards.json,189
186400768316,fitnesssuperstore-shopify/no-left-nav-izza,UNPUBLISHED,shipping_dims_weight_2,YES,templates/product.gift_cards.json,221
186400768316,fitnesssuperstore-shopify/no-left-nav-izza,UNPUBLISHED,list,YES,templates/product.gym-package.json,213
186400768316,fitnesssuperstore-shopify/no-left-nav-izza,UNPUBLISHED,shipping_dims_weight,YES,templates/product.gym-package.json,220
186400768316,fitnesssuperstore-shopify/no-left-nav-izza,UNPUBLISHED,list,YES,templates/product.json,187
186400768316,fitnesssuperstore-shopify/no-left-nav-izza,UNPUBLISHED,shipping_dims_weight_2,YES,templates/product.json,225
186400768316,fitnesssuperstore-shopify/no-left-nav-izza,UNPUBLISHED,list,YES,templates/product.shopify-product-option.json,187
186400768316,fitnesssuperstore-shopify/no-left-nav-izza,UNPUBLISHED,shipping_dims_weight_2,YES,templates/product.shopify-product-option.json,219
186400768316,fitnesssuperstore-shopify/no-left-nav-izza,UNPUBLISHED,list,YES,templates/product.variants-pulley.json,193
186400768316,fitnesssuperstore-shopify/no-left-nav-izza,UNPUBLISHED,shipping_dims_weight_2,YES,templates/product.variants-pulley.json,225
186400768316,fitnesssuperstore-shopify/no-left-nav-izza,UNPUBLISHED,list,YES,templates/product.variants.json,193
186400768316,fitnesssuperstore-shopify/no-left-nav-izza,UNPUBLISHED,shipping_dims_weight_2,YES,templates/product.variants.json,225
187525890364,fitnesssuperstore-shopify/package-pdp,UNPUBLISHED,shipping_dims_weight_2,YES,sections/extra-info.liquid,437
187525890364,fitnesssuperstore-shopify/package-pdp,UNPUBLISHED,list,YES,templates/product.boost-test.json,183
187525890364,fitnesssuperstore-shopify/package-pdp,UNPUBLISHED,shipping_dims_weight_2,YES,templates/product.boost-test.json,221
187525890364,fitnesssuperstore-shopify/package-pdp,UNPUBLISHED,list,YES,templates/product.byo-rig.json,182
187525890364,fitnesssuperstore-shopify/package-pdp,UNPUBLISHED,shipping_dims_weight_2,YES,templates/product.byo-rig.json,189
187525890364,fitnesssuperstore-shopify/package-pdp,UNPUBLISHED,list,YES,templates/product.combined-listings.json,188
187525890364,fitnesssuperstore-shopify/package-pdp,UNPUBLISHED,shipping_dims_weight_2,YES,templates/product.combined-listings.json,220
187525890364,fitnesssuperstore-shopify/package-pdp,UNPUBLISHED,list,YES,templates/product.customised-product.json,192
187525890364,fitnesssuperstore-shopify/package-pdp,UNPUBLISHED,shipping_dims_weight_2,YES,templates/product.customised-product.json,224
187525890364,fitnesssuperstore-shopify/package-pdp,UNPUBLISHED,list,YES,templates/product.discontinued.json,194
187525890364,fitnesssuperstore-shopify/package-pdp,UNPUBLISHED,shipping_dims_weight_2,YES,templates/product.discontinued.json,232
187525890364,fitnesssuperstore-shopify/package-pdp,UNPUBLISHED,list,YES,templates/product.gift_cards.json,184
187525890364,fitnesssuperstore-shopify/package-pdp,UNPUBLISHED,shipping_dims_weight_2,YES,templates/product.gift_cards.json,216
187525890364,fitnesssuperstore-shopify/package-pdp,UNPUBLISHED,list,YES,templates/product.gym-package.json,208
187525890364,fitnesssuperstore-shopify/package-pdp,UNPUBLISHED,shipping_dims_weight,YES,templates/product.gym-package.json,215
187525890364,fitnesssuperstore-shopify/package-pdp,UNPUBLISHED,list,YES,templates/product.json,182
187525890364,fitnesssuperstore-shopify/package-pdp,UNPUBLISHED,shipping_dims_weight_2,YES,templates/product.json,220
187525890364,fitnesssuperstore-shopify/package-pdp,UNPUBLISHED,list,YES,templates/product.shopify-product-option.json,187
187525890364,fitnesssuperstore-shopify/package-pdp,UNPUBLISHED,shipping_dims_weight_2,YES,templates/product.shopify-product-option.json,219
187525890364,fitnesssuperstore-shopify/package-pdp,UNPUBLISHED,list,YES,templates/product.variants-pulley.json,188
187525890364,fitnesssuperstore-shopify/package-pdp,UNPUBLISHED,shipping_dims_weight_2,YES,templates/product.variants-pulley.json,220
187525890364,fitnesssuperstore-shopify/package-pdp,UNPUBLISHED,list,YES,templates/product.variants.json,191
187525890364,fitnesssuperstore-shopify/package-pdp,UNPUBLISHED,shipping_dims_weight_2,YES,templates/product.variants.json,223
188032024892,fitnesssuperstore-shopify/payment-zarmina,UNPUBLISHED,shipping_dims_weight_2,YES,sections/extra-info.liquid,437
188032024892,fitnesssuperstore-shopify/payment-zarmina,UNPUBLISHED,list,YES,templates/product.boost-test.json,183
188032024892,fitnesssuperstore-shopify/payment-zarmina,UNPUBLISHED,shipping_dims_weight_2,YES,templates/product.boost-test.json,221
188032024892,fitnesssuperstore-shopify/payment-zarmina,UNPUBLISHED,list,YES,templates/product.byo-rig.json,182
188032024892,fitnesssuperstore-shopify/payment-zarmina,UNPUBLISHED,shipping_dims_weight_2,YES,templates/product.byo-rig.json,189
188032024892,fitnesssuperstore-shopify/payment-zarmina,UNPUBLISHED,list,YES,templates/product.combined-listings.json,188
188032024892,fitnesssuperstore-shopify/payment-zarmina,UNPUBLISHED,shipping_dims_weight_2,YES,templates/product.combined-listings.json,220
188032024892,fitnesssuperstore-shopify/payment-zarmina,UNPUBLISHED,list,YES,templates/product.customised-product.json,192
188032024892,fitnesssuperstore-shopify/payment-zarmina,UNPUBLISHED,shipping_dims_weight_2,YES,templates/product.customised-product.json,224
188032024892,fitnesssuperstore-shopify/payment-zarmina,UNPUBLISHED,list,YES,templates/product.discontinued.json,194
188032024892,fitnesssuperstore-shopify/payment-zarmina,UNPUBLISHED,shipping_dims_weight_2,YES,templates/product.discontinued.json,232
188032024892,fitnesssuperstore-shopify/payment-zarmina,UNPUBLISHED,list,YES,templates/product.gift_cards.json,184
188032024892,fitnesssuperstore-shopify/payment-zarmina,UNPUBLISHED,shipping_dims_weight_2,YES,templates/product.gift_cards.json,216
188032024892,fitnesssuperstore-shopify/payment-zarmina,UNPUBLISHED,list,YES,templates/product.gym-package.json,208
188032024892,fitnesssuperstore-shopify/payment-zarmina,UNPUBLISHED,shipping_dims_weight,YES,templates/product.gym-package.json,215
188032024892,fitnesssuperstore-shopify/payment-zarmina,UNPUBLISHED,list,YES,templates/product.json,182
188032024892,fitnesssuperstore-shopify/payment-zarmina,UNPUBLISHED,shipping_dims_weight_2,YES,templates/product.json,220
188032024892,fitnesssuperstore-shopify/payment-zarmina,UNPUBLISHED,list,YES,templates/product.shopify-product-option.json,187
188032024892,fitnesssuperstore-shopify/payment-zarmina,UNPUBLISHED,shipping_dims_weight_2,YES,templates/product.shopify-product-option.json,219
188032024892,fitnesssuperstore-shopify/payment-zarmina,UNPUBLISHED,list,YES,templates/product.variants-pulley.json,188
188032024892,fitnesssuperstore-shopify/payment-zarmina,UNPUBLISHED,shipping_dims_weight_2,YES,templates/product.variants-pulley.json,220
188032024892,fitnesssuperstore-shopify/payment-zarmina,UNPUBLISHED,list,YES,templates/product.variants.json,191
188032024892,fitnesssuperstore-shopify/payment-zarmina,UNPUBLISHED,shipping_dims_weight_2,YES,templates/product.variants.json,223
186953695548,fitnesssuperstore-shopify/pdp-ayyaz,UNPUBLISHED,shipping_dims_weight_2,YES,sections/extra-info.liquid,437
186953695548,fitnesssuperstore-shopify/pdp-ayyaz,UNPUBLISHED,list,YES,templates/product.boost-test.json,183
186953695548,fitnesssuperstore-shopify/pdp-ayyaz,UNPUBLISHED,shipping_dims_weight_2,YES,templates/product.boost-test.json,221
186953695548,fitnesssuperstore-shopify/pdp-ayyaz,UNPUBLISHED,list,YES,templates/product.byo-rig.json,182
186953695548,fitnesssuperstore-shopify/pdp-ayyaz,UNPUBLISHED,shipping_dims_weight_2,YES,templates/product.byo-rig.json,189
186953695548,fitnesssuperstore-shopify/pdp-ayyaz,UNPUBLISHED,list,YES,templates/product.combined-listings.json,188
186953695548,fitnesssuperstore-shopify/pdp-ayyaz,UNPUBLISHED,shipping_dims_weight_2,YES,templates/product.combined-listings.json,220
186953695548,fitnesssuperstore-shopify/pdp-ayyaz,UNPUBLISHED,list,YES,templates/product.customised-product.json,192
186953695548,fitnesssuperstore-shopify/pdp-ayyaz,UNPUBLISHED,shipping_dims_weight_2,YES,templates/product.customised-product.json,224
186953695548,fitnesssuperstore-shopify/pdp-ayyaz,UNPUBLISHED,list,YES,templates/product.discontinued.json,194
186953695548,fitnesssuperstore-shopify/pdp-ayyaz,UNPUBLISHED,shipping_dims_weight_2,YES,templates/product.discontinued.json,232
186953695548,fitnesssuperstore-shopify/pdp-ayyaz,UNPUBLISHED,list,YES,templates/product.gift_cards.json,184
186953695548,fitnesssuperstore-shopify/pdp-ayyaz,UNPUBLISHED,shipping_dims_weight_2,YES,templates/product.gift_cards.json,216
186953695548,fitnesssuperstore-shopify/pdp-ayyaz,UNPUBLISHED,list,YES,templates/product.gym-package.json,208
186953695548,fitnesssuperstore-shopify/pdp-ayyaz,UNPUBLISHED,shipping_dims_weight,YES,templates/product.gym-package.json,215
186953695548,fitnesssuperstore-shopify/pdp-ayyaz,UNPUBLISHED,list,YES,templates/product.json,182
186953695548,fitnesssuperstore-shopify/pdp-ayyaz,UNPUBLISHED,shipping_dims_weight_2,YES,templates/product.json,220
186953695548,fitnesssuperstore-shopify/pdp-ayyaz,UNPUBLISHED,list,YES,templates/product.shopify-product-option.json,187
186953695548,fitnesssuperstore-shopify/pdp-ayyaz,UNPUBLISHED,shipping_dims_weight_2,YES,templates/product.shopify-product-option.json,219
186953695548,fitnesssuperstore-shopify/pdp-ayyaz,UNPUBLISHED,list,YES,templates/product.variants-pulley.json,188
186953695548,fitnesssuperstore-shopify/pdp-ayyaz,UNPUBLISHED,shipping_dims_weight_2,YES,templates/product.variants-pulley.json,220
186953695548,fitnesssuperstore-shopify/pdp-ayyaz,UNPUBLISHED,list,YES,templates/product.variants.json,191
186953695548,fitnesssuperstore-shopify/pdp-ayyaz,UNPUBLISHED,shipping_dims_weight_2,YES,templates/product.variants.json,223
187750777148,fitnesssuperstore-shopify/pdp-ayyaz-new,UNPUBLISHED,shipping_dims_weight_2,YES,sections/extra-info.liquid,437
187750777148,fitnesssuperstore-shopify/pdp-ayyaz-new,UNPUBLISHED,list,YES,templates/product.boost-test.json,183
187750777148,fitnesssuperstore-shopify/pdp-ayyaz-new,UNPUBLISHED,shipping_dims_weight_2,YES,templates/product.boost-test.json,221
187750777148,fitnesssuperstore-shopify/pdp-ayyaz-new,UNPUBLISHED,list,YES,templates/product.byo-rig.json,182
187750777148,fitnesssuperstore-shopify/pdp-ayyaz-new,UNPUBLISHED,shipping_dims_weight_2,YES,templates/product.byo-rig.json,189
187750777148,fitnesssuperstore-shopify/pdp-ayyaz-new,UNPUBLISHED,list,YES,templates/product.combined-listings.json,188
187750777148,fitnesssuperstore-shopify/pdp-ayyaz-new,UNPUBLISHED,shipping_dims_weight_2,YES,templates/product.combined-listings.json,220
187750777148,fitnesssuperstore-shopify/pdp-ayyaz-new,UNPUBLISHED,list,YES,templates/product.customised-product.json,192
187750777148,fitnesssuperstore-shopify/pdp-ayyaz-new,UNPUBLISHED,shipping_dims_weight_2,YES,templates/product.customised-product.json,224
187750777148,fitnesssuperstore-shopify/pdp-ayyaz-new,UNPUBLISHED,list,YES,templates/product.discontinued.json,194
187750777148,fitnesssuperstore-shopify/pdp-ayyaz-new,UNPUBLISHED,shipping_dims_weight_2,YES,templates/product.discontinued.json,232
187750777148,fitnesssuperstore-shopify/pdp-ayyaz-new,UNPUBLISHED,list,YES,templates/product.gift_cards.json,184
187750777148,fitnesssuperstore-shopify/pdp-ayyaz-new,UNPUBLISHED,shipping_dims_weight_2,YES,templates/product.gift_cards.json,216
187750777148,fitnesssuperstore-shopify/pdp-ayyaz-new,UNPUBLISHED,list,YES,templates/product.gym-package.json,208
187750777148,fitnesssuperstore-shopify/pdp-ayyaz-new,UNPUBLISHED,shipping_dims_weight,YES,templates/product.gym-package.json,215
187750777148,fitnesssuperstore-shopify/pdp-ayyaz-new,UNPUBLISHED,list,YES,templates/product.json,182
187750777148,fitnesssuperstore-shopify/pdp-ayyaz-new,UNPUBLISHED,shipping_dims_weight_2,YES,templates/product.json,220
187750777148,fitnesssuperstore-shopify/pdp-ayyaz-new,UNPUBLISHED,exercises,YES,templates/product.pdp-new.json,55
187750777148,fitnesssuperstore-shopify/pdp-ayyaz-new,UNPUBLISHED,list,YES,templates/product.shopify-product-option.json,187
187750777148,fitnesssuperstore-shopify/pdp-ayyaz-new,UNPUBLISHED,shipping_dims_weight_2,YES,templates/product.shopify-product-option.json,219
187750777148,fitnesssuperstore-shopify/pdp-ayyaz-new,UNPUBLISHED,list,YES,templates/product.variants-pulley.json,188
187750777148,fitnesssuperstore-shopify/pdp-ayyaz-new,UNPUBLISHED,shipping_dims_weight_2,YES,templates/product.variants-pulley.json,220
187750777148,fitnesssuperstore-shopify/pdp-ayyaz-new,UNPUBLISHED,list,YES,templates/product.variants.json,191
187750777148,fitnesssuperstore-shopify/pdp-ayyaz-new,UNPUBLISHED,shipping_dims_weight_2,YES,templates/product.variants.json,223
186953466172,fitnesssuperstore-shopify/pdp-dropdowns,UNPUBLISHED,shipping_dims_weight_2,YES,sections/extra-info.liquid,424
186953466172,fitnesssuperstore-shopify/pdp-dropdowns,UNPUBLISHED,list,YES,templates/product.boost-test.json,183
186953466172,fitnesssuperstore-shopify/pdp-dropdowns,UNPUBLISHED,shipping_dims_weight_2,YES,templates/product.boost-test.json,221
186953466172,fitnesssuperstore-shopify/pdp-dropdowns,UNPUBLISHED,list,YES,templates/product.byo-rig.json,182
186953466172,fitnesssuperstore-shopify/pdp-dropdowns,UNPUBLISHED,shipping_dims_weight_2,YES,templates/product.byo-rig.json,189
186953466172,fitnesssuperstore-shopify/pdp-dropdowns,UNPUBLISHED,list,YES,templates/product.combined-listings.json,188
186953466172,fitnesssuperstore-shopify/pdp-dropdowns,UNPUBLISHED,shipping_dims_weight_2,YES,templates/product.combined-listings.json,220
186953466172,fitnesssuperstore-shopify/pdp-dropdowns,UNPUBLISHED,list,YES,templates/product.customised-product.json,197
186953466172,fitnesssuperstore-shopify/pdp-dropdowns,UNPUBLISHED,shipping_dims_weight_2,YES,templates/product.customised-product.json,229
186953466172,fitnesssuperstore-shopify/pdp-dropdowns,UNPUBLISHED,list,YES,templates/product.discontinued.json,194
186953466172,fitnesssuperstore-shopify/pdp-dropdowns,UNPUBLISHED,shipping_dims_weight_2,YES,templates/product.discontinued.json,232
186953466172,fitnesssuperstore-shopify/pdp-dropdowns,UNPUBLISHED,list,YES,templates/product.gift_cards.json,189
186953466172,fitnesssuperstore-shopify/pdp-dropdowns,UNPUBLISHED,shipping_dims_weight_2,YES,templates/product.gift_cards.json,221
186953466172,fitnesssuperstore-shopify/pdp-dropdowns,UNPUBLISHED,list,YES,templates/product.gym-package.json,213
186953466172,fitnesssuperstore-shopify/pdp-dropdowns,UNPUBLISHED,shipping_dims_weight,YES,templates/product.gym-package.json,220
186953466172,fitnesssuperstore-shopify/pdp-dropdowns,UNPUBLISHED,list,YES,templates/product.json,187
186953466172,fitnesssuperstore-shopify/pdp-dropdowns,UNPUBLISHED,shipping_dims_weight_2,YES,templates/product.json,225
186953466172,fitnesssuperstore-shopify/pdp-dropdowns,UNPUBLISHED,list,YES,templates/product.shopify-product-option.json,187
186953466172,fitnesssuperstore-shopify/pdp-dropdowns,UNPUBLISHED,shipping_dims_weight_2,YES,templates/product.shopify-product-option.json,219
186953466172,fitnesssuperstore-shopify/pdp-dropdowns,UNPUBLISHED,list,YES,templates/product.variants-pulley.json,193
186953466172,fitnesssuperstore-shopify/pdp-dropdowns,UNPUBLISHED,shipping_dims_weight_2,YES,templates/product.variants-pulley.json,225
186953466172,fitnesssuperstore-shopify/pdp-dropdowns,UNPUBLISHED,list,YES,templates/product.variants.json,196
186953466172,fitnesssuperstore-shopify/pdp-dropdowns,UNPUBLISHED,shipping_dims_weight_2,YES,templates/product.variants.json,228
186949665084,fitnesssuperstore-shopify/pdp-option-picker-syn...,UNPUBLISHED,shipping_dims_weight_2,YES,sections/extra-info.liquid,424
186949665084,fitnesssuperstore-shopify/pdp-option-picker-syn...,UNPUBLISHED,list,YES,templates/product.boost-test.json,183
186949665084,fitnesssuperstore-shopify/pdp-option-picker-syn...,UNPUBLISHED,shipping_dims_weight_2,YES,templates/product.boost-test.json,221
186949665084,fitnesssuperstore-shopify/pdp-option-picker-syn...,UNPUBLISHED,list,YES,templates/product.byo-rig.json,182
186949665084,fitnesssuperstore-shopify/pdp-option-picker-syn...,UNPUBLISHED,shipping_dims_weight_2,YES,templates/product.byo-rig.json,189
186949665084,fitnesssuperstore-shopify/pdp-option-picker-syn...,UNPUBLISHED,list,YES,templates/product.combined-listings.json,188
186949665084,fitnesssuperstore-shopify/pdp-option-picker-syn...,UNPUBLISHED,shipping_dims_weight_2,YES,templates/product.combined-listings.json,220
186949665084,fitnesssuperstore-shopify/pdp-option-picker-syn...,UNPUBLISHED,list,YES,templates/product.customised-product.json,197
186949665084,fitnesssuperstore-shopify/pdp-option-picker-syn...,UNPUBLISHED,shipping_dims_weight_2,YES,templates/product.customised-product.json,229
186949665084,fitnesssuperstore-shopify/pdp-option-picker-syn...,UNPUBLISHED,list,YES,templates/product.discontinued.json,194
186949665084,fitnesssuperstore-shopify/pdp-option-picker-syn...,UNPUBLISHED,shipping_dims_weight_2,YES,templates/product.discontinued.json,232
186949665084,fitnesssuperstore-shopify/pdp-option-picker-syn...,UNPUBLISHED,list,YES,templates/product.gift_cards.json,189
186949665084,fitnesssuperstore-shopify/pdp-option-picker-syn...,UNPUBLISHED,shipping_dims_weight_2,YES,templates/product.gift_cards.json,221
186949665084,fitnesssuperstore-shopify/pdp-option-picker-syn...,UNPUBLISHED,list,YES,templates/product.gym-package.json,213
186949665084,fitnesssuperstore-shopify/pdp-option-picker-syn...,UNPUBLISHED,shipping_dims_weight,YES,templates/product.gym-package.json,220
186949665084,fitnesssuperstore-shopify/pdp-option-picker-syn...,UNPUBLISHED,list,YES,templates/product.json,187
186949665084,fitnesssuperstore-shopify/pdp-option-picker-syn...,UNPUBLISHED,shipping_dims_weight_2,YES,templates/product.json,225
186949665084,fitnesssuperstore-shopify/pdp-option-picker-syn...,UNPUBLISHED,list,YES,templates/product.shopify-product-option.json,187
186949665084,fitnesssuperstore-shopify/pdp-option-picker-syn...,UNPUBLISHED,shipping_dims_weight_2,YES,templates/product.shopify-product-option.json,219
186949665084,fitnesssuperstore-shopify/pdp-option-picker-syn...,UNPUBLISHED,list,YES,templates/product.variants-pulley.json,193
186949665084,fitnesssuperstore-shopify/pdp-option-picker-syn...,UNPUBLISHED,shipping_dims_weight_2,YES,templates/product.variants-pulley.json,225
186949665084,fitnesssuperstore-shopify/pdp-option-picker-syn...,UNPUBLISHED,list,YES,templates/product.variants.json,196
186949665084,fitnesssuperstore-shopify/pdp-option-picker-syn...,UNPUBLISHED,shipping_dims_weight_2,YES,templates/product.variants.json,228
186956644668,fitnesssuperstore-shopify/pdp-right-side,UNPUBLISHED,shipping_dims_weight_2,YES,sections/extra-info.liquid,424
186956644668,fitnesssuperstore-shopify/pdp-right-side,UNPUBLISHED,list,YES,templates/product.boost-test.json,183
186956644668,fitnesssuperstore-shopify/pdp-right-side,UNPUBLISHED,shipping_dims_weight_2,YES,templates/product.boost-test.json,221
186956644668,fitnesssuperstore-shopify/pdp-right-side,UNPUBLISHED,list,YES,templates/product.byo-rig.json,182
186956644668,fitnesssuperstore-shopify/pdp-right-side,UNPUBLISHED,shipping_dims_weight_2,YES,templates/product.byo-rig.json,189
186956644668,fitnesssuperstore-shopify/pdp-right-side,UNPUBLISHED,list,YES,templates/product.combined-listings.json,188
186956644668,fitnesssuperstore-shopify/pdp-right-side,UNPUBLISHED,shipping_dims_weight_2,YES,templates/product.combined-listings.json,220
186956644668,fitnesssuperstore-shopify/pdp-right-side,UNPUBLISHED,list,YES,templates/product.customised-product.json,197
186956644668,fitnesssuperstore-shopify/pdp-right-side,UNPUBLISHED,shipping_dims_weight_2,YES,templates/product.customised-product.json,229
186956644668,fitnesssuperstore-shopify/pdp-right-side,UNPUBLISHED,list,YES,templates/product.discontinued.json,194
186956644668,fitnesssuperstore-shopify/pdp-right-side,UNPUBLISHED,shipping_dims_weight_2,YES,templates/product.discontinued.json,232
186956644668,fitnesssuperstore-shopify/pdp-right-side,UNPUBLISHED,list,YES,templates/product.gift_cards.json,189
186956644668,fitnesssuperstore-shopify/pdp-right-side,UNPUBLISHED,shipping_dims_weight_2,YES,templates/product.gift_cards.json,221
186956644668,fitnesssuperstore-shopify/pdp-right-side,UNPUBLISHED,list,YES,templates/product.gym-package.json,213
186956644668,fitnesssuperstore-shopify/pdp-right-side,UNPUBLISHED,shipping_dims_weight,YES,templates/product.gym-package.json,220
186956644668,fitnesssuperstore-shopify/pdp-right-side,UNPUBLISHED,list,YES,templates/product.json,187
186956644668,fitnesssuperstore-shopify/pdp-right-side,UNPUBLISHED,shipping_dims_weight_2,YES,templates/product.json,225
186956644668,fitnesssuperstore-shopify/pdp-right-side,UNPUBLISHED,list,YES,templates/product.shopify-product-option.json,187
186956644668,fitnesssuperstore-shopify/pdp-right-side,UNPUBLISHED,shipping_dims_weight_2,YES,templates/product.shopify-product-option.json,219
186956644668,fitnesssuperstore-shopify/pdp-right-side,UNPUBLISHED,list,YES,templates/product.variants-pulley.json,193
186956644668,fitnesssuperstore-shopify/pdp-right-side,UNPUBLISHED,shipping_dims_weight_2,YES,templates/product.variants-pulley.json,225
186956644668,fitnesssuperstore-shopify/pdp-right-side,UNPUBLISHED,list,YES,templates/product.variants.json,196
186956644668,fitnesssuperstore-shopify/pdp-right-side,UNPUBLISHED,shipping_dims_weight_2,YES,templates/product.variants.json,228
186698072380,fitnesssuperstore-shopify/pdp-right-side-izza,UNPUBLISHED,shipping_dims_weight_2,YES,sections/extra-info.liquid,707
186698072380,fitnesssuperstore-shopify/pdp-right-side-izza,UNPUBLISHED,list,YES,templates/product.boost-test.json,183
186698072380,fitnesssuperstore-shopify/pdp-right-side-izza,UNPUBLISHED,shipping_dims_weight_2,YES,templates/product.boost-test.json,221
186698072380,fitnesssuperstore-shopify/pdp-right-side-izza,UNPUBLISHED,list,YES,templates/product.byo-rig.json,182
186698072380,fitnesssuperstore-shopify/pdp-right-side-izza,UNPUBLISHED,shipping_dims_weight_2,YES,templates/product.byo-rig.json,189
186698072380,fitnesssuperstore-shopify/pdp-right-side-izza,UNPUBLISHED,list,YES,templates/product.combined-listings.json,188
186698072380,fitnesssuperstore-shopify/pdp-right-side-izza,UNPUBLISHED,shipping_dims_weight_2,YES,templates/product.combined-listings.json,220
186698072380,fitnesssuperstore-shopify/pdp-right-side-izza,UNPUBLISHED,list,YES,templates/product.customised-product.json,197
186698072380,fitnesssuperstore-shopify/pdp-right-side-izza,UNPUBLISHED,shipping_dims_weight_2,YES,templates/product.customised-product.json,229
186698072380,fitnesssuperstore-shopify/pdp-right-side-izza,UNPUBLISHED,list,YES,templates/product.discontinued.json,194
186698072380,fitnesssuperstore-shopify/pdp-right-side-izza,UNPUBLISHED,shipping_dims_weight_2,YES,templates/product.discontinued.json,232
186698072380,fitnesssuperstore-shopify/pdp-right-side-izza,UNPUBLISHED,list,YES,templates/product.gift_cards.json,189
186698072380,fitnesssuperstore-shopify/pdp-right-side-izza,UNPUBLISHED,shipping_dims_weight_2,YES,templates/product.gift_cards.json,221
186698072380,fitnesssuperstore-shopify/pdp-right-side-izza,UNPUBLISHED,list,YES,templates/product.gym-package.json,213
186698072380,fitnesssuperstore-shopify/pdp-right-side-izza,UNPUBLISHED,shipping_dims_weight,YES,templates/product.gym-package.json,220
186698072380,fitnesssuperstore-shopify/pdp-right-side-izza,UNPUBLISHED,list,YES,templates/product.json,187
186698072380,fitnesssuperstore-shopify/pdp-right-side-izza,UNPUBLISHED,shipping_dims_weight_2,YES,templates/product.json,225
186698072380,fitnesssuperstore-shopify/pdp-right-side-izza,UNPUBLISHED,list,YES,templates/product.shopify-product-option.json,187
186698072380,fitnesssuperstore-shopify/pdp-right-side-izza,UNPUBLISHED,shipping_dims_weight_2,YES,templates/product.shopify-product-option.json,219
186698072380,fitnesssuperstore-shopify/pdp-right-side-izza,UNPUBLISHED,list,YES,templates/product.variants-pulley.json,193
186698072380,fitnesssuperstore-shopify/pdp-right-side-izza,UNPUBLISHED,shipping_dims_weight_2,YES,templates/product.variants-pulley.json,225
186698072380,fitnesssuperstore-shopify/pdp-right-side-izza,UNPUBLISHED,list,YES,templates/product.variants.json,196
186698072380,fitnesssuperstore-shopify/pdp-right-side-izza,UNPUBLISHED,shipping_dims_weight_2,YES,templates/product.variants.json,228
187063337276,fitnesssuperstore-shopify/precor-console,UNPUBLISHED,shipping_dims_weight_2,YES,sections/extra-info.liquid,424
187063337276,fitnesssuperstore-shopify/precor-console,UNPUBLISHED,list,YES,templates/product.boost-test.json,183
187063337276,fitnesssuperstore-shopify/precor-console,UNPUBLISHED,shipping_dims_weight_2,YES,templates/product.boost-test.json,221
187063337276,fitnesssuperstore-shopify/precor-console,UNPUBLISHED,list,YES,templates/product.byo-rig.json,182
187063337276,fitnesssuperstore-shopify/precor-console,UNPUBLISHED,shipping_dims_weight_2,YES,templates/product.byo-rig.json,189
187063337276,fitnesssuperstore-shopify/precor-console,UNPUBLISHED,list,YES,templates/product.combined-listings.json,188
187063337276,fitnesssuperstore-shopify/precor-console,UNPUBLISHED,shipping_dims_weight_2,YES,templates/product.combined-listings.json,220
187063337276,fitnesssuperstore-shopify/precor-console,UNPUBLISHED,list,YES,templates/product.customised-product.json,192
187063337276,fitnesssuperstore-shopify/precor-console,UNPUBLISHED,shipping_dims_weight_2,YES,templates/product.customised-product.json,224
187063337276,fitnesssuperstore-shopify/precor-console,UNPUBLISHED,list,YES,templates/product.discontinued.json,194
187063337276,fitnesssuperstore-shopify/precor-console,UNPUBLISHED,shipping_dims_weight_2,YES,templates/product.discontinued.json,232
187063337276,fitnesssuperstore-shopify/precor-console,UNPUBLISHED,list,YES,templates/product.gift_cards.json,184
187063337276,fitnesssuperstore-shopify/precor-console,UNPUBLISHED,shipping_dims_weight_2,YES,templates/product.gift_cards.json,216
187063337276,fitnesssuperstore-shopify/precor-console,UNPUBLISHED,list,YES,templates/product.gym-package.json,208
187063337276,fitnesssuperstore-shopify/precor-console,UNPUBLISHED,shipping_dims_weight,YES,templates/product.gym-package.json,215
187063337276,fitnesssuperstore-shopify/precor-console,UNPUBLISHED,list,YES,templates/product.json,182
187063337276,fitnesssuperstore-shopify/precor-console,UNPUBLISHED,shipping_dims_weight_2,YES,templates/product.json,220
187063337276,fitnesssuperstore-shopify/precor-console,UNPUBLISHED,list,YES,templates/product.shopify-product-option.json,187
187063337276,fitnesssuperstore-shopify/precor-console,UNPUBLISHED,shipping_dims_weight_2,YES,templates/product.shopify-product-option.json,219
187063337276,fitnesssuperstore-shopify/precor-console,UNPUBLISHED,list,YES,templates/product.variants-pulley.json,188
187063337276,fitnesssuperstore-shopify/precor-console,UNPUBLISHED,shipping_dims_weight_2,YES,templates/product.variants-pulley.json,220
187063337276,fitnesssuperstore-shopify/precor-console,UNPUBLISHED,list,YES,templates/product.variants.json,191
187063337276,fitnesssuperstore-shopify/precor-console,UNPUBLISHED,shipping_dims_weight_2,YES,templates/product.variants.json,223
186120470844,fitnesssuperstore-shopify/pulley-upgrade-zafran,UNPUBLISHED,shipping_dims_weight_2,YES,sections/extra-info.liquid,712
186120470844,fitnesssuperstore-shopify/pulley-upgrade-zafran,UNPUBLISHED,list,YES,templates/product.boost-test.json,183
186120470844,fitnesssuperstore-shopify/pulley-upgrade-zafran,UNPUBLISHED,shipping_dims_weight_2,YES,templates/product.boost-test.json,221
186120470844,fitnesssuperstore-shopify/pulley-upgrade-zafran,UNPUBLISHED,list,YES,templates/product.byo-rig.json,182
186120470844,fitnesssuperstore-shopify/pulley-upgrade-zafran,UNPUBLISHED,shipping_dims_weight_2,YES,templates/product.byo-rig.json,189
186120470844,fitnesssuperstore-shopify/pulley-upgrade-zafran,UNPUBLISHED,list,YES,templates/product.combined-listings.json,188
186120470844,fitnesssuperstore-shopify/pulley-upgrade-zafran,UNPUBLISHED,shipping_dims_weight_2,YES,templates/product.combined-listings.json,220
186120470844,fitnesssuperstore-shopify/pulley-upgrade-zafran,UNPUBLISHED,list,YES,templates/product.customised-product.json,197
186120470844,fitnesssuperstore-shopify/pulley-upgrade-zafran,UNPUBLISHED,shipping_dims_weight_2,YES,templates/product.customised-product.json,229
186120470844,fitnesssuperstore-shopify/pulley-upgrade-zafran,UNPUBLISHED,list,YES,templates/product.discontinued.json,194
186120470844,fitnesssuperstore-shopify/pulley-upgrade-zafran,UNPUBLISHED,shipping_dims_weight_2,YES,templates/product.discontinued.json,232
186120470844,fitnesssuperstore-shopify/pulley-upgrade-zafran,UNPUBLISHED,list,YES,templates/product.gift_cards.json,189
186120470844,fitnesssuperstore-shopify/pulley-upgrade-zafran,UNPUBLISHED,shipping_dims_weight_2,YES,templates/product.gift_cards.json,221
186120470844,fitnesssuperstore-shopify/pulley-upgrade-zafran,UNPUBLISHED,list,YES,templates/product.gym-package.json,213
186120470844,fitnesssuperstore-shopify/pulley-upgrade-zafran,UNPUBLISHED,shipping_dims_weight,YES,templates/product.gym-package.json,220
186120470844,fitnesssuperstore-shopify/pulley-upgrade-zafran,UNPUBLISHED,list,YES,templates/product.json,187
186120470844,fitnesssuperstore-shopify/pulley-upgrade-zafran,UNPUBLISHED,shipping_dims_weight_2,YES,templates/product.json,225
186120470844,fitnesssuperstore-shopify/pulley-upgrade-zafran,UNPUBLISHED,list,YES,templates/product.shopify-product-option.json,187
186120470844,fitnesssuperstore-shopify/pulley-upgrade-zafran,UNPUBLISHED,shipping_dims_weight_2,YES,templates/product.shopify-product-option.json,219
186120470844,fitnesssuperstore-shopify/pulley-upgrade-zafran,UNPUBLISHED,list,YES,templates/product.variants-pulley.json,193
186120470844,fitnesssuperstore-shopify/pulley-upgrade-zafran,UNPUBLISHED,shipping_dims_weight_2,YES,templates/product.variants-pulley.json,225
186120470844,fitnesssuperstore-shopify/pulley-upgrade-zafran,UNPUBLISHED,list,YES,templates/product.variants.json,193
186120470844,fitnesssuperstore-shopify/pulley-upgrade-zafran,UNPUBLISHED,shipping_dims_weight_2,YES,templates/product.variants.json,225
187659649340,fitnesssuperstore-shopify/quick-wins/control-a-...,UNPUBLISHED,shipping_dims_weight_2,YES,sections/extra-info.liquid,437
187659649340,fitnesssuperstore-shopify/quick-wins/control-a-...,UNPUBLISHED,list,YES,templates/product.boost-test.json,183
187659649340,fitnesssuperstore-shopify/quick-wins/control-a-...,UNPUBLISHED,shipping_dims_weight_2,YES,templates/product.boost-test.json,221
187659649340,fitnesssuperstore-shopify/quick-wins/control-a-...,UNPUBLISHED,list,YES,templates/product.byo-rig.json,182
187659649340,fitnesssuperstore-shopify/quick-wins/control-a-...,UNPUBLISHED,shipping_dims_weight_2,YES,templates/product.byo-rig.json,189
187659649340,fitnesssuperstore-shopify/quick-wins/control-a-...,UNPUBLISHED,list,YES,templates/product.combined-listings.json,188
187659649340,fitnesssuperstore-shopify/quick-wins/control-a-...,UNPUBLISHED,shipping_dims_weight_2,YES,templates/product.combined-listings.json,220
187659649340,fitnesssuperstore-shopify/quick-wins/control-a-...,UNPUBLISHED,list,YES,templates/product.customised-product.json,192
187659649340,fitnesssuperstore-shopify/quick-wins/control-a-...,UNPUBLISHED,shipping_dims_weight_2,YES,templates/product.customised-product.json,224
187659649340,fitnesssuperstore-shopify/quick-wins/control-a-...,UNPUBLISHED,list,YES,templates/product.discontinued.json,194
187659649340,fitnesssuperstore-shopify/quick-wins/control-a-...,UNPUBLISHED,shipping_dims_weight_2,YES,templates/product.discontinued.json,232
187659649340,fitnesssuperstore-shopify/quick-wins/control-a-...,UNPUBLISHED,list,YES,templates/product.gift_cards.json,184
187659649340,fitnesssuperstore-shopify/quick-wins/control-a-...,UNPUBLISHED,shipping_dims_weight_2,YES,templates/product.gift_cards.json,216
187659649340,fitnesssuperstore-shopify/quick-wins/control-a-...,UNPUBLISHED,list,YES,templates/product.gym-package.json,208
187659649340,fitnesssuperstore-shopify/quick-wins/control-a-...,UNPUBLISHED,shipping_dims_weight,YES,templates/product.gym-package.json,215
187659649340,fitnesssuperstore-shopify/quick-wins/control-a-...,UNPUBLISHED,list,YES,templates/product.json,182
187659649340,fitnesssuperstore-shopify/quick-wins/control-a-...,UNPUBLISHED,shipping_dims_weight_2,YES,templates/product.json,220
187659649340,fitnesssuperstore-shopify/quick-wins/control-a-...,UNPUBLISHED,list,YES,templates/product.shopify-product-option.json,187
187659649340,fitnesssuperstore-shopify/quick-wins/control-a-...,UNPUBLISHED,shipping_dims_weight_2,YES,templates/product.shopify-product-option.json,219
187659649340,fitnesssuperstore-shopify/quick-wins/control-a-...,UNPUBLISHED,list,YES,templates/product.variants-pulley.json,188
187659649340,fitnesssuperstore-shopify/quick-wins/control-a-...,UNPUBLISHED,shipping_dims_weight_2,YES,templates/product.variants-pulley.json,220
187659649340,fitnesssuperstore-shopify/quick-wins/control-a-...,UNPUBLISHED,list,YES,templates/product.variants.json,191
187659649340,fitnesssuperstore-shopify/quick-wins/control-a-...,UNPUBLISHED,shipping_dims_weight_2,YES,templates/product.variants.json,223
187058782524,fitnesssuperstore-shopify/remanufactured-19-july,UNPUBLISHED,shipping_dims_weight_2,YES,sections/extra-info.liquid,424
187058782524,fitnesssuperstore-shopify/remanufactured-19-july,UNPUBLISHED,list,YES,templates/product.boost-test.json,183
187058782524,fitnesssuperstore-shopify/remanufactured-19-july,UNPUBLISHED,shipping_dims_weight_2,YES,templates/product.boost-test.json,221
187058782524,fitnesssuperstore-shopify/remanufactured-19-july,UNPUBLISHED,list,YES,templates/product.byo-rig.json,182
187058782524,fitnesssuperstore-shopify/remanufactured-19-july,UNPUBLISHED,shipping_dims_weight_2,YES,templates/product.byo-rig.json,189
187058782524,fitnesssuperstore-shopify/remanufactured-19-july,UNPUBLISHED,list,YES,templates/product.combined-listings.json,188
187058782524,fitnesssuperstore-shopify/remanufactured-19-july,UNPUBLISHED,shipping_dims_weight_2,YES,templates/product.combined-listings.json,220
187058782524,fitnesssuperstore-shopify/remanufactured-19-july,UNPUBLISHED,list,YES,templates/product.customised-product.json,192
187058782524,fitnesssuperstore-shopify/remanufactured-19-july,UNPUBLISHED,shipping_dims_weight_2,YES,templates/product.customised-product.json,224
187058782524,fitnesssuperstore-shopify/remanufactured-19-july,UNPUBLISHED,list,YES,templates/product.discontinued.json,194
187058782524,fitnesssuperstore-shopify/remanufactured-19-july,UNPUBLISHED,shipping_dims_weight_2,YES,templates/product.discontinued.json,232
187058782524,fitnesssuperstore-shopify/remanufactured-19-july,UNPUBLISHED,list,YES,templates/product.gift_cards.json,184
187058782524,fitnesssuperstore-shopify/remanufactured-19-july,UNPUBLISHED,shipping_dims_weight_2,YES,templates/product.gift_cards.json,216
187058782524,fitnesssuperstore-shopify/remanufactured-19-july,UNPUBLISHED,list,YES,templates/product.gym-package.json,208
187058782524,fitnesssuperstore-shopify/remanufactured-19-july,UNPUBLISHED,shipping_dims_weight,YES,templates/product.gym-package.json,215
187058782524,fitnesssuperstore-shopify/remanufactured-19-july,UNPUBLISHED,list,YES,templates/product.json,182
187058782524,fitnesssuperstore-shopify/remanufactured-19-july,UNPUBLISHED,shipping_dims_weight_2,YES,templates/product.json,220
187058782524,fitnesssuperstore-shopify/remanufactured-19-july,UNPUBLISHED,list,YES,templates/product.shopify-product-option.json,187
187058782524,fitnesssuperstore-shopify/remanufactured-19-july,UNPUBLISHED,shipping_dims_weight_2,YES,templates/product.shopify-product-option.json,219
187058782524,fitnesssuperstore-shopify/remanufactured-19-july,UNPUBLISHED,list,YES,templates/product.variants-pulley.json,188
187058782524,fitnesssuperstore-shopify/remanufactured-19-july,UNPUBLISHED,shipping_dims_weight_2,YES,templates/product.variants-pulley.json,220
187058782524,fitnesssuperstore-shopify/remanufactured-19-july,UNPUBLISHED,list,YES,templates/product.variants.json,191
187058782524,fitnesssuperstore-shopify/remanufactured-19-july,UNPUBLISHED,shipping_dims_weight_2,YES,templates/product.variants.json,223
187106525500,fitnesssuperstore-shopify/remanufactured...,UNPUBLISHED,shipping_dims_weight_2,YES,sections/extra-info.liquid,424
187106525500,fitnesssuperstore-shopify/remanufactured...,UNPUBLISHED,list,YES,templates/product.boost-test.json,183
187106525500,fitnesssuperstore-shopify/remanufactured...,UNPUBLISHED,shipping_dims_weight_2,YES,templates/product.boost-test.json,221
187106525500,fitnesssuperstore-shopify/remanufactured...,UNPUBLISHED,list,YES,templates/product.byo-rig.json,182
187106525500,fitnesssuperstore-shopify/remanufactured...,UNPUBLISHED,shipping_dims_weight_2,YES,templates/product.byo-rig.json,189
187106525500,fitnesssuperstore-shopify/remanufactured...,UNPUBLISHED,list,YES,templates/product.combined-listings.json,188
187106525500,fitnesssuperstore-shopify/remanufactured...,UNPUBLISHED,shipping_dims_weight_2,YES,templates/product.combined-listings.json,220
187106525500,fitnesssuperstore-shopify/remanufactured...,UNPUBLISHED,list,YES,templates/product.customised-product.json,192
187106525500,fitnesssuperstore-shopify/remanufactured...,UNPUBLISHED,shipping_dims_weight_2,YES,templates/product.customised-product.json,224
187106525500,fitnesssuperstore-shopify/remanufactured...,UNPUBLISHED,list,YES,templates/product.discontinued.json,194
187106525500,fitnesssuperstore-shopify/remanufactured...,UNPUBLISHED,shipping_dims_weight_2,YES,templates/product.discontinued.json,232
187106525500,fitnesssuperstore-shopify/remanufactured...,UNPUBLISHED,list,YES,templates/product.gift_cards.json,184
187106525500,fitnesssuperstore-shopify/remanufactured...,UNPUBLISHED,shipping_dims_weight_2,YES,templates/product.gift_cards.json,216
187106525500,fitnesssuperstore-shopify/remanufactured...,UNPUBLISHED,list,YES,templates/product.gym-package.json,208
187106525500,fitnesssuperstore-shopify/remanufactured...,UNPUBLISHED,shipping_dims_weight,YES,templates/product.gym-package.json,215
187106525500,fitnesssuperstore-shopify/remanufactured...,UNPUBLISHED,list,YES,templates/product.json,182
187106525500,fitnesssuperstore-shopify/remanufactured...,UNPUBLISHED,shipping_dims_weight_2,YES,templates/product.json,220
187106525500,fitnesssuperstore-shopify/remanufactured...,UNPUBLISHED,list,YES,templates/product.shopify-product-option.json,187
187106525500,fitnesssuperstore-shopify/remanufactured...,UNPUBLISHED,shipping_dims_weight_2,YES,templates/product.shopify-product-option.json,219
187106525500,fitnesssuperstore-shopify/remanufactured...,UNPUBLISHED,list,YES,templates/product.variants-pulley.json,188
187106525500,fitnesssuperstore-shopify/remanufactured...,UNPUBLISHED,shipping_dims_weight_2,YES,templates/product.variants-pulley.json,220
187106525500,fitnesssuperstore-shopify/remanufactured...,UNPUBLISHED,list,YES,templates/product.variants.json,191
187106525500,fitnesssuperstore-shopify/remanufactured...,UNPUBLISHED,shipping_dims_weight_2,YES,templates/product.variants.json,223
186877083964,fitnesssuperstore-shopify/remove-duplicate-form,UNPUBLISHED,shipping_dims_weight_2,YES,sections/extra-info.liquid,424
186877083964,fitnesssuperstore-shopify/remove-duplicate-form,UNPUBLISHED,list,YES,templates/product.boost-test.json,183
186877083964,fitnesssuperstore-shopify/remove-duplicate-form,UNPUBLISHED,shipping_dims_weight_2,YES,templates/product.boost-test.json,221
186877083964,fitnesssuperstore-shopify/remove-duplicate-form,UNPUBLISHED,list,YES,templates/product.byo-rig.json,182
186877083964,fitnesssuperstore-shopify/remove-duplicate-form,UNPUBLISHED,shipping_dims_weight_2,YES,templates/product.byo-rig.json,189
186877083964,fitnesssuperstore-shopify/remove-duplicate-form,UNPUBLISHED,list,YES,templates/product.combined-listings.json,188
186877083964,fitnesssuperstore-shopify/remove-duplicate-form,UNPUBLISHED,shipping_dims_weight_2,YES,templates/product.combined-listings.json,220
186877083964,fitnesssuperstore-shopify/remove-duplicate-form,UNPUBLISHED,list,YES,templates/product.customised-product.json,197
186877083964,fitnesssuperstore-shopify/remove-duplicate-form,UNPUBLISHED,shipping_dims_weight_2,YES,templates/product.customised-product.json,229
186877083964,fitnesssuperstore-shopify/remove-duplicate-form,UNPUBLISHED,list,YES,templates/product.discontinued.json,194
186877083964,fitnesssuperstore-shopify/remove-duplicate-form,UNPUBLISHED,shipping_dims_weight_2,YES,templates/product.discontinued.json,232
186877083964,fitnesssuperstore-shopify/remove-duplicate-form,UNPUBLISHED,list,YES,templates/product.gift_cards.json,189
186877083964,fitnesssuperstore-shopify/remove-duplicate-form,UNPUBLISHED,shipping_dims_weight_2,YES,templates/product.gift_cards.json,221
186877083964,fitnesssuperstore-shopify/remove-duplicate-form,UNPUBLISHED,list,YES,templates/product.gym-package.json,213
186877083964,fitnesssuperstore-shopify/remove-duplicate-form,UNPUBLISHED,shipping_dims_weight,YES,templates/product.gym-package.json,220
186877083964,fitnesssuperstore-shopify/remove-duplicate-form,UNPUBLISHED,list,YES,templates/product.json,187
186877083964,fitnesssuperstore-shopify/remove-duplicate-form,UNPUBLISHED,shipping_dims_weight_2,YES,templates/product.json,225
186877083964,fitnesssuperstore-shopify/remove-duplicate-form,UNPUBLISHED,list,YES,templates/product.shopify-product-option.json,187
186877083964,fitnesssuperstore-shopify/remove-duplicate-form,UNPUBLISHED,shipping_dims_weight_2,YES,templates/product.shopify-product-option.json,219
186877083964,fitnesssuperstore-shopify/remove-duplicate-form,UNPUBLISHED,list,YES,templates/product.variants-pulley.json,193
186877083964,fitnesssuperstore-shopify/remove-duplicate-form,UNPUBLISHED,shipping_dims_weight_2,YES,templates/product.variants-pulley.json,225
186877083964,fitnesssuperstore-shopify/remove-duplicate-form,UNPUBLISHED,list,YES,templates/product.variants.json,196
186877083964,fitnesssuperstore-shopify/remove-duplicate-form,UNPUBLISHED,shipping_dims_weight_2,YES,templates/product.variants.json,228
186494976316,fitnesssuperstore-shopify/review-usman-updated,UNPUBLISHED,shipping_dims_weight_2,YES,sections/extra-info.liquid,707
186494976316,fitnesssuperstore-shopify/review-usman-updated,UNPUBLISHED,list,YES,templates/product.boost-test.json,183
186494976316,fitnesssuperstore-shopify/review-usman-updated,UNPUBLISHED,shipping_dims_weight_2,YES,templates/product.boost-test.json,221
186494976316,fitnesssuperstore-shopify/review-usman-updated,UNPUBLISHED,list,YES,templates/product.byo-rig.json,182
186494976316,fitnesssuperstore-shopify/review-usman-updated,UNPUBLISHED,shipping_dims_weight_2,YES,templates/product.byo-rig.json,189
186494976316,fitnesssuperstore-shopify/review-usman-updated,UNPUBLISHED,list,YES,templates/product.combined-listings.json,188
186494976316,fitnesssuperstore-shopify/review-usman-updated,UNPUBLISHED,shipping_dims_weight_2,YES,templates/product.combined-listings.json,220
186494976316,fitnesssuperstore-shopify/review-usman-updated,UNPUBLISHED,list,YES,templates/product.customised-product.json,197
186494976316,fitnesssuperstore-shopify/review-usman-updated,UNPUBLISHED,shipping_dims_weight_2,YES,templates/product.customised-product.json,229
186494976316,fitnesssuperstore-shopify/review-usman-updated,UNPUBLISHED,list,YES,templates/product.discontinued.json,194
186494976316,fitnesssuperstore-shopify/review-usman-updated,UNPUBLISHED,shipping_dims_weight_2,YES,templates/product.discontinued.json,232
186494976316,fitnesssuperstore-shopify/review-usman-updated,UNPUBLISHED,list,YES,templates/product.gift_cards.json,189
186494976316,fitnesssuperstore-shopify/review-usman-updated,UNPUBLISHED,shipping_dims_weight_2,YES,templates/product.gift_cards.json,221
186494976316,fitnesssuperstore-shopify/review-usman-updated,UNPUBLISHED,list,YES,templates/product.gym-package.json,213
186494976316,fitnesssuperstore-shopify/review-usman-updated,UNPUBLISHED,shipping_dims_weight,YES,templates/product.gym-package.json,220
186494976316,fitnesssuperstore-shopify/review-usman-updated,UNPUBLISHED,list,YES,templates/product.json,187
186494976316,fitnesssuperstore-shopify/review-usman-updated,UNPUBLISHED,shipping_dims_weight_2,YES,templates/product.json,225
186494976316,fitnesssuperstore-shopify/review-usman-updated,UNPUBLISHED,list,YES,templates/product.shopify-product-option.json,187
186494976316,fitnesssuperstore-shopify/review-usman-updated,UNPUBLISHED,shipping_dims_weight_2,YES,templates/product.shopify-product-option.json,219
186494976316,fitnesssuperstore-shopify/review-usman-updated,UNPUBLISHED,list,YES,templates/product.variants-pulley.json,193
186494976316,fitnesssuperstore-shopify/review-usman-updated,UNPUBLISHED,shipping_dims_weight_2,YES,templates/product.variants-pulley.json,225
186494976316,fitnesssuperstore-shopify/review-usman-updated,UNPUBLISHED,list,YES,templates/product.variants.json,193
186494976316,fitnesssuperstore-shopify/review-usman-updated,UNPUBLISHED,shipping_dims_weight_2,YES,templates/product.variants.json,225
187922055484,fitnesssuperstore-shopify/schema/article-author...,UNPUBLISHED,shipping_dims_weight_2,YES,sections/extra-info.liquid,437
187969339708,fitnesssuperstore-shopify/schema/article-author...,UNPUBLISHED,shipping_dims_weight_2,YES,sections/extra-info.liquid,437
187922055484,fitnesssuperstore-shopify/schema/article-author...,UNPUBLISHED,list,YES,templates/product.boost-test.json,183
187969339708,fitnesssuperstore-shopify/schema/article-author...,UNPUBLISHED,list,YES,templates/product.boost-test.json,183
187922055484,fitnesssuperstore-shopify/schema/article-author...,UNPUBLISHED,shipping_dims_weight_2,YES,templates/product.boost-test.json,221
187969339708,fitnesssuperstore-shopify/schema/article-author...,UNPUBLISHED,shipping_dims_weight_2,YES,templates/product.boost-test.json,221
187922055484,fitnesssuperstore-shopify/schema/article-author...,UNPUBLISHED,list,YES,templates/product.byo-rig.json,182
187969339708,fitnesssuperstore-shopify/schema/article-author...,UNPUBLISHED,list,YES,templates/product.byo-rig.json,182
187922055484,fitnesssuperstore-shopify/schema/article-author...,UNPUBLISHED,shipping_dims_weight_2,YES,templates/product.byo-rig.json,189
187969339708,fitnesssuperstore-shopify/schema/article-author...,UNPUBLISHED,shipping_dims_weight_2,YES,templates/product.byo-rig.json,189
187922055484,fitnesssuperstore-shopify/schema/article-author...,UNPUBLISHED,list,YES,templates/product.combined-listings.json,188
187969339708,fitnesssuperstore-shopify/schema/article-author...,UNPUBLISHED,list,YES,templates/product.combined-listings.json,188
187922055484,fitnesssuperstore-shopify/schema/article-author...,UNPUBLISHED,shipping_dims_weight_2,YES,templates/product.combined-listings.json,220
187969339708,fitnesssuperstore-shopify/schema/article-author...,UNPUBLISHED,shipping_dims_weight_2,YES,templates/product.combined-listings.json,220
187922055484,fitnesssuperstore-shopify/schema/article-author...,UNPUBLISHED,list,YES,templates/product.customised-product.json,192
187969339708,fitnesssuperstore-shopify/schema/article-author...,UNPUBLISHED,list,YES,templates/product.customised-product.json,192
187922055484,fitnesssuperstore-shopify/schema/article-author...,UNPUBLISHED,shipping_dims_weight_2,YES,templates/product.customised-product.json,224
187969339708,fitnesssuperstore-shopify/schema/article-author...,UNPUBLISHED,shipping_dims_weight_2,YES,templates/product.customised-product.json,224
187922055484,fitnesssuperstore-shopify/schema/article-author...,UNPUBLISHED,list,YES,templates/product.discontinued.json,194
187969339708,fitnesssuperstore-shopify/schema/article-author...,UNPUBLISHED,list,YES,templates/product.discontinued.json,194
187922055484,fitnesssuperstore-shopify/schema/article-author...,UNPUBLISHED,shipping_dims_weight_2,YES,templates/product.discontinued.json,232
187969339708,fitnesssuperstore-shopify/schema/article-author...,UNPUBLISHED,shipping_dims_weight_2,YES,templates/product.discontinued.json,232
187922055484,fitnesssuperstore-shopify/schema/article-author...,UNPUBLISHED,list,YES,templates/product.gift_cards.json,184
187969339708,fitnesssuperstore-shopify/schema/article-author...,UNPUBLISHED,list,YES,templates/product.gift_cards.json,184
187922055484,fitnesssuperstore-shopify/schema/article-author...,UNPUBLISHED,shipping_dims_weight_2,YES,templates/product.gift_cards.json,216
187969339708,fitnesssuperstore-shopify/schema/article-author...,UNPUBLISHED,shipping_dims_weight_2,YES,templates/product.gift_cards.json,216
187922055484,fitnesssuperstore-shopify/schema/article-author...,UNPUBLISHED,list,YES,templates/product.gym-package.json,208
187969339708,fitnesssuperstore-shopify/schema/article-author...,UNPUBLISHED,list,YES,templates/product.gym-package.json,208
187922055484,fitnesssuperstore-shopify/schema/article-author...,UNPUBLISHED,shipping_dims_weight,YES,templates/product.gym-package.json,215
187969339708,fitnesssuperstore-shopify/schema/article-author...,UNPUBLISHED,shipping_dims_weight,YES,templates/product.gym-package.json,215
187922055484,fitnesssuperstore-shopify/schema/article-author...,UNPUBLISHED,list,YES,templates/product.json,182
187969339708,fitnesssuperstore-shopify/schema/article-author...,UNPUBLISHED,list,YES,templates/product.json,182
187922055484,fitnesssuperstore-shopify/schema/article-author...,UNPUBLISHED,shipping_dims_weight_2,YES,templates/product.json,220
187969339708,fitnesssuperstore-shopify/schema/article-author...,UNPUBLISHED,shipping_dims_weight_2,YES,templates/product.json,220
187922055484,fitnesssuperstore-shopify/schema/article-author...,UNPUBLISHED,list,YES,templates/product.shopify-product-option.json,187
187969339708,fitnesssuperstore-shopify/schema/article-author...,UNPUBLISHED,list,YES,templates/product.shopify-product-option.json,187
187922055484,fitnesssuperstore-shopify/schema/article-author...,UNPUBLISHED,shipping_dims_weight_2,YES,templates/product.shopify-product-option.json,219
187969339708,fitnesssuperstore-shopify/schema/article-author...,UNPUBLISHED,shipping_dims_weight_2,YES,templates/product.shopify-product-option.json,219
187922055484,fitnesssuperstore-shopify/schema/article-author...,UNPUBLISHED,list,YES,templates/product.variants-pulley.json,188
187969339708,fitnesssuperstore-shopify/schema/article-author...,UNPUBLISHED,list,YES,templates/product.variants-pulley.json,188
187922055484,fitnesssuperstore-shopify/schema/article-author...,UNPUBLISHED,shipping_dims_weight_2,YES,templates/product.variants-pulley.json,220
187969339708,fitnesssuperstore-shopify/schema/article-author...,UNPUBLISHED,shipping_dims_weight_2,YES,templates/product.variants-pulley.json,220
187922055484,fitnesssuperstore-shopify/schema/article-author...,UNPUBLISHED,list,YES,templates/product.variants.json,191
187969339708,fitnesssuperstore-shopify/schema/article-author...,UNPUBLISHED,list,YES,templates/product.variants.json,191
187922055484,fitnesssuperstore-shopify/schema/article-author...,UNPUBLISHED,shipping_dims_weight_2,YES,templates/product.variants.json,223
187969339708,fitnesssuperstore-shopify/schema/article-author...,UNPUBLISHED,shipping_dims_weight_2,YES,templates/product.variants.json,223
188012200252,fitnesssuperstore-shopify/seo-geo-content-sprin...,UNPUBLISHED,shipping_dims_weight_2,YES,sections/extra-info.liquid,437
188012200252,fitnesssuperstore-shopify/seo-geo-content-sprin...,UNPUBLISHED,list,YES,templates/product.boost-test.json,183
188012200252,fitnesssuperstore-shopify/seo-geo-content-sprin...,UNPUBLISHED,shipping_dims_weight_2,YES,templates/product.boost-test.json,221
188012200252,fitnesssuperstore-shopify/seo-geo-content-sprin...,UNPUBLISHED,list,YES,templates/product.byo-rig.json,182
188012200252,fitnesssuperstore-shopify/seo-geo-content-sprin...,UNPUBLISHED,shipping_dims_weight_2,YES,templates/product.byo-rig.json,189
188012200252,fitnesssuperstore-shopify/seo-geo-content-sprin...,UNPUBLISHED,list,YES,templates/product.combined-listings.json,188
188012200252,fitnesssuperstore-shopify/seo-geo-content-sprin...,UNPUBLISHED,shipping_dims_weight_2,YES,templates/product.combined-listings.json,220
188012200252,fitnesssuperstore-shopify/seo-geo-content-sprin...,UNPUBLISHED,list,YES,templates/product.customised-product.json,192
188012200252,fitnesssuperstore-shopify/seo-geo-content-sprin...,UNPUBLISHED,shipping_dims_weight_2,YES,templates/product.customised-product.json,224
188012200252,fitnesssuperstore-shopify/seo-geo-content-sprin...,UNPUBLISHED,list,YES,templates/product.discontinued.json,194
188012200252,fitnesssuperstore-shopify/seo-geo-content-sprin...,UNPUBLISHED,shipping_dims_weight_2,YES,templates/product.discontinued.json,232
188012200252,fitnesssuperstore-shopify/seo-geo-content-sprin...,UNPUBLISHED,list,YES,templates/product.gift_cards.json,184
188012200252,fitnesssuperstore-shopify/seo-geo-content-sprin...,UNPUBLISHED,shipping_dims_weight_2,YES,templates/product.gift_cards.json,216
188012200252,fitnesssuperstore-shopify/seo-geo-content-sprin...,UNPUBLISHED,list,YES,templates/product.gym-package.json,208
188012200252,fitnesssuperstore-shopify/seo-geo-content-sprin...,UNPUBLISHED,shipping_dims_weight,YES,templates/product.gym-package.json,215
188012200252,fitnesssuperstore-shopify/seo-geo-content-sprin...,UNPUBLISHED,list,YES,templates/product.json,182
188012200252,fitnesssuperstore-shopify/seo-geo-content-sprin...,UNPUBLISHED,shipping_dims_weight_2,YES,templates/product.json,220
188012200252,fitnesssuperstore-shopify/seo-geo-content-sprin...,UNPUBLISHED,list,YES,templates/product.shopify-product-option.json,187
188012200252,fitnesssuperstore-shopify/seo-geo-content-sprin...,UNPUBLISHED,shipping_dims_weight_2,YES,templates/product.shopify-product-option.json,219
188012200252,fitnesssuperstore-shopify/seo-geo-content-sprin...,UNPUBLISHED,list,YES,templates/product.variants-pulley.json,188
188012200252,fitnesssuperstore-shopify/seo-geo-content-sprin...,UNPUBLISHED,shipping_dims_weight_2,YES,templates/product.variants-pulley.json,220
188012200252,fitnesssuperstore-shopify/seo-geo-content-sprin...,UNPUBLISHED,list,YES,templates/product.variants.json,191
188012200252,fitnesssuperstore-shopify/seo-geo-content-sprin...,UNPUBLISHED,shipping_dims_weight_2,YES,templates/product.variants.json,223
186120438076,fitnesssuperstore-shopify/shipping-updated-usman,UNPUBLISHED,shipping_dims_weight_2,YES,sections/extra-info.liquid,712
186347290940,fitnesssuperstore-shopify/shipping-updated-usman,UNPUBLISHED,shipping_dims_weight_2,YES,sections/extra-info.liquid,712
186120438076,fitnesssuperstore-shopify/shipping-updated-usman,UNPUBLISHED,list,YES,templates/product.boost-test.json,183
186347290940,fitnesssuperstore-shopify/shipping-updated-usman,UNPUBLISHED,list,YES,templates/product.boost-test.json,183
186120438076,fitnesssuperstore-shopify/shipping-updated-usman,UNPUBLISHED,shipping_dims_weight_2,YES,templates/product.boost-test.json,221
186347290940,fitnesssuperstore-shopify/shipping-updated-usman,UNPUBLISHED,shipping_dims_weight_2,YES,templates/product.boost-test.json,221
186120438076,fitnesssuperstore-shopify/shipping-updated-usman,UNPUBLISHED,list,YES,templates/product.byo-rig.json,182
186347290940,fitnesssuperstore-shopify/shipping-updated-usman,UNPUBLISHED,list,YES,templates/product.byo-rig.json,182
186120438076,fitnesssuperstore-shopify/shipping-updated-usman,UNPUBLISHED,shipping_dims_weight_2,YES,templates/product.byo-rig.json,189
186347290940,fitnesssuperstore-shopify/shipping-updated-usman,UNPUBLISHED,shipping_dims_weight_2,YES,templates/product.byo-rig.json,189
186120438076,fitnesssuperstore-shopify/shipping-updated-usman,UNPUBLISHED,list,YES,templates/product.combined-listings.json,188
186347290940,fitnesssuperstore-shopify/shipping-updated-usman,UNPUBLISHED,list,YES,templates/product.combined-listings.json,188
186120438076,fitnesssuperstore-shopify/shipping-updated-usman,UNPUBLISHED,shipping_dims_weight_2,YES,templates/product.combined-listings.json,220
186347290940,fitnesssuperstore-shopify/shipping-updated-usman,UNPUBLISHED,shipping_dims_weight_2,YES,templates/product.combined-listings.json,220
186120438076,fitnesssuperstore-shopify/shipping-updated-usman,UNPUBLISHED,list,YES,templates/product.customised-product.json,197
186347290940,fitnesssuperstore-shopify/shipping-updated-usman,UNPUBLISHED,list,YES,templates/product.customised-product.json,197
186120438076,fitnesssuperstore-shopify/shipping-updated-usman,UNPUBLISHED,shipping_dims_weight_2,YES,templates/product.customised-product.json,229
186347290940,fitnesssuperstore-shopify/shipping-updated-usman,UNPUBLISHED,shipping_dims_weight_2,YES,templates/product.customised-product.json,229
186120438076,fitnesssuperstore-shopify/shipping-updated-usman,UNPUBLISHED,list,YES,templates/product.discontinued.json,194
186347290940,fitnesssuperstore-shopify/shipping-updated-usman,UNPUBLISHED,list,YES,templates/product.discontinued.json,194
186120438076,fitnesssuperstore-shopify/shipping-updated-usman,UNPUBLISHED,shipping_dims_weight_2,YES,templates/product.discontinued.json,232
186347290940,fitnesssuperstore-shopify/shipping-updated-usman,UNPUBLISHED,shipping_dims_weight_2,YES,templates/product.discontinued.json,232
186120438076,fitnesssuperstore-shopify/shipping-updated-usman,UNPUBLISHED,list,YES,templates/product.gift_cards.json,189
186347290940,fitnesssuperstore-shopify/shipping-updated-usman,UNPUBLISHED,list,YES,templates/product.gift_cards.json,189
186120438076,fitnesssuperstore-shopify/shipping-updated-usman,UNPUBLISHED,shipping_dims_weight_2,YES,templates/product.gift_cards.json,221
186347290940,fitnesssuperstore-shopify/shipping-updated-usman,UNPUBLISHED,shipping_dims_weight_2,YES,templates/product.gift_cards.json,221
186120438076,fitnesssuperstore-shopify/shipping-updated-usman,UNPUBLISHED,list,YES,templates/product.gym-package.json,213
186347290940,fitnesssuperstore-shopify/shipping-updated-usman,UNPUBLISHED,list,YES,templates/product.gym-package.json,213
186120438076,fitnesssuperstore-shopify/shipping-updated-usman,UNPUBLISHED,shipping_dims_weight,YES,templates/product.gym-package.json,220
186347290940,fitnesssuperstore-shopify/shipping-updated-usman,UNPUBLISHED,shipping_dims_weight,YES,templates/product.gym-package.json,220
186120438076,fitnesssuperstore-shopify/shipping-updated-usman,UNPUBLISHED,list,YES,templates/product.json,187
186347290940,fitnesssuperstore-shopify/shipping-updated-usman,UNPUBLISHED,list,YES,templates/product.json,187
186120438076,fitnesssuperstore-shopify/shipping-updated-usman,UNPUBLISHED,shipping_dims_weight_2,YES,templates/product.json,225
186347290940,fitnesssuperstore-shopify/shipping-updated-usman,UNPUBLISHED,shipping_dims_weight_2,YES,templates/product.json,225
186120438076,fitnesssuperstore-shopify/shipping-updated-usman,UNPUBLISHED,list,YES,templates/product.shopify-product-option.json,187
186347290940,fitnesssuperstore-shopify/shipping-updated-usman,UNPUBLISHED,list,YES,templates/product.shopify-product-option.json,187
186120438076,fitnesssuperstore-shopify/shipping-updated-usman,UNPUBLISHED,shipping_dims_weight_2,YES,templates/product.shopify-product-option.json,219
186347290940,fitnesssuperstore-shopify/shipping-updated-usman,UNPUBLISHED,shipping_dims_weight_2,YES,templates/product.shopify-product-option.json,219
186120438076,fitnesssuperstore-shopify/shipping-updated-usman,UNPUBLISHED,list,YES,templates/product.variants-pulley.json,193
186347290940,fitnesssuperstore-shopify/shipping-updated-usman,UNPUBLISHED,list,YES,templates/product.variants-pulley.json,193
186120438076,fitnesssuperstore-shopify/shipping-updated-usman,UNPUBLISHED,shipping_dims_weight_2,YES,templates/product.variants-pulley.json,225
186347290940,fitnesssuperstore-shopify/shipping-updated-usman,UNPUBLISHED,shipping_dims_weight_2,YES,templates/product.variants-pulley.json,225
186120438076,fitnesssuperstore-shopify/shipping-updated-usman,UNPUBLISHED,list,YES,templates/product.variants.json,193
186347290940,fitnesssuperstore-shopify/shipping-updated-usman,UNPUBLISHED,list,YES,templates/product.variants.json,193
186120438076,fitnesssuperstore-shopify/shipping-updated-usman,UNPUBLISHED,shipping_dims_weight_2,YES,templates/product.variants.json,225
186347290940,fitnesssuperstore-shopify/shipping-updated-usman,UNPUBLISHED,shipping_dims_weight_2,YES,templates/product.variants.json,225
187024638268,fitnesssuperstore-shopify/smart-buyer,UNPUBLISHED,shipping_dims_weight_2,YES,sections/extra-info.liquid,437
187024638268,fitnesssuperstore-shopify/smart-buyer,UNPUBLISHED,list,YES,templates/product.boost-test.json,183
187024638268,fitnesssuperstore-shopify/smart-buyer,UNPUBLISHED,shipping_dims_weight_2,YES,templates/product.boost-test.json,221
187024638268,fitnesssuperstore-shopify/smart-buyer,UNPUBLISHED,list,YES,templates/product.byo-rig.json,182
187024638268,fitnesssuperstore-shopify/smart-buyer,UNPUBLISHED,shipping_dims_weight_2,YES,templates/product.byo-rig.json,189
187024638268,fitnesssuperstore-shopify/smart-buyer,UNPUBLISHED,list,YES,templates/product.combined-listings.json,188
187024638268,fitnesssuperstore-shopify/smart-buyer,UNPUBLISHED,shipping_dims_weight_2,YES,templates/product.combined-listings.json,220
187024638268,fitnesssuperstore-shopify/smart-buyer,UNPUBLISHED,list,YES,templates/product.customised-product.json,192
187024638268,fitnesssuperstore-shopify/smart-buyer,UNPUBLISHED,shipping_dims_weight_2,YES,templates/product.customised-product.json,224
187024638268,fitnesssuperstore-shopify/smart-buyer,UNPUBLISHED,list,YES,templates/product.discontinued.json,194
187024638268,fitnesssuperstore-shopify/smart-buyer,UNPUBLISHED,shipping_dims_weight_2,YES,templates/product.discontinued.json,232
187024638268,fitnesssuperstore-shopify/smart-buyer,UNPUBLISHED,list,YES,templates/product.gift_cards.json,184
187024638268,fitnesssuperstore-shopify/smart-buyer,UNPUBLISHED,shipping_dims_weight_2,YES,templates/product.gift_cards.json,216
187024638268,fitnesssuperstore-shopify/smart-buyer,UNPUBLISHED,list,YES,templates/product.gym-package.json,208
187024638268,fitnesssuperstore-shopify/smart-buyer,UNPUBLISHED,shipping_dims_weight,YES,templates/product.gym-package.json,215
187024638268,fitnesssuperstore-shopify/smart-buyer,UNPUBLISHED,list,YES,templates/product.json,182
187024638268,fitnesssuperstore-shopify/smart-buyer,UNPUBLISHED,shipping_dims_weight_2,YES,templates/product.json,220
187024638268,fitnesssuperstore-shopify/smart-buyer,UNPUBLISHED,list,YES,templates/product.shopify-product-option.json,187
187024638268,fitnesssuperstore-shopify/smart-buyer,UNPUBLISHED,shipping_dims_weight_2,YES,templates/product.shopify-product-option.json,219
187024638268,fitnesssuperstore-shopify/smart-buyer,UNPUBLISHED,list,YES,templates/product.variants-pulley.json,188
187024638268,fitnesssuperstore-shopify/smart-buyer,UNPUBLISHED,shipping_dims_weight_2,YES,templates/product.variants-pulley.json,220
187024638268,fitnesssuperstore-shopify/smart-buyer,UNPUBLISHED,list,YES,templates/product.variants.json,191
187024638268,fitnesssuperstore-shopify/smart-buyer,UNPUBLISHED,shipping_dims_weight_2,YES,templates/product.variants.json,223
186290798908,fitnesssuperstore-shopify/usman-26-march,UNPUBLISHED,shipping_dims_weight_2,YES,sections/extra-info.liquid,1009
186290798908,fitnesssuperstore-shopify/usman-26-march,UNPUBLISHED,list,YES,templates/product.byo-rig.json,182
186290798908,fitnesssuperstore-shopify/usman-26-march,UNPUBLISHED,shipping_dims_weight_2,YES,templates/product.byo-rig.json,189
186290798908,fitnesssuperstore-shopify/usman-26-march,UNPUBLISHED,list,YES,templates/product.gym-package.json,213
186290798908,fitnesssuperstore-shopify/usman-26-march,UNPUBLISHED,shipping_dims_weight,YES,templates/product.gym-package.json,220
186290798908,fitnesssuperstore-shopify/usman-26-march,UNPUBLISHED,list,YES,templates/product.json,183
186290798908,fitnesssuperstore-shopify/usman-26-march,UNPUBLISHED,shipping_dims_weight_2,YES,templates/product.json,221
186290798908,fitnesssuperstore-shopify/usman-26-march,UNPUBLISHED,list,YES,templates/product.variants.json,188
186290798908,fitnesssuperstore-shopify/usman-26-march,UNPUBLISHED,shipping_dims_weight_2,YES,templates/product.variants.json,220
186392346940,fitnesssuperstore-shopify/variant-updated-homepage,UNPUBLISHED,shipping_dims_weight_2,YES,sections/extra-info.liquid,424
186392346940,fitnesssuperstore-shopify/variant-updated-homepage,UNPUBLISHED,list,YES,templates/product.boost-test.json,183
186392346940,fitnesssuperstore-shopify/variant-updated-homepage,UNPUBLISHED,shipping_dims_weight_2,YES,templates/product.boost-test.json,221
186392346940,fitnesssuperstore-shopify/variant-updated-homepage,UNPUBLISHED,list,YES,templates/product.byo-rig.json,182
186392346940,fitnesssuperstore-shopify/variant-updated-homepage,UNPUBLISHED,shipping_dims_weight_2,YES,templates/product.byo-rig.json,189
186392346940,fitnesssuperstore-shopify/variant-updated-homepage,UNPUBLISHED,list,YES,templates/product.combined-listings.json,188
186392346940,fitnesssuperstore-shopify/variant-updated-homepage,UNPUBLISHED,shipping_dims_weight_2,YES,templates/product.combined-listings.json,220
186392346940,fitnesssuperstore-shopify/variant-updated-homepage,UNPUBLISHED,list,YES,templates/product.customised-product.json,192
186392346940,fitnesssuperstore-shopify/variant-updated-homepage,UNPUBLISHED,shipping_dims_weight_2,YES,templates/product.customised-product.json,224
186392346940,fitnesssuperstore-shopify/variant-updated-homepage,UNPUBLISHED,list,YES,templates/product.discontinued.json,194
186392346940,fitnesssuperstore-shopify/variant-updated-homepage,UNPUBLISHED,shipping_dims_weight_2,YES,templates/product.discontinued.json,232
186392346940,fitnesssuperstore-shopify/variant-updated-homepage,UNPUBLISHED,list,YES,templates/product.gift_cards.json,184
186392346940,fitnesssuperstore-shopify/variant-updated-homepage,UNPUBLISHED,shipping_dims_weight_2,YES,templates/product.gift_cards.json,216
186392346940,fitnesssuperstore-shopify/variant-updated-homepage,UNPUBLISHED,list,YES,templates/product.gym-package.json,208
186392346940,fitnesssuperstore-shopify/variant-updated-homepage,UNPUBLISHED,shipping_dims_weight,YES,templates/product.gym-package.json,215
186392346940,fitnesssuperstore-shopify/variant-updated-homepage,UNPUBLISHED,list,YES,templates/product.json,182
186392346940,fitnesssuperstore-shopify/variant-updated-homepage,UNPUBLISHED,shipping_dims_weight_2,YES,templates/product.json,220
186392346940,fitnesssuperstore-shopify/variant-updated-homepage,UNPUBLISHED,list,YES,templates/product.shopify-product-option.json,187
186392346940,fitnesssuperstore-shopify/variant-updated-homepage,UNPUBLISHED,shipping_dims_weight_2,YES,templates/product.shopify-product-option.json,219
186392346940,fitnesssuperstore-shopify/variant-updated-homepage,UNPUBLISHED,list,YES,templates/product.variants-pulley.json,188
186392346940,fitnesssuperstore-shopify/variant-updated-homepage,UNPUBLISHED,shipping_dims_weight_2,YES,templates/product.variants-pulley.json,220
186392346940,fitnesssuperstore-shopify/variant-updated-homepage,UNPUBLISHED,list,YES,templates/product.variants.json,191
186392346940,fitnesssuperstore-shopify/variant-updated-homepage,UNPUBLISHED,shipping_dims_weight_2,YES,templates/product.variants.json,223
187372601660,fitnesssuperstore-shopify/warehouse-showroom-yusra,UNPUBLISHED,shipping_dims_weight_2,YES,sections/extra-info.liquid,437
187372601660,fitnesssuperstore-shopify/warehouse-showroom-yusra,UNPUBLISHED,list,YES,templates/product.boost-test.json,183
187372601660,fitnesssuperstore-shopify/warehouse-showroom-yusra,UNPUBLISHED,shipping_dims_weight_2,YES,templates/product.boost-test.json,221
187372601660,fitnesssuperstore-shopify/warehouse-showroom-yusra,UNPUBLISHED,list,YES,templates/product.byo-rig.json,182
187372601660,fitnesssuperstore-shopify/warehouse-showroom-yusra,UNPUBLISHED,shipping_dims_weight_2,YES,templates/product.byo-rig.json,189
187372601660,fitnesssuperstore-shopify/warehouse-showroom-yusra,UNPUBLISHED,list,YES,templates/product.combined-listings.json,188
187372601660,fitnesssuperstore-shopify/warehouse-showroom-yusra,UNPUBLISHED,shipping_dims_weight_2,YES,templates/product.combined-listings.json,220
187372601660,fitnesssuperstore-shopify/warehouse-showroom-yusra,UNPUBLISHED,list,YES,templates/product.customised-product.json,192
187372601660,fitnesssuperstore-shopify/warehouse-showroom-yusra,UNPUBLISHED,shipping_dims_weight_2,YES,templates/product.customised-product.json,224
187372601660,fitnesssuperstore-shopify/warehouse-showroom-yusra,UNPUBLISHED,list,YES,templates/product.discontinued.json,194
187372601660,fitnesssuperstore-shopify/warehouse-showroom-yusra,UNPUBLISHED,shipping_dims_weight_2,YES,templates/product.discontinued.json,232
187372601660,fitnesssuperstore-shopify/warehouse-showroom-yusra,UNPUBLISHED,list,YES,templates/product.gift_cards.json,184
187372601660,fitnesssuperstore-shopify/warehouse-showroom-yusra,UNPUBLISHED,shipping_dims_weight_2,YES,templates/product.gift_cards.json,216
187372601660,fitnesssuperstore-shopify/warehouse-showroom-yusra,UNPUBLISHED,list,YES,templates/product.gym-package.json,208
187372601660,fitnesssuperstore-shopify/warehouse-showroom-yusra,UNPUBLISHED,shipping_dims_weight,YES,templates/product.gym-package.json,215
187372601660,fitnesssuperstore-shopify/warehouse-showroom-yusra,UNPUBLISHED,list,YES,templates/product.json,182
187372601660,fitnesssuperstore-shopify/warehouse-showroom-yusra,UNPUBLISHED,shipping_dims_weight_2,YES,templates/product.json,220
187372601660,fitnesssuperstore-shopify/warehouse-showroom-yusra,UNPUBLISHED,list,YES,templates/product.shopify-product-option.json,187
187372601660,fitnesssuperstore-shopify/warehouse-showroom-yusra,UNPUBLISHED,shipping_dims_weight_2,YES,templates/product.shopify-product-option.json,219
187372601660,fitnesssuperstore-shopify/warehouse-showroom-yusra,UNPUBLISHED,list,YES,templates/product.variants-pulley.json,188
187372601660,fitnesssuperstore-shopify/warehouse-showroom-yusra,UNPUBLISHED,shipping_dims_weight_2,YES,templates/product.variants-pulley.json,220
187372601660,fitnesssuperstore-shopify/warehouse-showroom-yusra,UNPUBLISHED,list,YES,templates/product.variants.json,191
187372601660,fitnesssuperstore-shopify/warehouse-showroom-yusra,UNPUBLISHED,shipping_dims_weight_2,YES,templates/product.variants.json,223
186123485500,fitnesssuperstore-shopify/warehouse-updated,UNPUBLISHED,shipping_dims_weight_2,YES,sections/extra-info.liquid,717
186123485500,fitnesssuperstore-shopify/warehouse-updated,UNPUBLISHED,list,YES,templates/product.boost-test.json,183
186123485500,fitnesssuperstore-shopify/warehouse-updated,UNPUBLISHED,shipping_dims_weight_2,YES,templates/product.boost-test.json,221
186123485500,fitnesssuperstore-shopify/warehouse-updated,UNPUBLISHED,list,YES,templates/product.byo-rig.json,182
186123485500,fitnesssuperstore-shopify/warehouse-updated,UNPUBLISHED,shipping_dims_weight_2,YES,templates/product.byo-rig.json,189
186123485500,fitnesssuperstore-shopify/warehouse-updated,UNPUBLISHED,list,YES,templates/product.combined-listings.json,188
186123485500,fitnesssuperstore-shopify/warehouse-updated,UNPUBLISHED,shipping_dims_weight_2,YES,templates/product.combined-listings.json,220
186123485500,fitnesssuperstore-shopify/warehouse-updated,UNPUBLISHED,list,YES,templates/product.customised-product.json,197
186123485500,fitnesssuperstore-shopify/warehouse-updated,UNPUBLISHED,shipping_dims_weight_2,YES,templates/product.customised-product.json,229
186123485500,fitnesssuperstore-shopify/warehouse-updated,UNPUBLISHED,list,YES,templates/product.discontinued.json,194
186123485500,fitnesssuperstore-shopify/warehouse-updated,UNPUBLISHED,shipping_dims_weight_2,YES,templates/product.discontinued.json,232
186123485500,fitnesssuperstore-shopify/warehouse-updated,UNPUBLISHED,list,YES,templates/product.gift_cards.json,189
186123485500,fitnesssuperstore-shopify/warehouse-updated,UNPUBLISHED,shipping_dims_weight_2,YES,templates/product.gift_cards.json,221
186123485500,fitnesssuperstore-shopify/warehouse-updated,UNPUBLISHED,list,YES,templates/product.gym-package.json,213
186123485500,fitnesssuperstore-shopify/warehouse-updated,UNPUBLISHED,shipping_dims_weight,YES,templates/product.gym-package.json,220
186123485500,fitnesssuperstore-shopify/warehouse-updated,UNPUBLISHED,list,YES,templates/product.json,187
186123485500,fitnesssuperstore-shopify/warehouse-updated,UNPUBLISHED,shipping_dims_weight_2,YES,templates/product.json,225
186123485500,fitnesssuperstore-shopify/warehouse-updated,UNPUBLISHED,list,YES,templates/product.shopify-product-option.json,187
186123485500,fitnesssuperstore-shopify/warehouse-updated,UNPUBLISHED,shipping_dims_weight_2,YES,templates/product.shopify-product-option.json,219
186123485500,fitnesssuperstore-shopify/warehouse-updated,UNPUBLISHED,list,YES,templates/product.variants.json,193
186123485500,fitnesssuperstore-shopify/warehouse-updated,UNPUBLISHED,shipping_dims_weight_2,YES,templates/product.variants.json,225
185668993340,fitnesssuperstore-shopify/warranty-page-rewrite,UNPUBLISHED,shipping_dims_weight_2,YES,sections/extra-info.liquid,717
185668993340,fitnesssuperstore-shopify/warranty-page-rewrite,UNPUBLISHED,list,YES,templates/product.boost-test.json,183
185668993340,fitnesssuperstore-shopify/warranty-page-rewrite,UNPUBLISHED,shipping_dims_weight_2,YES,templates/product.boost-test.json,221
185668993340,fitnesssuperstore-shopify/warranty-page-rewrite,UNPUBLISHED,list,YES,templates/product.byo-rig.json,182
185668993340,fitnesssuperstore-shopify/warranty-page-rewrite,UNPUBLISHED,shipping_dims_weight_2,YES,templates/product.byo-rig.json,189
185668993340,fitnesssuperstore-shopify/warranty-page-rewrite,UNPUBLISHED,list,YES,templates/product.combined-listings.json,188
185668993340,fitnesssuperstore-shopify/warranty-page-rewrite,UNPUBLISHED,shipping_dims_weight_2,YES,templates/product.combined-listings.json,220
185668993340,fitnesssuperstore-shopify/warranty-page-rewrite,UNPUBLISHED,list,YES,templates/product.customised-product.json,197
185668993340,fitnesssuperstore-shopify/warranty-page-rewrite,UNPUBLISHED,shipping_dims_weight_2,YES,templates/product.customised-product.json,229
185668993340,fitnesssuperstore-shopify/warranty-page-rewrite,UNPUBLISHED,list,YES,templates/product.discontinued.json,194
185668993340,fitnesssuperstore-shopify/warranty-page-rewrite,UNPUBLISHED,shipping_dims_weight_2,YES,templates/product.discontinued.json,232
185668993340,fitnesssuperstore-shopify/warranty-page-rewrite,UNPUBLISHED,list,YES,templates/product.gift_cards.json,189
185668993340,fitnesssuperstore-shopify/warranty-page-rewrite,UNPUBLISHED,shipping_dims_weight_2,YES,templates/product.gift_cards.json,221
185668993340,fitnesssuperstore-shopify/warranty-page-rewrite,UNPUBLISHED,list,YES,templates/product.gym-package.json,213
185668993340,fitnesssuperstore-shopify/warranty-page-rewrite,UNPUBLISHED,shipping_dims_weight,YES,templates/product.gym-package.json,220
185668993340,fitnesssuperstore-shopify/warranty-page-rewrite,UNPUBLISHED,list,YES,templates/product.json,187
185668993340,fitnesssuperstore-shopify/warranty-page-rewrite,UNPUBLISHED,shipping_dims_weight_2,YES,templates/product.json,225
185668993340,fitnesssuperstore-shopify/warranty-page-rewrite,UNPUBLISHED,list,YES,templates/product.shopify-product-option.json,187
185668993340,fitnesssuperstore-shopify/warranty-page-rewrite,UNPUBLISHED,shipping_dims_weight_2,YES,templates/product.shopify-product-option.json,219
185668993340,fitnesssuperstore-shopify/warranty-page-rewrite,UNPUBLISHED,list,YES,templates/product.variants.json,193
185668993340,fitnesssuperstore-shopify/warranty-page-rewrite,UNPUBLISHED,shipping_dims_weight_2,YES,templates/product.variants.json,225
186120372540,fitnesssuperstore-shopify/yusra-as-featured-in,UNPUBLISHED,shipping_dims_weight_2,YES,sections/extra-info.liquid,712
186120372540,fitnesssuperstore-shopify/yusra-as-featured-in,UNPUBLISHED,list,YES,templates/product.boost-test.json,183
186120372540,fitnesssuperstore-shopify/yusra-as-featured-in,UNPUBLISHED,shipping_dims_weight_2,YES,templates/product.boost-test.json,221
186120372540,fitnesssuperstore-shopify/yusra-as-featured-in,UNPUBLISHED,list,YES,templates/product.byo-rig.json,182
186120372540,fitnesssuperstore-shopify/yusra-as-featured-in,UNPUBLISHED,shipping_dims_weight_2,YES,templates/product.byo-rig.json,189
186120372540,fitnesssuperstore-shopify/yusra-as-featured-in,UNPUBLISHED,list,YES,templates/product.combined-listings.json,188
186120372540,fitnesssuperstore-shopify/yusra-as-featured-in,UNPUBLISHED,shipping_dims_weight_2,YES,templates/product.combined-listings.json,220
186120372540,fitnesssuperstore-shopify/yusra-as-featured-in,UNPUBLISHED,list,YES,templates/product.customised-product.json,197
186120372540,fitnesssuperstore-shopify/yusra-as-featured-in,UNPUBLISHED,shipping_dims_weight_2,YES,templates/product.customised-product.json,229
186120372540,fitnesssuperstore-shopify/yusra-as-featured-in,UNPUBLISHED,list,YES,templates/product.discontinued.json,194
186120372540,fitnesssuperstore-shopify/yusra-as-featured-in,UNPUBLISHED,shipping_dims_weight_2,YES,templates/product.discontinued.json,232
186120372540,fitnesssuperstore-shopify/yusra-as-featured-in,UNPUBLISHED,list,YES,templates/product.gift_cards.json,189
186120372540,fitnesssuperstore-shopify/yusra-as-featured-in,UNPUBLISHED,shipping_dims_weight_2,YES,templates/product.gift_cards.json,221
186120372540,fitnesssuperstore-shopify/yusra-as-featured-in,UNPUBLISHED,list,YES,templates/product.gym-package.json,213
186120372540,fitnesssuperstore-shopify/yusra-as-featured-in,UNPUBLISHED,shipping_dims_weight,YES,templates/product.gym-package.json,220
186120372540,fitnesssuperstore-shopify/yusra-as-featured-in,UNPUBLISHED,list,YES,templates/product.json,187
186120372540,fitnesssuperstore-shopify/yusra-as-featured-in,UNPUBLISHED,shipping_dims_weight_2,YES,templates/product.json,225
186120372540,fitnesssuperstore-shopify/yusra-as-featured-in,UNPUBLISHED,list,YES,templates/product.shopify-product-option.json,187
186120372540,fitnesssuperstore-shopify/yusra-as-featured-in,UNPUBLISHED,shipping_dims_weight_2,YES,templates/product.shopify-product-option.json,219
186120372540,fitnesssuperstore-shopify/yusra-as-featured-in,UNPUBLISHED,list,YES,templates/product.variants-pulley.json,193
186120372540,fitnesssuperstore-shopify/yusra-as-featured-in,UNPUBLISHED,shipping_dims_weight_2,YES,templates/product.variants-pulley.json,225
186120372540,fitnesssuperstore-shopify/yusra-as-featured-in,UNPUBLISHED,list,YES,templates/product.variants.json,193
186120372540,fitnesssuperstore-shopify/yusra-as-featured-in,UNPUBLISHED,shipping_dims_weight_2,YES,templates/product.variants.json,225
186772685116,fitnesssuperstore-shopify/yusra-random-fixes,UNPUBLISHED,shipping_dims_weight_2,YES,sections/extra-info.liquid,426
186772685116,fitnesssuperstore-shopify/yusra-random-fixes,UNPUBLISHED,list,YES,templates/product.boost-test.json,183
186772685116,fitnesssuperstore-shopify/yusra-random-fixes,UNPUBLISHED,shipping_dims_weight_2,YES,templates/product.boost-test.json,221
186772685116,fitnesssuperstore-shopify/yusra-random-fixes,UNPUBLISHED,list,YES,templates/product.byo-rig.json,182
186772685116,fitnesssuperstore-shopify/yusra-random-fixes,UNPUBLISHED,shipping_dims_weight_2,YES,templates/product.byo-rig.json,189
186772685116,fitnesssuperstore-shopify/yusra-random-fixes,UNPUBLISHED,list,YES,templates/product.combined-listings.json,188
186772685116,fitnesssuperstore-shopify/yusra-random-fixes,UNPUBLISHED,shipping_dims_weight_2,YES,templates/product.combined-listings.json,220
186772685116,fitnesssuperstore-shopify/yusra-random-fixes,UNPUBLISHED,list,YES,templates/product.customised-product.json,197
186772685116,fitnesssuperstore-shopify/yusra-random-fixes,UNPUBLISHED,shipping_dims_weight_2,YES,templates/product.customised-product.json,229
186772685116,fitnesssuperstore-shopify/yusra-random-fixes,UNPUBLISHED,list,YES,templates/product.discontinued.json,194
186772685116,fitnesssuperstore-shopify/yusra-random-fixes,UNPUBLISHED,shipping_dims_weight_2,YES,templates/product.discontinued.json,232
186772685116,fitnesssuperstore-shopify/yusra-random-fixes,UNPUBLISHED,list,YES,templates/product.gift_cards.json,189
186772685116,fitnesssuperstore-shopify/yusra-random-fixes,UNPUBLISHED,shipping_dims_weight_2,YES,templates/product.gift_cards.json,221
186772685116,fitnesssuperstore-shopify/yusra-random-fixes,UNPUBLISHED,list,YES,templates/product.gym-package.json,213
186772685116,fitnesssuperstore-shopify/yusra-random-fixes,UNPUBLISHED,shipping_dims_weight,YES,templates/product.gym-package.json,220
186772685116,fitnesssuperstore-shopify/yusra-random-fixes,UNPUBLISHED,list,YES,templates/product.json,187
186772685116,fitnesssuperstore-shopify/yusra-random-fixes,UNPUBLISHED,shipping_dims_weight_2,YES,templates/product.json,225
186772685116,fitnesssuperstore-shopify/yusra-random-fixes,UNPUBLISHED,list,YES,templates/product.shopify-product-option.json,187
186772685116,fitnesssuperstore-shopify/yusra-random-fixes,UNPUBLISHED,shipping_dims_weight_2,YES,templates/product.shopify-product-option.json,219
186772685116,fitnesssuperstore-shopify/yusra-random-fixes,UNPUBLISHED,list,YES,templates/product.variants-pulley.json,193
186772685116,fitnesssuperstore-shopify/yusra-random-fixes,UNPUBLISHED,shipping_dims_weight_2,YES,templates/product.variants-pulley.json,225
186772685116,fitnesssuperstore-shopify/yusra-random-fixes,UNPUBLISHED,list,YES,templates/product.variants.json,196
186772685116,fitnesssuperstore-shopify/yusra-random-fixes,UNPUBLISHED,shipping_dims_weight_2,YES,templates/product.variants.json,228
187525464380,fitnesssuperstore-shopify/zafran-build-your-own...,UNPUBLISHED,shipping_dims_weight_2,YES,sections/extra-info.liquid,437
187525464380,fitnesssuperstore-shopify/zafran-build-your-own...,UNPUBLISHED,list,YES,templates/product.boost-test.json,183
187525464380,fitnesssuperstore-shopify/zafran-build-your-own...,UNPUBLISHED,shipping_dims_weight_2,YES,templates/product.boost-test.json,221
187525464380,fitnesssuperstore-shopify/zafran-build-your-own...,UNPUBLISHED,list,YES,templates/product.byo-rig.json,204
187525464380,fitnesssuperstore-shopify/zafran-build-your-own...,UNPUBLISHED,shipping_dims_weight_2,YES,templates/product.byo-rig.json,211
187525464380,fitnesssuperstore-shopify/zafran-build-your-own...,UNPUBLISHED,list,YES,templates/product.combined-listings.json,188
187525464380,fitnesssuperstore-shopify/zafran-build-your-own...,UNPUBLISHED,shipping_dims_weight_2,YES,templates/product.combined-listings.json,220
187525464380,fitnesssuperstore-shopify/zafran-build-your-own...,UNPUBLISHED,list,YES,templates/product.customised-product.json,192
187525464380,fitnesssuperstore-shopify/zafran-build-your-own...,UNPUBLISHED,shipping_dims_weight_2,YES,templates/product.customised-product.json,224
187525464380,fitnesssuperstore-shopify/zafran-build-your-own...,UNPUBLISHED,list,YES,templates/product.discontinued.json,194
187525464380,fitnesssuperstore-shopify/zafran-build-your-own...,UNPUBLISHED,shipping_dims_weight_2,YES,templates/product.discontinued.json,232
187525464380,fitnesssuperstore-shopify/zafran-build-your-own...,UNPUBLISHED,list,YES,templates/product.gift_cards.json,184
187525464380,fitnesssuperstore-shopify/zafran-build-your-own...,UNPUBLISHED,shipping_dims_weight_2,YES,templates/product.gift_cards.json,216
187525464380,fitnesssuperstore-shopify/zafran-build-your-own...,UNPUBLISHED,list,YES,templates/product.gym-package.json,208
187525464380,fitnesssuperstore-shopify/zafran-build-your-own...,UNPUBLISHED,shipping_dims_weight,YES,templates/product.gym-package.json,215
187525464380,fitnesssuperstore-shopify/zafran-build-your-own...,UNPUBLISHED,list,YES,templates/product.json,182
187525464380,fitnesssuperstore-shopify/zafran-build-your-own...,UNPUBLISHED,shipping_dims_weight_2,YES,templates/product.json,220
187525464380,fitnesssuperstore-shopify/zafran-build-your-own...,UNPUBLISHED,list,YES,templates/product.shopify-product-option.json,187
187525464380,fitnesssuperstore-shopify/zafran-build-your-own...,UNPUBLISHED,shipping_dims_weight_2,YES,templates/product.shopify-product-option.json,219
187525464380,fitnesssuperstore-shopify/zafran-build-your-own...,UNPUBLISHED,list,YES,templates/product.variants-pulley.json,188
187525464380,fitnesssuperstore-shopify/zafran-build-your-own...,UNPUBLISHED,shipping_dims_weight_2,YES,templates/product.variants-pulley.json,220
187525464380,fitnesssuperstore-shopify/zafran-build-your-own...,UNPUBLISHED,list,YES,templates/product.variants.json,191
187525464380,fitnesssuperstore-shopify/zafran-build-your-own...,UNPUBLISHED,shipping_dims_weight_2,YES,templates/product.variants.json,223
