row_type,method_id,scenario_id,scenario_url,method_title,rev6_zone,component_kind,component_key,rating_axis,band_unit,band_from,band_to,O_component,C_component,C_state,C_readback_utc,divisor_per_unit,exact_crossover_value,crossover_reachability,method_type,cost_type,rate_row_axis,child_component_count,min_weight_lb,max_weight_lb,sku_filter,quantity_condition,live_zone_string,manifest_final_adjustment,manifest_exact_crossover_lb,step3_reachable,O_evidence
PARENT,542384,131896,https://v2.intuitiveshipping.app/scenarios/edit/131896,California Shipping & Handling,1B,,,,,,,,,FOUND status=2,,,,,incremental,weight,rate rows are indexed by WEIGHT (lb),2,225.0,unbounded,"FF-RR-U-120, FF-RR-U-132, FF-RR-U-142, FF-RR-U-130",less_than_or_equal_to 8,United States - California,split at crossover,1006.72,no - weight range is outside 36.00-149.99,
CHILD,542384,131896,https://v2.intuitiveshipping.app/scenarios/edit/131896,California Shipping & Handling,1B,flat_base_adjustment,adjustments[add_flat] 'Base Price',weight,lb,225.0,1E+18,296,296,MATCH,2026-09-30 capture tgz 789851bc,,,,incremental,weight,,,225.0,unbounded,"FF-RR-U-120, FF-RR-U-132, FF-RR-U-142, FF-RR-U-130",less_than_or_equal_to 8,United States - California,,,no - weight range is outside 36.00-149.99,v41 adjustments[add_flat].value=296
CHILD,542384,131896,https://v2.intuitiveshipping.app/scenarios/edit/131896,California Shipping & Handling,1B,variable_rate_row,rates[0] Up to ~,weight,lb,225.0,1E+18,0.70,0.70,MATCH,2026-09-30 capture tgz 789851bc,1.001,1006.72,crossover falls INSIDE this row's band -> row must split,incremental,weight,,,225.0,unbounded,"FF-RR-U-120, FF-RR-U-132, FF-RR-U-142, FF-RR-U-130",less_than_or_equal_to 8,United States - California,,,no - weight range is outside 36.00-149.99,v41 rates[0].cost=0.70
PARENT,543044,131924,https://v2.intuitiveshipping.app/scenarios/edit/131924,USA Shipping & Handling,SPLIT_REQUIRED,,,,,,,,,FOUND status=2,,,,,incremental,weight,rate rows are indexed by WEIGHT (lb),2,225.0,99999.0,,,United States - USA Shipping & Handling,split at crossover,627.9607,no - weight range is outside 36.00-149.99,
CHILD,543044,131924,https://v2.intuitiveshipping.app/scenarios/edit/131924,USA Shipping & Handling,SPLIT_REQUIRED,flat_base_adjustment,adjustments[add_flat] 'Base Price',weight,lb,225.0,99999.0,59,59,MATCH,2026-09-30 capture tgz 789851bc,,,,incremental,weight,,,225.0,99999.0,,,United States - USA Shipping & Handling,,,no - weight range is outside 36.00-149.99,v41 adjustments[add_flat].value=59
CHILD,543044,131924,https://v2.intuitiveshipping.app/scenarios/edit/131924,USA Shipping & Handling,SPLIT_REQUIRED,variable_rate_row,rates[0] Up to 452,weight,lb,225.0,452,1.50,1.50,MATCH,2026-09-30 capture tgz 789851bc,1.001,627.9606666666666666666666667,"crossover 627.9606666666666666666666667 lb is ABOVE this row's ceiling 452 lb; row max result 736.32 -> row never reaches $1,000, entire row is the below-$1,000 branch",incremental,weight,,,225.0,99999.0,,,United States - USA Shipping & Handling,,,no - weight range is outside 36.00-149.99,v41 rates[0].cost=1.50
PARENT,543045,131924,https://v2.intuitiveshipping.app/scenarios/edit/131924,USA Shipping & Handling,SPLIT_REQUIRED,,,,,,,,,FOUND status=2,,,,,incremental,weight,rate rows are indexed by WEIGHT (lb),2,225.0,99999.0,,,United States - USA Shipping & Handling,split at crossover,726.726,no - weight range is outside 36.00-149.99,
CHILD,543045,131924,https://v2.intuitiveshipping.app/scenarios/edit/131924,USA Shipping & Handling,SPLIT_REQUIRED,flat_base_adjustment,adjustments[add_flat] 'Base Price',weight,lb,225.0,99999.0,274,274,MATCH,2026-09-30 capture tgz 789851bc,,,,incremental,weight,,,225.0,99999.0,,,United States - USA Shipping & Handling,,,no - weight range is outside 36.00-149.99,v41 adjustments[add_flat].value=274
CHILD,543045,131924,https://v2.intuitiveshipping.app/scenarios/edit/131924,USA Shipping & Handling,SPLIT_REQUIRED,variable_rate_row,rates[0] Up to 99999,weight,lb,225.0,99999.0,1.00,1.00,MATCH,2026-09-30 capture tgz 789851bc,1.001,726.726,crossover falls INSIDE this row's band -> row must split,incremental,weight,,,225.0,99999.0,,,United States - USA Shipping & Handling,,,no - weight range is outside 36.00-149.99,v41 rates[0].cost=1.00
PARENT,543047,131926,https://v2.intuitiveshipping.app/scenarios/edit/131926,WEST COAST Shipping & Handling,2,,,,,,,,,FOUND status=2,,,,,incremental,weight,rate rows are indexed by WEIGHT (lb),2,225.0,99999.0,FF-WBB-9,,United States - West Coast,split at crossover,2401.1386,no - weight range is outside 36.00-149.99,
CHILD,543047,131926,https://v2.intuitiveshipping.app/scenarios/edit/131926,WEST COAST Shipping & Handling,2,flat_base_adjustment,adjustments[add_flat] 'Base Price',weight,lb,225.0,99999.0,200.50,200.50,MATCH,2026-09-30 capture tgz 789851bc,,,,incremental,weight,,,225.0,99999.0,FF-WBB-9,,United States - West Coast,,,no - weight range is outside 36.00-149.99,v41 adjustments[add_flat].value=200.50
CHILD,543047,131926,https://v2.intuitiveshipping.app/scenarios/edit/131926,WEST COAST Shipping & Handling,2,variable_rate_row,rates[0] Up to 99999,weight,lb,225.0,99999.0,0.3333,0.3333,MATCH,2026-09-30 capture tgz 789851bc,1.001,2401.138613861386138613861386,crossover falls INSIDE this row's band -> row must split,incremental,weight,,,225.0,99999.0,FF-WBB-9,,United States - West Coast,,,no - weight range is outside 36.00-149.99,v41 rates[0].cost=0.3333
PARENT,543049,131928,https://v2.intuitiveshipping.app/scenarios/edit/131928,USA Shipping & Handling,5,,,,,,,,,FOUND status=2,,,,,incremental,weight,rate rows are indexed by WEIGHT (lb),2,225.0,999999.0,,,"United States - USA Shipping & Handling <!--USA Northeast (ME,NH,VT,MA,CT,RI)-->",split at crossover,676.676,no - weight range is outside 36.00-149.99,
CHILD,543049,131928,https://v2.intuitiveshipping.app/scenarios/edit/131928,USA Shipping & Handling,5,flat_base_adjustment,adjustments[add_flat] 'Base Price',weight,lb,225.0,999999.0,324,324,MATCH,2026-09-30 capture tgz 789851bc,,,,incremental,weight,,,225.0,999999.0,,,"United States - USA Shipping & Handling <!--USA Northeast (ME,NH,VT,MA,CT,RI)-->",,,no - weight range is outside 36.00-149.99,v41 adjustments[add_flat].value=324
CHILD,543049,131928,https://v2.intuitiveshipping.app/scenarios/edit/131928,USA Shipping & Handling,5,variable_rate_row,rates[0] Up to 999999,weight,lb,225.0,999999.0,1.00,1.00,MATCH,2026-09-30 capture tgz 789851bc,1.001,676.676,crossover falls INSIDE this row's band -> row must split,incremental,weight,,,225.0,999999.0,,,"United States - USA Shipping & Handling <!--USA Northeast (ME,NH,VT,MA,CT,RI)-->",,,no - weight range is outside 36.00-149.99,v41 rates[0].cost=1.00
PARENT,543053,131931,https://v2.intuitiveshipping.app/scenarios/edit/131931,US Territories & APO's,SPECIAL_US,,,,,,,,,FOUND status=2,,,,,incremental,weight,rate rows are indexed by WEIGHT (lb),2,225.0,99999.0,,,United States - US Territories & APO's / Others,x1.10 only,190.5904,no - weight range is outside 36.00-149.99,
CHILD,543053,131931,https://v2.intuitiveshipping.app/scenarios/edit/131931,US Territories & APO's,SPECIAL_US,flat_base_adjustment,adjustments[add_flat] 'Base Price',weight,lb,225.0,99999.0,524.00,524.00,MATCH,2026-09-30 capture tgz 789851bc,,,,incremental,weight,,,225.0,99999.0,,,United States - US Territories & APO's / Others,,,no - weight range is outside 36.00-149.99,v41 adjustments[add_flat].value=524.00
CHILD,543053,131931,https://v2.intuitiveshipping.app/scenarios/edit/131931,US Territories & APO's,SPECIAL_US,variable_rate_row,rates[0] Up to ~,weight,lb,225.0,99999.0,2.50,2.50,MATCH,2026-09-30 capture tgz 789851bc,1.001,190.5904,"crossover 190.5904 lb is BELOW this row's floor 225.0 lb -> entire row is the at-or-above-$1,000 branch",incremental,weight,,,225.0,99999.0,,,United States - US Territories & APO's / Others,,,no - weight range is outside 36.00-149.99,v41 rates[0].cost=2.50
PARENT,543055,131933,https://v2.intuitiveshipping.app/scenarios/edit/131933,Hawaii Shipping & Handling,6B,,,,,,,,,FOUND status=2,,,,,incremental,weight,rate rows are indexed by WEIGHT (lb),2,226.0,999999.0,,,United States - Hawaii,x1.10 only,154.1904,no - weight range is outside 36.00-149.99,
CHILD,543055,131933,https://v2.intuitiveshipping.app/scenarios/edit/131933,Hawaii Shipping & Handling,6B,flat_base_adjustment,adjustments[add_flat] 'Base Price',weight,lb,226.0,999999.0,576.40,576.40,MATCH,2026-09-30 capture tgz 789851bc,,,,incremental,weight,,,226.0,999999.0,,,United States - Hawaii,,,no - weight range is outside 36.00-149.99,v41 adjustments[add_flat].value=576.40
CHILD,543055,131933,https://v2.intuitiveshipping.app/scenarios/edit/131933,Hawaii Shipping & Handling,6B,variable_rate_row,rates[0] Up to ~,weight,lb,226.0,999999.0,2.75,2.75,MATCH,2026-09-30 capture tgz 789851bc,1.001,154.1904,"crossover 154.1904 lb is BELOW this row's floor 226.0 lb -> entire row is the at-or-above-$1,000 branch",incremental,weight,,,226.0,999999.0,,,United States - Hawaii,,,no - weight range is outside 36.00-149.99,v41 rates[0].cost=2.75
PARENT,543057,131935,https://v2.intuitiveshipping.app/scenarios/edit/131935,Alaska Shipping & Handling,6B,,,,,,,,,FOUND status=2,,,,,incremental,weight,rate rows are indexed by WEIGHT (lb),2,226.0,999999.0,,,United States - Alaska,x1.10 only,190.5904,no - weight range is outside 36.00-149.99,
CHILD,543057,131935,https://v2.intuitiveshipping.app/scenarios/edit/131935,Alaska Shipping & Handling,6B,flat_base_adjustment,adjustments[add_flat] 'Base Price',weight,lb,226.0,999999.0,524,524,MATCH,2026-09-30 capture tgz 789851bc,,,,incremental,weight,,,226.0,999999.0,,,United States - Alaska,,,no - weight range is outside 36.00-149.99,v41 adjustments[add_flat].value=524
CHILD,543057,131935,https://v2.intuitiveshipping.app/scenarios/edit/131935,Alaska Shipping & Handling,6B,variable_rate_row,rates[0] Up to ~,weight,lb,226.0,999999.0,2.50,2.50,MATCH,2026-09-30 capture tgz 789851bc,1.001,190.5904,"crossover 190.5904 lb is BELOW this row's floor 226.0 lb -> entire row is the at-or-above-$1,000 branch",incremental,weight,,,226.0,999999.0,,,United States - Alaska,,,no - weight range is outside 36.00-149.99,v41 rates[0].cost=2.50
PARENT,543377,131995,https://v2.intuitiveshipping.app/scenarios/edit/131995,USA Shipping & Handling,SPLIT_REQUIRED,,,,,,,,,FOUND status=2,,,,,incremental,weight,rate rows are indexed by WEIGHT (lb),2,451.0,unbounded,FF-RR-U-108,less_than_or_equal_to 8,"United States - USA Shipping & Handling, United States - USA Shipping & Handling <!--USA Northeast (ME,NH,VT,MA,CT,RI)-->",split at crossover,1349.6817,no - weight range is outside 36.00-149.99,
CHILD,543377,131995,https://v2.intuitiveshipping.app/scenarios/edit/131995,USA Shipping & Handling,SPLIT_REQUIRED,flat_base_adjustment,adjustments[add_flat] 'Base Price',weight,lb,451.0,1E+18,191,191,MATCH,2026-09-30 capture tgz 789851bc,,,,incremental,weight,,,451.0,unbounded,FF-RR-U-108,less_than_or_equal_to 8,"United States - USA Shipping & Handling, United States - USA Shipping & Handling <!--USA Northeast (ME,NH,VT,MA,CT,RI)-->",,,no - weight range is outside 36.00-149.99,v41 adjustments[add_flat].value=191
CHILD,543377,131995,https://v2.intuitiveshipping.app/scenarios/edit/131995,USA Shipping & Handling,SPLIT_REQUIRED,variable_rate_row,rates[0] Up to ~,weight,lb,451.0,1E+18,0.60,0.60,MATCH,2026-09-30 capture tgz 789851bc,1.001,1349.681666666666666666666667,crossover falls INSIDE this row's band -> row must split,incremental,weight,,,451.0,unbounded,FF-RR-U-108,less_than_or_equal_to 8,"United States - USA Shipping & Handling, United States - USA Shipping & Handling <!--USA Northeast (ME,NH,VT,MA,CT,RI)-->",,,no - weight range is outside 36.00-149.99,v41 rates[0].cost=0.60
PARENT,543378,131996,https://v2.intuitiveshipping.app/scenarios/edit/131996,USA Shipping & Handling,SPLIT_REQUIRED,,,,,,,,,FOUND status=2,,,,,incremental,weight,rate rows are indexed by WEIGHT (lb),2,451.0,unbounded,FF-RR-U-108,greater_than_or_equal_to 9,"United States - USA Shipping & Handling, United States - USA Shipping & Handling <!--USA Northeast (ME,NH,VT,MA,CT,RI)-->, United States - West Coast",split at crossover,2845.3425,no - weight range is outside 36.00-149.99,
CHILD,543378,131996,https://v2.intuitiveshipping.app/scenarios/edit/131996,USA Shipping & Handling,SPLIT_REQUIRED,flat_base_adjustment,adjustments[add_flat] 'Base Price',weight,lb,451.0,1E+18,431.50,431.50,MATCH,2026-09-30 capture tgz 789851bc,,,,incremental,weight,,,451.0,unbounded,FF-RR-U-108,greater_than_or_equal_to 9,"United States - USA Shipping & Handling, United States - USA Shipping & Handling <!--USA Northeast (ME,NH,VT,MA,CT,RI)-->, United States - West Coast",,,no - weight range is outside 36.00-149.99,v41 adjustments[add_flat].value=431.50
CHILD,543378,131996,https://v2.intuitiveshipping.app/scenarios/edit/131996,USA Shipping & Handling,SPLIT_REQUIRED,variable_rate_row,rates[0] Up to ~,weight,lb,451.0,1E+18,0.20,0.20,MATCH,2026-09-30 capture tgz 789851bc,1.001,2845.3425,crossover falls INSIDE this row's band -> row must split,incremental,weight,,,451.0,unbounded,FF-RR-U-108,greater_than_or_equal_to 9,"United States - USA Shipping & Handling, United States - USA Shipping & Handling <!--USA Northeast (ME,NH,VT,MA,CT,RI)-->, United States - West Coast",,,no - weight range is outside 36.00-149.99,v41 rates[0].cost=0.20
PARENT,543379,131995,https://v2.intuitiveshipping.app/scenarios/edit/131995,USA Shipping & Handling,SPLIT_REQUIRED,,,,,,,,,FOUND status=2,,,,,incremental,weight,rate rows are indexed by WEIGHT (lb),2,451.0,unbounded,FF-RR-U-108,less_than_or_equal_to 8,"United States - USA Shipping & Handling, United States - USA Shipping & Handling <!--USA Northeast (ME,NH,VT,MA,CT,RI)-->",split at crossover,1349.6817,no - weight range is outside 36.00-149.99,
CHILD,543379,131995,https://v2.intuitiveshipping.app/scenarios/edit/131995,USA Shipping & Handling,SPLIT_REQUIRED,flat_base_adjustment,adjustments[add_flat] 'Base Price',weight,lb,451.0,1E+18,191,191,MATCH,2026-09-30 capture tgz 789851bc,,,,incremental,weight,,,451.0,unbounded,FF-RR-U-108,less_than_or_equal_to 8,"United States - USA Shipping & Handling, United States - USA Shipping & Handling <!--USA Northeast (ME,NH,VT,MA,CT,RI)-->",,,no - weight range is outside 36.00-149.99,v41 adjustments[add_flat].value=191
CHILD,543379,131995,https://v2.intuitiveshipping.app/scenarios/edit/131995,USA Shipping & Handling,SPLIT_REQUIRED,variable_rate_row,rates[0] Up to ~,weight,lb,451.0,1E+18,0.60,0.60,MATCH,2026-09-30 capture tgz 789851bc,1.001,1349.681666666666666666666667,crossover falls INSIDE this row's band -> row must split,incremental,weight,,,451.0,unbounded,FF-RR-U-108,less_than_or_equal_to 8,"United States - USA Shipping & Handling, United States - USA Shipping & Handling <!--USA Northeast (ME,NH,VT,MA,CT,RI)-->",,,no - weight range is outside 36.00-149.99,v41 rates[0].cost=0.60
PARENT,543382,131996,https://v2.intuitiveshipping.app/scenarios/edit/131996,USA Shipping & Handling,SPLIT_REQUIRED,,,,,,,,,FOUND status=2,,,,,incremental,weight,rate rows are indexed by WEIGHT (lb),2,451.0,unbounded,FF-RR-U-108,greater_than_or_equal_to 9,"United States - USA Shipping & Handling, United States - USA Shipping & Handling <!--USA Northeast (ME,NH,VT,MA,CT,RI)-->, United States - West Coast",split at crossover,2845.3425,no - weight range is outside 36.00-149.99,
CHILD,543382,131996,https://v2.intuitiveshipping.app/scenarios/edit/131996,USA Shipping & Handling,SPLIT_REQUIRED,flat_base_adjustment,adjustments[add_flat] 'Base Price',weight,lb,451.0,1E+18,431.50,431.50,MATCH,2026-09-30 capture tgz 789851bc,,,,incremental,weight,,,451.0,unbounded,FF-RR-U-108,greater_than_or_equal_to 9,"United States - USA Shipping & Handling, United States - USA Shipping & Handling <!--USA Northeast (ME,NH,VT,MA,CT,RI)-->, United States - West Coast",,,no - weight range is outside 36.00-149.99,v41 adjustments[add_flat].value=431.50
CHILD,543382,131996,https://v2.intuitiveshipping.app/scenarios/edit/131996,USA Shipping & Handling,SPLIT_REQUIRED,variable_rate_row,rates[0] Up to ~,weight,lb,451.0,1E+18,0.20,0.20,MATCH,2026-09-30 capture tgz 789851bc,1.001,2845.3425,crossover falls INSIDE this row's band -> row must split,incremental,weight,,,451.0,unbounded,FF-RR-U-108,greater_than_or_equal_to 9,"United States - USA Shipping & Handling, United States - USA Shipping & Handling <!--USA Northeast (ME,NH,VT,MA,CT,RI)-->, United States - West Coast",,,no - weight range is outside 36.00-149.99,v41 rates[0].cost=0.20
PARENT,543383,131996,https://v2.intuitiveshipping.app/scenarios/edit/131996,USA Shipping & Handling,SPLIT_REQUIRED,,,,,,,,,FOUND status=2,,,,,incremental,weight,rate rows are indexed by WEIGHT (lb),2,451.0,unbounded,FF-RR-U-108,greater_than_or_equal_to 9,"United States - USA Shipping & Handling, United States - USA Shipping & Handling <!--USA Northeast (ME,NH,VT,MA,CT,RI)-->, United States - West Coast",split at crossover,2845.3425,no - weight range is outside 36.00-149.99,
CHILD,543383,131996,https://v2.intuitiveshipping.app/scenarios/edit/131996,USA Shipping & Handling,SPLIT_REQUIRED,flat_base_adjustment,adjustments[add_flat] 'Base Price',weight,lb,451.0,1E+18,431.50,431.50,MATCH,2026-09-30 capture tgz 789851bc,,,,incremental,weight,,,451.0,unbounded,FF-RR-U-108,greater_than_or_equal_to 9,"United States - USA Shipping & Handling, United States - USA Shipping & Handling <!--USA Northeast (ME,NH,VT,MA,CT,RI)-->, United States - West Coast",,,no - weight range is outside 36.00-149.99,v41 adjustments[add_flat].value=431.50
CHILD,543383,131996,https://v2.intuitiveshipping.app/scenarios/edit/131996,USA Shipping & Handling,SPLIT_REQUIRED,variable_rate_row,rates[0] Up to ~,weight,lb,451.0,1E+18,0.20,0.20,MATCH,2026-09-30 capture tgz 789851bc,1.001,2845.3425,crossover falls INSIDE this row's band -> row must split,incremental,weight,,,451.0,unbounded,FF-RR-U-108,greater_than_or_equal_to 9,"United States - USA Shipping & Handling, United States - USA Shipping & Handling <!--USA Northeast (ME,NH,VT,MA,CT,RI)-->, United States - West Coast",,,no - weight range is outside 36.00-149.99,v41 rates[0].cost=0.20
PARENT,543387,131998,https://v2.intuitiveshipping.app/scenarios/edit/131998,USA Shipping & Handling,SPLIT_REQUIRED,,,,,,,,,FOUND status=2,,,,,incremental,weight,rate rows are indexed by WEIGHT (lb),2,225.0,unbounded,"FF-RR-U-120, FF-RR-U-132, FF-RR-U-142, FF-RR-U-130",less_than_or_equal_to 8,"United States - USA Shipping & Handling, United States - USA Shipping & Handling <!--USA Northeast (ME,NH,VT,MA,CT,RI)-->, United States - West Coast",split at crossover,1006.72,no - weight range is outside 36.00-149.99,
CHILD,543387,131998,https://v2.intuitiveshipping.app/scenarios/edit/131998,USA Shipping & Handling,SPLIT_REQUIRED,flat_base_adjustment,adjustments[add_flat] 'Base Price',weight,lb,225.0,1E+18,296,296,MATCH,2026-09-30 capture tgz 789851bc,,,,incremental,weight,,,225.0,unbounded,"FF-RR-U-120, FF-RR-U-132, FF-RR-U-142, FF-RR-U-130",less_than_or_equal_to 8,"United States - USA Shipping & Handling, United States - USA Shipping & Handling <!--USA Northeast (ME,NH,VT,MA,CT,RI)-->, United States - West Coast",,,no - weight range is outside 36.00-149.99,v41 adjustments[add_flat].value=296
CHILD,543387,131998,https://v2.intuitiveshipping.app/scenarios/edit/131998,USA Shipping & Handling,SPLIT_REQUIRED,variable_rate_row,rates[0] Up to ~,weight,lb,225.0,1E+18,0.70,0.70,MATCH,2026-09-30 capture tgz 789851bc,1.001,1006.72,crossover falls INSIDE this row's band -> row must split,incremental,weight,,,225.0,unbounded,"FF-RR-U-120, FF-RR-U-132, FF-RR-U-142, FF-RR-U-130",less_than_or_equal_to 8,"United States - USA Shipping & Handling, United States - USA Shipping & Handling <!--USA Northeast (ME,NH,VT,MA,CT,RI)-->, United States - West Coast",,,no - weight range is outside 36.00-149.99,v41 rates[0].cost=0.70
PARENT,543388,131998,https://v2.intuitiveshipping.app/scenarios/edit/131998,USA Shipping & Handling,SPLIT_REQUIRED,,,,,,,,,FOUND status=2,,,,,incremental,weight,rate rows are indexed by WEIGHT (lb),2,225.0,unbounded,"FF-RR-U-120, FF-RR-U-132, FF-RR-U-142, FF-RR-U-130",less_than_or_equal_to 8,"United States - USA Shipping & Handling, United States - USA Shipping & Handling <!--USA Northeast (ME,NH,VT,MA,CT,RI)-->, United States - West Coast",split at crossover,1006.72,no - weight range is outside 36.00-149.99,
CHILD,543388,131998,https://v2.intuitiveshipping.app/scenarios/edit/131998,USA Shipping & Handling,SPLIT_REQUIRED,flat_base_adjustment,adjustments[add_flat] 'Base Price',weight,lb,225.0,1E+18,296,296,MATCH,2026-09-30 capture tgz 789851bc,,,,incremental,weight,,,225.0,unbounded,"FF-RR-U-120, FF-RR-U-132, FF-RR-U-142, FF-RR-U-130",less_than_or_equal_to 8,"United States - USA Shipping & Handling, United States - USA Shipping & Handling <!--USA Northeast (ME,NH,VT,MA,CT,RI)-->, United States - West Coast",,,no - weight range is outside 36.00-149.99,v41 adjustments[add_flat].value=296
CHILD,543388,131998,https://v2.intuitiveshipping.app/scenarios/edit/131998,USA Shipping & Handling,SPLIT_REQUIRED,variable_rate_row,rates[0] Up to ~,weight,lb,225.0,1E+18,0.70,0.70,MATCH,2026-09-30 capture tgz 789851bc,1.001,1006.72,crossover falls INSIDE this row's band -> row must split,incremental,weight,,,225.0,unbounded,"FF-RR-U-120, FF-RR-U-132, FF-RR-U-142, FF-RR-U-130",less_than_or_equal_to 8,"United States - USA Shipping & Handling, United States - USA Shipping & Handling <!--USA Northeast (ME,NH,VT,MA,CT,RI)-->, United States - West Coast",,,no - weight range is outside 36.00-149.99,v41 rates[0].cost=0.70
PARENT,543389,131998,https://v2.intuitiveshipping.app/scenarios/edit/131998,USA Shipping & Handling,SPLIT_REQUIRED,,,,,,,,,FOUND status=2,,,,,incremental,weight,rate rows are indexed by WEIGHT (lb),2,225.0,unbounded,"FF-RR-U-120, FF-RR-U-132, FF-RR-U-142, FF-RR-U-130",less_than_or_equal_to 8,"United States - USA Shipping & Handling, United States - USA Shipping & Handling <!--USA Northeast (ME,NH,VT,MA,CT,RI)-->, United States - West Coast",split at crossover,1006.72,no - weight range is outside 36.00-149.99,
CHILD,543389,131998,https://v2.intuitiveshipping.app/scenarios/edit/131998,USA Shipping & Handling,SPLIT_REQUIRED,flat_base_adjustment,adjustments[add_flat] 'Base Price',weight,lb,225.0,1E+18,296,296,MATCH,2026-09-30 capture tgz 789851bc,,,,incremental,weight,,,225.0,unbounded,"FF-RR-U-120, FF-RR-U-132, FF-RR-U-142, FF-RR-U-130",less_than_or_equal_to 8,"United States - USA Shipping & Handling, United States - USA Shipping & Handling <!--USA Northeast (ME,NH,VT,MA,CT,RI)-->, United States - West Coast",,,no - weight range is outside 36.00-149.99,v41 adjustments[add_flat].value=296
CHILD,543389,131998,https://v2.intuitiveshipping.app/scenarios/edit/131998,USA Shipping & Handling,SPLIT_REQUIRED,variable_rate_row,rates[0] Up to ~,weight,lb,225.0,1E+18,0.70,0.70,MATCH,2026-09-30 capture tgz 789851bc,1.001,1006.72,crossover falls INSIDE this row's band -> row must split,incremental,weight,,,225.0,unbounded,"FF-RR-U-120, FF-RR-U-132, FF-RR-U-142, FF-RR-U-130",less_than_or_equal_to 8,"United States - USA Shipping & Handling, United States - USA Shipping & Handling <!--USA Northeast (ME,NH,VT,MA,CT,RI)-->, United States - West Coast",,,no - weight range is outside 36.00-149.99,v41 rates[0].cost=0.70
PARENT,543390,131999,https://v2.intuitiveshipping.app/scenarios/edit/131999,USA Shipping & Handling,SPLIT_REQUIRED,,,,,,,,,FOUND status=2,,,,,incremental,weight,rate rows are indexed by WEIGHT (lb),2,451.0,unbounded,"FF-RR-U-120, FF-RR-U-132, FF-RR-U-142, FF-RR-U-130",greater_than_or_equal_to 8,"United States - USA Shipping & Handling, United States - USA Shipping & Handling <!--USA Northeast (ME,NH,VT,MA,CT,RI)-->, United States - West Coast",split at crossover,2019.5175,no - weight range is outside 36.00-149.99,
CHILD,543390,131999,https://v2.intuitiveshipping.app/scenarios/edit/131999,USA Shipping & Handling,SPLIT_REQUIRED,flat_base_adjustment,adjustments[add_flat] 'Base Price',weight,lb,451.0,1E+18,596.50,596.50,MATCH,2026-09-30 capture tgz 789851bc,,,,incremental,weight,,,451.0,unbounded,"FF-RR-U-120, FF-RR-U-132, FF-RR-U-142, FF-RR-U-130",greater_than_or_equal_to 8,"United States - USA Shipping & Handling, United States - USA Shipping & Handling <!--USA Northeast (ME,NH,VT,MA,CT,RI)-->, United States - West Coast",,,no - weight range is outside 36.00-149.99,v41 adjustments[add_flat].value=596.50
CHILD,543390,131999,https://v2.intuitiveshipping.app/scenarios/edit/131999,USA Shipping & Handling,SPLIT_REQUIRED,variable_rate_row,rates[0] Up to ~,weight,lb,451.0,1E+18,0.20,0.20,MATCH,2026-09-30 capture tgz 789851bc,1.001,2019.5175,crossover falls INSIDE this row's band -> row must split,incremental,weight,,,451.0,unbounded,"FF-RR-U-120, FF-RR-U-132, FF-RR-U-142, FF-RR-U-130",greater_than_or_equal_to 8,"United States - USA Shipping & Handling, United States - USA Shipping & Handling <!--USA Northeast (ME,NH,VT,MA,CT,RI)-->, United States - West Coast",,,no - weight range is outside 36.00-149.99,v41 rates[0].cost=0.20
PARENT,543391,131999,https://v2.intuitiveshipping.app/scenarios/edit/131999,USA Shipping & Handling,SPLIT_REQUIRED,,,,,,,,,FOUND status=2,,,,,incremental,weight,rate rows are indexed by WEIGHT (lb),2,451.0,unbounded,"FF-RR-U-120, FF-RR-U-132, FF-RR-U-142, FF-RR-U-130",greater_than_or_equal_to 8,"United States - USA Shipping & Handling, United States - USA Shipping & Handling <!--USA Northeast (ME,NH,VT,MA,CT,RI)-->, United States - West Coast",split at crossover,2019.5175,no - weight range is outside 36.00-149.99,
CHILD,543391,131999,https://v2.intuitiveshipping.app/scenarios/edit/131999,USA Shipping & Handling,SPLIT_REQUIRED,flat_base_adjustment,adjustments[add_flat] 'Base Price',weight,lb,451.0,1E+18,596.50,596.50,MATCH,2026-09-30 capture tgz 789851bc,,,,incremental,weight,,,451.0,unbounded,"FF-RR-U-120, FF-RR-U-132, FF-RR-U-142, FF-RR-U-130",greater_than_or_equal_to 8,"United States - USA Shipping & Handling, United States - USA Shipping & Handling <!--USA Northeast (ME,NH,VT,MA,CT,RI)-->, United States - West Coast",,,no - weight range is outside 36.00-149.99,v41 adjustments[add_flat].value=596.50
CHILD,543391,131999,https://v2.intuitiveshipping.app/scenarios/edit/131999,USA Shipping & Handling,SPLIT_REQUIRED,variable_rate_row,rates[0] Up to ~,weight,lb,451.0,1E+18,0.20,0.20,MATCH,2026-09-30 capture tgz 789851bc,1.001,2019.5175,crossover falls INSIDE this row's band -> row must split,incremental,weight,,,451.0,unbounded,"FF-RR-U-120, FF-RR-U-132, FF-RR-U-142, FF-RR-U-130",greater_than_or_equal_to 8,"United States - USA Shipping & Handling, United States - USA Shipping & Handling <!--USA Northeast (ME,NH,VT,MA,CT,RI)-->, United States - West Coast",,,no - weight range is outside 36.00-149.99,v41 rates[0].cost=0.20
PARENT,543392,131999,https://v2.intuitiveshipping.app/scenarios/edit/131999,USA Shipping & Handling,SPLIT_REQUIRED,,,,,,,,,FOUND status=2,,,,,incremental,weight,rate rows are indexed by WEIGHT (lb),2,451.0,unbounded,"FF-RR-U-120, FF-RR-U-132, FF-RR-U-142, FF-RR-U-130",greater_than_or_equal_to 8,"United States - USA Shipping & Handling, United States - USA Shipping & Handling <!--USA Northeast (ME,NH,VT,MA,CT,RI)-->, United States - West Coast",split at crossover,2019.5175,no - weight range is outside 36.00-149.99,
CHILD,543392,131999,https://v2.intuitiveshipping.app/scenarios/edit/131999,USA Shipping & Handling,SPLIT_REQUIRED,flat_base_adjustment,adjustments[add_flat] 'Base Price',weight,lb,451.0,1E+18,596.50,596.50,MATCH,2026-09-30 capture tgz 789851bc,,,,incremental,weight,,,451.0,unbounded,"FF-RR-U-120, FF-RR-U-132, FF-RR-U-142, FF-RR-U-130",greater_than_or_equal_to 8,"United States - USA Shipping & Handling, United States - USA Shipping & Handling <!--USA Northeast (ME,NH,VT,MA,CT,RI)-->, United States - West Coast",,,no - weight range is outside 36.00-149.99,v41 adjustments[add_flat].value=596.50
CHILD,543392,131999,https://v2.intuitiveshipping.app/scenarios/edit/131999,USA Shipping & Handling,SPLIT_REQUIRED,variable_rate_row,rates[0] Up to ~,weight,lb,451.0,1E+18,0.20,0.20,MATCH,2026-09-30 capture tgz 789851bc,1.001,2019.5175,crossover falls INSIDE this row's band -> row must split,incremental,weight,,,451.0,unbounded,"FF-RR-U-120, FF-RR-U-132, FF-RR-U-142, FF-RR-U-130",greater_than_or_equal_to 8,"United States - USA Shipping & Handling, United States - USA Shipping & Handling <!--USA Northeast (ME,NH,VT,MA,CT,RI)-->, United States - West Coast",,,no - weight range is outside 36.00-149.99,v41 rates[0].cost=0.20
PARENT,543876,132089,https://v2.intuitiveshipping.app/scenarios/edit/132089,Canada Shipping ($100 Broker Fee Included),7A,,,,,,,,,FOUND status=2,,,,,incremental,weight,rate rows are indexed by WEIGHT (lb),2,226.0,9999999.0,,,"Canada - BC,AB,MB,ON,SK,QC",split at crossover,567.9007,no - weight range is outside 36.00-149.99,
CHILD,543876,132089,https://v2.intuitiveshipping.app/scenarios/edit/132089,Canada Shipping ($100 Broker Fee Included),7A,flat_base_adjustment,adjustments[add_flat] 'Base Price',weight,lb,226.0,9999999.0,149,149,MATCH,2026-09-30 capture tgz 789851bc,,,,incremental,weight,,,226.0,9999999.0,,,"Canada - BC,AB,MB,ON,SK,QC",,,no - weight range is outside 36.00-149.99,v41 adjustments[add_flat].value=149
CHILD,543876,132089,https://v2.intuitiveshipping.app/scenarios/edit/132089,Canada Shipping ($100 Broker Fee Included),7A,variable_rate_row,rates[0] Up to 451,weight,lb,226.0,451,1.5,1.5,MATCH,2026-09-30 capture tgz 789851bc,1.001,567.9006666666666666666666667,"crossover 567.9006666666666666666666667 lb is ABOVE this row's ceiling 451 lb; row max result 824.82 -> row never reaches $1,000, entire row is the below-$1,000 branch",incremental,weight,,,226.0,9999999.0,,,"Canada - BC,AB,MB,ON,SK,QC",,,no - weight range is outside 36.00-149.99,v41 rates[0].cost=1.5
PARENT,543884,132089,https://v2.intuitiveshipping.app/scenarios/edit/132089,Canada Shipping ($100 Broker Fee Included),7A,,,,,,,,,FOUND status=2,,,,,incremental,weight,rate rows are indexed by WEIGHT (lb),2,226.0,9999999.0,,,"Canada - BC,AB,MB,ON,SK,QC",split at crossover,601.4008,no - weight range is outside 36.00-149.99,
CHILD,543884,132089,https://v2.intuitiveshipping.app/scenarios/edit/132089,Canada Shipping ($100 Broker Fee Included),7A,flat_base_adjustment,adjustments[add_flat] 'Base Price',weight,lb,226.0,9999999.0,249,249,MATCH,2026-09-30 capture tgz 789851bc,,,,incremental,weight,,,226.0,9999999.0,,,"Canada - BC,AB,MB,ON,SK,QC",,,no - weight range is outside 36.00-149.99,v41 adjustments[add_flat].value=249
CHILD,543884,132089,https://v2.intuitiveshipping.app/scenarios/edit/132089,Canada Shipping ($100 Broker Fee Included),7A,variable_rate_row,rates[0] Up to 651,weight,lb,226.0,651,1.25,1.25,MATCH,2026-09-30 capture tgz 789851bc,1.001,601.4008,crossover falls INSIDE this row's band -> row must split,incremental,weight,,,226.0,9999999.0,,,"Canada - BC,AB,MB,ON,SK,QC",,,no - weight range is outside 36.00-149.99,v41 rates[0].cost=1.25
PARENT,543888,132089,https://v2.intuitiveshipping.app/scenarios/edit/132089,Canada Shipping ($100 Broker Fee Included),7A,,,,,,,,,FOUND status=2,,,,,incremental,weight,rate rows are indexed by WEIGHT (lb),2,226.0,9999999.0,,,"Canada - BC,AB,MB,ON,SK,QC",split at crossover,601.4008,no - weight range is outside 36.00-149.99,
CHILD,543888,132089,https://v2.intuitiveshipping.app/scenarios/edit/132089,Canada Shipping ($100 Broker Fee Included),7A,flat_base_adjustment,adjustments[add_flat] 'Base Price',weight,lb,226.0,9999999.0,249,249,MATCH,2026-09-30 capture tgz 789851bc,,,,incremental,weight,,,226.0,9999999.0,,,"Canada - BC,AB,MB,ON,SK,QC",,,no - weight range is outside 36.00-149.99,v41 adjustments[add_flat].value=249
CHILD,543888,132089,https://v2.intuitiveshipping.app/scenarios/edit/132089,Canada Shipping ($100 Broker Fee Included),7A,variable_rate_row,rates[0] Up to 9999999,weight,lb,226.0,9999999.0,1.25,1.25,MATCH,2026-09-30 capture tgz 789851bc,1.001,601.4008,crossover falls INSIDE this row's band -> row must split,incremental,weight,,,226.0,9999999.0,,,"Canada - BC,AB,MB,ON,SK,QC",,,no - weight range is outside 36.00-149.99,v41 rates[0].cost=1.25
PARENT,543939,132101,https://v2.intuitiveshipping.app/scenarios/edit/132101,Canada Shipping ($100 Broker Fee Included),7B,,,,,,,,,FOUND status=2,,,,,incremental,weight,rate rows are indexed by WEIGHT (lb),2,226.0,451.0,,,"Canada - NL,PE,NU,NS,YT,NB,NT",split at crossover,434.434,no - weight range is outside 36.00-149.99,
CHILD,543939,132101,https://v2.intuitiveshipping.app/scenarios/edit/132101,Canada Shipping ($100 Broker Fee Included),7B,flat_base_adjustment,adjustments[add_flat] 'Base Price',weight,lb,226.0,451.0,349,349,MATCH,2026-09-30 capture tgz 789851bc,,,,incremental,weight,,,226.0,451.0,,,"Canada - NL,PE,NU,NS,YT,NB,NT",,,no - weight range is outside 36.00-149.99,v41 adjustments[add_flat].value=349
CHILD,543939,132101,https://v2.intuitiveshipping.app/scenarios/edit/132101,Canada Shipping ($100 Broker Fee Included),7B,variable_rate_row,rates[0] Up to ~,weight,lb,226.0,451.0,1.5,1.5,MATCH,2026-09-30 capture tgz 789851bc,1.001,434.434,crossover falls INSIDE this row's band -> row must split,incremental,weight,,,226.0,451.0,,,"Canada - NL,PE,NU,NS,YT,NB,NT",,,no - weight range is outside 36.00-149.99,v41 rates[0].cost=1.5
PARENT,543941,132103,https://v2.intuitiveshipping.app/scenarios/edit/132103,Canada Shipping ($100 Broker Fee Included),7B,,,,,,,,,FOUND status=2,,,,,incremental,weight,rate rows are indexed by WEIGHT (lb),2,452.0,99999.0,,,"Canada - NL,PE,NU,NS,YT,NB,NT",x1.10 only,441.2408,no - weight range is outside 36.00-149.99,
CHILD,543941,132103,https://v2.intuitiveshipping.app/scenarios/edit/132103,Canada Shipping ($100 Broker Fee Included),7B,flat_base_adjustment,adjustments[add_flat] 'Base Price',weight,lb,452.0,99999.0,449,449,MATCH,2026-09-30 capture tgz 789851bc,,,,incremental,weight,,,452.0,99999.0,,,"Canada - NL,PE,NU,NS,YT,NB,NT",,,no - weight range is outside 36.00-149.99,v41 adjustments[add_flat].value=449
CHILD,543941,132103,https://v2.intuitiveshipping.app/scenarios/edit/132103,Canada Shipping ($100 Broker Fee Included),7B,variable_rate_row,rates[0] Up to ~,weight,lb,452.0,99999.0,1.25,1.25,MATCH,2026-09-30 capture tgz 789851bc,1.001,441.2408,"crossover 441.2408 lb is BELOW this row's floor 452.0 lb -> entire row is the at-or-above-$1,000 branch",incremental,weight,,,452.0,99999.0,,,"Canada - NL,PE,NU,NS,YT,NB,NT",,,no - weight range is outside 36.00-149.99,v41 rates[0].cost=1.25
PARENT,544127,132134,https://v2.intuitiveshipping.app/scenarios/edit/132134,Door to Ocean Port (CIF Terms),8+,,,,,,,,,FOUND status=2,,,,,incremental,weight,rate rows are indexed by WEIGHT (lb),2,251.0,899.0,,,International - SEA  / Central America / West-Central,split at crossover,347.9712,no - weight range is outside 36.00-149.99,
CHILD,544127,132134,https://v2.intuitiveshipping.app/scenarios/edit/132134,Door to Ocean Port (CIF Terms),8+,flat_base_adjustment,adjustments[add_flat] 'Base Price',weight,lb,251.0,899.0,85.75,85.75,MATCH,2026-09-30 capture tgz 789851bc,,,,incremental,weight,,,251.0,899.0,,,International - SEA  / Central America / West-Central,,,no - weight range is outside 36.00-149.99,v41 adjustments[add_flat].value=85.75
CHILD,544127,132134,https://v2.intuitiveshipping.app/scenarios/edit/132134,Door to Ocean Port (CIF Terms),8+,variable_rate_row,rates[0] Up to ~,weight,lb,251.0,899.0,2.63,2.63,MATCH,2026-09-30 capture tgz 789851bc,1.001,347.9711977186311787072243346,crossover falls INSIDE this row's band -> row must split,incremental,weight,,,251.0,899.0,,,International - SEA  / Central America / West-Central,,,no - weight range is outside 36.00-149.99,v41 rates[0].cost=2.63
PARENT,544128,132135,https://v2.intuitiveshipping.app/scenarios/edit/132135,"Door to Ocean Port, CIF Terms (40' Container)",8+,,,,,,,,,FOUND status=2,2026-08-21T20:40:00Z,,,,tiered,weight,rate rows are indexed by WEIGHT (lb),1,1800.0,41999.0,,,International - SEA  / Central America / West-Central,x1.10 only,,no - weight range is outside 36.00-149.99,
CHILD,544128,132135,https://v2.intuitiveshipping.app/scenarios/edit/132135,"Door to Ocean Port, CIF Terms (40' Container)",8+,flat_tier_row,rates[0] Up to 3600,weight,lb,1800.0,3600,2499,2499,MATCH,2026-09-30 capture tgz 789851bc,,,,tiered,weight,,,1800.0,41999.0,,,International - SEA  / Central America / West-Central,,,no - weight range is outside 36.00-149.99,v41 rates[0].cost=2499
PARENT,544129,132135,https://v2.intuitiveshipping.app/scenarios/edit/132135,"Door to Ocean Port, CIF Terms: (2) 40' Containers",8+,,,,,,,,,FOUND status=2,2026-08-21T20:40:00Z,,,,tiered,weight,rate rows are indexed by WEIGHT (lb),1,1800.0,41999.0,,,International - SEA  / Central America / West-Central,x1.10 only,,no - weight range is outside 36.00-149.99,
CHILD,544129,132135,https://v2.intuitiveshipping.app/scenarios/edit/132135,"Door to Ocean Port, CIF Terms: (2) 40' Containers",8+,flat_tier_row,rates[0] Up to 7200,weight,lb,1800.0,7200,4998,4998,MATCH,2026-09-30 capture tgz 789851bc,,,,tiered,weight,,,1800.0,41999.0,,,International - SEA  / Central America / West-Central,,,no - weight range is outside 36.00-149.99,v41 rates[0].cost=4998
PARENT,544130,132135,https://v2.intuitiveshipping.app/scenarios/edit/132135,"Door to Ocean Port, CIF Terms: (3) 40' Containers",8+,,,,,,,,,FOUND status=2,2026-08-21T20:40:00Z,,,,tiered,weight,rate rows are indexed by WEIGHT (lb),7,1800.0,41999.0,,,International - SEA  / Central America / West-Central,x1.10 only,,no - weight range is outside 36.00-149.99,
CHILD,544130,132135,https://v2.intuitiveshipping.app/scenarios/edit/132135,"Door to Ocean Port, CIF Terms: (3) 40' Containers",8+,flat_tier_row,rates[0] Up to 11999,weight,lb,1800.0,11999,7497,7497,MATCH,2026-09-30 capture tgz 789851bc,,,,tiered,weight,,,1800.0,41999.0,,,International - SEA  / Central America / West-Central,,,no - weight range is outside 36.00-149.99,v41 rates[0].cost=7497
CHILD,544130,132135,https://v2.intuitiveshipping.app/scenarios/edit/132135,"Door to Ocean Port, CIF Terms: (3) 40' Containers",8+,flat_tier_row,rates[1] Up to 16999,weight,lb,11999,16999,10996,10996,MATCH,2026-09-30 capture tgz 789851bc,,,,tiered,weight,,,1800.0,41999.0,,,International - SEA  / Central America / West-Central,,,no - weight range is outside 36.00-149.99,v41 rates[1].cost=10996
CHILD,544130,132135,https://v2.intuitiveshipping.app/scenarios/edit/132135,"Door to Ocean Port, CIF Terms: (3) 40' Containers",8+,flat_tier_row,rates[2] Up to 21999,weight,lb,16999,21999,14495,14495,MATCH,2026-09-30 capture tgz 789851bc,,,,tiered,weight,,,1800.0,41999.0,,,International - SEA  / Central America / West-Central,,,no - weight range is outside 36.00-149.99,v41 rates[2].cost=14495
CHILD,544130,132135,https://v2.intuitiveshipping.app/scenarios/edit/132135,"Door to Ocean Port, CIF Terms: (3) 40' Containers",8+,flat_tier_row,rates[3] Up to 26999,weight,lb,21999,26999,17994,17994,MATCH,2026-09-30 capture tgz 789851bc,,,,tiered,weight,,,1800.0,41999.0,,,International - SEA  / Central America / West-Central,,,no - weight range is outside 36.00-149.99,v41 rates[3].cost=17994
CHILD,544130,132135,https://v2.intuitiveshipping.app/scenarios/edit/132135,"Door to Ocean Port, CIF Terms: (3) 40' Containers",8+,flat_tier_row,rates[4] Up to 31999,weight,lb,26999,31999,21493,21493,MATCH,2026-09-30 capture tgz 789851bc,,,,tiered,weight,,,1800.0,41999.0,,,International - SEA  / Central America / West-Central,,,no - weight range is outside 36.00-149.99,v41 rates[4].cost=21493
CHILD,544130,132135,https://v2.intuitiveshipping.app/scenarios/edit/132135,"Door to Ocean Port, CIF Terms: (3) 40' Containers",8+,flat_tier_row,rates[5] Up to 36999,weight,lb,31999,36999,24992,24992,MATCH,2026-09-30 capture tgz 789851bc,,,,tiered,weight,,,1800.0,41999.0,,,International - SEA  / Central America / West-Central,,,no - weight range is outside 36.00-149.99,v41 rates[5].cost=24992
CHILD,544130,132135,https://v2.intuitiveshipping.app/scenarios/edit/132135,"Door to Ocean Port, CIF Terms: (3) 40' Containers",8+,flat_tier_row,rates[6] Up to 41999,weight,lb,36999,41999.0,28491,28491,MATCH,2026-09-30 capture tgz 789851bc,,,,tiered,weight,,,1800.0,41999.0,,,International - SEA  / Central America / West-Central,,,no - weight range is outside 36.00-149.99,v41 rates[6].cost=28491
PARENT,544132,132138,https://v2.intuitiveshipping.app/scenarios/edit/132138,Door to Ocean Port (CIF Terms),8+,,,,,,,,,FOUND status=2,,,,,incremental,weight,rate rows are indexed by WEIGHT (lb),2,251.0,451.0,,,International - SEA / Carribean / South America,split at crossover,263.5029,no - weight range is outside 36.00-149.99,
CHILD,544132,132138,https://v2.intuitiveshipping.app/scenarios/edit/132138,Door to Ocean Port (CIF Terms),8+,flat_base_adjustment,adjustments[add_flat] 'Base Price',weight,lb,251.0,451.0,110.25,110.25,MATCH,2026-09-30 capture tgz 789851bc,,,,incremental,weight,,,251.0,451.0,,,International - SEA / Carribean / South America,,,no - weight range is outside 36.00-149.99,v41 adjustments[add_flat].value=110.25
CHILD,544132,132138,https://v2.intuitiveshipping.app/scenarios/edit/132138,Door to Ocean Port (CIF Terms),8+,variable_rate_row,rates[0] Up to ~,weight,lb,251.0,451.0,3.38,3.38,MATCH,2026-09-30 capture tgz 789851bc,1.001,263.5028846153846153846153846,crossover falls INSIDE this row's band -> row must split,incremental,weight,,,251.0,451.0,,,International - SEA / Carribean / South America,,,no - weight range is outside 36.00-149.99,v41 rates[0].cost=3.38
PARENT,544133,132139,https://v2.intuitiveshipping.app/scenarios/edit/132139,"Door to Ocean Port, CIF Terms (20' Container)",8+,,,,,,,,,FOUND status=2,2026-08-21T20:40:00Z,,,,tiered,weight,rate rows are indexed by WEIGHT (lb),1,900.0,7200.0,,,International - SEA / Carribean / South America,x1.10 only,,no - weight range is outside 36.00-149.99,
CHILD,544133,132139,https://v2.intuitiveshipping.app/scenarios/edit/132139,"Door to Ocean Port, CIF Terms (20' Container)",8+,flat_tier_row,rates[0] Up to 1800,weight,lb,900.0,1800,2499,2499,MATCH,2026-09-30 capture tgz 789851bc,,,,tiered,weight,,,900.0,7200.0,,,International - SEA / Carribean / South America,,,no - weight range is outside 36.00-149.99,v41 rates[0].cost=2499
PARENT,544134,132135,https://v2.intuitiveshipping.app/scenarios/edit/132135,"Door to Ocean Port, CIF Terms (20' Container)",8+,,,,,,,,,FOUND status=2,2026-08-21T20:40:00Z,,,,tiered,weight,rate rows are indexed by WEIGHT (lb),1,1800.0,41999.0,,,International - SEA  / Central America / West-Central,x1.10 only,,no - weight range is outside 36.00-149.99,
CHILD,544134,132135,https://v2.intuitiveshipping.app/scenarios/edit/132135,"Door to Ocean Port, CIF Terms (20' Container)",8+,flat_tier_row,rates[0] Up to 1800,weight,lb,1800.0,1800,1999,1999,MATCH,2026-09-30 capture tgz 789851bc,,,,tiered,weight,,,1800.0,41999.0,,,International - SEA  / Central America / West-Central,,,no - weight range is outside 36.00-149.99,v41 rates[0].cost=1999
PARENT,544135,132139,https://v2.intuitiveshipping.app/scenarios/edit/132139,"Door to Ocean Port, CIF Terms (40' Container)",8+,,,,,,,,,FOUND status=2,2026-08-21T20:40:00Z,,,,tiered,weight,rate rows are indexed by WEIGHT (lb),1,900.0,7200.0,,,International - SEA / Carribean / South America,x1.10 only,,no - weight range is outside 36.00-149.99,
CHILD,544135,132139,https://v2.intuitiveshipping.app/scenarios/edit/132139,"Door to Ocean Port, CIF Terms (40' Container)",8+,flat_tier_row,rates[0] Up to 3600,weight,lb,900.0,3600,2999,2999,MATCH,2026-09-30 capture tgz 789851bc,,,,tiered,weight,,,900.0,7200.0,,,International - SEA / Carribean / South America,,,no - weight range is outside 36.00-149.99,v41 rates[0].cost=2999
PARENT,544136,132139,https://v2.intuitiveshipping.app/scenarios/edit/132139,"Door to Ocean Port, CIF Terms: (2) 40' Containers",8+,,,,,,,,,FOUND status=2,2026-08-21T20:40:00Z,,,,tiered,weight,rate rows are indexed by WEIGHT (lb),1,900.0,7200.0,,,International - SEA / Carribean / South America,x1.10 only,,no - weight range is outside 36.00-149.99,
CHILD,544136,132139,https://v2.intuitiveshipping.app/scenarios/edit/132139,"Door to Ocean Port, CIF Terms: (2) 40' Containers",8+,flat_tier_row,rates[0] Up to 7200,weight,lb,900.0,7200.0,5998,5998,MATCH,2026-09-30 capture tgz 789851bc,,,,tiered,weight,,,900.0,7200.0,,,International - SEA / Carribean / South America,,,no - weight range is outside 36.00-149.99,v41 rates[0].cost=5998
PARENT,544137,132139,https://v2.intuitiveshipping.app/scenarios/edit/132139,"Door to Ocean Port, CIF Terms: (3) 40' Containers",8+,,,,,,,,,FOUND status=2,2026-08-21T20:40:00Z,,,,tiered,weight,rate rows are indexed by WEIGHT (lb),7,900.0,7200.0,,,International - SEA / Carribean / South America,x1.10 only,,no - weight range is outside 36.00-149.99,
CHILD,544137,132139,https://v2.intuitiveshipping.app/scenarios/edit/132139,"Door to Ocean Port, CIF Terms: (3) 40' Containers",8+,flat_tier_row,rates[0] Up to 11999,weight,lb,900.0,7200.0,8497,8497,MATCH,2026-09-30 capture tgz 789851bc,,,,tiered,weight,,,900.0,7200.0,,,International - SEA / Carribean / South America,,,no - weight range is outside 36.00-149.99,v41 rates[0].cost=8497
CHILD,544137,132139,https://v2.intuitiveshipping.app/scenarios/edit/132139,"Door to Ocean Port, CIF Terms: (3) 40' Containers",8+,flat_tier_row,rates[1] Up to 16999,weight,lb,11999,7200.0,11996,11996,MATCH,2026-09-30 capture tgz 789851bc,,,,tiered,weight,,,900.0,7200.0,,,International - SEA / Carribean / South America,,,no - weight range is outside 36.00-149.99,v41 rates[1].cost=11996
CHILD,544137,132139,https://v2.intuitiveshipping.app/scenarios/edit/132139,"Door to Ocean Port, CIF Terms: (3) 40' Containers",8+,flat_tier_row,rates[2] Up to 21999,weight,lb,16999,7200.0,15495,15495,MATCH,2026-09-30 capture tgz 789851bc,,,,tiered,weight,,,900.0,7200.0,,,International - SEA / Carribean / South America,,,no - weight range is outside 36.00-149.99,v41 rates[2].cost=15495
CHILD,544137,132139,https://v2.intuitiveshipping.app/scenarios/edit/132139,"Door to Ocean Port, CIF Terms: (3) 40' Containers",8+,flat_tier_row,rates[3] Up to 26999,weight,lb,21999,7200.0,18994,18994,MATCH,2026-09-30 capture tgz 789851bc,,,,tiered,weight,,,900.0,7200.0,,,International - SEA / Carribean / South America,,,no - weight range is outside 36.00-149.99,v41 rates[3].cost=18994
CHILD,544137,132139,https://v2.intuitiveshipping.app/scenarios/edit/132139,"Door to Ocean Port, CIF Terms: (3) 40' Containers",8+,flat_tier_row,rates[4] Up to 31999,weight,lb,26999,7200.0,22493,22493,MATCH,2026-09-30 capture tgz 789851bc,,,,tiered,weight,,,900.0,7200.0,,,International - SEA / Carribean / South America,,,no - weight range is outside 36.00-149.99,v41 rates[4].cost=22493
CHILD,544137,132139,https://v2.intuitiveshipping.app/scenarios/edit/132139,"Door to Ocean Port, CIF Terms: (3) 40' Containers",8+,flat_tier_row,rates[5] Up to 36999,weight,lb,31999,7200.0,25992,25992,MATCH,2026-09-30 capture tgz 789851bc,,,,tiered,weight,,,900.0,7200.0,,,International - SEA / Carribean / South America,,,no - weight range is outside 36.00-149.99,v41 rates[5].cost=25992
CHILD,544137,132139,https://v2.intuitiveshipping.app/scenarios/edit/132139,"Door to Ocean Port, CIF Terms: (3) 40' Containers",8+,flat_tier_row,rates[6] Up to 41999,weight,lb,36999,7200.0,29491,29491,MATCH,2026-09-30 capture tgz 789851bc,,,,tiered,weight,,,900.0,7200.0,,,International - SEA / Carribean / South America,,,no - weight range is outside 36.00-149.99,v41 rates[6].cost=29491
PARENT,544139,132141,https://v2.intuitiveshipping.app/scenarios/edit/132141,Door to Ocean Port (CIF Terms),8+,,,,,,,,,FOUND status=2,,,,,incremental,weight,rate rows are indexed by WEIGHT (lb),2,451.0,900.0,,,International - Europe / Central Asia / West Asia / South Asia,x1.10 only,195.6399,no - weight range is outside 36.00-149.99,
CHILD,544139,132141,https://v2.intuitiveshipping.app/scenarios/edit/132141,Door to Ocean Port (CIF Terms),8+,flat_base_adjustment,adjustments[add_flat] 'Base Price',weight,lb,451.0,900.0,560.25,560.25,MATCH,2026-09-30 capture tgz 789851bc,,,,incremental,weight,,,451.0,900.0,,,International - Europe / Central Asia / West Asia / South Asia,,,no - weight range is outside 36.00-149.99,v41 adjustments[add_flat].value=560.25
CHILD,544139,132141,https://v2.intuitiveshipping.app/scenarios/edit/132141,Door to Ocean Port (CIF Terms),8+,variable_rate_row,rates[0] Up to ~,weight,lb,451.0,900.0,2.25,2.25,MATCH,2026-09-30 capture tgz 789851bc,1.001,195.6398888888888888888888889,"crossover 195.6398888888888888888888889 lb is BELOW this row's floor 451.0 lb -> entire row is the at-or-above-$1,000 branch",incremental,weight,,,451.0,900.0,,,International - Europe / Central Asia / West Asia / South Asia,,,no - weight range is outside 36.00-149.99,v41 rates[0].cost=2.25
PARENT,544140,132142,https://v2.intuitiveshipping.app/scenarios/edit/132142,"Door to Ocean Port, CIF Terms (20' Container)",8+,,,,,,,,,FOUND status=2,2026-08-21T20:40:00Z,,,,tiered,weight,rate rows are indexed by WEIGHT (lb),1,900.0,41999.0,,,International - Europe / Central Asia / West Asia / South Asia,x1.10 only,,no - weight range is outside 36.00-149.99,
CHILD,544140,132142,https://v2.intuitiveshipping.app/scenarios/edit/132142,"Door to Ocean Port, CIF Terms (20' Container)",8+,flat_tier_row,rates[0] Up to 1800,weight,lb,900.0,1800,2999,2999,MATCH,2026-09-30 capture tgz 789851bc,,,,tiered,weight,,,900.0,41999.0,,,International - Europe / Central Asia / West Asia / South Asia,,,no - weight range is outside 36.00-149.99,v41 rates[0].cost=2999
PARENT,544141,132142,https://v2.intuitiveshipping.app/scenarios/edit/132142,"Door to Ocean Port, CIF Terms (40' Container)",8+,,,,,,,,,FOUND status=2,2026-08-21T20:40:00Z,,,,tiered,weight,rate rows are indexed by WEIGHT (lb),1,900.0,41999.0,,,International - Europe / Central Asia / West Asia / South Asia,x1.10 only,,no - weight range is outside 36.00-149.99,
CHILD,544141,132142,https://v2.intuitiveshipping.app/scenarios/edit/132142,"Door to Ocean Port, CIF Terms (40' Container)",8+,flat_tier_row,rates[0] Up to 3599,weight,lb,900.0,3599,3499,3499,MATCH,2026-09-30 capture tgz 789851bc,,,,tiered,weight,,,900.0,41999.0,,,International - Europe / Central Asia / West Asia / South Asia,,,no - weight range is outside 36.00-149.99,v41 rates[0].cost=3499
PARENT,544142,132142,https://v2.intuitiveshipping.app/scenarios/edit/132142,"Door to Ocean Port, CIF Terms: (2) 40' Containers",8+,,,,,,,,,FOUND status=2,2026-08-21T20:40:00Z,,,,tiered,weight,rate rows are indexed by WEIGHT (lb),1,900.0,41999.0,,,International - Europe / Central Asia / West Asia / South Asia,x1.10 only,,no - weight range is outside 36.00-149.99,
CHILD,544142,132142,https://v2.intuitiveshipping.app/scenarios/edit/132142,"Door to Ocean Port, CIF Terms: (2) 40' Containers",8+,flat_tier_row,rates[0] Up to 7199,weight,lb,900.0,7199,6998,6998,MATCH,2026-09-30 capture tgz 789851bc,,,,tiered,weight,,,900.0,41999.0,,,International - Europe / Central Asia / West Asia / South Asia,,,no - weight range is outside 36.00-149.99,v41 rates[0].cost=6998
PARENT,544144,132142,https://v2.intuitiveshipping.app/scenarios/edit/132142,"Door to Ocean Port, CIF Terms: (3) 40' Containers",8+,,,,,,,,,FOUND status=2,2026-08-21T20:40:00Z,,,,tiered,weight,rate rows are indexed by WEIGHT (lb),7,900.0,41999.0,,,International - Europe / Central Asia / West Asia / South Asia,x1.10 only,,no - weight range is outside 36.00-149.99,
CHILD,544144,132142,https://v2.intuitiveshipping.app/scenarios/edit/132142,"Door to Ocean Port, CIF Terms: (3) 40' Containers",8+,flat_tier_row,rates[0] Up to 11999,weight,lb,900.0,11999,10497,10497,MATCH,2026-09-30 capture tgz 789851bc,,,,tiered,weight,,,900.0,41999.0,,,International - Europe / Central Asia / West Asia / South Asia,,,no - weight range is outside 36.00-149.99,v41 rates[0].cost=10497
CHILD,544144,132142,https://v2.intuitiveshipping.app/scenarios/edit/132142,"Door to Ocean Port, CIF Terms: (3) 40' Containers",8+,flat_tier_row,rates[1] Up to 16999,weight,lb,11999,16999,13996,13996,MATCH,2026-09-30 capture tgz 789851bc,,,,tiered,weight,,,900.0,41999.0,,,International - Europe / Central Asia / West Asia / South Asia,,,no - weight range is outside 36.00-149.99,v41 rates[1].cost=13996
CHILD,544144,132142,https://v2.intuitiveshipping.app/scenarios/edit/132142,"Door to Ocean Port, CIF Terms: (3) 40' Containers",8+,flat_tier_row,rates[2] Up to 21999,weight,lb,16999,21999,17495,17495,MATCH,2026-09-30 capture tgz 789851bc,,,,tiered,weight,,,900.0,41999.0,,,International - Europe / Central Asia / West Asia / South Asia,,,no - weight range is outside 36.00-149.99,v41 rates[2].cost=17495
CHILD,544144,132142,https://v2.intuitiveshipping.app/scenarios/edit/132142,"Door to Ocean Port, CIF Terms: (3) 40' Containers",8+,flat_tier_row,rates[3] Up to 26999,weight,lb,21999,26999,20994,20994,MATCH,2026-09-30 capture tgz 789851bc,,,,tiered,weight,,,900.0,41999.0,,,International - Europe / Central Asia / West Asia / South Asia,,,no - weight range is outside 36.00-149.99,v41 rates[3].cost=20994
CHILD,544144,132142,https://v2.intuitiveshipping.app/scenarios/edit/132142,"Door to Ocean Port, CIF Terms: (3) 40' Containers",8+,flat_tier_row,rates[4] Up to 31999,weight,lb,26999,31999,24493,24493,MATCH,2026-09-30 capture tgz 789851bc,,,,tiered,weight,,,900.0,41999.0,,,International - Europe / Central Asia / West Asia / South Asia,,,no - weight range is outside 36.00-149.99,v41 rates[4].cost=24493
CHILD,544144,132142,https://v2.intuitiveshipping.app/scenarios/edit/132142,"Door to Ocean Port, CIF Terms: (3) 40' Containers",8+,flat_tier_row,rates[5] Up to 36999,weight,lb,31999,36999,27992,27992,MATCH,2026-09-30 capture tgz 789851bc,,,,tiered,weight,,,900.0,41999.0,,,International - Europe / Central Asia / West Asia / South Asia,,,no - weight range is outside 36.00-149.99,v41 rates[5].cost=27992
CHILD,544144,132142,https://v2.intuitiveshipping.app/scenarios/edit/132142,"Door to Ocean Port, CIF Terms: (3) 40' Containers",8+,flat_tier_row,rates[6] Up to 41999,weight,lb,36999,41999.0,31491,31491,MATCH,2026-09-30 capture tgz 789851bc,,,,tiered,weight,,,900.0,41999.0,,,International - Europe / Central Asia / West Asia / South Asia,,,no - weight range is outside 36.00-149.99,v41 rates[6].cost=31491
PARENT,544146,132134,https://v2.intuitiveshipping.app/scenarios/edit/132134,Door to Ocean Port (CIF Terms),8+,,,,,,,,,FOUND status=2,,,,,incremental,weight,rate rows are indexed by WEIGHT (lb),2,251.0,899.0,,,International - SEA  / Central America / West-Central,split at crossover,322.751,no - weight range is outside 36.00-149.99,
CHILD,544146,132134,https://v2.intuitiveshipping.app/scenarios/edit/132134,Door to Ocean Port (CIF Terms),8+,flat_base_adjustment,adjustments[add_flat] 'Base Price',weight,lb,251.0,899.0,435.75,435.75,MATCH,2026-09-30 capture tgz 789851bc,,,,incremental,weight,,,251.0,899.0,,,International - SEA  / Central America / West-Central,,,no - weight range is outside 36.00-149.99,v41 adjustments[add_flat].value=435.75
CHILD,544146,132134,https://v2.intuitiveshipping.app/scenarios/edit/132134,Door to Ocean Port (CIF Terms),8+,variable_rate_row,rates[0] Up to 899,weight,lb,251.0,899.0,1.75,1.75,MATCH,2026-09-30 capture tgz 789851bc,1.001,322.751,crossover falls INSIDE this row's band -> row must split,incremental,weight,,,251.0,899.0,,,International - SEA  / Central America / West-Central,,,no - weight range is outside 36.00-149.99,v41 rates[0].cost=1.75
PARENT,544190,132167,https://v2.intuitiveshipping.app/scenarios/edit/132167,Door to Ocean Port (CIF Terms),8+,,,,,,,,,FOUND status=2,,,,,incremental,weight,rate rows are indexed by WEIGHT (lb),2,251.0,450.0,,,International - Balkan / Eastern Europe / West Africa,x1.10 only,234.234,no - weight range is outside 36.00-149.99,
CHILD,544190,132167,https://v2.intuitiveshipping.app/scenarios/edit/132167,Door to Ocean Port (CIF Terms),8+,flat_base_adjustment,adjustments[add_flat] 'Base Price',weight,lb,251.0,450.0,122.50,122.50,MATCH,2026-09-30 capture tgz 789851bc,,,,incremental,weight,,,251.0,450.0,,,International - Balkan / Eastern Europe / West Africa,,,no - weight range is outside 36.00-149.99,v41 adjustments[add_flat].value=122.50
CHILD,544190,132167,https://v2.intuitiveshipping.app/scenarios/edit/132167,Door to Ocean Port (CIF Terms),8+,variable_rate_row,rates[0] Up to 450,weight,lb,251.0,450.0,3.75,3.75,MATCH,2026-09-30 capture tgz 789851bc,1.001,234.234,"crossover 234.234 lb is BELOW this row's floor 251.0 lb -> entire row is the at-or-above-$1,000 branch",incremental,weight,,,251.0,450.0,,,International - Balkan / Eastern Europe / West Africa,,,no - weight range is outside 36.00-149.99,v41 rates[0].cost=3.75
PARENT,544191,132168,https://v2.intuitiveshipping.app/scenarios/edit/132168,Door to Ocean Port (CIF Terms),8+,,,,,,,,,FOUND status=2,,,,,incremental,weight,rate rows are indexed by WEIGHT (lb),2,451.0,899.0,,,International - Balkan / Eastern Europe / West Africa,x1.10 only,151.151,no - weight range is outside 36.00-149.99,
CHILD,544191,132168,https://v2.intuitiveshipping.app/scenarios/edit/132168,Door to Ocean Port (CIF Terms),8+,flat_base_adjustment,adjustments[add_flat] 'Base Price',weight,lb,451.0,899.0,622.50,622.50,MATCH,2026-09-30 capture tgz 789851bc,,,,incremental,weight,,,451.0,899.0,,,International - Balkan / Eastern Europe / West Africa,,,no - weight range is outside 36.00-149.99,v41 adjustments[add_flat].value=622.50
CHILD,544191,132168,https://v2.intuitiveshipping.app/scenarios/edit/132168,Door to Ocean Port (CIF Terms),8+,variable_rate_row,rates[0] Up to 899,weight,lb,451.0,899.0,2.50,2.50,MATCH,2026-09-30 capture tgz 789851bc,1.001,151.151,"crossover 151.151 lb is BELOW this row's floor 451.0 lb -> entire row is the at-or-above-$1,000 branch",incremental,weight,,,451.0,899.0,,,International - Balkan / Eastern Europe / West Africa,,,no - weight range is outside 36.00-149.99,v41 rates[0].cost=2.50
PARENT,544192,132169,https://v2.intuitiveshipping.app/scenarios/edit/132169,"Door to Ocean Port, CIF Terms (40' Container)",8+,,,,,,,,,FOUND status=2,2026-08-21T20:40:00Z,,,,tiered,weight,rate rows are indexed by WEIGHT (lb),1,1800.0,41999.0,,,International - Balkan / Eastern Europe / West Africa,x1.10 only,,no - weight range is outside 36.00-149.99,
CHILD,544192,132169,https://v2.intuitiveshipping.app/scenarios/edit/132169,"Door to Ocean Port, CIF Terms (40' Container)",8+,flat_tier_row,rates[0] Up to 3599,weight,lb,1800.0,3599,3999,3999,MATCH,2026-09-30 capture tgz 789851bc,,,,tiered,weight,,,1800.0,41999.0,,,International - Balkan / Eastern Europe / West Africa,,,no - weight range is outside 36.00-149.99,v41 rates[0].cost=3999
PARENT,544193,132169,https://v2.intuitiveshipping.app/scenarios/edit/132169,"Door to Ocean Port, CIF Terms: (2) 40' Containers",8+,,,,,,,,,FOUND status=2,2026-08-21T20:40:00Z,,,,tiered,weight,rate rows are indexed by WEIGHT (lb),1,1800.0,41999.0,,,International - Balkan / Eastern Europe / West Africa,x1.10 only,,no - weight range is outside 36.00-149.99,
CHILD,544193,132169,https://v2.intuitiveshipping.app/scenarios/edit/132169,"Door to Ocean Port, CIF Terms: (2) 40' Containers",8+,flat_tier_row,rates[0] Up to 7199,weight,lb,1800.0,7199,7998,7998,MATCH,2026-09-30 capture tgz 789851bc,,,,tiered,weight,,,1800.0,41999.0,,,International - Balkan / Eastern Europe / West Africa,,,no - weight range is outside 36.00-149.99,v41 rates[0].cost=7998
PARENT,544194,132169,https://v2.intuitiveshipping.app/scenarios/edit/132169,"Door to Ocean Port, CIF Terms: (3) 40' Containers",8+,,,,,,,,,FOUND status=2,2026-08-21T20:40:00Z,,,,tiered,weight,rate rows are indexed by WEIGHT (lb),7,1800.0,41999.0,,,International - Balkan / Eastern Europe / West Africa,x1.10 only,,no - weight range is outside 36.00-149.99,
CHILD,544194,132169,https://v2.intuitiveshipping.app/scenarios/edit/132169,"Door to Ocean Port, CIF Terms: (3) 40' Containers",8+,flat_tier_row,rates[0] Up to 11999,weight,lb,1800.0,11999,11997,11997,MATCH,2026-09-30 capture tgz 789851bc,,,,tiered,weight,,,1800.0,41999.0,,,International - Balkan / Eastern Europe / West Africa,,,no - weight range is outside 36.00-149.99,v41 rates[0].cost=11997
CHILD,544194,132169,https://v2.intuitiveshipping.app/scenarios/edit/132169,"Door to Ocean Port, CIF Terms: (3) 40' Containers",8+,flat_tier_row,rates[1] Up to 16999,weight,lb,11999,16999,15496,15496,MATCH,2026-09-30 capture tgz 789851bc,,,,tiered,weight,,,1800.0,41999.0,,,International - Balkan / Eastern Europe / West Africa,,,no - weight range is outside 36.00-149.99,v41 rates[1].cost=15496
CHILD,544194,132169,https://v2.intuitiveshipping.app/scenarios/edit/132169,"Door to Ocean Port, CIF Terms: (3) 40' Containers",8+,flat_tier_row,rates[2] Up to 21999,weight,lb,16999,21999,18995,18995,MATCH,2026-09-30 capture tgz 789851bc,,,,tiered,weight,,,1800.0,41999.0,,,International - Balkan / Eastern Europe / West Africa,,,no - weight range is outside 36.00-149.99,v41 rates[2].cost=18995
CHILD,544194,132169,https://v2.intuitiveshipping.app/scenarios/edit/132169,"Door to Ocean Port, CIF Terms: (3) 40' Containers",8+,flat_tier_row,rates[3] Up to 26999,weight,lb,21999,26999,22494,22494,MATCH,2026-09-30 capture tgz 789851bc,,,,tiered,weight,,,1800.0,41999.0,,,International - Balkan / Eastern Europe / West Africa,,,no - weight range is outside 36.00-149.99,v41 rates[3].cost=22494
CHILD,544194,132169,https://v2.intuitiveshipping.app/scenarios/edit/132169,"Door to Ocean Port, CIF Terms: (3) 40' Containers",8+,flat_tier_row,rates[4] Up to 31999,weight,lb,26999,31999,25993,25993,MATCH,2026-09-30 capture tgz 789851bc,,,,tiered,weight,,,1800.0,41999.0,,,International - Balkan / Eastern Europe / West Africa,,,no - weight range is outside 36.00-149.99,v41 rates[4].cost=25993
CHILD,544194,132169,https://v2.intuitiveshipping.app/scenarios/edit/132169,"Door to Ocean Port, CIF Terms: (3) 40' Containers",8+,flat_tier_row,rates[5] Up to 36999,weight,lb,31999,36999,29492,29492,MATCH,2026-09-30 capture tgz 789851bc,,,,tiered,weight,,,1800.0,41999.0,,,International - Balkan / Eastern Europe / West Africa,,,no - weight range is outside 36.00-149.99,v41 rates[5].cost=29492
CHILD,544194,132169,https://v2.intuitiveshipping.app/scenarios/edit/132169,"Door to Ocean Port, CIF Terms: (3) 40' Containers",8+,flat_tier_row,rates[6] Up to 41999,weight,lb,36999,41999.0,32991,32991,MATCH,2026-09-30 capture tgz 789851bc,,,,tiered,weight,,,1800.0,41999.0,,,International - Balkan / Eastern Europe / West Africa,,,no - weight range is outside 36.00-149.99,v41 rates[6].cost=32991
PARENT,544201,132172,https://v2.intuitiveshipping.app/scenarios/edit/132172,Door to Ocean Port: 20' Container,8+,,,,,,,,,FOUND status=2,2026-08-21T20:40:00Z,,,,tiered,weight,rate rows are indexed by WEIGHT (lb),1,900.0,10900.0,,,Mexico,x1.10 only,,no - weight range is outside 36.00-149.99,
CHILD,544201,132172,https://v2.intuitiveshipping.app/scenarios/edit/132172,Door to Ocean Port: 20' Container,8+,flat_tier_row,rates[0] Up to 1800,weight,lb,900.0,1800,1999,1999,MATCH,2026-09-30 capture tgz 789851bc,,,,tiered,weight,,,900.0,10900.0,,,Mexico,,,no - weight range is outside 36.00-149.99,v41 rates[0].cost=1999
PARENT,544202,132172,https://v2.intuitiveshipping.app/scenarios/edit/132172,Door to Ocean Port: 40' Container,8+,,,,,,,,,FOUND status=2,2026-08-21T20:40:00Z,,,,tiered,weight,rate rows are indexed by WEIGHT (lb),1,900.0,10900.0,,,Mexico,x1.10 only,,no - weight range is outside 36.00-149.99,
CHILD,544202,132172,https://v2.intuitiveshipping.app/scenarios/edit/132172,Door to Ocean Port: 40' Container,8+,flat_tier_row,rates[0] Up to 3600,weight,lb,900.0,3600,2499,2499,MATCH,2026-09-30 capture tgz 789851bc,,,,tiered,weight,,,900.0,10900.0,,,Mexico,,,no - weight range is outside 36.00-149.99,v41 rates[0].cost=2499
PARENT,544203,132172,https://v2.intuitiveshipping.app/scenarios/edit/132172,Door to Ocean Port: (2) 40' Containers,8+,,,,,,,,,FOUND status=2,2026-08-21T20:40:00Z,,,,tiered,weight,rate rows are indexed by WEIGHT (lb),1,900.0,10900.0,,,Mexico,x1.10 only,,no - weight range is outside 36.00-149.99,
CHILD,544203,132172,https://v2.intuitiveshipping.app/scenarios/edit/132172,Door to Ocean Port: (2) 40' Containers,8+,flat_tier_row,rates[0] Up to 7200,weight,lb,900.0,7200,4998,4998,MATCH,2026-09-30 capture tgz 789851bc,,,,tiered,weight,,,900.0,10900.0,,,Mexico,,,no - weight range is outside 36.00-149.99,v41 rates[0].cost=4998
PARENT,544204,132172,https://v2.intuitiveshipping.app/scenarios/edit/132172,Door to Ocean Port: (3) 40' Containers,8+,,,,,,,,,FOUND status=2,2026-08-21T20:40:00Z,,,,tiered,weight,rate rows are indexed by WEIGHT (lb),1,900.0,10900.0,,,Mexico,x1.10 only,,no - weight range is outside 36.00-149.99,
CHILD,544204,132172,https://v2.intuitiveshipping.app/scenarios/edit/132172,Door to Ocean Port: (3) 40' Containers,8+,flat_tier_row,rates[0] Up to 10900,weight,lb,900.0,10900.0,7497,7497,MATCH,2026-09-30 capture tgz 789851bc,,,,tiered,weight,,,900.0,10900.0,,,Mexico,,,no - weight range is outside 36.00-149.99,v41 rates[0].cost=7497
PARENT,544210,132179,https://v2.intuitiveshipping.app/scenarios/edit/132179,"Ship to Arizona, USA Border (Customer Handles Customs + Final Mile Transportation)",8+,,,,,,,,,FOUND status=2,,,,,incremental,weight,rate rows are indexed by WEIGHT (lb),2,226.0,99999.0,,,Mexico,split at crossover,1069.068,no - weight range is outside 36.00-149.99,
CHILD,544210,132179,https://v2.intuitiveshipping.app/scenarios/edit/132179,"Ship to Arizona, USA Border (Customer Handles Customs + Final Mile Transportation)",8+,flat_base_adjustment,adjustments[add_flat] 'Base Price',weight,lb,226.0,99999.0,199,199,MATCH,2026-09-30 capture tgz 789851bc,,,,incremental,weight,,,226.0,99999.0,,,Mexico,,,no - weight range is outside 36.00-149.99,v41 adjustments[add_flat].value=199
CHILD,544210,132179,https://v2.intuitiveshipping.app/scenarios/edit/132179,"Ship to Arizona, USA Border (Customer Handles Customs + Final Mile Transportation)",8+,variable_rate_row,rates[0] Up to 99999,weight,lb,226.0,99999.0,0.75,0.75,MATCH,2026-09-30 capture tgz 789851bc,1.001,1069.068,crossover falls INSIDE this row's band -> row must split,incremental,weight,,,226.0,99999.0,,,Mexico,,,no - weight range is outside 36.00-149.99,v41 rates[0].cost=0.75
PARENT,544211,132180,https://v2.intuitiveshipping.app/scenarios/edit/132180,"Ship to Texas, USA Border (Customer Handles Customs + Final Mile Transportation)",8+,,,,,,,,,FOUND status=2,,,,,incremental,weight,rate rows are indexed by WEIGHT (lb),2,452.0,99999.0,,,Mexico,split at crossover,651.651,no - weight range is outside 36.00-149.99,
CHILD,544211,132180,https://v2.intuitiveshipping.app/scenarios/edit/132180,"Ship to Texas, USA Border (Customer Handles Customs + Final Mile Transportation)",8+,flat_base_adjustment,adjustments[add_flat] 'Base Price',weight,lb,452.0,99999.0,349,349,MATCH,2026-09-30 capture tgz 789851bc,,,,incremental,weight,,,452.0,99999.0,,,Mexico,,,no - weight range is outside 36.00-149.99,v41 adjustments[add_flat].value=349
CHILD,544211,132180,https://v2.intuitiveshipping.app/scenarios/edit/132180,"Ship to Texas, USA Border (Customer Handles Customs + Final Mile Transportation)",8+,variable_rate_row,rates[0] Up to 99999,weight,lb,452.0,99999.0,1,1,MATCH,2026-09-30 capture tgz 789851bc,1.001,651.651,crossover falls INSIDE this row's band -> row must split,incremental,weight,,,452.0,99999.0,,,Mexico,,,no - weight range is outside 36.00-149.99,v41 rates[0].cost=1
PARENT,544212,132181,https://v2.intuitiveshipping.app/scenarios/edit/132181,"Ship to California, USA Border (Customer Handles Customs + Final Mile Transportation)",8+,,,,,,,,,FOUND status=2,,,,,incremental,weight,rate rows are indexed by WEIGHT (lb),2,600.0,99999.0,,,Mexico,split at crossover,1803.802,no - weight range is outside 36.00-149.99,
CHILD,544212,132181,https://v2.intuitiveshipping.app/scenarios/edit/132181,"Ship to California, USA Border (Customer Handles Customs + Final Mile Transportation)",8+,flat_base_adjustment,adjustments[add_flat] 'Base Price',weight,lb,600.0,99999.0,99,99,MATCH,2026-09-30 capture tgz 789851bc,,,,incremental,weight,,,600.0,99999.0,,,Mexico,,,no - weight range is outside 36.00-149.99,v41 adjustments[add_flat].value=99
CHILD,544212,132181,https://v2.intuitiveshipping.app/scenarios/edit/132181,"Ship to California, USA Border (Customer Handles Customs + Final Mile Transportation)",8+,variable_rate_row,rates[0] Up to 99999,weight,lb,600.0,99999.0,0.5,0.5,MATCH,2026-09-30 capture tgz 789851bc,1.001,1803.802,crossover falls INSIDE this row's band -> row must split,incremental,weight,,,600.0,99999.0,,,Mexico,,,no - weight range is outside 36.00-149.99,v41 rates[0].cost=0.5
PARENT,548829,131761,https://v2.intuitiveshipping.app/scenarios/edit/131761,California Shipping & Handling,1B,,,,,,,,,FOUND status=2,,,,,incremental,weight,rate rows are indexed by WEIGHT (lb),2,600.0,99999.0,,,United States - California,split at crossover,1803.802,no - weight range is outside 36.00-149.99,
CHILD,548829,131761,https://v2.intuitiveshipping.app/scenarios/edit/131761,California Shipping & Handling,1B,flat_base_adjustment,adjustments[add_flat] 'Base Price',weight,lb,600.0,99999.0,99,NO ADD_FLAT,DRIFT,2026-09-30 capture tgz 789851bc,,,,incremental,weight,,,600.0,99999.0,,,United States - California,,,no - weight range is outside 36.00-149.99,v41 adjustments[add_flat].value=99
CHILD,548829,131761,https://v2.intuitiveshipping.app/scenarios/edit/131761,California Shipping & Handling,1B,variable_rate_row,rates[0] Up to ~,weight,lb,600.0,99999.0,0.5,1,DRIFT,2026-09-30 capture tgz 789851bc,1.001,1803.802,crossover falls INSIDE this row's band -> row must split,incremental,weight,,,600.0,99999.0,,,United States - California,,,no - weight range is outside 36.00-149.99,v41 rates[0].cost=0.5
PARENT,548831,131991,https://v2.intuitiveshipping.app/scenarios/edit/131991,California Shipping & Handling,1B,,,,,,,,,FOUND status=2,2026-08-21T20:40:00Z,,,,tiered,quantity,"rate rows are indexed by QUANTITY (units), NOT weight",6,75.0,451.0,FF-RR-U-108,,United States - California,+$50 only,,yes,
CHILD,548831,131991,https://v2.intuitiveshipping.app/scenarios/edit/131991,California Shipping & Handling,1B,flat_tier_row,rates[0] Up to 75,quantity,units,0,75,399,449,DRIFT,2026-09-30 capture tgz 789851bc,,,,tiered,quantity,,,75.0,451.0,FF-RR-U-108,,United States - California,,,yes,v41 rates[0].cost=399
CHILD,548831,131991,https://v2.intuitiveshipping.app/scenarios/edit/131991,California Shipping & Handling,1B,flat_tier_row,rates[1] Up to 150,quantity,units,75,150,399,449,DRIFT,2026-09-30 capture tgz 789851bc,,,,tiered,quantity,,,75.0,451.0,FF-RR-U-108,,United States - California,,,yes,v41 rates[1].cost=399
CHILD,548831,131991,https://v2.intuitiveshipping.app/scenarios/edit/131991,California Shipping & Handling,1B,flat_tier_row,rates[2] Up to 225,quantity,units,150,225,399,449,DRIFT,2026-09-30 capture tgz 789851bc,,,,tiered,quantity,,,75.0,451.0,FF-RR-U-108,,United States - California,,,yes,v41 rates[2].cost=399
CHILD,548831,131991,https://v2.intuitiveshipping.app/scenarios/edit/131991,California Shipping & Handling,1B,flat_tier_row,rates[3] Up to 300,quantity,units,225,300,499,549,DRIFT,2026-09-30 capture tgz 789851bc,,,,tiered,quantity,,,75.0,451.0,FF-RR-U-108,,United States - California,,,yes,v41 rates[3].cost=499
CHILD,548831,131991,https://v2.intuitiveshipping.app/scenarios/edit/131991,California Shipping & Handling,1B,flat_tier_row,rates[4] Up to 375,quantity,units,300,375,499,549,DRIFT,2026-09-30 capture tgz 789851bc,,,,tiered,quantity,,,75.0,451.0,FF-RR-U-108,,United States - California,,,yes,v41 rates[4].cost=499
CHILD,548831,131991,https://v2.intuitiveshipping.app/scenarios/edit/131991,California Shipping & Handling,1B,flat_tier_row,rates[5] Up to 451,quantity,units,375,451,499,549,DRIFT,2026-09-30 capture tgz 789851bc,,,,tiered,quantity,,,75.0,451.0,FF-RR-U-108,,United States - California,,,yes,v41 rates[5].cost=499
PARENT,548833,131897,https://v2.intuitiveshipping.app/scenarios/edit/131897,California Shipping & Handling,1B,,,,,,,,,FOUND status=2,,,,,incremental,weight,rate rows are indexed by WEIGHT (lb),2,451.0,unbounded,"FF-RR-U-120, FF-RR-U-132, FF-RR-U-142, FF-RR-U-130",greater_than_or_equal_to 9,United States - California,split at crossover,2019.5175,no - weight range is outside 36.00-149.99,
CHILD,548833,131897,https://v2.intuitiveshipping.app/scenarios/edit/131897,California Shipping & Handling,1B,flat_base_adjustment,adjustments[add_flat] 'Base Price',weight,lb,451.0,1E+18,596.50,596.50,MATCH,2026-09-30 capture tgz 789851bc,,,,incremental,weight,,,451.0,unbounded,"FF-RR-U-120, FF-RR-U-132, FF-RR-U-142, FF-RR-U-130",greater_than_or_equal_to 9,United States - California,,,no - weight range is outside 36.00-149.99,v41 adjustments[add_flat].value=596.50
CHILD,548833,131897,https://v2.intuitiveshipping.app/scenarios/edit/131897,California Shipping & Handling,1B,variable_rate_row,rates[0] Up to ~,weight,lb,451.0,1E+18,0.20,0.20,MATCH,2026-09-30 capture tgz 789851bc,1.001,2019.5175,crossover falls INSIDE this row's band -> row must split,incremental,weight,,,451.0,unbounded,"FF-RR-U-120, FF-RR-U-132, FF-RR-U-142, FF-RR-U-130",greater_than_or_equal_to 9,United States - California,,,no - weight range is outside 36.00-149.99,v41 rates[0].cost=0.20
PARENT,548854,131993,https://v2.intuitiveshipping.app/scenarios/edit/131993,California Shipping & Handling,1B,,,,,,,,,FOUND status=2,,,,,incremental,quantity,"rate rows are indexed by QUANTITY (units), NOT weight",2,451.0,unbounded,FF-RR-U-108,,United States - California,split at crossover,1349.6817,no - weight range is outside 36.00-149.99,
CHILD,548854,131993,https://v2.intuitiveshipping.app/scenarios/edit/131993,California Shipping & Handling,1B,flat_base_adjustment,adjustments[add_flat] 'Base Price',quantity,units,0,1E+18,191,191,MATCH,2026-09-30 capture tgz 789851bc,,,,incremental,quantity,,,451.0,unbounded,FF-RR-U-108,,United States - California,,,no - weight range is outside 36.00-149.99,v41 adjustments[add_flat].value=191
CHILD,548854,131993,https://v2.intuitiveshipping.app/scenarios/edit/131993,California Shipping & Handling,1B,variable_rate_row,rates[0] Up to ~,quantity,units,0,1E+18,0.60,0.60,MATCH,2026-09-30 capture tgz 789851bc,1.001,1349.681666666666666666666667,crossover falls INSIDE this row's band -> row must split,incremental,quantity,,,451.0,unbounded,FF-RR-U-108,,United States - California,,,no - weight range is outside 36.00-149.99,v41 rates[0].cost=0.60
PARENT,548855,131993,https://v2.intuitiveshipping.app/scenarios/edit/131993,California Shipping & Handling,1B,,,,,,,,,FOUND status=2,,,,,incremental,quantity,"rate rows are indexed by QUANTITY (units), NOT weight",2,451.0,unbounded,FF-RR-U-108,,United States - California,split at crossover,1349.6817,no - weight range is outside 36.00-149.99,
CHILD,548855,131993,https://v2.intuitiveshipping.app/scenarios/edit/131993,California Shipping & Handling,1B,flat_base_adjustment,adjustments[add_flat] 'Base Price',quantity,units,0,1E+18,191,191,MATCH,2026-09-30 capture tgz 789851bc,,,,incremental,quantity,,,451.0,unbounded,FF-RR-U-108,,United States - California,,,no - weight range is outside 36.00-149.99,v41 adjustments[add_flat].value=191
CHILD,548855,131993,https://v2.intuitiveshipping.app/scenarios/edit/131993,California Shipping & Handling,1B,variable_rate_row,rates[0] Up to ~,quantity,units,0,1E+18,0.60,0.60,MATCH,2026-09-30 capture tgz 789851bc,1.001,1349.681666666666666666666667,crossover falls INSIDE this row's band -> row must split,incremental,quantity,,,451.0,unbounded,FF-RR-U-108,,United States - California,,,no - weight range is outside 36.00-149.99,v41 rates[0].cost=0.60
PARENT,548857,131991,https://v2.intuitiveshipping.app/scenarios/edit/131991,California Shipping & Handling,1B,,,,,,,,,FOUND status=2,2026-08-21T20:40:00Z,,,,tiered,quantity,"rate rows are indexed by QUANTITY (units), NOT weight",6,75.0,451.0,FF-RR-U-108,,United States - California,+$50 only,,yes,
CHILD,548857,131991,https://v2.intuitiveshipping.app/scenarios/edit/131991,California Shipping & Handling,1B,flat_tier_row,rates[0] Up to 75,quantity,units,0,75,399,449,DRIFT,2026-09-30 capture tgz 789851bc,,,,tiered,quantity,,,75.0,451.0,FF-RR-U-108,,United States - California,,,yes,v41 rates[0].cost=399
CHILD,548857,131991,https://v2.intuitiveshipping.app/scenarios/edit/131991,California Shipping & Handling,1B,flat_tier_row,rates[1] Up to 150,quantity,units,75,150,399,449,DRIFT,2026-09-30 capture tgz 789851bc,,,,tiered,quantity,,,75.0,451.0,FF-RR-U-108,,United States - California,,,yes,v41 rates[1].cost=399
CHILD,548857,131991,https://v2.intuitiveshipping.app/scenarios/edit/131991,California Shipping & Handling,1B,flat_tier_row,rates[2] Up to 225,quantity,units,150,225,399,449,DRIFT,2026-09-30 capture tgz 789851bc,,,,tiered,quantity,,,75.0,451.0,FF-RR-U-108,,United States - California,,,yes,v41 rates[2].cost=399
CHILD,548857,131991,https://v2.intuitiveshipping.app/scenarios/edit/131991,California Shipping & Handling,1B,flat_tier_row,rates[3] Up to 300,quantity,units,225,300,499,549,DRIFT,2026-09-30 capture tgz 789851bc,,,,tiered,quantity,,,75.0,451.0,FF-RR-U-108,,United States - California,,,yes,v41 rates[3].cost=499
CHILD,548857,131991,https://v2.intuitiveshipping.app/scenarios/edit/131991,California Shipping & Handling,1B,flat_tier_row,rates[4] Up to 375,quantity,units,300,375,499,549,DRIFT,2026-09-30 capture tgz 789851bc,,,,tiered,quantity,,,75.0,451.0,FF-RR-U-108,,United States - California,,,yes,v41 rates[4].cost=499
CHILD,548857,131991,https://v2.intuitiveshipping.app/scenarios/edit/131991,California Shipping & Handling,1B,flat_tier_row,rates[5] Up to 451,quantity,units,375,451,499,549,DRIFT,2026-09-30 capture tgz 789851bc,,,,tiered,quantity,,,75.0,451.0,FF-RR-U-108,,United States - California,,,yes,v41 rates[5].cost=499
PARENT,548859,131896,https://v2.intuitiveshipping.app/scenarios/edit/131896,California Shipping & Handling,1B,,,,,,,,,FOUND status=2,,,,,incremental,weight,rate rows are indexed by WEIGHT (lb),2,225.0,unbounded,"FF-RR-U-120, FF-RR-U-132, FF-RR-U-142, FF-RR-U-130",less_than_or_equal_to 8,United States - California,split at crossover,1006.72,no - weight range is outside 36.00-149.99,
CHILD,548859,131896,https://v2.intuitiveshipping.app/scenarios/edit/131896,California Shipping & Handling,1B,flat_base_adjustment,adjustments[add_flat] 'Base Price',weight,lb,225.0,1E+18,296,296,MATCH,2026-09-30 capture tgz 789851bc,,,,incremental,weight,,,225.0,unbounded,"FF-RR-U-120, FF-RR-U-132, FF-RR-U-142, FF-RR-U-130",less_than_or_equal_to 8,United States - California,,,no - weight range is outside 36.00-149.99,v41 adjustments[add_flat].value=296
CHILD,548859,131896,https://v2.intuitiveshipping.app/scenarios/edit/131896,California Shipping & Handling,1B,variable_rate_row,rates[0] Up to ~,weight,lb,225.0,1E+18,0.70,0.70,MATCH,2026-09-30 capture tgz 789851bc,1.001,1006.72,crossover falls INSIDE this row's band -> row must split,incremental,weight,,,225.0,unbounded,"FF-RR-U-120, FF-RR-U-132, FF-RR-U-142, FF-RR-U-130",less_than_or_equal_to 8,United States - California,,,no - weight range is outside 36.00-149.99,v41 rates[0].cost=0.70
PARENT,548860,131761,https://v2.intuitiveshipping.app/scenarios/edit/131761,California Shipping & Handling,1B,,,,,,,,,FOUND status=2,,,,,incremental,weight,rate rows are indexed by WEIGHT (lb),2,600.0,99999.0,,,United States - California,split at crossover,1803.802,no - weight range is outside 36.00-149.99,
CHILD,548860,131761,https://v2.intuitiveshipping.app/scenarios/edit/131761,California Shipping & Handling,1B,flat_base_adjustment,adjustments[add_flat] 'Base Price',weight,lb,600.0,99999.0,99,99,MATCH,2026-09-30 capture tgz 789851bc,,,,incremental,weight,,,600.0,99999.0,,,United States - California,,,no - weight range is outside 36.00-149.99,v41 adjustments[add_flat].value=99
CHILD,548860,131761,https://v2.intuitiveshipping.app/scenarios/edit/131761,California Shipping & Handling,1B,variable_rate_row,rates[0] Up to ~,weight,lb,600.0,99999.0,0.5,0.5,MATCH,2026-09-30 capture tgz 789851bc,1.001,1803.802,crossover falls INSIDE this row's band -> row must split,incremental,weight,,,600.0,99999.0,,,United States - California,,,no - weight range is outside 36.00-149.99,v41 rates[0].cost=0.5
PARENT,551446,133597,https://v2.intuitiveshipping.app/scenarios/edit/133597,USA Shipping & Handling,SPLIT_REQUIRED,,,,,,,,,FOUND status=2,,,,,incremental,weight,rate rows are indexed by WEIGHT (lb),2,1353.0,99999.0,FF-RIT24,,United States - USA Shipping & Handling,split at crossover,1801.9802,no - weight range is outside 36.00-149.99,
CHILD,551446,133597,https://v2.intuitiveshipping.app/scenarios/edit/133597,USA Shipping & Handling,SPLIT_REQUIRED,flat_base_adjustment,adjustments[add_flat] 'Base Price',weight,lb,1353.0,99999.0,400,400,MATCH,2026-09-30 capture tgz 789851bc,,,,incremental,weight,,,1353.0,99999.0,FF-RIT24,,United States - USA Shipping & Handling,,,no - weight range is outside 36.00-149.99,v41 adjustments[add_flat].value=400
CHILD,551446,133597,https://v2.intuitiveshipping.app/scenarios/edit/133597,USA Shipping & Handling,SPLIT_REQUIRED,variable_rate_row,rates[0] Up to 99999,weight,lb,1353.0,99999.0,0.3333,0.3333,MATCH,2026-09-30 capture tgz 789851bc,1.001,1801.980198019801980198019802,crossover falls INSIDE this row's band -> row must split,incremental,weight,,,1353.0,99999.0,FF-RIT24,,United States - USA Shipping & Handling,,,no - weight range is outside 36.00-149.99,v41 rates[0].cost=0.3333
PARENT,551448,133598,https://v2.intuitiveshipping.app/scenarios/edit/133598,USA Shipping & Handling,5,,,,,,,,,FOUND status=2,2026-08-21T20:40:00Z,,,,incremental,weight,rate rows are indexed by WEIGHT (lb),2,676.0,999999.0,FF-RIT24,,"United States - USA Shipping & Handling <!--USA Northeast (ME,NH,VT,MA,CT,RI)-->",split at crossover,2002.0,no - weight range is outside 36.00-149.99,
CHILD,551448,133598,https://v2.intuitiveshipping.app/scenarios/edit/133598,USA Shipping & Handling,5,variable_rate_row,rates[0] Up to 1353,weight,lb,676.0,1353,0.50,0.50,MATCH,2026-09-30 capture tgz 789851bc,1.001,2002.0,"crossover 2002.0 lb is ABOVE this row's ceiling 1353 lb; row max result 675.82 -> row never reaches $1,000, entire row is the below-$1,000 branch",incremental,weight,,,676.0,999999.0,FF-RIT24,,"United States - USA Shipping & Handling <!--USA Northeast (ME,NH,VT,MA,CT,RI)-->",,,no - weight range is outside 36.00-149.99,v41 rates[0].cost=0.50
CHILD,551448,133598,https://v2.intuitiveshipping.app/scenarios/edit/133598,USA Shipping & Handling,5,variable_rate_row,rates[1] Up to 99999,weight,lb,1353,99999,0.3334,0.3334,MATCH,2026-09-30 capture tgz 789851bc,1.001,3002.399520095980803839232154,crossover falls INSIDE this row's band -> row must split,incremental,weight,,,676.0,999999.0,FF-RIT24,,"United States - USA Shipping & Handling <!--USA Northeast (ME,NH,VT,MA,CT,RI)-->",,,no - weight range is outside 36.00-149.99,v41 rates[1].cost=0.3334
PARENT,551454,133600,https://v2.intuitiveshipping.app/scenarios/edit/133600,WEST COAST Shipping & Handling,2,,,,,,,,,FOUND status=2,,,,,incremental,weight,rate rows are indexed by WEIGHT (lb),2,1353.0,99999.0,FF-RIT24,,United States - West Coast,split at crossover,1801.4397,no - weight range is outside 36.00-149.99,
CHILD,551454,133600,https://v2.intuitiveshipping.app/scenarios/edit/133600,WEST COAST Shipping & Handling,2,flat_base_adjustment,adjustments[add_flat] 'Base Price',weight,lb,1353.0,99999.0,400,400,MATCH,2026-09-30 capture tgz 789851bc,,,,incremental,weight,,,1353.0,99999.0,FF-RIT24,,United States - West Coast,,,no - weight range is outside 36.00-149.99,v41 adjustments[add_flat].value=400
CHILD,551454,133600,https://v2.intuitiveshipping.app/scenarios/edit/133600,WEST COAST Shipping & Handling,2,variable_rate_row,rates[0] Up to 99999,weight,lb,1353.0,99999.0,0.3334,0.3334,MATCH,2026-09-30 capture tgz 789851bc,1.001,1801.439712057588482303539292,crossover falls INSIDE this row's band -> row must split,incremental,weight,,,1353.0,99999.0,FF-RIT24,,United States - West Coast,,,no - weight range is outside 36.00-149.99,v41 rates[0].cost=0.3334
PARENT,551459,133602,https://v2.intuitiveshipping.app/scenarios/edit/133602,California Shipping & Handling,1B,,,,,,,,,FOUND status=2,,,,,incremental,weight,rate rows are indexed by WEIGHT (lb),2,1798.0,99999.0,FF-RIT24,,United States - California,split at crossover,5404.801,no - weight range is outside 36.00-149.99,
CHILD,551459,133602,https://v2.intuitiveshipping.app/scenarios/edit/133602,California Shipping & Handling,1B,flat_base_adjustment,adjustments[add_flat] 'Base Price',weight,lb,1798.0,99999.0,99.50,99.50,MATCH,2026-09-30 capture tgz 789851bc,,,,incremental,weight,,,1798.0,99999.0,FF-RIT24,,United States - California,,,no - weight range is outside 36.00-149.99,v41 adjustments[add_flat].value=99.50
CHILD,551459,133602,https://v2.intuitiveshipping.app/scenarios/edit/133602,California Shipping & Handling,1B,variable_rate_row,rates[0] Up to 99999,weight,lb,1798.0,99999.0,0.50,0.50,MATCH,2026-09-30 capture tgz 789851bc,3.001,5404.801,crossover falls INSIDE this row's band -> row must split,incremental,weight,,,1798.0,99999.0,FF-RIT24,,United States - California,,,no - weight range is outside 36.00-149.99,v41 rates[0].cost=0.50
PARENT,551461,133602,https://v2.intuitiveshipping.app/scenarios/edit/133602,California Shipping & Handling,1B,,,,,,,,,FOUND status=2,,,,,incremental,weight,rate rows are indexed by WEIGHT (lb),2,1798.0,99999.0,FF-RIT24,,United States - California,split at crossover,5404.801,no - weight range is outside 36.00-149.99,
CHILD,551461,133602,https://v2.intuitiveshipping.app/scenarios/edit/133602,California Shipping & Handling,1B,flat_base_adjustment,adjustments[add_flat] 'Base Price',weight,lb,1798.0,99999.0,99.50,99.50,MATCH,2026-09-30 capture tgz 789851bc,,,,incremental,weight,,,1798.0,99999.0,FF-RIT24,,United States - California,,,no - weight range is outside 36.00-149.99,v41 adjustments[add_flat].value=99.50
CHILD,551461,133602,https://v2.intuitiveshipping.app/scenarios/edit/133602,California Shipping & Handling,1B,variable_rate_row,rates[0] Up to 99999,weight,lb,1798.0,99999.0,0.50,0.50,MATCH,2026-09-30 capture tgz 789851bc,3.001,5404.801,crossover falls INSIDE this row's band -> row must split,incremental,weight,,,1798.0,99999.0,FF-RIT24,,United States - California,,,no - weight range is outside 36.00-149.99,v41 rates[0].cost=0.50
PARENT,557354,131928,https://v2.intuitiveshipping.app/scenarios/edit/131928,USA Shipping & Handling,5,,,,,,,,,FOUND status=2,,,,,incremental,weight,rate rows are indexed by WEIGHT (lb),2,225.0,999999.0,,,"United States - USA Shipping & Handling <!--USA Northeast (ME,NH,VT,MA,CT,RI)-->",split at crossover,594.594,no - weight range is outside 36.00-149.99,
CHILD,557354,131928,https://v2.intuitiveshipping.app/scenarios/edit/131928,USA Shipping & Handling,5,flat_base_adjustment,adjustments[add_flat] 'Base Price',weight,lb,225.0,999999.0,109,109,MATCH,2026-09-30 capture tgz 789851bc,,,,incremental,weight,,,225.0,999999.0,,,"United States - USA Shipping & Handling <!--USA Northeast (ME,NH,VT,MA,CT,RI)-->",,,no - weight range is outside 36.00-149.99,v41 adjustments[add_flat].value=109
CHILD,557354,131928,https://v2.intuitiveshipping.app/scenarios/edit/131928,USA Shipping & Handling,5,variable_rate_row,rates[0] Up to 451,weight,lb,225.0,451,1.5,1.5,MATCH,2026-09-30 capture tgz 789851bc,1.001,594.594,"crossover 594.594 lb is ABOVE this row's ceiling 451 lb; row max result 784.82 -> row never reaches $1,000, entire row is the below-$1,000 branch",incremental,weight,,,225.0,999999.0,,,"United States - USA Shipping & Handling <!--USA Northeast (ME,NH,VT,MA,CT,RI)-->",,,no - weight range is outside 36.00-149.99,v41 rates[0].cost=1.5
PARENT,560048,135174,https://v2.intuitiveshipping.app/scenarios/edit/135174,USA Shipping & Handling,SPLIT_REQUIRED,,,,,,,,,FOUND status=2,,,,,incremental,weight,rate rows are indexed by WEIGHT (lb),2,226.0,99999.0,,,United States - USA Shipping & Handling,split at crossover,617.9507,no - weight range is outside 36.00-149.99,
CHILD,560048,135174,https://v2.intuitiveshipping.app/scenarios/edit/135174,USA Shipping & Handling,SPLIT_REQUIRED,flat_base_adjustment,adjustments[add_flat] 'Base Price',weight,lb,226.0,99999.0,74,74,MATCH,2026-09-30 capture tgz 789851bc,,,,incremental,weight,,,226.0,99999.0,,,United States - USA Shipping & Handling,,,no - weight range is outside 36.00-149.99,v41 adjustments[add_flat].value=74
CHILD,560048,135174,https://v2.intuitiveshipping.app/scenarios/edit/135174,USA Shipping & Handling,SPLIT_REQUIRED,variable_rate_row,rates[0] Up to 452,weight,lb,226.0,452,1.50,1.50,MATCH,2026-09-30 capture tgz 789851bc,1.001,617.9506666666666666666666667,"crossover 617.9506666666666666666666667 lb is ABOVE this row's ceiling 452 lb; row max result 751.32 -> row never reaches $1,000, entire row is the below-$1,000 branch",incremental,weight,,,226.0,99999.0,,,United States - USA Shipping & Handling,,,no - weight range is outside 36.00-149.99,v41 rates[0].cost=1.50
PARENT,560049,135174,https://v2.intuitiveshipping.app/scenarios/edit/135174,USA Shipping & Handling,SPLIT_REQUIRED,,,,,,,,,FOUND status=2,,,,,incremental,weight,rate rows are indexed by WEIGHT (lb),2,226.0,99999.0,,,United States - USA Shipping & Handling,split at crossover,651.651,no - weight range is outside 36.00-149.99,
CHILD,560049,135174,https://v2.intuitiveshipping.app/scenarios/edit/135174,USA Shipping & Handling,SPLIT_REQUIRED,flat_base_adjustment,adjustments[add_flat] 'Base Price',weight,lb,226.0,99999.0,349,349,MATCH,2026-09-30 capture tgz 789851bc,,,,incremental,weight,,,226.0,99999.0,,,United States - USA Shipping & Handling,,,no - weight range is outside 36.00-149.99,v41 adjustments[add_flat].value=349
CHILD,560049,135174,https://v2.intuitiveshipping.app/scenarios/edit/135174,USA Shipping & Handling,SPLIT_REQUIRED,variable_rate_row,rates[0] Up to 99999,weight,lb,226.0,99999.0,1.00,1.00,MATCH,2026-09-30 capture tgz 789851bc,1.001,651.651,crossover falls INSIDE this row's band -> row must split,incremental,weight,,,226.0,99999.0,,,United States - USA Shipping & Handling,,,no - weight range is outside 36.00-149.99,v41 rates[0].cost=1.00
PARENT,560051,135176,https://v2.intuitiveshipping.app/scenarios/edit/135176,USA Shipping & Handling,5,,,,,,,,,FOUND status=2,,,,,incremental,weight,rate rows are indexed by WEIGHT (lb),2,226.0,999999.0,,,"United States - USA Shipping & Handling <!--USA Northeast (ME,NH,VT,MA,CT,RI)-->",split at crossover,651.651,no - weight range is outside 36.00-149.99,
CHILD,560051,135176,https://v2.intuitiveshipping.app/scenarios/edit/135176,USA Shipping & Handling,5,flat_base_adjustment,adjustments[add_flat] 'Base Price',weight,lb,226.0,999999.0,349,349,MATCH,2026-09-30 capture tgz 789851bc,,,,incremental,weight,,,226.0,999999.0,,,"United States - USA Shipping & Handling <!--USA Northeast (ME,NH,VT,MA,CT,RI)-->",,,no - weight range is outside 36.00-149.99,v41 adjustments[add_flat].value=349
CHILD,560051,135176,https://v2.intuitiveshipping.app/scenarios/edit/135176,USA Shipping & Handling,5,variable_rate_row,rates[0] Up to 999999,weight,lb,226.0,999999.0,1.00,1.00,MATCH,2026-09-30 capture tgz 789851bc,1.001,651.651,crossover falls INSIDE this row's band -> row must split,incremental,weight,,,226.0,999999.0,,,"United States - USA Shipping & Handling <!--USA Northeast (ME,NH,VT,MA,CT,RI)-->",,,no - weight range is outside 36.00-149.99,v41 rates[0].cost=1.00
PARENT,560052,135176,https://v2.intuitiveshipping.app/scenarios/edit/135176,USA Shipping & Handling,5,,,,,,,,,FOUND status=2,,,,,incremental,weight,rate rows are indexed by WEIGHT (lb),2,226.0,999999.0,,,"United States - USA Shipping & Handling <!--USA Northeast (ME,NH,VT,MA,CT,RI)-->",split at crossover,634.634,no - weight range is outside 36.00-149.99,
CHILD,560052,135176,https://v2.intuitiveshipping.app/scenarios/edit/135176,USA Shipping & Handling,5,flat_base_adjustment,adjustments[add_flat] 'Base Price',weight,lb,226.0,999999.0,49,49,MATCH,2026-09-30 capture tgz 789851bc,,,,incremental,weight,,,226.0,999999.0,,,"United States - USA Shipping & Handling <!--USA Northeast (ME,NH,VT,MA,CT,RI)-->",,,no - weight range is outside 36.00-149.99,v41 adjustments[add_flat].value=49
CHILD,560052,135176,https://v2.intuitiveshipping.app/scenarios/edit/135176,USA Shipping & Handling,5,variable_rate_row,rates[0] Up to 451,weight,lb,226.0,451,1.5,1.5,MATCH,2026-09-30 capture tgz 789851bc,1.001,634.634,"crossover 634.634 lb is ABOVE this row's ceiling 451 lb; row max result 724.82 -> row never reaches $1,000, entire row is the below-$1,000 branch",incremental,weight,,,226.0,999999.0,,,"United States - USA Shipping & Handling <!--USA Northeast (ME,NH,VT,MA,CT,RI)-->",,,no - weight range is outside 36.00-149.99,v41 rates[0].cost=1.5
PARENT,563253,135861,https://v2.intuitiveshipping.app/scenarios/edit/135861,Door to Ocean Port (CIF Terms),8+,,,,,,,,,FOUND status=2,,,,,incremental,weight,rate rows are indexed by WEIGHT (lb),2,451.0,899.0,,,International - SEA / Carribean / South America,x1.10 only,176.176,no - weight range is outside 36.00-149.99,
CHILD,563253,135861,https://v2.intuitiveshipping.app/scenarios/edit/135861,Door to Ocean Port (CIF Terms),8+,flat_base_adjustment,adjustments[add_flat] 'Base Price',weight,lb,451.0,899.0,648,648,MATCH,2026-09-30 capture tgz 789851bc,,,,incremental,weight,,,451.0,899.0,,,International - SEA / Carribean / South America,,,no - weight range is outside 36.00-149.99,v41 adjustments[add_flat].value=648
CHILD,563253,135861,https://v2.intuitiveshipping.app/scenarios/edit/135861,Door to Ocean Port (CIF Terms),8+,variable_rate_row,rates[0] Up to ~,weight,lb,451.0,899.0,2,2,MATCH,2026-09-30 capture tgz 789851bc,1.001,176.176,"crossover 176.176 lb is BELOW this row's floor 451.0 lb -> entire row is the at-or-above-$1,000 branch",incremental,weight,,,451.0,899.0,,,International - SEA / Carribean / South America,,,no - weight range is outside 36.00-149.99,v41 rates[0].cost=2
PARENT,587831,140127,https://v2.intuitiveshipping.app/scenarios/edit/140127,USA Shipping & Handling,SPLIT_REQUIRED,,,,,,,,,FOUND status=2,,,,,incremental,weight,rate rows are indexed by WEIGHT (lb),2,225.0,99999.0,"FF-WBB-3, FF-WBB-6",,United States - USA Shipping & Handling,split at crossover,1871.87,no - weight range is outside 36.00-149.99,
CHILD,587831,140127,https://v2.intuitiveshipping.app/scenarios/edit/140127,USA Shipping & Handling,SPLIT_REQUIRED,flat_base_adjustment,adjustments[add_flat] 'Base Price',weight,lb,225.0,99999.0,65,65,MATCH,2026-09-30 capture tgz 789851bc,,,,incremental,weight,,,225.0,99999.0,"FF-WBB-3, FF-WBB-6",,United States - USA Shipping & Handling,,,no - weight range is outside 36.00-149.99,v41 adjustments[add_flat].value=65
CHILD,587831,140127,https://v2.intuitiveshipping.app/scenarios/edit/140127,USA Shipping & Handling,SPLIT_REQUIRED,variable_rate_row,rates[0] Up to 452,weight,lb,225.0,452,0.50,0.50,MATCH,2026-09-30 capture tgz 789851bc,1.001,1871.87,"crossover 1871.87 lb is ABOVE this row's ceiling 452 lb; row max result 290.77 -> row never reaches $1,000, entire row is the below-$1,000 branch",incremental,weight,,,225.0,99999.0,"FF-WBB-3, FF-WBB-6",,United States - USA Shipping & Handling,,,no - weight range is outside 36.00-149.99,v41 rates[0].cost=0.50
PARENT,587832,140127,https://v2.intuitiveshipping.app/scenarios/edit/140127,USA Shipping & Handling,SPLIT_REQUIRED,,,,,,,,,FOUND status=2,,,,,incremental,weight,rate rows are indexed by WEIGHT (lb),2,225.0,99999.0,"FF-WBB-3, FF-WBB-6",,United States - USA Shipping & Handling,split at crossover,2168.3828,no - weight range is outside 36.00-149.99,
CHILD,587832,140127,https://v2.intuitiveshipping.app/scenarios/edit/140127,USA Shipping & Handling,SPLIT_REQUIRED,flat_base_adjustment,adjustments[add_flat] 'Base Price',weight,lb,225.0,99999.0,278,278,MATCH,2026-09-30 capture tgz 789851bc,,,,incremental,weight,,,225.0,99999.0,"FF-WBB-3, FF-WBB-6",,United States - USA Shipping & Handling,,,no - weight range is outside 36.00-149.99,v41 adjustments[add_flat].value=278
CHILD,587832,140127,https://v2.intuitiveshipping.app/scenarios/edit/140127,USA Shipping & Handling,SPLIT_REQUIRED,variable_rate_row,rates[0] Up to 99999,weight,lb,225.0,99999.0,0.3333,0.3333,MATCH,2026-09-30 capture tgz 789851bc,1.001,2168.382838283828382838283828,crossover falls INSIDE this row's band -> row must split,incremental,weight,,,225.0,99999.0,"FF-WBB-3, FF-WBB-6",,United States - USA Shipping & Handling,,,no - weight range is outside 36.00-149.99,v41 rates[0].cost=0.3333
PARENT,587834,140129,https://v2.intuitiveshipping.app/scenarios/edit/140129,USA Shipping & Handling,5,,,,,,,,,FOUND status=2,,,,,incremental,weight,rate rows are indexed by WEIGHT (lb),2,225.0,999999.0,"FF-WBB-3, FF-WBB-6",,"United States - USA Shipping & Handling <!--USA Northeast (ME,NH,VT,MA,CT,RI)-->",split at crossover,2018.2178,no - weight range is outside 36.00-149.99,
CHILD,587834,140129,https://v2.intuitiveshipping.app/scenarios/edit/140129,USA Shipping & Handling,5,flat_base_adjustment,adjustments[add_flat] 'Base Price',weight,lb,225.0,999999.0,328,328,MATCH,2026-09-30 capture tgz 789851bc,,,,incremental,weight,,,225.0,999999.0,"FF-WBB-3, FF-WBB-6",,"United States - USA Shipping & Handling <!--USA Northeast (ME,NH,VT,MA,CT,RI)-->",,,no - weight range is outside 36.00-149.99,v41 adjustments[add_flat].value=328
CHILD,587834,140129,https://v2.intuitiveshipping.app/scenarios/edit/140129,USA Shipping & Handling,5,variable_rate_row,rates[0] Up to 999999,weight,lb,225.0,999999.0,0.3333,0.3333,MATCH,2026-09-30 capture tgz 789851bc,1.001,2018.217821782178217821782178,crossover falls INSIDE this row's band -> row must split,incremental,weight,,,225.0,999999.0,"FF-WBB-3, FF-WBB-6",,"United States - USA Shipping & Handling <!--USA Northeast (ME,NH,VT,MA,CT,RI)-->",,,no - weight range is outside 36.00-149.99,v41 rates[0].cost=0.3333
PARENT,587835,140129,https://v2.intuitiveshipping.app/scenarios/edit/140129,USA Shipping & Handling,5,,,,,,,,,FOUND status=2,,,,,incremental,weight,rate rows are indexed by WEIGHT (lb),2,225.0,999999.0,"FF-WBB-3, FF-WBB-6",,"United States - USA Shipping & Handling <!--USA Northeast (ME,NH,VT,MA,CT,RI)-->",split at crossover,1771.77,no - weight range is outside 36.00-149.99,
CHILD,587835,140129,https://v2.intuitiveshipping.app/scenarios/edit/140129,USA Shipping & Handling,5,flat_base_adjustment,adjustments[add_flat] 'Base Price',weight,lb,225.0,999999.0,115,115,MATCH,2026-09-30 capture tgz 789851bc,,,,incremental,weight,,,225.0,999999.0,"FF-WBB-3, FF-WBB-6",,"United States - USA Shipping & Handling <!--USA Northeast (ME,NH,VT,MA,CT,RI)-->",,,no - weight range is outside 36.00-149.99,v41 adjustments[add_flat].value=115
CHILD,587835,140129,https://v2.intuitiveshipping.app/scenarios/edit/140129,USA Shipping & Handling,5,variable_rate_row,rates[0] Up to 451,weight,lb,225.0,451,0.50,0.50,MATCH,2026-09-30 capture tgz 789851bc,1.001,1771.77,"crossover 1771.77 lb is ABOVE this row's ceiling 451 lb; row max result 340.27 -> row never reaches $1,000, entire row is the below-$1,000 branch",incremental,weight,,,225.0,999999.0,"FF-WBB-3, FF-WBB-6",,"United States - USA Shipping & Handling <!--USA Northeast (ME,NH,VT,MA,CT,RI)-->",,,no - weight range is outside 36.00-149.99,v41 rates[0].cost=0.50
PARENT,587840,140132,https://v2.intuitiveshipping.app/scenarios/edit/140132,California Shipping & Handling,1B,,,,,,,,,FOUND status=2,,,,,incremental,weight,rate rows are indexed by WEIGHT (lb),2,600.0,99999.0,"FF-WBB-3, FF-WBB-6",,United States - California,split at crossover,5398.3143,no - weight range is outside 36.00-149.99,
CHILD,587840,140132,https://v2.intuitiveshipping.app/scenarios/edit/140132,California Shipping & Handling,1B,flat_base_adjustment,adjustments[add_flat] 'Base Price',weight,lb,600.0,99999.0,101,101,MATCH,2026-09-30 capture tgz 789851bc,,,,incremental,weight,,,600.0,99999.0,"FF-WBB-3, FF-WBB-6",,United States - California,,,no - weight range is outside 36.00-149.99,v41 adjustments[add_flat].value=101
CHILD,587840,140132,https://v2.intuitiveshipping.app/scenarios/edit/140132,California Shipping & Handling,1B,variable_rate_row,rates[0] Up to ~,weight,lb,600.0,99999.0,0.1667,0.1667,MATCH,2026-09-30 capture tgz 789851bc,1.001,5398.314337132573485302939412,crossover falls INSIDE this row's band -> row must split,incremental,weight,,,600.0,99999.0,"FF-WBB-3, FF-WBB-6",,United States - California,,,no - weight range is outside 36.00-149.99,v41 rates[0].cost=0.1667
PARENT,587841,140132,https://v2.intuitiveshipping.app/scenarios/edit/140132,California Shipping & Handling,1B,,,,,,,,,FOUND status=2,,,,,incremental,weight,rate rows are indexed by WEIGHT (lb),2,600.0,99999.0,"FF-WBB-3, FF-WBB-6",,United States - California,split at crossover,5398.3143,no - weight range is outside 36.00-149.99,
CHILD,587841,140132,https://v2.intuitiveshipping.app/scenarios/edit/140132,California Shipping & Handling,1B,flat_base_adjustment,adjustments[add_flat] 'Base Price',weight,lb,600.0,99999.0,101,101,MATCH,2026-09-30 capture tgz 789851bc,,,,incremental,weight,,,600.0,99999.0,"FF-WBB-3, FF-WBB-6",,United States - California,,,no - weight range is outside 36.00-149.99,v41 adjustments[add_flat].value=101
CHILD,587841,140132,https://v2.intuitiveshipping.app/scenarios/edit/140132,California Shipping & Handling,1B,variable_rate_row,rates[0] Up to ~,weight,lb,600.0,99999.0,0.1667,0.1667,MATCH,2026-09-30 capture tgz 789851bc,1.001,5398.314337132573485302939412,crossover falls INSIDE this row's band -> row must split,incremental,weight,,,600.0,99999.0,"FF-WBB-3, FF-WBB-6",,United States - California,,,no - weight range is outside 36.00-149.99,v41 rates[0].cost=0.1667
PARENT,587844,140134,https://v2.intuitiveshipping.app/scenarios/edit/140134,WEST COAST Shipping & Handling,2,,,,,,,,,FOUND status=2,,,,,incremental,weight,rate rows are indexed by WEIGHT (lb),2,225.0,99999.0,"FF-WBB-3, FF-WBB-6",,United States - West Coast,split at crossover,3195.192,no - weight range is outside 36.00-149.99,
CHILD,587844,140134,https://v2.intuitiveshipping.app/scenarios/edit/140134,WEST COAST Shipping & Handling,2,flat_base_adjustment,adjustments[add_flat] 'Base Price',weight,lb,225.0,99999.0,202,202,MATCH,2026-09-30 capture tgz 789851bc,,,,incremental,weight,,,225.0,99999.0,"FF-WBB-3, FF-WBB-6",,United States - West Coast,,,no - weight range is outside 36.00-149.99,v41 adjustments[add_flat].value=202
CHILD,587844,140134,https://v2.intuitiveshipping.app/scenarios/edit/140134,WEST COAST Shipping & Handling,2,variable_rate_row,rates[0] Up to 99999,weight,lb,225.0,99999.0,0.25,0.25,MATCH,2026-09-30 capture tgz 789851bc,1.001,3195.192,crossover falls INSIDE this row's band -> row must split,incremental,weight,,,225.0,99999.0,"FF-WBB-3, FF-WBB-6",,United States - West Coast,,,no - weight range is outside 36.00-149.99,v41 rates[0].cost=0.25
PARENT,591779,140794,https://v2.intuitiveshipping.app/scenarios/edit/140794,California Shipping & Handling,1B,,,,,,,,,FOUND status=2,,,,,incremental,weight,rate rows are indexed by WEIGHT (lb),2,600.0,99999.0,FF-WBB-9,,United States - California,split at crossover,1803.802,no - weight range is outside 36.00-149.99,
CHILD,591779,140794,https://v2.intuitiveshipping.app/scenarios/edit/140794,California Shipping & Handling,1B,flat_base_adjustment,adjustments[add_flat] 'Base Price',weight,lb,600.0,99999.0,99,99,MATCH,2026-09-30 capture tgz 789851bc,,,,incremental,weight,,,600.0,99999.0,FF-WBB-9,,United States - California,,,no - weight range is outside 36.00-149.99,v41 adjustments[add_flat].value=99
CHILD,591779,140794,https://v2.intuitiveshipping.app/scenarios/edit/140794,California Shipping & Handling,1B,variable_rate_row,rates[0] Up to ~,weight,lb,600.0,99999.0,0.5,0.5,MATCH,2026-09-30 capture tgz 789851bc,1.001,1803.802,crossover falls INSIDE this row's band -> row must split,incremental,weight,,,600.0,99999.0,FF-WBB-9,,United States - California,,,no - weight range is outside 36.00-149.99,v41 rates[0].cost=0.5
PARENT,591780,140794,https://v2.intuitiveshipping.app/scenarios/edit/140794,California Shipping & Handling,1B,,,,,,,,,FOUND status=2,,,,,incremental,weight,rate rows are indexed by WEIGHT (lb),2,600.0,99999.0,FF-WBB-9,,United States - California,split at crossover,4054.4554,no - weight range is outside 36.00-149.99,
CHILD,591780,140794,https://v2.intuitiveshipping.app/scenarios/edit/140794,California Shipping & Handling,1B,flat_base_adjustment,adjustments[add_flat] 'Base Price',weight,lb,600.0,99999.0,100,100,MATCH,2026-09-30 capture tgz 789851bc,,,,incremental,weight,,,600.0,99999.0,FF-WBB-9,,United States - California,,,no - weight range is outside 36.00-149.99,v41 adjustments[add_flat].value=100
CHILD,591780,140794,https://v2.intuitiveshipping.app/scenarios/edit/140794,California Shipping & Handling,1B,variable_rate_row,rates[0] Up to ~,weight,lb,600.0,99999.0,0.2222,0.2222,MATCH,2026-09-30 capture tgz 789851bc,1.001,4054.455445544554455445544554,crossover falls INSIDE this row's band -> row must split,incremental,weight,,,600.0,99999.0,FF-WBB-9,,United States - California,,,no - weight range is outside 36.00-149.99,v41 rates[0].cost=0.2222
PARENT,591992,140841,https://v2.intuitiveshipping.app/scenarios/edit/140841,USA Shipping & Handling,5,,,,,,,,,FOUND status=2,,,,,incremental,weight,rate rows are indexed by WEIGHT (lb),2,225.0,999999.0,FF-WBB-9,,"United States - USA Shipping & Handling <!--USA Northeast (ME,NH,VT,MA,CT,RI)-->",split at crossover,1518.1683,no - weight range is outside 36.00-149.99,
CHILD,591992,140841,https://v2.intuitiveshipping.app/scenarios/edit/140841,USA Shipping & Handling,5,flat_base_adjustment,adjustments[add_flat] 'Base Price',weight,lb,225.0,999999.0,326,326,MATCH,2026-09-30 capture tgz 789851bc,,,,incremental,weight,,,225.0,999999.0,FF-WBB-9,,"United States - USA Shipping & Handling <!--USA Northeast (ME,NH,VT,MA,CT,RI)-->",,,no - weight range is outside 36.00-149.99,v41 adjustments[add_flat].value=326
CHILD,591992,140841,https://v2.intuitiveshipping.app/scenarios/edit/140841,USA Shipping & Handling,5,variable_rate_row,rates[0] Up to 999999,weight,lb,225.0,999999.0,0.4444,0.4444,MATCH,2026-09-30 capture tgz 789851bc,1.001,1518.168316831683168316831683,crossover falls INSIDE this row's band -> row must split,incremental,weight,,,225.0,999999.0,FF-WBB-9,,"United States - USA Shipping & Handling <!--USA Northeast (ME,NH,VT,MA,CT,RI)-->",,,no - weight range is outside 36.00-149.99,v41 rates[0].cost=0.4444
PARENT,591993,140841,https://v2.intuitiveshipping.app/scenarios/edit/140841,USA Shipping & Handling,5,,,,,,,,,FOUND status=2,,,,,incremental,weight,rate rows are indexed by WEIGHT (lb),2,225.0,999999.0,FF-WBB-9,,"United States - USA Shipping & Handling <!--USA Northeast (ME,NH,VT,MA,CT,RI)-->",split at crossover,1333.2653,no - weight range is outside 36.00-149.99,
CHILD,591993,140841,https://v2.intuitiveshipping.app/scenarios/edit/140841,USA Shipping & Handling,5,flat_base_adjustment,adjustments[add_flat] 'Base Price',weight,lb,225.0,999999.0,112,112,MATCH,2026-09-30 capture tgz 789851bc,,,,incremental,weight,,,225.0,999999.0,FF-WBB-9,,"United States - USA Shipping & Handling <!--USA Northeast (ME,NH,VT,MA,CT,RI)-->",,,no - weight range is outside 36.00-149.99,v41 adjustments[add_flat].value=112
CHILD,591993,140841,https://v2.intuitiveshipping.app/scenarios/edit/140841,USA Shipping & Handling,5,variable_rate_row,rates[0] Up to 451,weight,lb,225.0,451,0.6667,0.6667,MATCH,2026-09-30 capture tgz 789851bc,1.001,1333.265336733163341832908355,"crossover 1333.265336733163341832908355 lb is ABOVE this row's ceiling 451 lb; row max result 412.38 -> row never reaches $1,000, entire row is the below-$1,000 branch",incremental,weight,,,225.0,999999.0,FF-WBB-9,,"United States - USA Shipping & Handling <!--USA Northeast (ME,NH,VT,MA,CT,RI)-->",,,no - weight range is outside 36.00-149.99,v41 rates[0].cost=0.6667
PARENT,594018,141174,https://v2.intuitiveshipping.app/scenarios/edit/141174,WEST COAST Shipping & Handling,2,,,,,,,,,FOUND status=2,,,,,incremental,weight,rate rows are indexed by WEIGHT (lb),2,225.0,99999.0,,,United States - West Coast,split at crossover,1069.068,no - weight range is outside 36.00-149.99,
CHILD,594018,141174,https://v2.intuitiveshipping.app/scenarios/edit/141174,WEST COAST Shipping & Handling,2,flat_base_adjustment,adjustments[add_flat] 'Base Price',weight,lb,225.0,99999.0,199,199,MATCH,2026-09-30 capture tgz 789851bc,,,,incremental,weight,,,225.0,99999.0,,,United States - West Coast,,,no - weight range is outside 36.00-149.99,v41 adjustments[add_flat].value=199
CHILD,594018,141174,https://v2.intuitiveshipping.app/scenarios/edit/141174,WEST COAST Shipping & Handling,2,variable_rate_row,rates[0] Up to 99999,weight,lb,225.0,99999.0,0.75,0.75,MATCH,2026-09-30 capture tgz 789851bc,1.001,1069.068,crossover falls INSIDE this row's band -> row must split,incremental,weight,,,225.0,99999.0,,,United States - West Coast,,,no - weight range is outside 36.00-149.99,v41 rates[0].cost=0.75
PARENT,597913,141916,https://v2.intuitiveshipping.app/scenarios/edit/141916,USA Shipping & Handling,4,,,,,,,,,FOUND status=2,,,,,incremental,weight,rate rows are indexed by WEIGHT (lb),2,225.0,99999.0,,,United States - Washington DC,split at crossover,1069.068,no - weight range is outside 36.00-149.99,
CHILD,597913,141916,https://v2.intuitiveshipping.app/scenarios/edit/141916,USA Shipping & Handling,4,flat_base_adjustment,adjustments[add_flat] 'Base Price',weight,lb,225.0,99999.0,199,199,MATCH,2026-09-30 capture tgz 789851bc,,,,incremental,weight,,,225.0,99999.0,,,United States - Washington DC,,,no - weight range is outside 36.00-149.99,v41 adjustments[add_flat].value=199
CHILD,597913,141916,https://v2.intuitiveshipping.app/scenarios/edit/141916,USA Shipping & Handling,4,variable_rate_row,rates[0] Up to 99999,weight,lb,225.0,99999.0,0.75,0.75,MATCH,2026-09-30 capture tgz 789851bc,1.001,1069.068,crossover falls INSIDE this row's band -> row must split,incremental,weight,,,225.0,99999.0,,,United States - Washington DC,,,no - weight range is outside 36.00-149.99,v41 rates[0].cost=0.75
