product_id	handle	group_refs	distinct_options	entries_raw	entries_deduped
gid://shopify/Product/10004008239420	french-fitness-nunchuck-ninja-grip-grandfather-clock-grips-set-of-2-new	1	2	2	2
gid://shopify/Product/10005275246908	technogym-artis-run-treadmill-w-unity-3-0-console-remanufactured	4	4	19	19
gid://shopify/Product/10005935063356	technogym-artis-recline-recumbent-bike-w-unity-3-0-console-remanufactured	4	4	17	17
gid://shopify/Product/10006373859644	french-fitness-aerobic-deck-multifunctional-adjustable-bench-new	2	3	6	6
gid://shopify/Product/10007773839676	french-fitness-rack-rig-utility-seat-attachment-new	1	2	2	2
gid://shopify/Product/10008673714492	french-fitness-rack-rig-leg-roller-attachment-v2-new	1	2	2	2
gid://shopify/Product/10011475968316	french-fitness-3-tier-saddle-15-pair-dumbbell-rack-v2-new	3	4	8	8
gid://shopify/Product/10012639789372	star-trac-10-series-trx-freerunner-24-touch-display-new	3	4	11	11
gid://shopify/Product/10012673343804	star-trac-10-series-freerunner-w-led-new	3	4	11	11
gid://shopify/Product/10012746219836	star-trac-8-series-trx-treadmill-w-24-touch-display-new	3	4	11	11
gid://shopify/Product/10012773548348	star-trac-8-series-trx-treadmill-w-led-new	3	4	11	11
gid://shopify/Product/10012785803580	stairmaster-8-series-freeclimber-w-16-touchscreen-display-new	3	4	9	9
gid://shopify/Product/10012945547580	stairmaster-8-series-freeclimber-w-led-display-new	3	4	9	9
gid://shopify/Product/10013418717500	stairmaster-10-series-10g-gauntlet-w-16-touch-display-new	3	4	11	11
gid://shopify/Product/10013842964796	stairmaster-10-series-10g-gauntlet-w-led-display-new	3	4	11	11
gid://shopify/Product/10014042784060	stairmaster-8-series-gauntlet-x-w-led-new	3	4	11	11
gid://shopify/Product/10015224070460	technogym-synchro-1000-elliptical-w-unity-2-0-console-remanufactured	4	4	19	19
gid://shopify/Product/10017455243580	french-fitness-rack-rig-hip-thruster-bench-attachment-new	2	3	5	5
gid://shopify/Product/10017532641596	french-fitness-rack-rig-glute-ham-developer-ghd-rollers-new	3	4	9	9
gid://shopify/Product/10019813589308	french-fitness-colorful-hex-vinyl-48-pair-dumbbell-set-w-body-solid-gdr500-rack-new	3	4	8	8
gid://shopify/Product/10026483908924	french-fitness-tahoe-seated-leg-press-sled-calf-raise-new	3	5	12	12
gid://shopify/Product/10027115905340	true-fitness-cs400-elliptical-w-envision-console-remanufactured	4	4	19	19
gid://shopify/Product/10028565561660	french-fitness-shasta-seated-leg-press-sled-calf-raise-new	3	5	12	12
gid://shopify/Product/10029703659836	french-fitness-urethane-round-pro-style-dumbbell-v2-5-lbs-single-new	1	2	2	2
gid://shopify/Product/10029839876412	french-fitness-urethane-round-pro-style-dumbbell-v2-10-lbs-single-new	1	2	2	2
gid://shopify/Product/10029869171004	french-fitness-urethane-round-pro-style-dumbbell-v2-15-lbs-single-new	1	2	2	2
gid://shopify/Product/10030825144636	french-fitness-urethane-round-pro-style-dumbbell-v2-20-lbs-single-new	1	2	2	2
gid://shopify/Product/10030837006652	french-fitness-urethane-round-pro-style-dumbbell-v2-25-lbs-single-new	1	2	2	2
gid://shopify/Product/10030858633532	french-fitness-urethane-round-pro-style-dumbbell-v2-30-lbs-single-new	1	2	2	2
gid://shopify/Product/10030876852540	french-fitness-urethane-round-pro-style-dumbbell-v2-35-lbs-single-new	1	2	2	2
gid://shopify/Product/10030944125244	french-fitness-urethane-round-pro-style-dumbbell-v2-40-lbs-single-new	1	2	2	2
gid://shopify/Product/10030976729404	french-fitness-urethane-round-pro-style-dumbbell-v2-45-lbs-single-new	1	2	2	2
gid://shopify/Product/10031019065660	french-fitness-urethane-round-pro-style-dumbbell-v2-50-lbs-single-new	1	2	2	2
gid://shopify/Product/10032531046716	french-fitness-urethane-round-pro-style-dumbbell-v2-55-lbs-single-new	1	2	2	2
gid://shopify/Product/10032538714428	french-fitness-urethane-round-pro-style-dumbbell-v2-60-lbs-single-new	1	2	2	2
gid://shopify/Product/10032719429948	true-fitness-tc900-treadmill-w-envision-console-remanufactured	4	4	19	19
gid://shopify/Product/10034665914684	french-fitness-urethane-round-pro-style-dumbbell-v2-65-lbs-single-new	1	2	2	2
gid://shopify/Product/10041131303228	french-fitness-urethane-round-pro-style-dumbbell-v2-70-lbs-single-new	1	2	2	2
gid://shopify/Product/10041155813692	french-fitness-urethane-round-pro-style-dumbbell-v2-75-lbs-single-new	1	2	2	2
gid://shopify/Product/10041171018044	french-fitness-urethane-round-pro-style-dumbbell-v2-80-bs-single-new	1	2	2	2
gid://shopify/Product/10041270305084	french-fitness-urethane-round-pro-style-dumbbell-v2-85-lbs-single-new	1	2	2	2
gid://shopify/Product/10041293013308	french-fitness-urethane-round-pro-style-dumbbell-v2-90-bs-single-new	1	2	2	2
gid://shopify/Product/10041340559676	french-fitness-urethane-round-pro-style-dumbbell-v2-95-lbs-single-new	1	2	2	2
gid://shopify/Product/10041366675772	french-fitness-urethane-round-pro-style-dumbbell-v2-100-lbs-single-new	1	2	2	2
gid://shopify/Product/10042226639164	french-fitness-urethane-round-pro-style-dumbbell-v2-set-5-50-lbs-new	2	4	11	11
gid://shopify/Product/10042232373564	french-fitness-urethane-round-pro-style-dumbbell-v2-set-5-60-lbs-new	2	4	10	10
gid://shopify/Product/10042246791484	french-fitness-urethane-round-pro-style-dumbbell-v2-set-5-75-lbs-new	3	5	15	15
gid://shopify/Product/10042294239548	french-fitness-urethane-round-pro-style-dumbbell-v2-set-5-100-lbs-new	3	5	14	14
gid://shopify/Product/10042301251900	french-fitness-urethane-round-pro-style-dumbbell-v2-set-55-75-lbs-new	3	5	14	14
gid://shopify/Product/10042305872188	french-fitness-urethane-round-pro-style-dumbbell-v2-set-55-100-lbs-new	3	5	14	14
gid://shopify/Product/10042758693180	technogym-artis-synchro-elliptical-w-unity-4-0-console-remanufactured	4	4	19	19
gid://shopify/Product/10042888782140	french-fitness-vinyl-kettlebell-set-5-70-lbs-new	3	4	6	6
gid://shopify/Product/10042970505532	french-fitness-8-x-4-x-2-crash-mats-3-fold-4-section-folding-gymnastics-mat-new	1	2	2	2
gid://shopify/Product/10043779744060	technogym-artis-upright-bike-w-unity-3-0-console-remanufactured	4	4	17	17
gid://shopify/Product/10044059844924	french-fitness-vinyl-kettlebell-set-of-6-5-8-10-12-15-20-lbs-new	3	4	5	5
gid://shopify/Product/10044457746748	body-solid-gpr370b-multi-press-rack-new	3	7	12	12
gid://shopify/Product/10045566091580	precor-amt-835-with-open-stride-w-p31-console-remanufactured	4	5	20	20
gid://shopify/Product/10053681709372	french-fitness-vinyl-mesh-24-x-96-horizontal-banner-new	1	2	2	2
gid://shopify/Product/10054649119036	french-fitness-telluride-selectorized-abdominal-crunch-new	3	5	12	12
gid://shopify/Product/10055018971452	body-solid-bfab20b-best-fitness-semi-recumbent-ab-bench-new	3	4	9	9
gid://shopify/Product/10058504208700	french-fitness-rack-rig-43-junction-bar-nameplate-crossmember-new	1	2	2	2
gid://shopify/Product/10059303878972	french-fitness-vail-selectorized-abdominal-crunch-new	3	5	12	12
gid://shopify/Product/10060362318140	french-fitness-cast-iron-kettlebell-106-lbs-new	1	2	2	2
gid://shopify/Product/10060368249148	french-fitness-ub420t-commercial-upright-bike-w-10-touch-console-new	3	5	11	11
gid://shopify/Product/10060396036412	french-fitness-cast-iron-kettlebell-115-lbs-new	1	2	2	2
gid://shopify/Product/10061163036988	french-fitness-free-standing-rig-rack-system-15-new	3	35	82	82
gid://shopify/Product/10062014939452	french-fitness-telluride-hip-thrust-glute-machine-new	3	5	12	12
gid://shopify/Product/10063142551868	french-fitness-telluride-seated-leg-curl-new	3	5	12	12
gid://shopify/Product/10063163064636	french-fitness-telluride-prone-leg-curl-new	3	5	12	12
gid://shopify/Product/10065496801596	french-fitness-telluride-triceps-press-seated-dip-new	3	5	12	12
gid://shopify/Product/10065551556924	french-fitness-telluride-torso-rotation-new	3	5	12	12
gid://shopify/Product/10065617879356	french-fitness-telluride-glute-machine-new	3	5	12	12
gid://shopify/Product/10069438759228	body-solid-bfft10b-best-fitness-functional-trainer-new	4	18	53	53
gid://shopify/Product/10070058598716	body-solid-bfla100b-best-fitness-lat-attachment-for-bfpr100-new	4	9	16	16
gid://shopify/Product/10070181773628	body-solid-bfmc10b-best-fitness-mountain-climber-new	3	4	9	9
gid://shopify/Product/10070417146172	body-solid-bfrb1b-best-fitness-recumbent-bike-new	3	5	11	11
gid://shopify/Product/10070477373756	body-solid-bfwt10b-best-fitness-weight-tree-bar-holder-new	3	4	9	9
gid://shopify/Product/10070561063228	body-solid-gfb350b-flat-bench-new	3	5	10	10
gid://shopify/Product/10070682665276	body-solid-s2acdx-series-ii-assisted-chin-and-dip-machine-new	3	7	10	10
gid://shopify/Product/10071602823484	french-fitness-marin-plate-loaded-incline-super-pec-fly-new	3	4	11	11
gid://shopify/Product/10078810145084	french-fitness-fsr40-commercial-functional-smith-squat-power-cage-83-tall-new	3	21	75	75
gid://shopify/Product/10078889476412	technogym-synchro-1000-elliptical-w-unity-3-0-console-remanufactured	4	4	19	19
gid://shopify/Product/10078900945212	technogym-excite-vario-1000-w-unity-3-0-console-remanufactured	4	4	19	19
gid://shopify/Product/10082057650492	french-fitness-rack-rig-96-junction-bar-crossmember-new	1	2	2	2
gid://shopify/Product/10082993537340	french-fitness-olympic-colored-bumper-plate-5-lbs-blank-new	2	3	3	3
gid://shopify/Product/10083133194556	french-fitness-olympic-colored-bumper-plate-2-5-lbs-blank-new	2	3	3	3
gid://shopify/Product/10083169304892	french-fitness-rack-rig-premium-j-cups-j-hooks-attachment-pair-new	1	2	2	2
gid://shopify/Product/10083250831676	french-fitness-rubber-flooring-ramps-beveled-edge-transition-strip-12mm-new	2	3	4	4
gid://shopify/Product/10085311086908	total-gym-elevate-core-adj-trainer-new	3	4	8	8
gid://shopify/Product/10085667209532	technogym-kinesis-press-station-remanufactured	4	4	19	19
gid://shopify/Product/10093746389308	french-fitness-rack-rig-utility-hook-attachment-for-storage-new	1	2	2	2
gid://shopify/Product/10093970424124	true-fitness-vc900-palisade-climber-w-emerge-led-console-remanufactured	5	5	22	22
gid://shopify/Product/10094328545596	precor-efx-883-elliptical-crosstrainer-w-p84-console-remanufactured	5	6	22	22
gid://shopify/Product/10096969810236	precor-efx-885-elliptical-crosstrainer-w-p84-console-remanufactured	5	6	22	22
gid://shopify/Product/10104579850556	star-trac-6-series-6tr-treadmill-w-lcd-black-new	3	5	12	12
gid://shopify/Product/10106705314108	goldendesigns-dyn-6315-05-elite-dynamic-toscana-3-person-ultra-low-emf-far-ir-sauna-new	2	3	5	5
gid://shopify/Product/10107794522428	sportsart-t661m-medical-rehabilitation-treadmill-new	3	6	12	12
gid://shopify/Product/10108701311292	matrix-endurance-upright-bike-w-premium-led-console-remanufactured	4	4	17	17
gid://shopify/Product/10109956653372	matrix-endurance-elliptical-w-premium-led-console-remanufactured	4	4	19	19
gid://shopify/Product/10110356947260	matrix-endurance-stepper-w-premium-led-console-remanufactured	4	4	19	19
gid://shopify/Product/10112157843772	sportsart-g576r-eco-powr-recumbent-cycle-new	3	4	11	11
gid://shopify/Product/10112722927932	french-fitness-rack-rig-71-junction-bar-nameplate-crossmember-new	1	2	2	2
gid://shopify/Product/10113791656252	french-fitness-vail-glute-machine-new	3	5	12	12
gid://shopify/Product/10114801467708	french-fitness-telluride-seated-leg-extension-new	3	5	13	13
gid://shopify/Product/10116902388028	french-fitness-free-standing-rig-rack-system-24-new	4	40	121	121
gid://shopify/Product/10119779287356	precor-efx-863-elliptical-w-converging-crossramp-p62-console-remanufactured	5	6	22	22
gid://shopify/Product/10121200468284	precor-efx-865-elliptical-w-converging-crossramp-p62-console-remanufactured	5	6	22	22
gid://shopify/Product/10124211355964	french-fitness-vail-torso-rotation-new	3	5	12	12
gid://shopify/Product/10129686266172	freemotion-t11-9-reflex-treadmill-w-touch-screen-remanufactured	4	4	19	19
gid://shopify/Product/10129933762876	star-trac-6-series-6tr-treadmill-w-24-embedded-display-black-new	3	5	13	13
gid://shopify/Product/10130357911868	technogym-excite-unity-run-600-treadmill-w-unity-3-0-console-remanufactured	4	4	19	19
gid://shopify/Product/10133488075068	body-solid-bfct1b-cross-trainer-elliptical-new	3	6	12	12
gid://shopify/Product/10133730591036	body-solid-bfob10b-best-fitness-olympic-bench-w-leg-developer-new	3	8	21	21
gid://shopify/Product/10134112960828	body-solid-g9b-selectorized-2-stack-multi-gym-new	4	13	35	35
gid://shopify/Product/10134379725116	french-fitness-dumbbell-workout-training-charts-posters-new	1	2	2	2
gid://shopify/Product/10134439526716	french-fitness-toning-resistance-tube-bands-w-handles-yellow-10-lbs-new	1	2	2	2
gid://shopify/Product/10134535962940	french-fitness-toning-resistance-tube-bands-w-handles-red-15-lbs-new	1	2	2	2
gid://shopify/Product/10134542713148	french-fitness-toning-resistance-tube-bands-w-handles-blue-25-lbs-new	1	2	2	2
gid://shopify/Product/10134609330492	french-fitness-toning-resistance-tube-bands-w-handles-black-30-lbs-new	1	2	2	2
gid://shopify/Product/10134679486780	french-fitness-toning-resistance-tube-bands-w-handles-green-20-lbs-new	1	2	2	2
gid://shopify/Product/10135676518716	french-fitness-medicine-ball-workout-training-charts-posters-new	1	2	2	2
gid://shopify/Product/10135679107388	french-fitness-resistance-band-workout-training-charts-posters-new	1	2	2	2
gid://shopify/Product/10135685497148	french-fitness-barbell-workout-training-charts-posters-new	1	2	2	2
gid://shopify/Product/10135689822524	french-fitness-kettlebell-workout-training-charts-posters-new	1	2	2	2
gid://shopify/Product/10135693394236	french-fitness-cable-machine-workout-training-charts-posters-new	1	2	2	2
gid://shopify/Product/10135708565820	french-fitness-stability-ball-workout-training-charts-posters-new	1	2	2	2
gid://shopify/Product/10138120585532	star-trac-6-series-6tr-treadmill-w-led-black-new	3	5	13	13
gid://shopify/Product/10138129301820	star-trac-6-series-6tr-treadmill-w-16-embedded-display-black-new	3	5	13	13
gid://shopify/Product/10138976944444	french-fitness-pl-hack-squat-leg-press-combo	3	5	25	25
gid://shopify/Product/10139830911292	body-solid-gcbt380b-cam-series-bicep-tricep-new	3	6	11	11
gid://shopify/Product/10139878850876	body-solid-gdip59b-dip-station-new	3	4	9	9
gid://shopify/Product/10139928559932	body-solid-grch322b-roman-chair-new	3	6	31	31
gid://shopify/Product/10140562391356	body-solid-s2btpx-series-ii-bicep-and-tricep-machine-new	3	7	13	13
gid://shopify/Product/10143915147580	star-trac-8-series-tr-treadmill-w-24-touch-display-new	3	4	11	11
gid://shopify/Product/10143925928252	star-trac-8-series-tr-treadmill-w-led-new	3	4	11	11
gid://shopify/Product/10145609482556	star-trac-8-series-rear-drive-elliptical-w-16-touch-display-new	3	4	9	9
gid://shopify/Product/10145616986428	star-trac-8-series-rear-drive-elliptical-w-led-new	3	4	9	9
gid://shopify/Product/10145641857340	star-trac-8-series-cross-trainer-w-16-touch-display-new	3	4	9	9
gid://shopify/Product/10145740325180	star-trac-8-series-cross-trainer-w-led-new	3	4	9	9
gid://shopify/Product/10150808715580	life-fitness-signature-series-utility-bench-sub-remanufactured	5	6	21	21
gid://shopify/Product/10153356165436	french-fitness-basic-t-shirt-mens-black-new	2	3	6	6
gid://shopify/Product/10154398056764	life-fitness-sbbr-signature-barbell-rack-w-iron-grip-straight-barbells-20lb-110lb-used	4	4	19	19
gid://shopify/Product/10155587502396	hammer-strength-fw-db-decline-abdominal-bench-remanufactured	5	6	20	20
gid://shopify/Product/10159185920316	body-solid-s2abbx-series-2-ab-and-back-new	3	7	13	13
gid://shopify/Product/10162197168444	french-fitness-t400-commercial-treadmill-w-led-console-new	3	4	11	11
gid://shopify/Product/10163008962876	french-fitness-ffb-black-12-stack-multi-jungle-gym-new	6	16	45	45
gid://shopify/Product/10163026690364	total-gym-elevate-jump-new	3	4	8	8
gid://shopify/Product/10163029180732	total-gym-elevate-row-adj-new	3	4	8	8
gid://shopify/Product/10163619922236	french-fitness-ffs-silver-12-stack-multi-jungle-gym-new	6	16	45	45
gid://shopify/Product/10164484342076	total-gym-elevate-pull-up-new	3	4	9	9
gid://shopify/Product/10170315866428	throwdown-boxmaster-pro-quad-new	3	6	11	11
gid://shopify/Product/10170360332604	total-gym-elevate-press-new	3	4	9	9
gid://shopify/Product/10173903077692	total-gym-elevate-encompass-new	3	11	15	15
gid://shopify/Product/10174183702844	total-gym-strength-accessory-package-new	1	2	2	2
gid://shopify/Product/10174818713916	total-gym-pilates-accessory-package-new	1	2	2	2
gid://shopify/Product/10175044485436	total-gym-leg-pulley-system-new	1	2	2	2
gid://shopify/Product/10175089934652	total-gym-3-grip-pull-up-bar-new	1	2	2	2
gid://shopify/Product/10175127355708	total-gym-press-bar-new	1	2	2	2
gid://shopify/Product/10175173493052	total-gym-scrunch-new	1	2	2	2
gid://shopify/Product/10175192498492	total-gym-telescoping-toe-bar-new	1	2	2	2
gid://shopify/Product/10175337333052	total-gym-total-gym-dip-bars-retractable-new	1	2	2	2
gid://shopify/Product/10175340413244	total-gym-standing-platform-new	1	2	2	2
gid://shopify/Product/10175389139260	total-gym-weight-bar-new	1	2	2	2
gid://shopify/Product/10175433769276	total-gym-squat-handle-bar-new	1	2	2	2
gid://shopify/Product/10175465128252	total-gym-rs-lex-new	3	4	8	8
gid://shopify/Product/10175750242620	star-trac-8-series-recumbent-bike-w-16-touch-display-new	3	4	9	9
gid://shopify/Product/10175768723772	star-trac-8-series-recumbent-bike-w-led-new	3	4	9	9
gid://shopify/Product/10176330301756	star-trac-8-series-upright-bike-w-led-new	3	5	10	10
gid://shopify/Product/10177568473404	star-trac-8-series-upright-bike-w-16-touch-display-new	3	4	9	9
gid://shopify/Product/10177616675132	star-trac-8-series-versastrider-w-16-touch-display-new	3	4	9	9
gid://shopify/Product/10177750008124	french-fitness-10mm-hanging-yoga-mat-tpe-new	1	2	2	2
gid://shopify/Product/10177840841020	star-trac-8-series-versastrider-w-led-new	3	4	9	9
gid://shopify/Product/10178331083068	versaclimber-cl-108lx-versa-climber-remanufactured	4	12	25	25
gid://shopify/Product/10178987884860	french-fitness-vp100-vibration-platform	3	4	10	10
gid://shopify/Product/10183744684348	precor-s-line-dual-pulldown-seated-row-remanufactured	6	10	37	37
gid://shopify/Product/10186935075132	sportsart-t661-essentials-eco-natural-treadmill-new	3	4	11	11
gid://shopify/Product/10186956112188	sportsart-e876-16-status-senza-elliptical-new	3	4	9	9
gid://shopify/Product/10186966565180	sportsart-e876-status-eco-natural-elliptical-new	3	4	9	9
gid://shopify/Product/10186998022460	sportsart-e866-16-status-senza-front-drive-elliptical-new	3	4	9	9
gid://shopify/Product/10187180114236	precor-icarian-vertical-pec-deck-405-remanufactured	5	5	23	23
gid://shopify/Product/10187210588476	sportsart-e874-13-elite-senza-elliptical-new	3	4	9	9
gid://shopify/Product/10187260625212	sportsart-e874-elite-eco-natural-elliptical-new	3	4	9	9
gid://shopify/Product/10187390026044	sportsart-e865-essentials-eco-natural-elliptical-new	3	4	9	9
gid://shopify/Product/10187401298236	sportsart-e863-prime-front-drive-elliptical-new	3	4	9	9
gid://shopify/Product/10187407196476	sportsart-e866-status-eco-natural-front-drive-elliptical-new	3	4	9	9
gid://shopify/Product/10187412373820	sportsart-e835-foundation-self-generating-elliptical-new	3	4	9	9
gid://shopify/Product/10187416338748	sportsart-c516-status-indoor-cycling-bike-new	3	4	9	9
gid://shopify/Product/10187486495036	sportsart-c510-status-indoor-cycling-bike-new	3	4	10	10
gid://shopify/Product/10187492393276	sportsart-v886-16-verso-status-senza-cross-trainer-new	3	4	9	9
gid://shopify/Product/10187519492412	french-fitness-cable-attachment-package-new	1	2	2	2
gid://shopify/Product/10188489621820	sportsart-c576u-16-status-senza-upright-cycle-new	3	4	11	11
gid://shopify/Product/10188532711740	sportsart-c576u-eco-natural-upright-cycle-new	3	4	11	11
gid://shopify/Product/10188806848828	french-fitness-telluride-dual-cable-crossover-new	4	19	63	63
gid://shopify/Product/10189525025084	sportsart-c576r-16-status-senza-recumbent-cycle-new	3	4	11	11
gid://shopify/Product/10189888815420	sportsart-c576r-eco-natural-recumbent-cycle-new	3	4	11	11
gid://shopify/Product/10189997375804	sportsart-c574u-13-elite-senza-upright-cycle-new	3	4	10	10
gid://shopify/Product/10190131593532	sportsart-c574u-eco-natural-upright-cycle-new	3	4	11	11
gid://shopify/Product/10190846951740	french-fitness-mini-deadlift-bar-jack-new	1	2	2	2
gid://shopify/Product/10191983214908	french-fitness-st200-slat-belt-commercial-treadmill-new	4	5	13	13
gid://shopify/Product/10192360505660	sportsart-v886-verso-status-eco-natural-cross-trainer-new	3	4	9	9
gid://shopify/Product/10192394256700	sportsart-s775-status-pinnacle-trainer-new	3	4	9	9
gid://shopify/Product/10192457630012	total-gym-elevate-encompass-strength-package-new	3	6	10	10
gid://shopify/Product/10192512909628	sportsart-s715-status-stepper-new	3	4	9	9
gid://shopify/Product/10192517792060	sportsart-ub521m-medical-upper-body-ergometer-with-bilateral-arm-frame-and-adj-swivel-seat-new	3	6	12	12
gid://shopify/Product/10192548790588	sportsart-g886-verso-status-eco-powr-cross-trainer-new	3	4	9	9
gid://shopify/Product/10192568549692	sportsart-g876-status-eco-powr-elliptical-new	3	4	9	9
gid://shopify/Product/10192590405948	sportsart-g866-status-eco-powr-front-drive-elliptical-new	3	4	9	9
gid://shopify/Product/10192643424572	sportsart-g778-status-eco-powr-stepper-new	3	4	11	11
gid://shopify/Product/10192737468732	total-gym-elevate-encompass-pilates-package-new	3	9	13	13
gid://shopify/Product/10195169902908	sportsart-g576u-status-eco-powr-upright-cycle-new	3	4	11	11
gid://shopify/Product/10195190579516	sportsart-g874-elite-eco-power-elliptical-new	3	4	9	9
gid://shopify/Product/10195212403004	sportsart-g574u-elite-eco-powr-upright-cycle-new	3	4	11	11
gid://shopify/Product/10195279741244	sportsart-g574r-elite-eco-powr-recumbent-cycle-new	3	4	11	11
gid://shopify/Product/10195454165308	sportsart-g260-status-eco-powr-rower-new	3	4	9	9
gid://shopify/Product/10196188168508	french-fitness-st300-slat-belt-commercial-treadmill-new	4	5	14	14
gid://shopify/Product/10198076096828	power-plate-pro8-matte-black-new	4	6	12	12
gid://shopify/Product/10198185738556	power-plate-my8-matte-black-new	4	6	12	12
gid://shopify/Product/10200492638524	total-gym-elevate-circuit-new	3	11	15	15
gid://shopify/Product/10203260289340	total-gym-elevate-super-circuit-new	3	11	15	15
gid://shopify/Product/10203951825212	total-gym-rs-encompass-powertower-clinical-complete-package-new	3	7	11	11
gid://shopify/Product/10204156100924	sportsart-g516-status-eco-powr-indoor-cycling-bike-new	3	4	11	11
gid://shopify/Product/10204220588348	total-gym-rs-encompass-powertower-new	3	10	14	14
gid://shopify/Product/10204291203388	french-fitness-sm920-ts-stairmill-w-touch-screen-new	3	4	11	11
gid://shopify/Product/10205224501564	sportsart-c574r-13-elite-senza-recumbent-cycle-new	3	4	11	11
gid://shopify/Product/10205316448572	total-gym-rs-encompass-clinical-complete-package-new	3	7	11	11
gid://shopify/Product/10205352689980	sportsart-c574r-eco-natural-recumbent-cycle-new	3	4	11	11
gid://shopify/Product/10205476913468	total-gym-rs-encompass-new	3	10	15	14
gid://shopify/Product/10205506928956	sportsart-c565r-essentials-eco-natural-recumbent-cycle-new	3	4	11	11
gid://shopify/Product/10205695148348	sportsart-c565u-essentials-eco-natural-upright-cycle-new	3	4	10	10
gid://shopify/Product/10206524309820	total-gym-multi-grip-handle-bar-new	1	2	2	2
gid://shopify/Product/10208996589884	total-gym-closed-chain-platform-new	1	2	2	2
gid://shopify/Product/10209409597756	total-gym-baps-adaptor-for-closed-chain-platform-new	1	2	2	2
gid://shopify/Product/10211454189884	french-fitness-onyx-iso-lateral-front-lat-pulldown-plate-loaded	3	5	27	27
gid://shopify/Product/10212632265020	nautilus-multi-stations-9np-m9201-cable-cross-over-new	5	14	39	39
gid://shopify/Product/10213093769532	nautilus-plate-loaded-9np-l1141-angled-leg-press-new	3	5	25	25
gid://shopify/Product/10213188501820	french-fitness-rb320t-recumbent-bike-w-10-touch-console-new	4	4	13	9
gid://shopify/Product/10213993873724	french-fitness-rb310-recumbent-bike-w-led-console-cordless-new	3	4	10	10
gid://shopify/Product/10217666281788	sportsart-c535u-foundation-upright-cycle-new	3	4	11	11
gid://shopify/Product/10217689612604	sportsart-c535r-foundation-recumbent-cycle-new	3	4	11	11
gid://shopify/Product/10218515661116	freemotion-f610-genesis-squat-machine-remanufactured	5	6	25	25
gid://shopify/Product/10219012686140	french-fitness-fsr110-jammer-arms-new	1	2	2	2
gid://shopify/Product/10219025727804	french-fitness-t850-commercial-treadmill-w-led-console-new	3	4	11	11
gid://shopify/Product/10219086020924	sportsart-t635m-rehabilitation-treadmill-new	3	6	13	13
gid://shopify/Product/10219946049852	french-fitness-multi-functional-adjustable-bench-v3-w-arm-curl-leg-ext-new	3	4	8	8
gid://shopify/Product/10221238124860	french-fitness-rb300-recumbent-bike-w-led-console-plug-in-new	3	4	9	9
gid://shopify/Product/10223147024700	sportsart-c521m-rehabilitation-bi-directional-cycle-new	3	5	12	12
gid://shopify/Product/10223180874044	sportsart-tr22f-residential-folding-treadmill-new	3	4	11	11
gid://shopify/Product/10223613509948	nautilus-plate-loaded-9np-l1132-belt-squat-new	3	5	27	27
gid://shopify/Product/10225631887676	star-trac-6-series-cross-trainer-w-16-touch-display-new	3	4	9	9
gid://shopify/Product/10225641554236	star-trac-6-series-cross-trainer-w-led-new	3	4	9	9
gid://shopify/Product/10225691263292	star-trac-6-series-cross-trainer-w-lcd-new	3	4	9	9
gid://shopify/Product/10226699469116	french-fitness-multi-adjustable-bench-w-decline-arm-leg-attachments-new	3	4	9	9
gid://shopify/Product/10226754683196	french-fitness-e310-elliptical-trainer-w-led-console-cordless-new	3	4	12	12
gid://shopify/Product/10226775687484	french-fitness-e320t-elliptical-trainer-w-10-touch-console-new	3	4	11	11
gid://shopify/Product/10227267469628	star-trac-6-series-recumbent-bike-w-16-touch-display-new	3	4	9	9
gid://shopify/Product/10227283624252	star-trac-6-series-recumbent-bike-w-led-new	3	4	9	9
gid://shopify/Product/10227311083836	french-fitness-ffb-black-commercial-adjustable-flat-incline-decline-bench-new	3	4	8	8
gid://shopify/Product/10231481499964	star-trac-6-series-recumbent-bike-w-lcd-new	3	4	9	9
gid://shopify/Product/10232996495676	technogym-recline-excite-700-sp-recumbent-exercise-bike-remanufactured	4	4	18	18
gid://shopify/Product/10233224855868	star-trac-6-series-upright-bike-w-16-touch-display-new	3	4	9	9
gid://shopify/Product/10233309561148	nautilus-plate-loaded-9np-l1112-standing-calf-new	3	4	7	7
gid://shopify/Product/10234029703484	star-trac-6-series-upright-bike-w-led-new	3	4	9	9
gid://shopify/Product/10234173653308	star-trac-6-series-upright-bike-w-lcd-new	3	4	9	9
gid://shopify/Product/10234418364732	sportsart-e80c-residential-elliptical-new	3	4	9	9
gid://shopify/Product/10234657046844	sportsart-c55u-residential-upright-bike-new	3	4	11	11
gid://shopify/Product/10235722170684	sportsart-c55r-residential-recumbent-bike-new	3	4	11	11
gid://shopify/Product/10237582836028	french-fitness-4-piece-weight-stack-plate-adapter-set-2-2-5-lb-2-5-lb-new	1	2	2	2
gid://shopify/Product/10237677207868	french-fitness-rubber-grip-weight-plate-set-w-7-ft-olympic-bar-495-lbs-new	4	6	12	12
gid://shopify/Product/10237794746684	french-fitness-cable-machine-attachment-3-piece-essentials-bundle-new	1	2	2	2
gid://shopify/Product/10237798940988	french-fitness-cable-machine-attachment-10-piece-functional-grip-kit-new	1	2	2	2
gid://shopify/Product/10238357995836	nautilus-plate-loaded-9np-l1110-tilt-seat-calf-new	3	4	9	9
gid://shopify/Product/10240114000188	french-fitness-t300-commercial-treadmill-new	3	4	11	11
gid://shopify/Product/10242947907900	french-fitness-ub300-upright-bike-w-led-console-plug-in-new	3	4	11	11
gid://shopify/Product/10243068690748	french-fitness-wall-mounted-rack-functional-trainer-1-1-new	5	38	104	104
gid://shopify/Product/10243298099516	french-fitness-ub310-upright-bike-w-led-console-cordless-new	3	4	11	11
gid://shopify/Product/10243307503932	french-fitness-rb600-recumbent-bike-w-led-console-new	3	4	9	9
gid://shopify/Product/10243489923388	french-fitness-shasta-v2-lat-pulldown-low-row-new	4	9	26	26
gid://shopify/Product/10243981508924	nautilus-plate-loaded-9np-l3140-incline-row-new	3	4	9	9
gid://shopify/Product/10244856348988	french-fitness-4-aerobic-stepper-new	1	2	2	2
gid://shopify/Product/10245808587068	french-fitness-wall-mounted-rack-functional-trainer-2-1-new	5	39	106	106
gid://shopify/Product/10246877544764	french-fitness-47-heavy-punching-bag-100-lb-new	2	3	4	4
gid://shopify/Product/10247823130940	french-fitness-rb620t-recumbent-bike-w-15-touch-console-new	3	4	9	9
gid://shopify/Product/10248660681020	french-fitness-urethane-olympic-weight-plate-v2-set-50-lbs-new	2	4	7	7
gid://shopify/Product/10248941601084	french-fitness-urethane-olympic-weight-plate-v2-set-70-lbs-new	2	4	7	7
gid://shopify/Product/10249000485180	french-fitness-urethane-olympic-weight-plate-v2-set-100-lbs-new	2	4	7	7
gid://shopify/Product/10249211707708	french-fitness-urethane-olympic-weight-plate-v2-set-120-lbs-new	2	4	7	7
gid://shopify/Product/10249273966908	french-fitness-urethane-olympic-weight-plate-v2-set-140-lbs-new	2	4	7	7
gid://shopify/Product/10249283862844	french-fitness-urethane-olympic-weight-plate-v2-set-170-lbs-new	2	4	6	6
gid://shopify/Product/10254897807676	french-fitness-fsr110-commercial-cable-smith-rack-w-counter-balance-new	5	30	85	85
gid://shopify/Product/10256079651132	body-solid-s2cpx-2-series-ii-chest-press-new	3	7	13	13
gid://shopify/Product/10256098591036	body-solid-s2ftx-series-2-functional-trainer-new	4	19	56	56
gid://shopify/Product/10256334979388	body-solid-s2iotx-series-2-inner-and-outer-thigh-new	3	7	14	14
gid://shopify/Product/10256388325692	body-solid-s2latx-series-2-lat-and-mid-row-new	4	10	24	24
gid://shopify/Product/10256529359164	body-solid-s2lecx-series-2-leg-curl-and-extension-new	3	7	12	12
gid://shopify/Product/10256686317884	body-solid-s2lpcx-series-2-leg-press-and-calf-raise-new	3	7	13	13
gid://shopify/Product/10256726982972	body-solid-s2pecx-series-2-pec-fly-and-rear-delt-new	3	7	12	12
gid://shopify/Product/10256759193916	body-solid-sls500b-leverage-squat-new	3	5	25	25
gid://shopify/Product/10257480122684	body-solid-bffid25b-adjustable-weight-bench-new	3	6	25	25
gid://shopify/Product/10258018271548	body-solid-bfmg20b-sportsman-gym-new	4	15	37	37
gid://shopify/Product/10258187190588	body-solid-bfsm250b-best-fitness-smith-machine-new	3	7	28	28
gid://shopify/Product/10259075105084	body-solid-endurance-e100-center-drive-elliptical-new	3	4	8	8
gid://shopify/Product/10265473876284	goldendesign-dyn-6119-03-fs-dynamic-gracia-1-2-person-full-spectrum-near-zero-emf-far-ir-sauna-new	2	3	5	5
gid://shopify/Product/10265493700924	goldendesign-dyn-6119-01-elite-dynamic-gracia-1-2-person-ultra-low-emf-far-ir-sauna-new	2	3	5	5
gid://shopify/Product/10265561792828	goldendesign-dyn-6220-01-elite-dynamic-vittoria-2-person-ultra-low-emf-far-ir-sauna-new	2	3	5	5
gid://shopify/Product/10266042466620	goldendesign-gdi-6880-03-fs-catalonia-8-person-full-spectrum-near-zero-emf-far-ir-sauna-new	2	3	5	5
gid://shopify/Product/10266387022140	goldendesign-mx-ls2-01-maxxus-serenity-dual-tech-2-person-low-emf-far-ir-sauna-new	2	3	5	5
gid://shopify/Product/10266398916924	dynamic-cold-therapy-dct-bo-50-plpc-34-oval-barrel-tub-cold-plunge-50-p-pacific-cedar-3-4-in-out-without-motor-new	3	4	7	7
gid://shopify/Product/10266405929276	dynamic-cold-therapy-dct-b-042-plpc-34-pvc-barrel-cold-plunge-new	3	4	7	7
gid://shopify/Product/10266416120124	dynamic-cold-therapy-dct-s-050-ns-34-cuboid-304-nano-coated-stainless-steel-cold-plunge-tub-new	3	4	7	7
gid://shopify/Product/10266716766524	dynamic-cold-therapy-dct-s-050-pl-34-cuboid-plastic-cold-plunge-tub-new	3	4	7	7
gid://shopify/Product/10266723156284	dynamic-cold-therapy-dct-s-055-ns-34-cuboid-304-nano-coated-stainless-steel-cold-plunge-tub-xl-new	3	4	7	7
gid://shopify/Product/10269254254908	french-fitness-monster-universal-storage-system-new	6	21	85	29
gid://shopify/Product/10273068548412	french-fitness-x10lp-functional-gym-system-new	4	15	33	33
gid://shopify/Product/10273653457212	french-fitness-vail-hip-thrust-glute-machine-new	3	5	12	12
gid://shopify/Product/10274055684412	french-fitness-vail-triceps-press-seated-dip-new	3	5	12	12
gid://shopify/Product/10279112835388	nautilus-leverage-chest-press-9np3-l2002-60bzs-new	3	5	25	25
gid://shopify/Product/10285087293756	freemotion-reflex-t22-7s-touchscreen-treadmill-remanufactured	4	4	18	18
gid://shopify/Product/10285757563196	french-fitness-cast-iron-olympic-weight-plate-v1-set-335-lbs-new	3	6	18	18
gid://shopify/Product/10290339905852	french-fitness-ub320t-upright-bike-w-10-touch-console-new	3	4	11	11
gid://shopify/Product/10294665543996	schwinn-aetherion-r-9-7612-aeth-r-zone-bike-w-zone-display-new	4	10	17	17
gid://shopify/Product/10294699131196	schwinn-aetherion-s-9-7602-aeth-s-zone-bike-w-zone-display-new	4	10	17	17
gid://shopify/Product/10295115350332	schwinn-aetherion-r-9-7610-kintp0-bike-new	4	11	18	18
gid://shopify/Product/10296305320252	schwinn-aetherion-s-9-7600-kintp0-bike-new	4	11	18	18
gid://shopify/Product/10301881418044	sportsart-a990-plate-loaded-glute-trainer-new	3	5	15	15
gid://shopify/Product/10309674467644	body-solid-g1b-multi-station-gym-new	4	16	42	42
gid://shopify/Product/10309869502780	life-fitness-plate-loaded-linear-leg-press-remanufactured	4	5	35	35
gid://shopify/Product/10310913360188	french-fitness-ub600-upright-bike-w-led-console-new	3	4	9	9
gid://shopify/Product/10323080479036	french-fitness-ub620t-upright-bike-w-15-touch-console-new	3	4	9	9
gid://shopify/Product/10338979610940	french-fitness-e600-elliptical-w-led-console-new	3	4	11	11
gid://shopify/Product/10339479781692	french-fitness-e620t-elliptical-w-15-touch-console-new	3	4	11	11
gid://shopify/Product/10339718627644	versaclimber-home-w-bluetooth-new	3	11	18	18
gid://shopify/Product/10342691078460	precor-icarian-6-stack-multi-station-gym-cw2222-remanufactured	6	15	56	56
gid://shopify/Product/10346655973692	french-fitness-marin-pendulum-squat-machine-new	3	5	31	31
gid://shopify/Product/10347757470012	french-fitness-rubber-coated-hex-dumbbell-12-5-lbs-single-new	1	2	2	2
gid://shopify/Product/10347757502780	french-fitness-rubber-coated-hex-dumbbell-set-55-75-lbs-new	3	5	14	14
gid://shopify/Product/10347757535548	french-fitness-rubber-coated-hex-dumbbell-17-5-lbs-single-new	1	2	2	2
gid://shopify/Product/10347757568316	french-fitness-rubber-coated-hex-dumbbell-7-5-lbs-single-new	1	2	2	2
gid://shopify/Product/10347757601084	french-fitness-rubber-coated-hex-dumbbell-set-2-5-25-lbs-10-pair-new	3	5	14	14
gid://shopify/Product/10347757633852	french-fitness-rubber-coated-hex-dumbbell-22-5-lbs-single-new	1	2	2	2
gid://shopify/Product/10347757666620	french-fitness-rubber-coated-hex-dumbbell-2-5-lbs-single-new	1	2	2	2
gid://shopify/Product/10347757699388	french-fitness-rubber-coated-hex-dumbbell-130-lbs-single-new	1	2	2	2
gid://shopify/Product/10347757732156	french-fitness-rubber-coated-hex-dumbbell-70-lbs-single-new	2	3	4	4
gid://shopify/Product/10347757764924	french-fitness-rubber-coated-hex-dumbbell-65-lbs-single-new	2	3	4	4
gid://shopify/Product/10347757797692	french-fitness-rubber-coated-hex-dumbbell-set-5-100-lbs-new	3	5	14	14
gid://shopify/Product/10347757830460	french-fitness-rubber-coated-hex-dumbbell-55-lbs-single-new	2	3	4	4
gid://shopify/Product/10347757863228	french-fitness-rubber-coated-hex-dumbbell-50-lbs-single-new	2	3	4	4
gid://shopify/Product/10347757895996	french-fitness-rubber-coated-hex-dumbbell-135-lbs-single-new	1	2	2	2
gid://shopify/Product/10347757928764	french-fitness-rubber-coated-hex-dumbbell-27-5-lbs-single-new	1	2	2	2
gid://shopify/Product/10347757961532	french-fitness-rubber-coated-hex-dumbbell-120-lbs-single-new	1	2	2	2
gid://shopify/Product/10347757994300	french-fitness-rubber-coated-hex-dumbbell-105-lbs-single-new	1	2	2	2
gid://shopify/Product/10347758027068	french-fitness-rubber-coated-hex-dumbbell-100-lbs-single-new	2	3	4	4
gid://shopify/Product/10347758059836	french-fitness-rubber-coated-hex-dumbbell-150-lbs-single-new	1	2	2	2
gid://shopify/Product/10347758092604	french-fitness-rubber-coated-hex-dumbbell-set-105-120-lbs-new	3	5	14	14
gid://shopify/Product/10347758125372	french-fitness-rubber-coated-hex-dumbbell-140-lbs-single-new	1	2	2	2
gid://shopify/Product/10347758158140	french-fitness-rubber-coated-hex-dumbbell-90-lbs-single-new	2	3	4	4
gid://shopify/Product/10347758190908	french-fitness-rubber-coated-hex-dumbbell-set-80-100-lbs-new	3	5	14	14
gid://shopify/Product/10347758223676	french-fitness-rubber-coated-hex-dumbbell-85-lbs-single-new	2	3	4	4
gid://shopify/Product/10347758256444	french-fitness-rubber-coated-hex-dumbbell-set-5-50-lbs-new	3	5	15	15
gid://shopify/Product/10347758289212	french-fitness-rubber-coated-hex-dumbbell-125-lbs-single-new	1	2	2	2
gid://shopify/Product/10347758321980	french-fitness-rubber-coated-hex-dumbbell-110-lbs-single-new	1	2	2	2
gid://shopify/Product/10347758354748	french-fitness-rubber-coated-hex-dumbbell-45-lbs-single-new	2	3	4	4
gid://shopify/Product/10347758387516	french-fitness-rubber-coated-hex-dumbbell-5-lbs-single-new	1	2	2	2
gid://shopify/Product/10347758420284	french-fitness-rubber-coated-hex-dumbbell-40-lbs-single-new	2	3	4	4
gid://shopify/Product/10347758453052	french-fitness-rubber-coated-hex-dumbbell-20-lbs-single-new	1	2	2	2
gid://shopify/Product/10347758485820	french-fitness-rubber-coated-hex-dumbbell-set-5-75-lbs-new	3	5	14	14
gid://shopify/Product/10347758518588	french-fitness-rubber-coated-hex-dumbbell-25-lbs-single-new	1	2	2	2
gid://shopify/Product/10347758551356	french-fitness-rubber-coated-hex-dumbbell-15-lbs-single-new	1	2	2	2
gid://shopify/Product/10347758584124	french-fitness-rubber-coated-hex-dumbbell-35-lbs-single-new	1	2	2	2
gid://shopify/Product/10347758616892	french-fitness-rubber-coated-hex-dumbbell-115-lbs-single-new	1	2	2	2
gid://shopify/Product/10347758649660	french-fitness-rubber-coated-hex-dumbbell-75-lbs-single-new	2	3	4	4
gid://shopify/Product/10347758682428	french-fitness-rubber-coated-hex-dumbbell-set-55-100-lbs-new	3	5	14	14
gid://shopify/Product/10347758715196	french-fitness-rubber-coated-hex-dumbbell-set-2-5-22-5-lbs-5-pair-new	3	5	15	15
gid://shopify/Product/10347758747964	french-fitness-rubber-coated-hex-dumbbell-145-lbs-single-new	1	2	2	2
gid://shopify/Product/10347758780732	french-fitness-rubber-coated-hex-dumbbell-30-lbs-single-new	2	3	4	4
gid://shopify/Product/10347758813500	french-fitness-rubber-coated-hex-dumbbell-10-lbs-single-new	1	2	2	2
gid://shopify/Product/10347758846268	french-fitness-rubber-coated-hex-dumbbell-80-lbs-single-new	2	3	4	4
gid://shopify/Product/10347758879036	french-fitness-rubber-coated-hex-dumbbell-95-lbs-single-new	2	3	4	4
gid://shopify/Product/10347758911804	french-fitness-rubber-coated-hex-dumbbell-60-lbs-single-new	2	3	4	4
gid://shopify/Product/10354483953980	french-fitness-x90-3-stack-multi-gym-system-new	5	16	48	48
gid://shopify/Product/10354513838396	french-fitness-x90-hlp-high-low-pulley-attachment-new	2	3	4	4
gid://shopify/Product/10354545852732	body-solid-bfcco10b-best-fitness-cable-crossover-new	3	4	8	8
gid://shopify/Product/10354567151932	body-solid-f500b-fusion-personal-trainer-new	4	14	35	35
gid://shopify/Product/10355173982524	body-solid-f600b-fusion-personal-trainer-new	4	17	45	45
gid://shopify/Product/10355204292924	body-solid-g3b-multi-station-gym-new	4	13	34	34
gid://shopify/Product/10357000798524	technogym-excite-crossover-1000-w-unity-3-0-console-remanufactured	4	4	19	19
gid://shopify/Product/10358727344444	technogym-new-recline-excite-700-w-unity-2-0-console-remanufactured	4	4	17	17
gid://shopify/Product/10363237859644	french-fitness-olympic-black-bumper-plate-2-5-lbs-blank-new	2	3	3	3
gid://shopify/Product/10363242709308	french-fitness-olympic-black-bumper-plate-5-lbs-blank-new	2	3	3	3
gid://shopify/Product/10363259519292	french-fitness-8-combination-universal-storage-rack-new	2	3	4	4
gid://shopify/Product/10366379065660	true-fitness-xc900-elliptical-w-envision-16-console-remanufactured	4	4	19	19
gid://shopify/Product/10368369361212	sportsart-c520u-upright-bike-remanufactured	4	4	17	17
gid://shopify/Product/10378837819708	french-fitness-wall-mounted-foldable-squat-rack-wmr20-new	4	19	51	51
gid://shopify/Product/10380015927612	french-fitness-artificial-grass-synthetic-lawn-turf-flooring-roll-82-x-6-5	3	6	6	2
gid://shopify/Product/10380780503356	french-fitness-sm900-stairmill-w-led-new	3	4	11	11
gid://shopify/Product/10384888135996	golden-designs-gdi-8023-01-carinthia-3-person-hybrid-flat-roof-outdoor-sauna-new	3	5	7	7
gid://shopify/Product/10393251086652	french-fitness-rack-rig-43-bench-prop-w-spotter-platform-new	2	3	5	5
gid://shopify/Product/10409951527228	french-fitness-rubber-coated-hex-dumbbell-set-5-60-lbs-new	3	5	14	14
gid://shopify/Product/10410015490364	french-fitness-rubber-coated-hex-dumbbell-set-105-150-lbs-new	3	5	14	14
gid://shopify/Product/10410065920316	french-fitness-rubber-coated-hex-dumbbell-set-5-150-lbs-new	3	5	14	14
gid://shopify/Product/10410984964412	french-fitness-tahoe-dual-cable-crossover-new	4	18	62	62
gid://shopify/Product/10440921809212	precor-c404ec-experience-strength-c-line-chest-press-remanufactured	4	4	20	20
gid://shopify/Product/10469391106364	french-fitness-r5-commercial-rower-new	3	4	9	9
gid://shopify/Product/10470683312444	french-fitness-ski-row-multi-trainer-new	3	4	8	8
gid://shopify/Product/10470730957116	french-fitness-marin-assisted-nordic-hamstring-trainer-new	3	4	8	8
gid://shopify/Product/10470744293692	french-fitness-marin-standing-lateral-raise-plate-loaded-new	3	5	27	27
gid://shopify/Product/10477658145084	french-fitness-marin-kneeling-glute-kickback-plate-loaded-new	3	4	10	10
gid://shopify/Product/10491877425468	woodway-4front-treadmill-w-21-prosmart-console-remanufactured	4	5	21	21
gid://shopify/Product/15398695239996	life-fitness-discover-sl-total-body-arc-trainer-remanufactured	4	4	19	19
gid://shopify/Product/15398724436284	life-fitness-heat-row-rower-remanufactured	4	4	17	17
gid://shopify/Product/15406290993468	power-plate-move-titanium-new	4	8	13	13
gid://shopify/Product/15406342340924	power-plate-deluxe-cushion-new	1	2	2	2
gid://shopify/Product/9875864715580	cybex-610a-arc-trainer-remanufactured	4	5	20	20
gid://shopify/Product/9875868123452	french-fitness-fsr100-commercial-functional-smith-rack-system-new	6	29	89	89
gid://shopify/Product/9875904364860	life-fitness-95t-inspire-treadmill-remanufactured	4	5	20	20
gid://shopify/Product/9875912786236	french-fitness-ffb-black-4-stack-multi-jungle-gym-new	6	16	42	42
gid://shopify/Product/9878150218044	french-fitness-fsr90-functional-trainer-smith-squat-rack-machine-new	5	25	83	83
gid://shopify/Product/9878461481276	stairmaster-1650-le-crossrobics-remanufactured	5	6	25	25
gid://shopify/Product/9878462038332	cybex-350a-home-arc-trainer-remanufactured	4	4	14	14
gid://shopify/Product/9878462333244	cybex-360a-arc-trainer-remanufactured	4	4	14	14
gid://shopify/Product/9878462628156	stairmaster-4200pt-stepper-remanufactured	4	4	17	17
gid://shopify/Product/9878462693692	body-solid-pro-clubline-sfb125-flat-bench-new	3	4	9	9
gid://shopify/Product/9878462955836	body-solid-pro-clubline-sfi20-flat-incline-bench-new	3	4	9	9
gid://shopify/Product/9878463086908	cybex-425a-arc-trainer-remanufactured	4	5	21	21
gid://shopify/Product/9878463152444	french-fitness-ff-hdr-3-tier-hex-dumbbell-rack-new	2	3	4	4
gid://shopify/Product/9878463414588	french-fitness-4-x-6-heavy-duty-rubber-floor-mat-3-4-new	2	3	4	4
gid://shopify/Product/9878463578428	body-solid-sfid325b-pro-clubline-adjustable-commercial-bench-new	3	4	10	10
gid://shopify/Product/9878463643964	french-fitness-chrome-12-tricep-pressdown-bar-new	1	2	2	2
gid://shopify/Product/9878463709500	stairmaster-4400cl-stair-stepper-w-black-console-remanufactured	4	4	17	17
gid://shopify/Product/9878463938876	french-fitness-45-degree-back-hyperextension-he450-new	3	4	9	9
gid://shopify/Product/9878463971644	french-fitness-diablo-biceps-arm-curl-plate-loaded-new	3	5	28	28
gid://shopify/Product/9878464135484	body-solid-sfid425-adjustable-commercial-bench-new	3	4	10	10
gid://shopify/Product/9878464201020	stairmaster-4400pt-stair-stepper-w-black-console-remanufactured	4	4	17	17
gid://shopify/Product/9878464299324	french-fitness-head-harness-neck-exerciser-new	1	2	2	2
gid://shopify/Product/9878464627004	french-fitness-heavy-punching-bag-100-lb-new	2	3	4	4
gid://shopify/Product/9878464659772	body-solid-sgh500-glute-and-ham-machine-new	3	8	33	33
gid://shopify/Product/9878464725308	cybex-450t-treadmill-remanufactured	4	4	19	19
gid://shopify/Product/9878464954684	nautilus-impact-vertical-row-9na-s3301-60ags-new	3	4	10	10
gid://shopify/Product/9878465118524	stairmaster-free-climber-4600cl-stepper-w-blue-console-remanufactured	4	4	19	19
gid://shopify/Product/9878465282364	french-fitness-ff-htb20-hip-thrust-bench-platform-new	3	5	9	9
gid://shopify/Product/9878465511740	stairmaster-4600cl-stepper-w-silver-console-remanufactured	4	4	17	17
gid://shopify/Product/9878465610044	nautilus-impact-low-back-9na-s3302-60ags-new	3	4	10	10
gid://shopify/Product/9878465675580	french-fitness-diablo-decline-chest-press-plate-loaded-new	3	5	28	28
gid://shopify/Product/9878465806652	french-fitness-colorful-hex-vinyl-dumbbell-set-of-1-to-10-lbs-new	2	3	5	5
gid://shopify/Product/9878466134332	stairmaster-free-climber-4600pt-stepper-w-blue-console-remanufactured	4	4	19	19
gid://shopify/Product/9878466167100	nautilus-impact-fixed-lat-pull-down-9na-s3303-60ags-new	3	4	10	10
gid://shopify/Product/9878466625852	stairmaster-free-climber-4600pt-stepper-w-black-console-remanufactured	4	4	19	19
gid://shopify/Product/9878466724156	nautilus-impact-lat-pull-down-9na-s3305-60ags-new	3	4	10	10
gid://shopify/Product/9878466887996	french-fitness-diablo-iso-lateral-front-pulldown-plate-loaded-new	3	5	28	28
gid://shopify/Product/9878466953532	french-fitness-colorful-hex-vinyl-dumbbell-set-1-to-10-lbs-w-rack-new	1	2	2	2
gid://shopify/Product/9878467117372	nautilus-impact-low-row-9na-s3306-60ags-new	3	4	9	9
gid://shopify/Product/9878467182908	cybex-525r-recumbent-bike-remanufactured	4	4	18	18
gid://shopify/Product/9878467248444	french-fitness-diablo-iso-lateral-high-row-plate-loaded-new	3	5	27	27
gid://shopify/Product/9878467445052	french-fitness-colorful-hex-vinyl-dumbbell-set-of-1-to-15-lbs-new	2	3	4	4
gid://shopify/Product/9878467707196	nautilus-impact-chest-press-9na-s4301-60ags-new	3	4	8	8
gid://shopify/Product/9878467772732	cybex-sigma-c-530c-upright-stationary-bike-remanufactured	4	4	17	17
gid://shopify/Product/9878467903804	french-fitness-diablo-iso-lateral-kneeling-leg-curl-plate-loaded-new	3	5	28	28
gid://shopify/Product/9878468002108	body-solid-sgh500b-glute-and-ham-machine-new	3	8	33	33
gid://shopify/Product/9878468133180	nautilus-impact-deltoid-raise-9na-s4302-60ags-new	3	4	10	10
gid://shopify/Product/9878468165948	cybex-cyclone-530r-recumbent-bike-remanufactured	4	4	18	18
gid://shopify/Product/9878468329788	french-fitness-colorful-hex-vinyl-dumbbell-1-lb-single-new	1	2	2	2
gid://shopify/Product/9878468526396	french-fitness-diablo-iso-lateral-leg-extension-plate-loaded-new	3	5	28	28
gid://shopify/Product/9878468624700	french-fitness-colorful-hex-vinyl-dumbbell-10-lbs-single-new	1	2	2	2
gid://shopify/Product/9878468723004	cybex-530t-pro-plus-stableflex-treadmill-remanufactured	4	4	19	19
gid://shopify/Product/9878468788540	nautilus-impact-deltoid-fly-9na-s4304-60ags-new	3	4	10	10
gid://shopify/Product/9878468854076	body-solid-pro-clubline-sglp500-leg-press-new	3	5	25	25
gid://shopify/Product/9878468985148	french-fitness-diablo-seated-low-row-plate-loaded-new	3	5	27	27
gid://shopify/Product/9878469116220	french-fitness-colorful-hex-vinyl-dumbbell-12-lbs-single-new	1	2	2	2
gid://shopify/Product/9878469345596	nautilus-impact-shoulder-press-9na-s4307-60ags-new	3	4	9	9
gid://shopify/Product/9878469378364	precor-efx-546-v1-elliptical-cross-trainer-remanufactured	4	4	19	19
gid://shopify/Product/9878469411132	french-fitness-colorful-hex-vinyl-dumbbell-15-lbs-single-new	1	2	2	2
gid://shopify/Product/9878469509436	body-solid-sh22m-l-shoulder-horn-harness-m-l-new	1	2	2	2
gid://shopify/Product/9878469607740	french-fitness-diablo-shoulder-overhead-press-plate-loaded-new	3	5	27	27
gid://shopify/Product/9878469771580	french-fitness-colorful-hex-vinyl-dumbbell-2-lbs-single-new	1	2	2	2
gid://shopify/Product/9878470033724	nautilus-impact-biceps-curl-9na-s5301-60ags-new	3	4	10	10
gid://shopify/Product/9878470099260	precor-efx-546hr-version-2-elliptical-cross-trainer-remanufactured	4	4	19	19
gid://shopify/Product/9878470132028	body-solid-slc400g-proclub-prone-leg-curl-new	3	7	14	14
gid://shopify/Product/9878470230332	french-fitness-diablo-seated-tricep-dip-press-plate-loaded-new	3	5	28	28
gid://shopify/Product/9878470295868	french-fitness-colorful-hex-vinyl-dumbbell-3-lbs-single-new	1	2	2	2
gid://shopify/Product/9878470459708	nautilus-impact-triceps-extension-9na-s5302-60ags-new	3	4	10	10
gid://shopify/Product/9878470558012	precor-efx-546-hr-version-3-cordless-elliptical-remanufactured	4	4	19	19
gid://shopify/Product/9878470623548	french-fitness-colorful-hex-vinyl-dumbbell-4-lbs-single-new	1	2	2	2
gid://shopify/Product/9878470951228	body-solid-sle200g-proclub-line-leg-extension-new	3	7	14	14
gid://shopify/Product/9878470983996	french-fitness-colorful-hex-vinyl-dumbbell-5-lbs-single-new	1	2	2	2
gid://shopify/Product/9878471082300	nautilus-impact-dip-machine-9na-s5303-60ags-new	3	4	10	10
gid://shopify/Product/9878471115068	cybex-550t-treadmill-remanufactured	4	5	20	20
gid://shopify/Product/9878471278908	french-fitness-marin-arm-bicep-curl-bench-new	3	5	12	12
gid://shopify/Product/9878471344444	french-fitness-colorful-hex-vinyl-dumbbell-6-lbs-single-new	1	2	2	2
gid://shopify/Product/9878471573820	nautilus-impact-abdominal-9na-s6301-60ags-new	3	4	10	10
gid://shopify/Product/9878471606588	body-solid-slm300g-proclub-line-lat-mid-row-new	4	10	25	25
gid://shopify/Product/9878471704892	precor-efx-556i-elliptical-cross-trainer-remanufactured	4	4	19	19
gid://shopify/Product/9878471803196	french-fitness-colorful-hex-vinyl-dumbbell-7-lbs-single-new	1	2	2	2
gid://shopify/Product/9878472065340	nautilus-impact-chin-dip-assist-9na-s6334-60ags-new	3	4	8	8
gid://shopify/Product/9878472098108	french-fitness-colorful-hex-vinyl-dumbbell-8-lbs-single-new	1	2	2	2
gid://shopify/Product/9878472360252	precor-efx-576i-experience-series-elliptical-remanufactured	4	5	20	20
gid://shopify/Product/9878472393020	french-fitness-marin-accessory-handle-3-bar-storage-rack-new	2	3	4	4
gid://shopify/Product/9878472425788	body-solid-slp500g-proclub-line-leg-press-new	3	7	13	13
gid://shopify/Product/9878472524092	french-fitness-colorful-hex-vinyl-dumbbell-9-lbs-single-new	1	2	2	2
gid://shopify/Product/9878472655164	nautilus-instinct-dual-leg-press-calf-raise-9nl-d1013-60ars-new	3	4	9	9
gid://shopify/Product/9878472819004	french-fitness-marin-accessory-handle-5-bar-storage-rack	2	3	4	4
gid://shopify/Product/9878472851772	french-fitness-6mm-hanging-yoga-mat-new	1	2	2	2
gid://shopify/Product/9878473146684	body-solid-sls500-pro-clubline-leverage-squat-new	3	5	25	25
gid://shopify/Product/9878473244988	cybex-600a-arc-trainer-remanufactured	4	4	20	20
gid://shopify/Product/9878473277756	french-fitness-marin-angled-squat-press-plate-loaded-new	3	5	27	27
gid://shopify/Product/9878473310524	nautilus-instinct-dual-leg-extension-leg-curl-9nl-d1014-60ars-new	3	4	10	10
gid://shopify/Product/9878473376060	french-fitness-15mm-extra-thick-hanging-yoga-mat-new	1	2	2	2
gid://shopify/Product/9878473736508	body-solid-sodb250-pro-clubline-olympic-decline-bench-new	3	6	29	28
gid://shopify/Product/9878473834812	nautilus-instinct-dual-inner-outer-thigh-9nl-d1015-60ars-new	3	4	10	10
gid://shopify/Product/9878474031420	french-fitness-monster-compact-leg-press-sled-new	3	5	28	28
gid://shopify/Product/9878474064188	power-plate-pro5-airdaptive-vibration-trainer-remanufactured	5	7	23	23
gid://shopify/Product/9878474457404	french-fitness-jute-climbing-rope-1-5-in-x-30-ft-new	1	2	2	2
gid://shopify/Product/9878474654012	french-fitness-marin-combo-twist-plate-loaded-new	3	5	27	27
gid://shopify/Product/9878474916156	french-fitness-wall-mounted-jump-rope-rack-hanger-new	1	2	2	2
gid://shopify/Product/9878475243836	french-fitness-marin-ground-base-jammer-plate-loaded-new	3	5	27	27
gid://shopify/Product/9878475342140	body-solid-sofb250-pro-clubline-olympic-flat-bench-new	3	6	29	28
gid://shopify/Product/9878475407676	french-fitness-jute-tow-rope-1-5-in-x-30-ft-new	1	2	2	2
gid://shopify/Product/9878476390716	power-plate-pro5-vibration-trainer-remanufactured	5	7	23	23
gid://shopify/Product/9878476489020	french-fitness-lacrosse-ball-new	1	2	2	2
gid://shopify/Product/9878476652860	french-fitness-marin-iso-lateral-prone-leg-curl-plate-loaded-new	3	5	27	27
gid://shopify/Product/9878476751164	body-solid-soib250-pro-clubline-olympic-incline-bench-new	3	6	29	28
gid://shopify/Product/9878476849468	french-fitness-lacrosse-ball-set-of-5-new	1	2	2	2
gid://shopify/Product/9878477078844	french-fitness-marin-iso-lateral-super-incline-press-plate-loaded-new	3	5	27	27
gid://shopify/Product/9878477242684	cybex-620a-arc-trainer-remanufactured	4	4	19	19
gid://shopify/Product/9878477275452	french-fitness-lma10-landmine-rack-or-floor-mounted-new	2	5	28	28
gid://shopify/Product/9878477472060	body-solid-sosb250-pro-clubline-olympic-shoulder-press-bench-new	3	6	29	28
gid://shopify/Product/9878477603132	french-fitness-monster-lat-pulldown-low-row-new	4	10	27	27
gid://shopify/Product/9878477701436	cybex-625a-arc-trainer-w-standard-console-remanufactured	4	4	19	19
gid://shopify/Product/9878477865276	nautilus-instinct-dual-pectoral-fly-rear-deltoid-9nl-d2110-60ars-new	3	4	8	8
gid://shopify/Product/9878478094652	body-solid-sp150-150lb-selectorized-weight-stack-new	1	2	2	2
gid://shopify/Product/9878478225724	cybex-625at-arc-trainer-w-e3-console-remanufactured	4	4	19	19
gid://shopify/Product/9878478291260	french-fitness-marin-olympic-incline-bench-w-weight-storage-new	3	6	28	28
gid://shopify/Product/9878478356796	nautilus-instinct-dual-multi-press-9nl-d2120-60ars-new	3	4	8	8
gid://shopify/Product/9878478487868	french-fitness-multi-functional-t-bar-landmine-system-new	1	2	2	2
gid://shopify/Product/9878478553404	body-solid-sp200-200lb-selectorized-weight-stack-new	1	2	2	2
gid://shopify/Product/9878479175996	cybex-630a-arc-trainer-remanufactured	5	5	21	21
gid://shopify/Product/9878479208764	body-solid-sp300-300lb-selectorized-weight-stack-new	1	2	2	2
gid://shopify/Product/9878479241532	nautilus-instinct-dual-lat-pull-down-vertical-row-9nl-d3340-60ars-new	3	4	10	10
gid://shopify/Product/9878479274300	french-fitness-marin-seated-bicep-curl-plate-loaded-new	3	5	28	28
gid://shopify/Product/9878479307068	french-fitness-lma20-t-bar-row-landmine-combo-new	2	4	26	26
gid://shopify/Product/9878479765820	body-solid-sp50-50lb-selectorized-weight-stack-new	1	2	2	2
gid://shopify/Product/9878480027964	stairmaster-7000pt-stepmill-w-blue-console-remanufactured	4	4	19	19
gid://shopify/Product/9878480093500	french-fitness-olympic-plate-mounted-post-landmine-new	2	5	28	28
gid://shopify/Product/9878480126268	nautilus-instinct-dual-biceps-curl-triceps-extension-9nl-d5120-60ars-new	3	4	10	10
gid://shopify/Product/9878480191804	french-fitness-marin-4-way-neck-plate-loaded-new	3	5	15	15
gid://shopify/Product/9878480355644	body-solid-spr1000-commercial-power-rack-new	3	34	57	56
gid://shopify/Product/9878480519484	nautilus-instinct-dual-abdominal-lower-back-9nl-d6330-60ars-new	3	4	10	10
gid://shopify/Product/9878480552252	stairmaster-7000pt-stepmill-w-black-console-remanufactured	4	4	18	18
gid://shopify/Product/9878480585020	french-fitness-marin-abdominal-oblique-crunch-plate-loaded-new	3	5	29	29
gid://shopify/Product/9878480748860	nautilus-instinct-leg-extension-9nl-s1010-60ars-new	3	4	10	10
gid://shopify/Product/9878480814396	stairmaster-7000pt-stepmill-w-silver-console-remanufactured	4	4	18	18
gid://shopify/Product/9878480879932	french-fitness-marin-iso-lateral-chest-back-combo-plate-loaded-new	3	5	27	27
gid://shopify/Product/9878481174844	nautilus-instinct-leg-curl-9nl-s1011-60ars-new	3	4	10	10
gid://shopify/Product/9878481273148	cybex-750a-lower-body-arc-trainer-remanufactured	4	5	20	20
gid://shopify/Product/9878481305916	french-fitness-marin-iso-lateral-decline-chest-press-plate-loaded-new	3	5	27	27
gid://shopify/Product/9878481404220	french-fitness-ff-lssm20-leg-split-stretcher-machine-new	3	4	7	7
gid://shopify/Product/9878481535292	nautilus-instinct-glute-press-9nl-s1012-60ars-new	3	4	10	10
gid://shopify/Product/9878481699132	cybex-750at-total-body-arc-trainer-remanufactured	4	5	20	20
gid://shopify/Product/9878481764668	french-fitness-marin-iso-lateral-d-y-row-plate-loaded-new	3	5	27	27
gid://shopify/Product/9878481862972	french-fitness-leather-weight-lifting-belt-new	1	2	2	2
gid://shopify/Product/9878481928508	nautilus-instinct-chest-press-9nl-s2100-60ars-new	3	4	10	10
gid://shopify/Product/9878482059580	cybex-750r-recumbent-bike-remanufactured	4	5	19	19
gid://shopify/Product/9878482125116	french-fitness-multi-adjustable-bench-w-ab-rollers-new	3	4	8	8
gid://shopify/Product/9878482157884	french-fitness-marin-iso-lateral-flat-chest-bench-press-plate-loaded-new	3	5	29	29
gid://shopify/Product/9878482354492	nautilus-instinct-lat-pull-down-9nl-s3310-60ars-new	3	4	10	10
gid://shopify/Product/9878482452796	french-fitness-mab30-multi-adjustable-bench-new	3	4	8	8
gid://shopify/Product/9878482485564	cybex-750t-treadmill-remanufactured	4	5	20	20
gid://shopify/Product/9878482583868	french-fitness-marin-iso-lateral-front-lat-pulldown-plate-loaded-new	3	5	29	29
gid://shopify/Product/9878482682172	nautilus-instinct-vertical-row-9nl-s3320-60ars-new	3	4	10	10
gid://shopify/Product/9878482846012	french-fitness-magnetic-aluminum-jaw-locking-collars-black-pair-new	1	2	2	2
gid://shopify/Product/9878483009852	cybex-770a-arc-trainer-w-standard-console-remanufactured	4	4	19	19
gid://shopify/Product/9878483108156	nautilus-instinct-shoulder-press-9nl-s4100-60ars-new	3	4	8	8
gid://shopify/Product/9878483140924	french-fitness-magnetic-aluminum-jaw-locking-collars-blue-pair-new	1	2	2	2
gid://shopify/Product/9878483435836	cybex-770a-lower-body-arc-trainer-w-e3-console-remanufactured	4	4	19	19
gid://shopify/Product/9878483468604	french-fitness-magnetic-aluminum-jaw-locking-collars-red-pair-new	1	2	2	2
gid://shopify/Product/9878483730748	french-fitness-marin-iso-lateral-horizontal-leg-press-plate-loaded-new	3	5	27	27
gid://shopify/Product/9878483763516	cybex-770at-arc-trainer-w-standard-console-remanufactured	5	5	21	21
gid://shopify/Product/9878483927356	nautilus-instinct-triceps-extension-9nl-s5110-60ars-new	3	4	10	10
gid://shopify/Product/9878484025660	french-fitness-3-tier-medicine-slam-ball-rack-new	3	4	9	9
gid://shopify/Product/9878484091196	french-fitness-monster-p-l-hack-squat-leg-press-new	3	5	27	27
gid://shopify/Product/9878484255036	cybex-770at-total-body-arc-trainer-w-e3-console-remanufactured	4	4	19	19
gid://shopify/Product/9878484353340	nautilus-instinct-rotary-torso-9nl-s6300-60ars-new	3	4	10	10
gid://shopify/Product/9878484517180	french-fitness-circular-12-pair-mobile-medicine-ball-rack-new	2	3	5	5
gid://shopify/Product/9878484779324	french-fitness-marin-iso-lateral-incline-chest-press-plate-loaded-new	3	5	29	29
gid://shopify/Product/9878484844860	cybex-770r-recumbent-bike-remanufactured	5	5	20	20
gid://shopify/Product/9878484910396	nautilus-instinct-adjustable-abdominal-decline-bench-9nn-b7200-60ars-new	3	4	10	10
gid://shopify/Product/9878484943164	french-fitness-mbr4-wall-mounted-medicine-ball-rack-new	1	2	2	2
gid://shopify/Product/9878485238076	french-fitness-marin-iso-lateral-high-row-plate-loaded-new	3	5	27	27
gid://shopify/Product/9878485270844	cybex-770r-recumbent-bike-w-e3-console-remanufactured	4	4	18	18
gid://shopify/Product/9878485303612	french-fitness-mbr500-medicine-ball-rebounder-new	3	5	11	11
gid://shopify/Product/9878485401916	nautilus-instinct-olympic-incline-bench-9nn-b7201-60ars-new	3	4	8	8
gid://shopify/Product/9878485729596	french-fitness-marin-iso-lateral-kneeling-standing-leg-curl-plate-loaded-new	3	5	29	29
gid://shopify/Product/9878485827900	cybex-770t-treadmill-remanufactured	4	5	20	20
gid://shopify/Product/9878485860668	nautilus-instinct-multi-adjustable-bench-9nn-b7501-60ars-new	3	4	10	10
gid://shopify/Product/9878486122812	french-fitness-marin-iso-lateral-leg-extension-plate-loaded-new	3	5	27	27
gid://shopify/Product/9878486253884	nautilus-instinct-45-degree-back-extension-9nn-b7502-60ars-new	3	4	10	10
gid://shopify/Product/9878486417724	french-fitness-multi-functional-adjustable-bench-v2-w-arm-curl-leg-ext-new	4	6	13	13
gid://shopify/Product/9878486450492	cybex-770t-treadmill-w-e3-console-remanufactured	4	4	19	19
gid://shopify/Product/9878486647100	french-fitness-marin-lateral-raise-plate-loaded-new	3	5	29	29
gid://shopify/Product/9878486778172	nautilus-instinct-olympic-flat-bench-9nn-b7503-60ars-new	3	4	8	8
gid://shopify/Product/9878486876476	cybex-771a-arc-trainer-remanufactured	4	5	21	21
gid://shopify/Product/9878487073084	french-fitness-multi-grip-lat-pulldown-bar-attachment-new	1	2	2	2
gid://shopify/Product/9878487105852	french-fitness-marin-pullover-plate-loaded-new	3	5	27	27
gid://shopify/Product/9878487204156	nautilus-instinct-ab-bench-9nn-b7505-60ars-new	3	4	10	10
gid://shopify/Product/9878487400764	french-fitness-marin-iso-lateral-rowing-low-row-plate-loaded-new	3	5	28	28
gid://shopify/Product/9878487466300	cybex-771at-arc-trainer-remanufactured	4	5	21	21
gid://shopify/Product/9878487597372	nautilus-instinct-multi-adjustable-bench-100-9nn-b7506-60ars-new	3	4	10	10
gid://shopify/Product/9878487630140	french-fitness-mat-hanger-wall-mounted-rack-new	2	3	4	4
gid://shopify/Product/9878487761212	french-fitness-marin-super-horizontal-calf-plate-loaded-new	3	5	27	27
gid://shopify/Product/9878487793980	nautilus-instinct-dumbbell-rack-10-pair-2-tier-9nn-r8001-60ars-new	3	4	8	8
gid://shopify/Product/9878487826748	french-fitness-mat-hanger-wall-mounted-rack-version-2-new	1	2	2	2
gid://shopify/Product/9878487859516	cybex-772a-lower-body-arc-trainer-remanufactured	4	5	20	20
gid://shopify/Product/9878488187196	french-fitness-mic20-indoor-cycle-w-led-console-new	4	5	10	10
gid://shopify/Product/9878488285500	nautilus-instinct-dumbbell-rack-10-pair-3-tier-9nn-r8002-60ars-new	3	4	10	10
gid://shopify/Product/9878488318268	french-fitness-marin-squat-lunge-plate-loaded-new	3	5	27	27
gid://shopify/Product/9878488351036	cybex-772at-arc-trainer-remanufactured	4	5	21	21
gid://shopify/Product/9878488580412	nautilus-instinct-accessory-rack-9nn-r8015-60aas-new	3	4	10	10
gid://shopify/Product/9878488613180	french-fitness-marin-seated-leg-curl-plate-loaded-new	3	5	27	27
gid://shopify/Product/9878488678716	precor-c776i-stair-stepper-remanufactured	4	4	20	20
gid://shopify/Product/9878488711484	french-fitness-mic21-indoor-cycle-w-21-5-touch-console-new	4	5	10	10
gid://shopify/Product/9878489039164	precor-c776i-experience-stair-stepper-remanufactured	4	5	21	21
gid://shopify/Product/9878489071932	body-solid-spr1000back-extended-power-rack-new	3	23	52	29
gid://shopify/Product/9878489104700	french-fitness-mic3-magnetic-commercial-indoor-cycle-new	3	4	9	9
gid://shopify/Product/9878489203004	nautilus-inspiration-multi-adjustable-bench-9np-b7506-60bzs-new	3	4	10	10
gid://shopify/Product/9878489268540	french-fitness-marin-iso-lateral-shoulder-press-plate-loaded-new	3	5	27	27
gid://shopify/Product/9878489334076	french-fitness-mic4-magnetic-indoor-commercial-cycle-new	3	4	9	9
gid://shopify/Product/9878489366844	cybex-790t-treadmill-w-e3-console-remanufactured	4	4	19	19
gid://shopify/Product/9878489628988	nautilus-plate-loaded-hack-squat-9np-l1130-60bzs-new	3	5	25	25
gid://shopify/Product/9878489661756	french-fitness-marin-seated-dip-tricep-press-plate-loaded-new	3	5	29	29
gid://shopify/Product/9878489891132	monark-818e-ergomedic-fitness-bike-remanufactured	4	4	18	18
gid://shopify/Product/9878490054972	nautilus-plate-loaded-glute-drive-9np-l1131-60bzs-new	4	7	27	27
gid://shopify/Product/9878490120508	french-fitness-multi-grip-olympic-swiss-bar-v2-new	2	4	28	28
gid://shopify/Product/9878490153276	french-fitness-marin-tibia-dorsi-flexion-plate-loaded-new	3	5	26	26
gid://shopify/Product/9878490317116	monark-exercise-ab-827e-exercise-bike-remanufactured	4	4	18	18
gid://shopify/Product/9878490546492	french-fitness-marin-iso-lateral-wide-chest-plate-loaded-new	3	5	29	29
gid://shopify/Product/9878490644796	monark-exercise-ab-828e-ergomedic-exercise-bike-remanufactured	4	4	18	18
gid://shopify/Product/9878490677564	body-solid-spr1000backp4-extended-power-rack-package-new	3	17	23	22
gid://shopify/Product/9878491038012	french-fitness-marin-wrist-curl-machine-plate-loaded-new	3	5	25	25
gid://shopify/Product/9878491103548	nautilus-leverage-chest-press-9np-l2002-60bzss-new	3	5	25	25
gid://shopify/Product/9878491169084	monark-828e-ergomedic-microfit-robobike-bike-remanufactured	4	4	18	18
gid://shopify/Product/9878491496764	french-fitness-marin-iso-lateral-wide-pulldown-plate-loaded-new	3	5	29	29
gid://shopify/Product/9878491529532	monark-839e-electronic-test-bike-w-o-console-remanufactured	4	4	18	18
gid://shopify/Product/9878491627836	nautilus-leverage-incline-press-9np-l2003-60bzs-new	3	5	25	25
gid://shopify/Product/9878491660604	french-fitness-multi-storage-accessory-tower-rack-new	2	3	4	4
gid://shopify/Product/9878491791676	body-solid-spr1000backp5-extended-power-rack-w-adjustable-commercial-bench-new	3	22	29	28
gid://shopify/Product/9878491857212	french-fitness-r30-monster-power-rack-new	4	36	88	88
gid://shopify/Product/9878491988284	monark-exercise-874e-ergomedic-exercise-bike-remanufactured	4	4	18	18
gid://shopify/Product/9878492152124	nautilus-leverage-decline-press-9np-l2004-60bzs-new	3	5	25	25
gid://shopify/Product/9878492381500	monark-881e-arm-ergometer-rehab-trainer-remanufactured	4	4	18	18
gid://shopify/Product/9878492610876	nautilus-leverage-lat-pull-down-9np-l3003-60bzs-new	3	5	25	25
gid://shopify/Product/9878492709180	monark-894e-anaerobic-wingate-ergometer-remanufactured	4	4	18	18
gid://shopify/Product/9878492873020	body-solid-spr1000db-double-power-rack-package-new	3	27	54	53
gid://shopify/Product/9878492905788	nautilus-leverage-low-row-9np-l3004-60bzs-new	3	5	25	25
gid://shopify/Product/9878493233468	core-health-fitness-pilates-reformer-9-4790-munbp0-new	3	4	8	8
gid://shopify/Product/9878493462844	nautilus-leverage-high-row-9np-l3005-60bzs-new	3	5	25	25
gid://shopify/Product/9878493495612	life-fitness-90x-elliptical-cross-trainer-remanufactured	4	4	19	19
gid://shopify/Product/9878493856060	life-fitness-91ti-treadmill-remanufactured	4	4	19	19
gid://shopify/Product/9878493954364	nautilus-leverage-deadlift-shrug-9np-l3006-60aas-new	3	5	25	25
gid://shopify/Product/9878494478652	life-fitness-91x-elliptical-cross-trainer-remanufactured	4	4	19	19
gid://shopify/Product/9878494609724	nautilus-leverage-shoulder-press-9np-l4002-60bzs-new	3	4	8	8
gid://shopify/Product/9878494806332	life-fitness-91xi-elliptical-cross-trainer-remanufactured	4	5	20	20
gid://shopify/Product/9878494839100	body-solid-spr1000dbback-extended-double-power-rack-package-new	3	24	48	47
gid://shopify/Product/9878495101244	nautilus-leverage-biceps-curl-9np-l5002-60bzs-new	3	5	28	27
gid://shopify/Product/9878495265084	precor-9-31-premium-series-treadmill-remanufactured	4	4	15	15
gid://shopify/Product/9878495559996	nautilus-leverage-abdominal-crunch-9np-l5003-60bzs-new	3	5	25	25
gid://shopify/Product/9878495756604	french-fitness-massage-stick-foam-roller-new	1	2	2	2
gid://shopify/Product/9878495887676	precor-9-33-premium-series-treadmill-remanufactured	4	4	19	19
gid://shopify/Product/9878496084284	nautilus-accessory-rack-9np-r8013-60aas-new	3	4	10	10
gid://shopify/Product/9878496379196	precor-9-35-premium-series-treadmill-remanufactured	4	4	15	15
gid://shopify/Product/9878496477500	body-solid-spr1000p2-commercial-power-rack-adjustable-bench-new	3	33	56	55
gid://shopify/Product/9878496543036	nautilus-beauty-bell-rack-3-tier-9np-r8014-60aas-new	3	4	10	10
gid://shopify/Product/9878496706876	life-fitness-93c-upright-bike-remanufactured	4	4	18	18
gid://shopify/Product/9878496805180	nautilus-half-rack-w-sva-platform-bamboo-ii-new	4	9	27	27
gid://shopify/Product/9878497165628	life-fitness-93r-recumbent-bike-remanufactured	4	4	18	18
gid://shopify/Product/9878497689916	life-fitness-93t-classic-treadmill-remanufactured	4	5	20	20
gid://shopify/Product/9878498017596	body-solid-spr1000ss-commercial-power-rack-w-power-rack-strap-safeties-new	3	32	55	54
gid://shopify/Product/9878498115900	life-fitness-93x-elliptical-cross-trainer-remanufactured	4	4	19	19
gid://shopify/Product/9878498672956	life-fitness-ct9500hr-classic-style-elliptical-remanufactured	4	4	19	19
gid://shopify/Product/9878498804028	nautilus-4-bamboo-platform-ii-9-hdp4-bb2-new	2	3	5	5
gid://shopify/Product/9878499197244	life-fitness-9500hr-next-generation-elliptical-remanufactured	4	4	19	19
gid://shopify/Product/9878499295548	nautilus-4-bamboo-sva-platform-9-hdp4d-bb2-new	2	3	5	5
gid://shopify/Product/9878499623228	life-fitness-9500hr-next-generation-upright-bike-remanufactured	4	4	18	18
gid://shopify/Product/9878499721532	nautilus-4-stand-alone-bamboo-sva-9-hdp4d-bb2-sa-new	2	3	5	5
gid://shopify/Product/9878499754300	body-solid-spr1000ssback-extended-power-rack-w-power-rack-strap-safeties-new	3	21	28	27
gid://shopify/Product/9878500016444	life-fitness-9500hr-next-generation-recumbent-bike-remanufactured	4	4	18	18
gid://shopify/Product/9878500081980	nautilus-6-bamboo-platform-ii-9-hdp6-bb2-new	2	3	5	5
gid://shopify/Product/9878500507964	life-fitness-9500hr-recumbent-bike-remanufactured	4	4	18	18
gid://shopify/Product/9878500540732	nautilus-stand-alone-sva-platform-bamboo-ii-9-hdp6d-bb2-sa-new	2	3	5	5
gid://shopify/Product/9878500966716	body-solid-spr1000ssbackp4-extended-power-rack-package-w-power-rack-strap-safeties-new	3	15	21	20
gid://shopify/Product/9878500999484	nautilus-hd-sva-platform-6-lf-half-rack-new	2	3	5	5
gid://shopify/Product/9878501065020	life-fitness-9500hr-next-gen-stair-stepper-remanufactured	4	4	20	20
gid://shopify/Product/9878501359932	nautilus-inspiration-deltoid-raise-ipdr3-60bz-new	3	4	10	10
gid://shopify/Product/9878501491004	life-fitness-9500hr-next-generation-treadmill-remanufactured	4	4	19	19
gid://shopify/Product/9878501851452	nautilus-inspiration-dual-adjustable-pulley-np-d9302-new	4	18	60	60
gid://shopify/Product/9878501949756	body-solid-spr1000ssbackp5-extended-power-rack-w-adjustable-commercial-bench-and-power-rack-strap-safeties-new	3	21	28	27
gid://shopify/Product/9878502015292	life-fitness-9500hr-upright-bike-remanufactured	4	4	18	18
gid://shopify/Product/9878502506812	life-fitness-95t-achieve-treadmill-remanufactured	4	5	20	20
gid://shopify/Product/9878502572348	french-fitness-29-rack-rig-upright-new	2	4	5	5
gid://shopify/Product/9878503227708	life-fitness-95c-achieve-upright-bike-remanufactured	4	5	19	19
gid://shopify/Product/9878503293244	body-solid-spr1000ssdb-double-power-rack-package-w-power-rack-strap-safeties-new	3	26	52	51
gid://shopify/Product/9878503391548	french-fitness-45-rack-rig-upright-new	2	4	5	5
gid://shopify/Product/9878503620924	nautilus-freedom-rack-np-l8507-new	4	10	33	32
gid://shopify/Product/9878503653692	life-fitness-95ce-upright-bike-remanufactured	4	4	18	18
gid://shopify/Product/9878503817532	french-fitness-soft-medicine-wall-ball-set-of-10-6-to-25-lbs-w-rack-new	2	3	7	7
gid://shopify/Product/9878504636732	life-fitness-95c-engage-upright-bike-remanufactured	4	4	18	18
gid://shopify/Product/9878505062716	life-fitness-95ci-upright-bike-remanufactured	4	4	18	18
gid://shopify/Product/9878505128252	nautilus-one-hip-abduction-adduction-s6aa250-1-new	4	6	11	11
gid://shopify/Product/9878505193788	body-solid-spr1000ssdbback-extended-double-power-rack-package-w-power-rack-strap-safeties-new	3	25	50	49
gid://shopify/Product/9878505455932	life-fitness-95c-inspire-upright-bike-remanufactured	4	5	19	19
gid://shopify/Product/9878505816380	french-fitness-revolving-neoprene-nsh15-stirrup-handle-new	1	2	2	2
gid://shopify/Product/9878505947452	life-fitness-95le-summit-trainer-remanufactured	4	4	20	20
gid://shopify/Product/9878506307900	french-fitness-nsh5-nylon-strap-handle-set-of-2-new	1	2	2	2
gid://shopify/Product/9878506602812	body-solid-spr1000ssp2-commercial-power-rack-w-power-rack-strap-safeties-adjustable-bench-new	3	33	56	55
gid://shopify/Product/9878506635580	life-fitness-95li-summit-trainer-remanufactured	4	4	20	20
gid://shopify/Product/9878506733884	nautilus-one-bicep-curl-s6bc250-1-new	4	6	10	10
gid://shopify/Product/9878507258172	life-fitness-95r-achieve-recumbent-bike-remanufactured	4	6	21	21
gid://shopify/Product/9878507290940	french-fitness-ntr2-nylon-tricep-rope-new	1	2	2	2
gid://shopify/Product/9878507782460	french-fitness-eva-nylon-weightlifting-belt-new	1	2	2	2
gid://shopify/Product/9878508372284	french-fitness-olympic-bumper-plate-10-lbs-crumb-rubber-new	1	2	2	2
gid://shopify/Product/9878508503356	life-fitness-95re-recumbent-bike-remanufactured	4	4	18	18
gid://shopify/Product/9878508798268	french-fitness-olympic-bumper-plate-15-lbs-crumb-rubber-new	1	2	2	2
gid://shopify/Product/9878508831036	nautilus-one-lat-pulldown-s6latp250-1-new	4	5	9	9
gid://shopify/Product/9878509060412	body-solid-spr250-commercial-squat-stand-new	3	7	10	10
gid://shopify/Product/9878509158716	life-fitness-95r-engage-recumbent-bike-remanufactured	4	5	20	20
gid://shopify/Product/9878509388092	french-fitness-olympic-bumper-plate-set-190-lbs-crumb-rubber-new	3	8	20	20
gid://shopify/Product/9878509420860	french-fitness-r30-commercial-power-rack-bench-combo-new	4	35	82	82
gid://shopify/Product/9878509781308	life-fitness-95ri-recumbent-bike-remanufactured	4	4	18	18
gid://shopify/Product/9878510436668	life-fitness-95r-inspire-recumbent-bike-remanufactured	4	6	21	21
gid://shopify/Product/9878510862652	nautilus-one-leg-extension-s6le250-1-new	4	6	10	10
gid://shopify/Product/9878510895420	body-solid-spr500-proclub-line-commercial-half-rack-new	3	18	25	24
gid://shopify/Product/9878511223100	life-fitness-95se-stair-stepper-remanufactured	4	4	20	20
gid://shopify/Product/9878511747388	life-fitness-95si-stair-stepper-remanufactured	4	4	20	20
gid://shopify/Product/9878512140604	life-fitness-95te-treadmill-remanufactured	4	4	19	19
gid://shopify/Product/9878512304444	nautilus-one-rotary-torso-s6rt250-1-new	4	6	12	12
gid://shopify/Product/9878512632124	french-fitness-olympic-bumper-plate-set-w-7-ft-olympic-bar-235-lbs-crumb-rubber-new	3	7	13	13
gid://shopify/Product/9878512697660	life-fitness-95t-engage-treadmill-remanufactured	4	4	19	19
gid://shopify/Product/9878512992572	body-solid-spr500back-proclub-line-commercial-extended-half-rack-new	3	13	20	19
gid://shopify/Product/9878513385788	life-fitness-95ti-treadmill-remanufactured	4	5	20	20
gid://shopify/Product/9878513451324	french-fitness-olympic-bumper-plate-set-w-7-ft-olympic-bar-235-lbs-bench-crumb-rubber-new	3	7	14	14
gid://shopify/Product/9878513516860	nautilus-one-tricep-press-s6tp250-1-new	4	6	10	10
gid://shopify/Product/9878513779004	french-fitness-r30-re-monster-power-rack-new	4	36	88	88
gid://shopify/Product/9878513942844	life-fitness-95x-achieve-elliptical-cross-trainer-remanufactured	4	5	20	20
gid://shopify/Product/9878514237756	body-solid-spr500backp4-proclub-line-commercial-extended-half-rack-package-new	3	11	18	17
gid://shopify/Product/9878514336060	nautilus-half-rack-9-hdhr2-new	4	10	33	32
gid://shopify/Product/9878514368828	french-fitness-olympic-bumper-plate-set-240-lbs-crumb-rubber-new	3	8	20	20
gid://shopify/Product/9878514729276	life-fitness-95xe-elliptical-cross-trainer-remanufactured	4	4	19	19
gid://shopify/Product/9878515089724	french-fitness-olympic-bumper-plate-25-lbs-crumb-rubber-new	1	2	2	2
gid://shopify/Product/9878515286332	life-fitness-95x-engage-elliptical-cross-trainer-remanufactured	4	4	19	19
gid://shopify/Product/9878515351868	body-solid-spr500-half-rack-extension-new	3	11	15	14
gid://shopify/Product/9878515614012	french-fitness-olympic-bumper-plate-set-260-lbs-crumb-rubber-new	3	8	20	20
gid://shopify/Product/9878515908924	life-fitness-95xi-elliptical-cross-trainer-remanufactured	4	4	19	19
gid://shopify/Product/9878516105532	nautilus-e916-elliptical-remanufactured	4	4	20	20
gid://shopify/Product/9878516367676	body-solid-spr500p2-commercial-half-cage-package-new	3	18	25	24
gid://shopify/Product/9878516400444	french-fitness-olympic-bumper-plate-set-280-lbs-crumb-rubber-new	3	7	14	14
gid://shopify/Product/9878516597052	life-fitness-95x-inspire-elliptical-cross-trainer-remanufactured	4	5	20	20
gid://shopify/Product/9878516662588	nautilus-nitro-f2ft-freedom-trainer-remanufactured	6	19	75	75
gid://shopify/Product/9878517285180	french-fitness-olympic-bumper-plates-set-w-7-ft-olympic-bar-285-lbs-crumb-rubber-new	3	7	14	14
gid://shopify/Product/9878517350716	life-fitness-9700hr-next-generation-treadmill-remanufactured	4	5	20	20
gid://shopify/Product/9878517645628	body-solid-spracb-spr-power-rack-connecting-bar-new	1	2	2	2
gid://shopify/Product/9878517842236	life-fitness-97te-treadmill-remanufactured	4	4	19	19
gid://shopify/Product/9878517973308	french-fitness-olympic-bumper-plate-set-w-7-ft-olympic-bar-325-lbs-crumb-rubber-new	3	7	14	14
gid://shopify/Product/9878518235452	body-solid-sprback-rack-extension-kit-for-spr1000-new	2	3	5	5
gid://shopify/Product/9878518464828	life-fitness-97ti-treadmill-remanufactured	4	5	20	20
gid://shopify/Product/9878518497596	nautilus-nitro-gravitron-weight-assisted-chin-dip-remanufactured	5	5	24	24
gid://shopify/Product/9878518530364	french-fitness-r30-re-commercial-power-rack-w-lat-pulldown-low-row-new	4	35	88	88
gid://shopify/Product/9878518694204	french-fitness-olympic-bumper-plate-set-w-7-ft-olympic-bar-325-lbs-bench-crumb-rubber-new	3	7	14	14
gid://shopify/Product/9878518726972	body-solid-sprbcb-spr500-bench-clearance-back-bar-new	1	2	2	2
gid://shopify/Product/9878519218492	body-solid-sprbhv-bar-holder-attachment-new	1	2	2	2
gid://shopify/Product/9878519513404	abs-company-abcoaster-cs3000-remanufactured	5	7	30	30
gid://shopify/Product/9878519546172	french-fitness-olympic-bumper-plate-35-lbs-crumb-rubber-new	1	2	2	2
gid://shopify/Product/9878519742780	body-solid-sprbp-band-pegs-new	1	2	2	2
gid://shopify/Product/9878519775548	power-plate-next-generation-acceleration-trainer-remanufactured	5	5	21	21
gid://shopify/Product/9878520004924	french-fitness-olympic-bumper-plate-set-380-lbs-crumb-rubber-new	3	8	21	21
gid://shopify/Product/9878520267068	body-solid-pro-clubline-sprbsa-belt-squat-attachment-new	3	5	10	10
gid://shopify/Product/9878520791356	french-fitness-olympic-bumper-plate-set-w-7-ft-olympic-bar-415-lbs-crumb-rubber-new	3	7	14	14
gid://shopify/Product/9878521184572	life-fitness-activate-series-ost-treadmill-remanufactured	4	5	20	20
gid://shopify/Product/9878521250108	body-solid-sprbt-spr-ball-target-new	1	2	2	2
gid://shopify/Product/9878521577788	french-fitness-olympic-bumper-plate-set-w-7-ft-olympic-bar-415-lbs-bench-crumb-rubber-new	3	7	14	14
gid://shopify/Product/9878521643324	body-solid-sprcb-fat-chin-up-crossmember-for-spr1000-new	2	3	5	5
gid://shopify/Product/9878521708860	nordictrack-9600-incline-trainer-treadmill-remanufactured	4	5	20	20
gid://shopify/Product/9878522134844	body-solid-sprcu-multi-chin-up-cross-member-new	1	2	2	2
gid://shopify/Product/9878522200380	balanced-body-allegro-pilates-reformer-remanufactured	4	7	20	20
gid://shopify/Product/9878522233148	octane-xride-xr6000s-recumbent-seated-elliptical-w-smart-console-remanufactured	4	4	20	20
gid://shopify/Product/9878522265916	french-fitness-olympic-bumper-plates-set-w-7-ft-olympic-bar-425-lbs-crumb-rubber-new	3	7	14	14
gid://shopify/Product/9878522659132	body-solid-sprcua-multi-grip-chin-attachment-new	1	2	2	2
gid://shopify/Product/9878522921276	octane-xride-xr6000s-recumbent-seated-elliptical-w-standard-console-remanufactured	4	5	21	21
gid://shopify/Product/9878523117884	french-fitness-marin-rear-kick-back-glute-new	3	4	11	11
gid://shopify/Product/9878523183420	french-fitness-olympic-bumper-plate-45-lbs-crumb-rubber-new	1	2	2	2
gid://shopify/Product/9878523216188	body-solid-sprdcb-spr500-dual-chin-bar-new	1	2	2	2
gid://shopify/Product/9878523576636	balanced-body-allegro-sport-pilates-reformer-remanufactured	4	6	16	16
gid://shopify/Product/9878523609404	body-solid-sprdip-dip-station-attachment-new	1	2	2	2
gid://shopify/Product/9878523642172	french-fitness-tahoe-selectorized-back-extension-new	3	6	13	13
gid://shopify/Product/9878523674940	french-fitness-olympic-bumper-plate-set-470-lbs-crumb-rubber-new	3	8	20	20
gid://shopify/Product/9878524002620	body-solid-sprhbh-power-rack-heavy-bag-hanger-new	1	2	2	2
gid://shopify/Product/9878524231996	french-fitness-tahoe-selectorized-horizontal-calf-new	3	6	14	14
gid://shopify/Product/9878524428604	french-fitness-olympic-bumper-plate-55-lbs-crumb-rubber-new	1	2	2	2
gid://shopify/Product/9878524625212	body-solid-pro-clubline-sprhla-lat-attachment-for-spr500-new	1	2	2	2
gid://shopify/Product/9878524821820	french-fitness-tahoe-selectorized-horizontal-leg-press-new	3	5	11	11
gid://shopify/Product/9878524854588	french-fitness-olympic-camber-bar-new	2	4	28	28
gid://shopify/Product/9878525051196	body-solid-pro-clubline-sprht-hip-thruster-attachment-new	2	3	5	5
gid://shopify/Product/9878525215036	octane-xride-xr6xi-seated-elliptical-remanufactured	4	4	20	20
gid://shopify/Product/9878525247804	french-fitness-60-olympic-ez-curl-bar-700-lb-capacity-new	2	4	28	28
gid://shopify/Product/9878525378876	french-fitness-marin-smith-machine-plate-loaded-new	3	5	28	28
gid://shopify/Product/9878525739324	body-solid-sprjam-pro-clubline-jammer-arms-new	1	2	2	2
gid://shopify/Product/9878525870396	french-fitness-olympic-cambered-bench-press-row-bar-new	2	4	28	28
gid://shopify/Product/9878526034236	french-fitness-marin-seal-row-bench-new	3	6	17	17
gid://shopify/Product/9878526329148	body-solid-sprjc-j-cups-for-spr-racks-new	1	2	2	2
gid://shopify/Product/9878526492988	octane-pro-3500-elliptical-remanufactured	4	4	20	20
gid://shopify/Product/9878526525756	french-fitness-open-hex-olympic-trap-shrug-bar-new	2	4	28	28
gid://shopify/Product/9878526722364	french-fitness-marin-seated-standing-shrug-plate-loaded-new	3	5	27	27
gid://shopify/Product/9878527017276	french-fitness-black-abs-olympic-barbell-jaw-locking-collars-clamps-pair-new	1	2	2	2
gid://shopify/Product/9878527115580	octane-pro-3700-elliptical-remanufactured	4	5	20	20
gid://shopify/Product/9878527279420	body-solid-sprmb-monkey-bars-for-spr1000-new	1	2	2	2
gid://shopify/Product/9878527377724	french-fitness-marin-vertical-leg-press-plate-loaded-new	3	7	37	37
gid://shopify/Product/9878527443260	french-fitness-blue-abs-olympic-barbell-jaw-locking-collars-clamps-pair-new	1	2	2	2
gid://shopify/Product/9878527902012	french-fitness-red-abs-olympic-barbell-jaw-locking-collars-clamps-pair-new	1	2	2	2
gid://shopify/Product/9878528229692	body-solid-sprps-pin-and-pipe-safeties-for-spr500-new	1	2	2	2
gid://shopify/Product/9878528524604	french-fitness-yellow-abs-olympic-barbell-jaw-locking-collars-clamps-pair-new	1	2	2	2
gid://shopify/Product/9878528721212	body-solid-sprsa-spr500-spotter-arms-new	1	2	2	2
gid://shopify/Product/9878528753980	octane-pro-450-elliptical-remanufactured	4	4	19	19
gid://shopify/Product/9878528786748	french-fitness-newport-3d-dual-action-smith-machine-new	3	6	32	32
gid://shopify/Product/9878528852284	precor-amt-100i-adaptive-motion-trainer-remanufactured	4	4	19	19
gid://shopify/Product/9878528885052	french-fitness-owa14-olympic-weight-adapter-sleeve-14-new	2	3	3	3
gid://shopify/Product/9878529245500	body-solid-sprsf-premium-safeties-for-spr1000-new	2	3	3	3
gid://shopify/Product/9878529343804	octane-fitness-pro-4700-elliptical-remanufactured	4	5	20	20
gid://shopify/Product/9878529442108	french-fitness-napa-arm-bicep-curl-bench-new	3	5	12	12
gid://shopify/Product/9878529474876	precor-amt-835-w-p30-console-w-o-open-stride-remanufactured	4	5	20	20
gid://shopify/Product/9878529704252	body-solid-pro-clubline-sprsp-spotter-platforms-new	2	3	5	5
gid://shopify/Product/9878529769788	french-fitness-owa8-olympic-weight-adapter-sleeve-8-new	2	3	3	3
gid://shopify/Product/9878529966396	octane-fitness-pro-4700-elliptical-w-touch-screen-remanufactured	4	4	19	19
gid://shopify/Product/9878530031932	french-fitness-napa-accessory-handle-3-bar-storage-rack-new	2	3	4	4
gid://shopify/Product/9878530097468	precor-amt-835-with-open-stride-w-p30-console-remanufactured	4	5	20	20
gid://shopify/Product/9878530163004	french-fitness-owt20-olympic-weight-plate-tree-new	2	3	4	4
gid://shopify/Product/9878530228540	body-solid-sprss-power-rack-strap-safeties-new	1	2	2	2
gid://shopify/Product/9878530392380	french-fitness-napa-accessory-handle-5-bar-storage-rack	2	3	4	4
gid://shopify/Product/9878530523452	octane-fitness-pro-350-elliptical-remanufactured	4	4	18	18
gid://shopify/Product/9878530654524	body-solid-sprst-spr-storage-tray-new	1	2	2	2
gid://shopify/Product/9878530687292	french-fitness-owt30-olympic-weight-tree-storage-rack-new	3	4	8	8
gid://shopify/Product/9878530785596	precor-amt-865-adaptive-motion-trainer-w-open-stride-p62-console-remanufactured	4	5	20	20
gid://shopify/Product/9878530883900	french-fitness-napa-angled-squat-press-plate-loaded-new	3	5	27	27
gid://shopify/Product/9878531113276	body-solid-sprstep-plyo-step-attachment-new	1	2	2	2
gid://shopify/Product/9878531146044	octane-fitness-elliptical-pro-3500-xl-remanufactured	4	5	21	21
gid://shopify/Product/9878531178812	french-fitness-owtbh5-olympic-weight-tree-rack-bar-holder-new	2	3	4	4
gid://shopify/Product/9878531408188	precor-amt-885-with-open-stride-w-p80-console-remanufactured	4	4	19	19
gid://shopify/Product/9878531604796	french-fitness-napa-combo-twist-plate-loaded-new	3	5	27	27
gid://shopify/Product/9878531670332	body-solid-sprtb-dual-t-bar-platform-new	1	2	2	2
gid://shopify/Product/9878531801404	french-fitness-push-pull-weight-sled-new	3	6	11	11
gid://shopify/Product/9878531866940	octane-fitness-xt4700-elliptical-w-smart-console-remanufactured	4	6	22	22
gid://shopify/Product/9878532063548	precor-amt-885-w-p80-console-w-o-open-stride-remanufactured	4	4	19	19
gid://shopify/Product/9878532096316	body-solid-sprul-u-link-attachment-formerly-sr-ul-new	1	2	2	2
gid://shopify/Product/9878532161852	french-fitness-newport-3-way-flat-incline-decline-olympic-bench-new	3	6	27	27
gid://shopify/Product/9878532555068	body-solid-sprwph-weight-plate-horns-attachment-new	1	2	2	2
gid://shopify/Product/9878532718908	precor-amt-885-with-open-stride-w-p82-console-remanufactured	5	6	23	23
gid://shopify/Product/9878532817212	french-fitness-napa-ground-base-jammer-plate-loaded-new	3	5	27	27
gid://shopify/Product/9878532948284	octane-fitness-q35x-elliptical-remanufactured	4	4	15	15
gid://shopify/Product/9878533013820	body-solid-sr-bar-hex-system-monkey-bars-new	1	2	2	2
gid://shopify/Product/9878533341500	french-fitness-napa-hd-elite-half-rack-new	3	6	26	26
gid://shopify/Product/9878533505340	french-fitness-push-pull-weight-sled-v2-new	3	6	11	11
gid://shopify/Product/9878533538108	body-solid-sr-bp-hex-system-band-pegs-new	1	2	2	2
gid://shopify/Product/9878533636412	octane-fitness-q37c-elliptical-cross-trainer-remanufactured	4	4	15	15
gid://shopify/Product/9878533865788	body-solid-sr-bt-hex-system-ball-throw-new	1	2	2	2
gid://shopify/Product/9878533996860	french-fitness-napa-iso-lateral-prone-leg-curl-plate-loaded-new	3	5	27	27
gid://shopify/Product/9878534160700	french-fitness-ff-pbp-polyurethane-barbell-bar-pad-new	1	2	2	2
gid://shopify/Product/9878534259004	bodycraft-ect800g-elliptical-cross-trainer-new	3	4	10	10
gid://shopify/Product/9878534390076	body-solid-sr-dpu-hex-system-double-pull-up-new	1	2	2	2
gid://shopify/Product/9878534488380	french-fitness-portable-bumper-plate-stacker-rack-w-wheels-new	2	3	4	4
gid://shopify/Product/9878534586684	french-fitness-napa-iso-lateral-super-incline-press-plate-loaded-new	3	5	27	27
gid://shopify/Product/9878534848828	body-solid-sr-fpu-hex-system-flying-pull-up-new	1	2	2	2
gid://shopify/Product/9878535110972	french-fitness-napa-olympic-incline-bench-w-weight-storage-new	3	6	28	28
gid://shopify/Product/9878535176508	paramount-adductor-abductor-strength-remanufactured	5	6	26	26
gid://shopify/Product/9878535209276	body-solid-sr-kb-hex-system-kettlebell-tray-new	1	2	2	2
gid://shopify/Product/9878535766332	body-solid-sr-mb-hex-system-medicine-ball-tray-new	1	2	2	2
gid://shopify/Product/9878535864636	french-fitness-napa-seated-bicep-curl-plate-loaded-new	3	5	27	27
gid://shopify/Product/9878535930172	paramount-xfw-5300-abdominal-decline-bench-remanufactured	5	6	25	25
gid://shopify/Product/9878536126780	french-fitness-belt-squat-training-platform-plate-loaded-new	3	5	14	14
gid://shopify/Product/9878536159548	body-solid-sr-mgc-multi-grip-chin-up-2-attachment-new	1	2	2	2
gid://shopify/Product/9878536421692	french-fitness-napa-4-way-neck-plate-loaded-new	3	5	15	15
gid://shopify/Product/9878536683836	body-solid-sr-sbh-stability-ball-holder-attachment-new	1	2	2	2
gid://shopify/Product/9878536945980	french-fitness-napa-abdominal-oblique-crunch-plate-loaded-new	3	5	28	28
gid://shopify/Product/9878537077052	paramount-leg-extension-horizontal-curl-sf-1900-remanufactured	4	5	23	23
gid://shopify/Product/9878537568572	body-solid-sr-spu-hex-system-single-pull-up-new	1	2	2	2
gid://shopify/Product/9878537732412	french-fitness-napa-iso-lateral-chest-back-combo-plate-loaded-new	3	5	27	27
gid://shopify/Product/9878537797948	paramount-pl-4000-standing-chin-dip-assist-remanufactured	5	6	26	26
gid://shopify/Product/9878538125628	body-solid-sr-susp-hex-system-suspension-rings-new	1	2	2	2
gid://shopify/Product/9878538322236	french-fitness-napa-iso-lateral-decline-chest-press-plate-loaded-new	3	5	27	27
gid://shopify/Product/9878538387772	paramount-7-55t-treadmill-remanufactured	3	3	15	15
gid://shopify/Product/9878538584380	body-solid-sr-tbr-hex-system-t-bar-row-new	2	5	28	28
gid://shopify/Product/9878538617148	french-fitness-lat-pulldown-low-row-plate-loaded-new	4	7	23	23
gid://shopify/Product/9878538912060	french-fitness-napa-iso-lateral-d-y-row-plate-loaded-new	3	5	28	28
gid://shopify/Product/9878538977596	powerblock-pro-kettleblock-handle-new	1	2	2	2
gid://shopify/Product/9878539403580	french-fitness-plate-loaded-pulldown-portable-cable-trainer-slinger-new	2	3	4	4
gid://shopify/Product/9878539632956	body-solid-sr-wps-hex-system-weight-plate-storage-new	2	3	3	3
gid://shopify/Product/9878539665724	french-fitness-napa-iso-lateral-flat-chest-bench-press-plate-loaded-new	3	5	28	28
gid://shopify/Product/9878539895100	french-fitness-power-smith-dual-system-converging-bench-press-combo-plate-loaded-new	3	6	28	28
gid://shopify/Product/9878540091708	body-solid-stabb1-series-ii-back-and-ab-machine-new	3	7	13	13
gid://shopify/Product/9878540255548	french-fitness-napa-iso-lateral-front-lat-pulldown-plate-loaded-new	3	5	28	28
gid://shopify/Product/9878540321084	powerblock-pro-commercial-axe-handle-10lb-new	1	2	2	2
gid://shopify/Product/9878540484924	french-fitness-professional-barbell-rack-new	2	3	4	4
gid://shopify/Product/9878540812604	powerblock-pro-commercial-125-175-kit-new	2	3	9	9
gid://shopify/Product/9878540845372	body-solid-stbr500-pro-clubline-t-bar-row-machine-new	4	8	30	29
gid://shopify/Product/9878541074748	french-fitness-ps50-pit-shark-belt-squat-machine-new	3	4	11	11
gid://shopify/Product/9878541336892	powerblock-pro-32-commercial-set-new	3	5	8	8
gid://shopify/Product/9878541795644	french-fitness-psh10-power-sled-harness-new	1	2	2	2
gid://shopify/Product/9878541959484	french-fitness-napa-iso-lateral-horizontal-leg-press-plate-loaded-new	3	5	28	28
gid://shopify/Product/9878542156092	french-fitness-6-60-plyo-stackable-soft-jump-boxes-set-of-4-new	1	2	2	2
gid://shopify/Product/9878542221628	body-solid-stt45-strength-training-time-clock-new	1	2	2	2
gid://shopify/Product/9878542582076	french-fitness-napa-iso-lateral-incline-chest-press-plate-loaded-new	3	5	28	28
gid://shopify/Product/9878542614844	french-fitness-push-up-bars-set-of-2-new	1	2	2	2
gid://shopify/Product/9878542811452	powerblock-pro-50-commercial-set-new	4	7	15	15
gid://shopify/Product/9878542844220	body-solid-svkr1000-pro-club-line-vkr-vertical-knee-raise-chin-dip-new	3	7	18	18
gid://shopify/Product/9878543040828	french-fitness-2-5x5-pvc-foam-recumbent-bike-floor-mat-new	1	2	2	2
gid://shopify/Product/9878543171900	french-fitness-napa-iso-lateral-high-row-plate-loaded-new	3	5	27	27
gid://shopify/Product/9878543434044	french-fitness-3x4-pvc-foam-bike-stepper-floor-mat-new	1	2	2	2
gid://shopify/Product/9878543663420	french-fitness-napa-iso-lateral-kneeling-standing-leg-curl-plate-loaded-new	3	5	29	29
gid://shopify/Product/9878543728956	french-fitness-3x6-5-pvc-foam-elliptical-floor-mat-new	1	2	2	2
gid://shopify/Product/9878543925564	body-solid-pro-clubline-svkr1000b-vertical-knee-raise-new	3	7	17	17
gid://shopify/Product/9878544286012	french-fitness-3x7-5-pvc-foam-treadmill-floor-mat-new	1	2	2	2
gid://shopify/Product/9878544449852	french-fitness-napa-iso-lateral-leg-extension-plate-loaded-new	3	5	29	29
gid://shopify/Product/9878544580924	powerblock-pro-125-commercial-set-new	4	7	14	14
gid://shopify/Product/9878544646460	french-fitness-4x5-pvc-foam-elliptical-floor-mat-new	1	2	2	2
gid://shopify/Product/9878544711996	body-solid-swt14-standard-plate-tree-new	3	4	9	9
gid://shopify/Product/9878545006908	french-fitness-napa-lateral-raise-plate-loaded-new	3	5	27	27
gid://shopify/Product/9878545170748	french-fitness-4x8-pvc-foam-elliptical-floor-mat-new	1	2	2	2
gid://shopify/Product/9878545334588	body-solid-endurance-t150-commercial-treadmill-new	3	5	13	13
gid://shopify/Product/9878545531196	french-fitness-pvc-yoga-mat-new	1	2	2	2
gid://shopify/Product/9878545662268	french-fitness-napa-pullover-plate-loaded-new	3	5	27	27
gid://shopify/Product/9878545891644	powerblock-pro-175-commercial-set-new	4	6	13	13
gid://shopify/Product/9878545924412	french-fitness-r1-dual-adjustable-squat-stand-rack-new	3	4	8	8
gid://shopify/Product/9878546153788	body-solid-t25-endurance-folding-treadmill-new	3	5	13	13
gid://shopify/Product/9878546284860	french-fitness-napa-iso-lateral-rowing-low-row-plate-loaded-new	3	5	28	28
gid://shopify/Product/9878546514236	french-fitness-r10-cross-training-squat-stand-new	3	6	29	29
gid://shopify/Product/9878546547004	powerblock-adjustable-kettlebell-new	2	3	4	4
gid://shopify/Product/9878546940220	french-fitness-napa-super-horizontal-calf-plate-loaded-new	3	5	27	27
gid://shopify/Product/9878546972988	body-solid-t50-walking-treadmill-new	3	5	13	13
gid://shopify/Product/9878547169596	powerblock-heavy-adjustable-kettlebell-new	2	3	4	4
gid://shopify/Product/9878547530044	french-fitness-napa-squat-lunge-plate-loaded-new	3	5	27	27
gid://shopify/Product/9878547661116	french-fitness-r20-full-squat-rack-power-cage-w-bar-new	4	13	42	42
gid://shopify/Product/9878547726652	body-solid-tbr10-t-bar-row-platform-new	2	5	28	28
gid://shopify/Product/9878547824956	powerblock-pro-rack-stand-new	3	4	9	9
gid://shopify/Product/9878548087100	french-fitness-napa-seated-leg-curl-plate-loaded-new	3	5	27	27
gid://shopify/Product/9878548250940	powerblock-pro-max-w-commercial-casters-new	3	4	9	9
gid://shopify/Product/9878548283708	body-solid-tbr20-pivoting-t-bar-row-platform-new	2	5	28	28
gid://shopify/Product/9878548775228	powerblock-powerstand-new	3	4	9	9
gid://shopify/Product/9878548840764	french-fitness-r4-half-rack-new	3	4	7	7
gid://shopify/Product/9878548906300	body-solid-tbr50-home-plate-t-bar-row-landmine-new	2	6	32	32
gid://shopify/Product/9878549004604	french-fitness-napa-iso-lateral-shoulder-press-plate-loaded-new	3	5	28	28
gid://shopify/Product/9878549233980	powerblock-power-bench-new	3	4	9	9
gid://shopify/Product/9878549299516	french-fitness-r5-half-rack-new	3	4	6	6
gid://shopify/Product/9878549463356	body-solid-ts31-combo-thigh-ankle-strap-new	1	2	2	2
gid://shopify/Product/9878549627196	french-fitness-napa-seated-dip-tricep-press-plate-loaded-new	3	5	28	28
gid://shopify/Product/9878549725500	body-solid-vdra30-accessory-stand-rack-only-new	3	4	9	9
gid://shopify/Product/9878549791036	powerblock-pro-100-commercial-set-new	4	7	15	15
gid://shopify/Product/9878549823804	french-fitness-r6-cross-training-squat-stand-new	3	6	29	29
gid://shopify/Product/9878550151484	body-solid-vdra30-pack-accessory-stand-rack-package-new	3	8	13	13
gid://shopify/Product/9878550217020	french-fitness-napa-tibia-dorsi-flexion-plate-loaded-new	3	5	26	26
gid://shopify/Product/9878550282556	french-fitness-r8-half-cage-squat-rack-new	3	6	29	29
gid://shopify/Product/9878550643004	french-fitness-napa-iso-lateral-wide-chest-plate-loaded-new	3	5	28	28
gid://shopify/Product/9878550708540	power-plate-personal-vibration-trainer-remanufactured	5	5	15	15
gid://shopify/Product/9878550970684	french-fitness-rb200-commercial-recumbent-bike-new	4	5	10	10
gid://shopify/Product/9878551331132	french-fitness-napa-wrist-curl-machine-plate-loaded-new	3	5	25	25
gid://shopify/Product/9878551429436	precor-icarian-smith-machine-remanufactured	5	7	46	46
gid://shopify/Product/9878551494972	french-fitness-resistance-band-set-of-5-w-handles-new	2	3	3	3
gid://shopify/Product/9878551855420	body-solid-vkr30-vertical-knee-raise-attachment-new	2	3	7	7
gid://shopify/Product/9878551888188	french-fitness-napa-iso-lateral-wide-pulldown-plate-loaded-new	3	5	28	28
gid://shopify/Product/9878552314172	body-solid-wsp200-200-lb-premium-weight-stack-new	1	2	2	2
gid://shopify/Product/9878552379708	french-fitness-mini-resistance-bands-exercise-loops-600mm-x-50mm-set-of-5-new	1	2	2	2
gid://shopify/Product/9878552576316	french-fitness-napa-rear-kick-back-glute-new	3	4	11	11
gid://shopify/Product/9878552838460	body-solid-wt46-olympic-plate-tree-bar-holder-new	2	3	5	5
gid://shopify/Product/9878553035068	french-fitness-shasta-selectorized-back-extension-new	3	6	13	13
gid://shopify/Product/9878553231676	paramount-fitness-pft-200-2-stack-functional-trainer-remanufactured	6	19	75	75
gid://shopify/Product/9878553395516	french-fitness-mini-resistance-bands-exercise-loop-600mm-x-50mm-red-25-30-lbs-new	1	2	2	2
gid://shopify/Product/9878553428284	body-solid-wta2-plate-horn-attachment-new	1	2	2	2
gid://shopify/Product/9878553624892	french-fitness-shasta-selectorized-horizontal-calf-new	3	6	14	14
gid://shopify/Product/9878553919804	french-fitness-mini-resistance-bands-exercise-loop-600mm-x-50mm-blue-10-15-lbs-new	1	2	2	2
gid://shopify/Product/9878553952572	body-solid-bstart-5pack-ankle-cuff-resistance-tubes-new	1	2	2	2
gid://shopify/Product/9878554378556	french-fitness-mini-resistance-bands-exercise-loop-600mm-x-50mm-yellow-15-20-lbs-new	1	2	2	2
gid://shopify/Product/9878554411324	french-fitness-shasta-selectorized-horizontal-leg-press-new	3	5	11	11
gid://shopify/Product/9878554476860	body-solid-tools-bstfwh-farmers-walk-bars-pair-new	1	2	2	2
gid://shopify/Product/9878554640700	french-fitness-mini-resistance-bands-exercise-loop-600mm-x-50mm-black-30-40-lbs-new	1	2	2	2
gid://shopify/Product/9878555033916	french-fitness-napa-smith-machine-plate-loaded-new	3	5	28	28
gid://shopify/Product/9878555132220	french-fitness-mini-resistance-bands-exercise-loop-600mm-x-50mm-green-5-10-lbs-new	1	2	2	2
gid://shopify/Product/9878555164988	pneuback-chair-w-chair-unweighting-remanufactured	4	4	20	20
gid://shopify/Product/9878555459900	french-fitness-napa-seal-row-bench-new	3	6	17	17
gid://shopify/Product/9878555492668	french-fitness-resistance-band-w-handles-green-18-25-lbs-heavy-new	1	2	2	2
gid://shopify/Product/9878555820348	body-solid-bsthrb40-40-lbs-heavy-rubber-ball-green-new	1	2	2	2
gid://shopify/Product/9878555885884	pneumap-posture-gauge-remanufactured	4	4	20	20
gid://shopify/Product/9878556016956	french-fitness-resistance-band-w-handles-red-8-15-lbs-light-new	1	2	2	2
gid://shopify/Product/9878556213564	body-solid-bsthrb50-50-lbs-heavy-rubber-ball-red-new	1	2	2	2
gid://shopify/Product/9878556311868	french-fitness-napa-seated-standing-shrug-plate-loaded-new	3	5	28	28
gid://shopify/Product/9878556410172	pneuweight-single-unweighting-exercise-system-w-2-vests-compressor-remanufactured	4	5	19	19
gid://shopify/Product/9878556541244	french-fitness-resistance-band-w-handles-blue-13-20-lbs-medium-new	1	2	2	2
gid://shopify/Product/9878557131068	french-fitness-napa-vertical-leg-press-plate-loaded-new	3	7	37	37
gid://shopify/Product/9878557163836	french-fitness-resistance-band-w-handles-black-23-30-lbs-x-heavy-new	1	2	2	2
gid://shopify/Product/9878557622588	french-fitness-resistance-band-w-handles-yellow-5-10-lbs-x-light-new	1	2	2	2
gid://shopify/Product/9878557688124	pneuweight-double-unweighting-exercise-system-remanufactured	4	5	19	19
gid://shopify/Product/9878557753660	body-solid-bstljo2-oly-2-lock-jaw-collars-yellow-new	1	2	2	2
gid://shopify/Product/9878558015804	french-fitness-newport-selectorized-abdominal-crunch-new	3	5	12	12
gid://shopify/Product/9878558343484	french-fitness-resistance-band-set-5-pack-10lb-15lb-20lb-25lb-30lb-new	2	3	3	3
gid://shopify/Product/9878558638396	power-plate-move-power-shield-black-new	2	3	7	7
gid://shopify/Product/9878558671164	french-fitness-newport-dual-cable-cross-new	4	19	62	62
gid://shopify/Product/9878558900540	french-fitness-resistance-band-blue-20-lbs-new	1	2	2	2
gid://shopify/Product/9878559326524	french-fitness-resistance-band-black-30-lbs-new	1	2	2	2
gid://shopify/Product/9878559359292	power-plate-my7-series-power-shield-graphite-new	1	2	2	2
gid://shopify/Product/9878559392060	sportsart-c5150-recumbent-bike-remanufactured	4	4	17	17
gid://shopify/Product/9878559785276	power-plate-my7-series-power-shield-black-new	1	2	2	2
gid://shopify/Product/9878559818044	french-fitness-resistance-band-green-25-lbs-new	1	2	2	2
gid://shopify/Product/9878560080188	sportsart-c52r-recumbent-bike-remanufactured	4	4	17	17
gid://shopify/Product/9878560276796	french-fitness-resistance-band-red-15-lbs-new	1	2	2	2
gid://shopify/Product/9878560309564	power-plate-move-stability-bar-power-shield-new	1	2	2	2
gid://shopify/Product/9878560866620	french-fitness-newport-selectorized-glute-machine-new	3	5	12	12
gid://shopify/Product/9878560899388	sportsart-c530r-recumbent-bike-remanufactured	4	4	17	17
gid://shopify/Product/9878560964924	french-fitness-resistance-band-yellow-10-lbs-new	1	2	2	2
gid://shopify/Product/9878561063228	power-plate-move-stability-bar-new	2	3	7	7
gid://shopify/Product/9878561325372	french-fitness-newport-selectorized-triceps-press-new	3	5	12	12
gid://shopify/Product/9878561489212	power-plate-my-series-new-power-shield-new	1	2	2	2
gid://shopify/Product/9878561521980	sportsart-c570r-recumbent-bike-remanufactured	4	4	17	17
gid://shopify/Product/9878561980732	power-plate-pro7-series-power-shield-graphite-new	1	2	2	2
gid://shopify/Product/9878562079036	precor-c846i-recumbent-exercise-bike-remanufactured	4	4	18	18
gid://shopify/Product/9878562308412	power-plate-pro7-series-power-shield-black-new	1	2	2	2
gid://shopify/Product/9878562406716	french-fitness-phoenix-commercial-flat-decline-incline-bench-new	3	4	8	8
gid://shopify/Product/9878562537788	precor-c846i-upright-exercise-bike-remanufactured	4	4	18	18
gid://shopify/Product/9878562668860	power-plate-large-support-cushion-new	1	2	2	2
gid://shopify/Product/9878562865468	french-fitness-phoenix-dual-cable-cross-silver-new	4	19	62	62
gid://shopify/Product/9878563029308	power-plate-cable-accessory-kit-new	1	2	2	2
gid://shopify/Product/9878563455292	power-plate-total-body-cable-accessory-kit-new	1	2	2	2
gid://shopify/Product/9878563488060	precor-c936i-treadmill-remanufactured	4	5	20	20
gid://shopify/Product/9878564077884	precor-c954i-treadmill-remanufactured	4	5	20	20
gid://shopify/Product/9878564569404	precor-c956-treadmill-remanufactured	4	5	20	20
gid://shopify/Product/9878564733244	french-fitness-phoenix-plate-loaded-pro-power-squat-new	3	5	27	27
gid://shopify/Product/9878565093692	precor-c956i-commercial-treadmill-remanufactured	4	5	20	20
gid://shopify/Product/9878565224764	french-fitness-phoenix-rotary-torso-rotation-new	3	5	12	12
gid://shopify/Product/9878565683516	precor-c966-treadmill-remanufactured	4	5	20	20
gid://shopify/Product/9878565749052	power-plate-pro5-power-shield-silver-new	1	2	2	2
gid://shopify/Product/9878565781820	bodycraft-f615-hold-down-attachment-kit-new	2	3	5	5
gid://shopify/Product/9878565814588	french-fitness-phoenix-total-abdominal-crunch-new	3	5	12	12
gid://shopify/Product/9878566175036	power-plate-pro5-power-shield-black-new	1	2	2	2
gid://shopify/Product/9878566207804	precor-commercial-c966i-treadmill-remanufactured	4	5	20	20
gid://shopify/Product/9878566240572	french-fitness-red-7-86-45-lb-cerakote-olympic-bar-1500-lb-new	2	4	28	28
gid://shopify/Product/9878566404412	power-plate-personal-power-shield-new	1	2	2	2
gid://shopify/Product/9878566732092	french-fitness-rubber-grip-21-revolving-straight-bar-new	1	2	2	2
gid://shopify/Product/9878566863164	freemotion-cable-cross-machine-gzfm60063-remanufactured	6	19	73	73
gid://shopify/Product/9878566928700	power-plate-folding-support-cushion-new	1	2	2	2
gid://shopify/Product/9878567059772	french-fitness-28-rubber-grip-pro-style-lat-bar-new	1	2	2	2
gid://shopify/Product/9878567256380	power-plate-personal-stability-bar-new	1	2	2	2
gid://shopify/Product/9878567518524	french-fitness-28-rubber-grip-revolving-curl-bar-new	1	2	2	2
gid://shopify/Product/9878567616828	power-plate-my3-acceleration-trainer-new	4	5	11	11
gid://shopify/Product/9878567780668	french-fitness-34-rubber-grip-pro-style-lat-bar-new	1	2	2	2
gid://shopify/Product/9878568239420	french-fitness-38-rubber-grip-lat-bar-new	1	2	2	2
gid://shopify/Product/9878568403260	power-plate-my5-vibration-platform-new	4	6	12	12
gid://shopify/Product/9878568599868	french-fitness-38-rubber-grip-pro-style-lat-bar-new	1	2	2	2
gid://shopify/Product/9878568698172	balanced-body-trapeze-table-cadillac-remanufactured	4	4	14	14
gid://shopify/Product/9878569091388	french-fitness-48-rubber-grip-lat-bar-new	1	2	2	2
gid://shopify/Product/9878569353532	cardiogym-cg6-remanufactured	4	4	20	20
gid://shopify/Product/9878569517372	french-fitness-12-rubber-grip-tricep-pressdown-bar-new	1	2	2	2
gid://shopify/Product/9878569746748	power-plate-my7-matte-black-new	4	7	13	13
gid://shopify/Product/9878569845052	french-fitness-23-rubber-grip-triceps-press-down-bar-new	1	2	2	2
gid://shopify/Product/9878570041660	versaclimber-cl-108a-stair-climber-remanufactured	4	8	21	21
gid://shopify/Product/9878570271036	french-fitness-ffs-silver-360t-energy-group-training-system-new	4	19	56	56
gid://shopify/Product/9878570991932	power-plate-personal-new	4	9	15	15
gid://shopify/Product/9878571680060	versaclimber-cl-108cm-club-model-remanufactured	4	9	22	22
gid://shopify/Product/9878572237116	french-fitness-ffs-silver-360xl-energy-group-training-system-new	4	21	58	58
gid://shopify/Product/9878572794172	power-plate-pro5-vibration-trainer-matte-black-new	4	6	12	12
gid://shopify/Product/9878574170428	power-plate-pro7-matte-black-new	4	7	13	13
gid://shopify/Product/9878574203196	bodycraft-gl-150-strength-training-system-new	4	10	30	30
gid://shopify/Product/9878574399804	french-fitness-ffs-silver-360xs-energy-group-training-system-new	4	20	57	57
gid://shopify/Product/9878575776060	power-plate-pro7hc-remanufactured	5	7	23	23
gid://shopify/Product/9878576300348	french-fitness-ffs-silver-45-degree-hyperextension-back-extension-new	3	4	9	9
gid://shopify/Product/9878576595260	power-plate-rev-new	3	5	11	11
gid://shopify/Product/9878577119548	french-fitness-ffs-silver-45-degree-linear-leg-press-new	3	5	27	27
gid://shopify/Product/9878577250620	versaclimber-cl-108o-versa-climber-remanufactured	4	8	21	21
gid://shopify/Product/9878577709372	power-plate-rev-wood-finish-new	3	5	11	11
gid://shopify/Product/9878578594108	versaclimber-cl-108sm-sport-model-remanufactured	4	12	25	25
gid://shopify/Product/9878578659644	french-fitness-ffs-silver-4-stack-multi-jungle-gym-new	6	16	42	42
gid://shopify/Product/9878578790716	power-plate-classic-machine-remanufactured	5	5	21	21
gid://shopify/Product/9878579380540	power-plate-move-silver-remanufactured	5	9	22	22
gid://shopify/Product/9878579609916	versaclimber-cl-109o-versa-climber-remanufactured	4	11	24	24
gid://shopify/Product/9878579708220	french-fitness-ffs-silver-5-stack-multi-jungle-gym-new	6	18	47	47
gid://shopify/Product/9878580691260	cybex-classic-hip-abduction-outer-thigh-remanufactured	5	8	34	34
gid://shopify/Product/9878580789564	french-fitness-ffs-silver-8-stack-multi-jungle-gym-new	6	16	44	44
gid://shopify/Product/9878581412156	cybex-classic-hip-adduction-inner-thigh-remanufactured	5	8	34	34
gid://shopify/Product/9878581674300	power-plate-move-matte-black-new	4	8	13	13
gid://shopify/Product/9878581870908	french-fitness-ffs-silver-abdominal-adj-decline-bench-new	3	4	9	9
gid://shopify/Product/9878582165820	cybex-classic-bicep-curl-remanufactured	5	8	29	29
gid://shopify/Product/9878582427964	french-fitness-ffs-silver-ab-crunch-bench-new	3	4	9	9
gid://shopify/Product/9878582460732	power-plate-move-red-new	4	8	13	13
gid://shopify/Product/9878582853948	cybex-classic-chest-press-remanufactured	5	8	30	30
gid://shopify/Product/9878582886716	french-fitness-ffs-silver-adjustable-cable-crossover-new	4	21	67	67
gid://shopify/Product/9878583148860	power-plate-move-silver-new	4	8	13	13
gid://shopify/Product/9878583542076	cybex-classic-fly-press-remanufactured	5	8	28	28
gid://shopify/Product/9878583869756	power-plate-move-wood-finish-new	4	8	13	13
gid://shopify/Product/9878584262972	cybex-classic-shoulder-press-remanufactured	5	8	30	30
gid://shopify/Product/9878584787260	french-fitness-shasta-assisted-chin-dip-new	3	6	14	14
gid://shopify/Product/9878585049404	precor-clm-835-stair-stepper-w-p30-console-remanufactured	4	5	21	21
gid://shopify/Product/9878585344316	french-fitness-shasta-abdominal-crunch-lower-back-new	3	6	14	14
gid://shopify/Product/9878585606460	precor-efx-833-elliptical-w-converging-crossramp-p31-console-remanufactured	5	5	21	21
gid://shopify/Product/9878585671996	life-fitness-club-series-elliptical-cross-trainer-remanufactured	4	4	19	19
gid://shopify/Product/9878586425660	french-fitness-silver-arc-elliptical-trainer-new	3	4	11	11
gid://shopify/Product/9878586753340	concept2-bikeerg-stationary-bike-w-pm5-console-new	3	4	10	10
gid://shopify/Product/9878586818876	french-fitness-shasta-bicep-arm-curl-new	3	6	14	14
gid://shopify/Product/9878587244860	bodycraft-glx-leg-press-option-new	2	3	6	6
gid://shopify/Product/9878587507004	french-fitness-ffs-silver-cable-column-new	4	18	61	61
gid://shopify/Product/9878587670844	concept2-rowerg-indoor-rower-w-pm5-console-new	3	7	14	14
gid://shopify/Product/9878589342012	precor-discovery-series-selectorized-biceps-curl-remanufactured	5	6	28	28
gid://shopify/Product/9878589407548	french-fitness-rubber-flooring-ramps-beveled-edge-transition-strip-12mm-v1-new	2	3	4	4
gid://shopify/Product/9878589505852	concept2-skierg-w-pm5-console-new	3	5	10	10
gid://shopify/Product/9878589571388	french-fitness-shasta-cable-lat-pulldown-new	4	9	26	26
gid://shopify/Product/9878591144252	french-fitness-rubber-grip-rgh45-revolving-stirrup-handle-new	1	2	2	2
gid://shopify/Product/9878591570236	precor-discovery-series-selectorized-triceps-extension-remanufactured	5	6	28	28
gid://shopify/Product/9878592422204	french-fitness-rubber-grip-multi-purpose-bar-new	1	2	2	2
gid://shopify/Product/9878592651580	french-fitness-shasta-chest-press-new	3	6	14	14
gid://shopify/Product/9878593634620	precor-discovery-series-selectorized-back-extension-remanufactured	4	4	20	20
gid://shopify/Product/9878594650428	french-fitness-shasta-chest-shoulder-multi-press-new	3	6	14	14
gid://shopify/Product/9878594683196	life-fitness-ct-9100-elliptical-cross-trainer-remanufactured	4	4	19	19
gid://shopify/Product/9878594715964	precor-discovery-series-selectorized-diverging-lat-pulldown-remanufactured	6	9	37	37
gid://shopify/Product/9878594847036	french-fitness-rubber-grip-olympic-plate-10-lbs-black-new	2	3	4	4
gid://shopify/Product/9878595240252	cybex-cx-445t-treadmill-remanufactured	4	5	21	21
gid://shopify/Product/9878595338556	french-fitness-rubber-grip-olympic-weight-plate-set-100-lbs-new	4	8	20	20
gid://shopify/Product/9878595535164	precor-discovery-series-selectorized-chest-press-remanufactured	5	6	28	28
gid://shopify/Product/9878595567932	french-fitness-ffs-silver-dual-adjustable-pulley-new	4	17	57	57
gid://shopify/Product/9878596026684	cybex-530s-cyclone-stepper-remanufactured	4	4	19	19
gid://shopify/Product/9878596190524	precor-discovery-series-selectorized-shoulder-press-remanufactured	5	6	26	26
gid://shopify/Product/9878596485436	cybex-utility-bench-remanufactured	5	6	26	26
gid://shopify/Product/9878596813116	precor-discovery-series-selectorized-prone-leg-curl-remanufactured	5	6	28	28
gid://shopify/Product/9878596911420	french-fitness-rubber-grip-olympic-weight-plate-set-120-lbs-new	4	8	20	20
gid://shopify/Product/9878597108028	cybex-625a-arc-trainer-w-e3-console-remanufactured	4	4	19	19
gid://shopify/Product/9878597435708	french-fitness-shasta-biceps-curl-triceps-extension-new	3	6	13	13
gid://shopify/Product/9878597501244	precor-discovery-series-selectorized-glute-extension-remanufactured	5	6	28	28
gid://shopify/Product/9878597763388	french-fitness-rubber-grip-olympic-weight-plate-set-140-lbs-new	4	8	20	20
gid://shopify/Product/9878597894460	cybex-625c-upright-bike-w-e3-console-remanufactured	4	4	17	17
gid://shopify/Product/9878598156604	precor-discovery-series-selectorized-seated-leg-curl-remanufactured	4	4	18	18
gid://shopify/Product/9878598484284	cybex-625r-recumbent-bike-w-e3-console-remanufactured	4	4	18	18
gid://shopify/Product/9878598615356	french-fitness-ffs-silver-elite-smith-machine-new	3	6	35	35
gid://shopify/Product/9878598648124	french-fitness-rubber-grip-olympic-weight-plate-set-170-lbs-new	4	8	20	20
gid://shopify/Product/9878598877500	precor-efx-835-elliptical-w-converging-crossramp-p31-console-remanufactured	4	4	19	19
gid://shopify/Product/9878599237948	cybex-750c-upright-fitness-bike-remanufactured	5	6	21	21
gid://shopify/Product/9878599336252	french-fitness-shasta-fixed-lat-pulldown-new	3	6	13	13
gid://shopify/Product/9878599467324	french-fitness-rubber-grip-olympic-weight-plate-set-190-lbs-new	4	8	20	20
gid://shopify/Product/9878599532860	precor-icarian-chin-dip-assist-remanufactured	5	7	24	24
gid://shopify/Product/9878599827772	french-fitness-ffs-silver-glute-machine-new	3	5	12	12
gid://shopify/Product/9878599860540	cybex-770c-upright-fitness-bike-remanufactured	4	6	21	21
gid://shopify/Product/9878600122684	precor-icarian-super-squat-624-remanufactured	5	6	26	26
gid://shopify/Product/9878600253756	french-fitness-rubber-grip-weight-plate-set-w-7-ft-olympic-bar-235-lbs-new	4	6	11	11
gid://shopify/Product/9878600319292	french-fitness-shasta-inner-outer-thigh-machine-new	3	6	14	14
gid://shopify/Product/9878600384828	cybex-770c-upright-bike-w-e3-console-remanufactured	4	4	18	18
gid://shopify/Product/9878600581436	precor-trm-781-treadmill-w-p82-console-remanufactured	4	5	20	20
gid://shopify/Product/9878600712508	french-fitness-rubber-grip-weight-plate-set-w-7-ft-olympic-bar-235-lbs-bench-new	3	6	13	13
gid://shopify/Product/9878600778044	french-fitness-shasta-hip-adductor-inner-thigh-new	3	6	12	12
gid://shopify/Product/9878600810812	cybex-adjustable-bench-w-0-80-degree-incline-remanufactured	5	6	25	25
gid://shopify/Product/9878601302332	french-fitness-shasta-hip-abductor-outer-thigh-new	3	6	12	12
gid://shopify/Product/9878601498940	cybex-bent-leg-abdominal-board-remanufactured	5	6	25	25
gid://shopify/Product/9878601531708	precor-trm-833-treadmill-w-p30-console-remanufactured	4	5	20	20
gid://shopify/Product/9878601564476	french-fitness-rubber-grip-olympic-plate-25-lbs-black-new	2	3	4	4
gid://shopify/Product/9878601924924	french-fitness-ffs-silver-half-ball-captains-chair-leg-raise-vkr-new	4	7	16	16
gid://shopify/Product/9878602088764	french-fitness-rubber-grip-olympic-weight-plate-set-260-lbs-new	4	8	20	20
gid://shopify/Product/9878602318140	precor-trm-835-v2-treadmill-w-p30-console-remanufactured	4	5	20	20
gid://shopify/Product/9878602580284	french-fitness-ffs-silver-leverage-horizontal-bench-press-plate-loaded-new	3	5	27	27
gid://shopify/Product/9878602776892	cybex-800s-ct-stepper-remanufactured	4	4	19	19
gid://shopify/Product/9878602973500	french-fitness-rubber-grip-olympic-plate-2-5-lbs-black-new	2	3	4	4
gid://shopify/Product/9878603039036	precor-trm-865-v2-treadmill-w-p62-console-remanufactured	4	4	19	19
gid://shopify/Product/9878603235644	french-fitness-silver-ffs-linear-hack-squat-new	3	5	27	27
gid://shopify/Product/9878603628860	french-fitness-rubber-grip-weight-plate-set-w-7-ft-olympic-bar-305-lbs-new	4	6	12	12
gid://shopify/Product/9878603661628	precor-trm-885-v1-treadmill-w-p80-console-remanufactured	4	4	19	19
gid://shopify/Product/9878603956540	french-fitness-shasta-lat-pulldown-low-row-new	4	9	26	26
gid://shopify/Product/9878603989308	tectrix-by-cybex-bike-max-r-bmr-recumbent-bike-remanufactured-1	4	4	16	16
gid://shopify/Product/9878604349756	french-fitness-rubber-grip-olympic-plate-35-lbs-black-new	2	3	4	4
gid://shopify/Product/9878604448060	precor-trm-885-treadmill-w-p82-console-remanufactured	5	6	24	24
gid://shopify/Product/9878604677436	cybex-eagle-nx-arm-extension-20080-remanufactured	5	6	28	28
gid://shopify/Product/9878604972348	french-fitness-rubber-grip-olympic-weight-plate-set-350-lbs-new	4	8	21	21
gid://shopify/Product/9878605300028	cybex-prestige-strength-vrs-chest-press-remanufactured	5	6	26	26
gid://shopify/Product/9878605431100	precor-trm-885-v2-treadmill-w-p80-console-remanufactured	4	4	19	19
gid://shopify/Product/9878606184764	french-fitness-rubber-grip-weight-plate-set-w-7-ft-olympic-bar-395-lbs-new	4	6	12	12
gid://shopify/Product/9878606381372	cybex-prestige-strength-vrs-overhead-press-remanufactured	5	6	26	26
gid://shopify/Product/9878606610748	french-fitness-shasta-lateral-raise-new	3	6	13	13
gid://shopify/Product/9878606676284	precor-820-multi-gym-8-stack-10-station-remanufactured	6	15	58	58
gid://shopify/Product/9878607003964	french-fitness-rubber-grip-weight-plate-set-w-7-ft-olympic-bar-395-lbs-bench-new	4	7	15	15
gid://shopify/Product/9878607102268	cybex-r-series-70t-lower-body-arc-trainer-remanufactured	4	4	20	20
gid://shopify/Product/9878607397180	french-fitness-ffs-silver-mab-multi-adjustable-bench-new	3	4	8	8
gid://shopify/Product/9878607692092	cybex-r-series-70t-recumbent-bike-remanufactured	4	4	18	18
gid://shopify/Product/9878607757628	french-fitness-rubber-grip-olympic-plate-45-lbs-black-new	2	3	4	4
gid://shopify/Product/9878607954236	french-fitness-shasta-multi-hip-and-glute-new	3	6	14	14
gid://shopify/Product/9878608249148	precor-946i-commercial-experience-treadmill-remanufactured	4	5	20	20
gid://shopify/Product/9878608314684	french-fitness-rubber-grip-olympic-weight-plate-set-450-lbs-new	4	8	20	20
gid://shopify/Product/9878608511292	cybex-r-series-70t-treadmill-remanufactured	4	5	20	20
gid://shopify/Product/9878608675132	french-fitness-ffs-silver-olympic-decline-bench-new	3	6	28	28
gid://shopify/Product/9878608871740	precor-ab100p-abench-pro-remanufactured	5	6	26	26
gid://shopify/Product/9878609068348	french-fitness-rubber-grip-olympic-plate-5-lbs-black-new	2	3	4	4
gid://shopify/Product/9878609199420	cybex-vr-lat-pulldown-remanufactured	6	9	39	39
gid://shopify/Product/9878609297724	french-fitness-ffs-silver-olympic-flat-bench-press-new	3	6	28	28
gid://shopify/Product/9878609461564	body-solid-bfcco10-best-fitness-cable-crossover-new	3	4	8	8
gid://shopify/Product/9878609559868	precor-ab102-ab-bench-remanufactured	5	6	26	26
gid://shopify/Product/9878609592636	french-fitness-rubber-grip-olympic-weight-plate-set-50-lbs-new	4	8	20	20
gid://shopify/Product/9878610018620	french-fitness-ffs-silver-olympic-flat-bench-w-weight-horns-new	3	6	28	28
gid://shopify/Product/9878610051388	cybex-eagle-chest-press-11000-remanufactured	5	6	26	26
gid://shopify/Product/9878610247996	precor-discovery-adjustable-decline-ab-bench-remanufactured	5	6	26	26
gid://shopify/Product/9878610346300	french-fitness-rubber-grip-olympic-weight-plate-set-70-lbs-new	4	8	20	20
gid://shopify/Product/9878610542908	french-fitness-ffs-silver-olympic-incline-bench-new	3	6	28	28
gid://shopify/Product/9878610608444	cybex-eagle-incline-pull-11020-remanufactured	5	6	26	26
gid://shopify/Product/9878610870588	precor-vitality-series-chest-press-remanufactured	5	6	27	27
gid://shopify/Product/9878611099964	french-fitness-rubber-grip-seated-row-chin-bar-new	1	2	2	2
gid://shopify/Product/9878611231036	cybex-eagle-arm-tricep-extension-11080-remanufactured	5	6	28	28
gid://shopify/Product/9878611296572	french-fitness-ffs-silver-olympic-military-bench-new	3	7	41	41
gid://shopify/Product/9878611394876	precor-vitality-series-lat-pulldown-remanufactured	6	9	37	37
gid://shopify/Product/9878611493180	french-fitness-rubber-grip-triceps-v-bar-new	1	2	2	2
gid://shopify/Product/9878611951932	cybex-eagle-ab-abdominal-crunch-11090-remanufactured	5	6	28	28
gid://shopify/Product/9878611984700	french-fitness-rh80-reverse-hyperextension-donkey-kick-new	3	4	9	9
gid://shopify/Product/9878612214076	precor-vitality-series-leg-extension-remanufactured	5	6	27	27
gid://shopify/Product/9878612312380	french-fitness-ffs-silver-olympic-squat-rack-new	3	7	35	35
gid://shopify/Product/9878612705596	bodyguard-t460xc-treadmill-remanufactured	4	4	19	19
gid://shopify/Product/9878612738364	french-fitness-wall-mount-rig-rack-system-1-new	4	27	84	84
gid://shopify/Product/9878612836668	cybex-eagle-lateral-raise-11160-remanufactured	5	6	26	26
gid://shopify/Product/9878613295420	precor-vitality-series-seated-leg-curl-remanufactured	5	6	27	27
gid://shopify/Product/9878613492028	french-fitness-ffs-silver-pectoral-pec-fly-new	3	5	12	12
gid://shopify/Product/9878613655868	bh-fitness-vibration-platform-remanufactured	4	4	18	18
gid://shopify/Product/9878613688636	cybex-vr3-bicep-arm-curl-12070-remanufactured	5	6	28	28
gid://shopify/Product/9878614180156	precor-c010es-vitality-leg-press-calf-extension-remanufactured	5	6	27	27
gid://shopify/Product/9878614245692	french-fitness-shasta-pec-fly-rear-delt-new	3	6	14	14
gid://shopify/Product/9878614573372	cybex-bent-leg-abdominal-board-16171-remanufactured	5	6	25	25
gid://shopify/Product/9878614606140	biodex-950-120-semi-recumbent-cycle-remanufactured	4	4	18	18
gid://shopify/Product/9878615687484	precor-vitality-series-shoulder-press-remanufactured	5	6	27	27
gid://shopify/Product/9878615785788	french-fitness-shasta-prone-leg-curl-new	3	6	14	14
gid://shopify/Product/9878616015164	cybex-prestige-series-leg-raise-chair-16180-remanufactured	5	6	26	26
gid://shopify/Product/9878616080700	biodex-medical-945-130-upper-body-cycle-ube-remanufactured	4	4	14	14
gid://shopify/Product/9878616408380	precor-vitality-c027es-leg-extension-leg-curl-remanufactured	5	6	27	27
gid://shopify/Product/9878616637756	french-fitness-shasta-prone-leg-curl-leg-extension-new	3	6	14	14
gid://shopify/Product/9878616965436	biodex-biostep-semi-recumbent-elliptical-remanufactured	4	4	18	18
gid://shopify/Product/9878616998204	cybex-eagle-nx-leg-extension-20050-51-remanufactured	5	6	28	28
gid://shopify/Product/9878617227580	precor-icarian-cw-408-flat-olympic-bench-remanufactured	5	6	24	24
gid://shopify/Product/9878617489724	biodex-biostep-2-950-240-semi-recumbent-elliptical-remanufactured	4	4	18	18
gid://shopify/Product/9878617522492	cybex-eagle-nx-abdominal-20090-remanufactured	5	6	28	28
gid://shopify/Product/9878617817404	french-fitness-ffs-silver-seated-calf-raise-plate-loaded-new	3	5	29	29
gid://shopify/Product/9878618014012	precor-icarian-cw-702-vkr-vertical-knee-raise-remanufactured	5	6	26	26
gid://shopify/Product/9878618341692	cybex-prestige-strength-vrs-standing-calf-raise-21110-remanufactured	5	6	28	28
gid://shopify/Product/9878618538300	french-fitness-ffs-silver-super-v-squat-plate-loaded-new	3	5	27	27
gid://shopify/Product/9878618702140	bodymasters-decline-portable-bench-remanufactured	5	6	24	24
gid://shopify/Product/9878618865980	precor-icarian-5-stack-cw2200-multi-station-gym-remanufactured	6	15	58	58
gid://shopify/Product/9878619160892	cybex-prestige-total-access-seated-leg-curl-21461-remanufactured	5	6	26	26
gid://shopify/Product/9878619193660	french-fitness-silver-ffs-pull-up-vertical-knee-raise-vkr-new	3	4	9	9
gid://shopify/Product/9878619357500	bodymasters-prone-leg-curl-remanufactured	4	5	23	23
gid://shopify/Product/9878619717948	french-fitness-ffs-silver-selectorized-abdominal-crunch-new	3	6	14	14
gid://shopify/Product/9878619914556	cybex-classic-4100-horizontal-leg-press-remanufactured	5	8	29	29
gid://shopify/Product/9878619947324	french-fitness-free-standing-rig-rack-system-10-new	4	34	80	80
gid://shopify/Product/9878620143932	bodymasters-plate-loaded-leverage-t-bar-row-remanufactured	5	7	41	41
gid://shopify/Product/9878620340540	french-fitness-shasta-selectorized-horizontal-ab-crunch-new	3	6	14	14
gid://shopify/Product/9878620635452	cybex-prestige-45-degree-back-hyperextension-remanufactured	5	6	22	22
gid://shopify/Product/9878620668220	precor-discovery-squat-machine-dpl0624-plate-loaded-remanufactured	5	6	26	26
gid://shopify/Product/9878620832060	bodymasters-smith-machine-remanufactured	5	7	40	40
gid://shopify/Product/9878620963132	french-fitness-shasta-seated-leg-curl-new	3	6	14	14
gid://shopify/Product/9878621159740	cybex-sparc-trainer-50a1-elliptical-remanufactured	4	4	20	20
gid://shopify/Product/9878621225276	precor-efx-524-elliptical-remanufactured	4	4	19	19
gid://shopify/Product/9878621749564	french-fitness-shasta-seated-leg-curl-leg-extension-new	3	6	14	14
gid://shopify/Product/9878621880636	precor-icarian-2-tier-saddle-dumbbell-rack-10-pairs-remanufactured	4	4	16	16
gid://shopify/Product/9878621946172	cybex-525at-arc-trainer-remanufactured	4	4	19	19
gid://shopify/Product/9878622241084	french-fitness-shasta-seated-leg-extension-new	3	6	14	14
gid://shopify/Product/9878622437692	precor-icarian-adjustable-cable-crossover-remanufactured	5	18	69	69
gid://shopify/Product/9878622601532	cybex-525t-treadmill-remanufactured	4	4	19	19
gid://shopify/Product/9878622667068	body-solid-pro-clubline-sbs100-horizontal-bar-rack-new	3	4	10	10
gid://shopify/Product/9878623027516	french-fitness-ffs-silver-seated-leg-press-new	3	5	12	12
gid://shopify/Product/9878623191356	cybex-525t-treadmill-w-e3-console-remanufactured	4	4	19	19
gid://shopify/Product/9878623486268	french-fitness-sm200-silver-stairmill-new	3	4	11	11
gid://shopify/Product/9878623617340	body-solid-aab2-gut-blaster-ab-slings-new	2	3	3	3
gid://shopify/Product/9878623781180	cybex-plate-loaded-smith-press-machine-5341-remanufactured	5	7	46	46
gid://shopify/Product/9878623912252	french-fitness-shasta-shoulder-press-new	3	6	14	14
gid://shopify/Product/9878624076092	precor-icarian-45-degree-back-extension-remanufactured	5	6	26	26
gid://shopify/Product/9878624141628	cybex-5-stack-17001-multi-jungle-gym-remanufactured	5	13	50	50
gid://shopify/Product/9878624174396	body-solid-b4rb-endurance-recumbent-bike-new	3	6	12	12
gid://shopify/Product/9878624371004	french-fitness-shasta-seated-row-new	3	6	14	14
gid://shopify/Product/9878624600380	precor-icarian-lateral-raise-remanufactured	5	6	28	28
gid://shopify/Product/9878624731452	french-fitness-free-standing-rig-rack-system-11-new	4	36	83	83
gid://shopify/Product/9878624862524	french-fitness-shasta-selectorized-standing-calf-raise-new	3	6	12	12
gid://shopify/Product/9878625124668	precor-icarian-seated-calf-raise-remanufactured	5	7	41	41
gid://shopify/Product/9878625190204	body-solid-b4ub-endurance-upright-bike-new	3	6	12	12
gid://shopify/Product/9878625354044	french-fitness-shasta-tricep-arm-extension-new	3	6	14	14
gid://shopify/Product/9878625485116	cybex-625at-arc-trainer-w-standard-console-remanufactured	4	4	19	19
gid://shopify/Product/9878625714492	precor-icarian-seated-preacher-curl-remanufactured	5	6	26	26
gid://shopify/Product/9878625812796	body-solid-bb23-bicep-bomber-new	1	2	2	2
gid://shopify/Product/9878625845564	french-fitness-ffs-silver-triceps-press-seated-dip-new	3	6	14	14
gid://shopify/Product/9878625878332	cybex-625t-treadmill-w-e3-console-remanufactured	4	4	19	19
gid://shopify/Product/9878626140476	precor-experience-c-line-leg-press-remanufactured	5	6	27	27
gid://shopify/Product/9878626468156	tectrix-by-cybex-bikemax-recumbent-bike-remanufactured	4	4	17	17
gid://shopify/Product/9878626533692	body-solid-bfab10-best-fitness-ab-board-new	3	9	46	46
gid://shopify/Product/9878626664764	precor-icarian-angled-45-degree-plate-loaded-leg-press-remanufactured	5	7	43	43
gid://shopify/Product/9878626959676	cybex-7-stack-multi-jungle-gym-remanufactured	4	7	33	33
gid://shopify/Product/9878627025212	french-fitness-ffs-silver-utility-bench-new	3	4	9	9
gid://shopify/Product/9878627090748	precor-icarian-leg-sled-seated-602-leg-press-remanufactured	4	5	23	23
gid://shopify/Product/9878627320124	french-fitness-ffs-silver-universal-storage-rack-system-new	3	10	46	46
gid://shopify/Product/9878627582268	precor-icarian-multi-purpose-utility-bench-remanufactured	5	6	26	26
gid://shopify/Product/9878627778876	cybex-8-stack-jungle-gym-remanufactured	6	15	57	57
gid://shopify/Product/9878627844412	precor-rbk-815-recumbent-bike-w-experience-console-remanufactured	4	5	19	19
gid://shopify/Product/9878628368700	precor-icarian-plate-loaded-t-bar-incline-lever-row-remanufactured	5	7	40	39
gid://shopify/Product/9878628663612	body-solid-bfab20-best-fitness-semi-recumbent-ab-bench-new	3	4	9	9
gid://shopify/Product/9878628860220	precor-trm-823-treadmill-w-p20-console-remanufactured	4	5	20	20
gid://shopify/Product/9878629024060	body-solid-bfct1-cross-trainer-elliptical-new	3	6	12	12
gid://shopify/Product/9878629089596	cybex-standing-chin-dip-assist-modular-on-extended-frame-remanufactured	4	4	18	18
gid://shopify/Product/9878630367548	precor-ubk-815-upright-bike-w-experience-console-remanufactured	4	5	18	18
gid://shopify/Product/9878630400316	french-fitness-tahoe-assisted-chin-dip-new	3	6	14	14
gid://shopify/Product/9878630662460	body-solid-bffid10-best-fitness-fid-bench-new	3	10	30	30
gid://shopify/Product/9878630990140	french-fitness-tahoe-abdominal-crunch-lower-back-new	3	6	14	14
gid://shopify/Product/9878631317820	precor-efx-225-elliptical-remanufactured	4	4	19	19
gid://shopify/Product/9878631481660	cybex-eagle-arm-bicep-curl-11070-remanufactured	5	6	28	28
gid://shopify/Product/9878632300860	french-fitness-tahoe-bicep-arm-curl-new	3	6	14	14
gid://shopify/Product/9878632333628	precor-efx-425-elliptical-remanufactured	4	4	19	19
gid://shopify/Product/9878632366396	cybex-eagle-back-extension-11101-remanufactured	5	6	28	28
gid://shopify/Product/9878632661308	french-fitness-tahoe-cable-lat-pulldown-new	4	9	26	26
gid://shopify/Product/9878632759612	cybex-bravo-pro-functional-trainer-remanufactured	6	20	78	78
gid://shopify/Product/9878632792380	precor-efx-635-elliptical-w-crossramp-p31-console-remanufactured	4	4	19	19
gid://shopify/Product/9878633021756	body-solid-bfft10-best-fitness-functional-trainer-new	4	18	53	53
gid://shopify/Product/9878633120060	precor-efx-833-elliptical-w-converging-crossramp-p30-console-remanufactured	5	6	23	23
gid://shopify/Product/9878633152828	french-fitness-tahoe-chest-press-new	3	6	14	14
gid://shopify/Product/9878633644348	french-fitness-tahoe-chest-shoulder-multi-press-new	3	6	14	14
gid://shopify/Product/9878633709884	french-fitness-free-standing-rig-rack-system-2-new	4	33	103	103
gid://shopify/Product/9878633742652	precor-efx-835-elliptical-w-converging-crossramp-p30-console-remanufactured	5	6	23	23
gid://shopify/Product/9878634004796	cybex-eagle-calf-raise-11120-remanufactured	5	6	28	28
gid://shopify/Product/9878634070332	french-fitness-tahoe-biceps-curl-triceps-extension-new	4	6	13	13
gid://shopify/Product/9878634365244	body-solid-bfhyp10-best-fitness-ab-board-hyperextension-new	3	8	40	40
gid://shopify/Product/9878634594620	french-fitness-tahoe-fixed-lat-pulldown-new	3	6	13	13
gid://shopify/Product/9878634627388	cybex-classic-abdominal-machine-remanufactured	5	8	30	30
gid://shopify/Product/9878634725692	precor-efx-883-elliptical-w-converging-crossramp-p82-console-remanufactured	5	6	23	23
gid://shopify/Product/9878635020604	french-fitness-tahoe-hip-abduction-adduction-new	3	6	14	14
gid://shopify/Product/9878635086140	cybex-classic-back-extension-remanufactured	5	8	30	30
gid://shopify/Product/9878635413820	body-solid-bfla100-best-fitness-lat-attachment-for-bfpr100-new	4	9	16	16
gid://shopify/Product/9878635544892	precor-efx-885-elliptical-w-converging-crossramp-p82-console-remanufactured	5	6	23	23
gid://shopify/Product/9878635577660	french-fitness-tahoe-hip-adductor-inner-thigh-new	3	6	12	12
gid://shopify/Product/9878635741500	cybex-classic-leg-press-remanufactured	5	8	29	29
gid://shopify/Product/9878635807036	french-fitness-tahoe-hip-abductor-outer-thigh-new	3	6	12	12
gid://shopify/Product/9878636003644	body-solid-bfla250-best-fitness-lat-attachment-for-bfsm250-new	4	9	15	15
gid://shopify/Product/9878636101948	life-fitness-pro-pro1-ab-crunch-remanufactured	5	8	30	30
gid://shopify/Product/9878636134716	cybex-classic-multi-hip-remanufactured	5	8	30	30
gid://shopify/Product/9878636200252	french-fitness-tahoe-half-cage-rack-new	3	6	29	29
gid://shopify/Product/9878636691772	life-fitness-pro-pro1-tricep-arm-extension-remanufactured	5	8	30	30
gid://shopify/Product/9878636724540	cybex-eagle-pec-fly-rear-delt-remanufactured	5	6	26	26
gid://shopify/Product/9878636790076	french-fitness-tahoe-lat-pulldown-low-row-new	5	9	26	26
gid://shopify/Product/9878636888380	body-solid-bfmg10-best-fitness-sportsman-gym-new	3	4	8	8
gid://shopify/Product/9878637117756	cybex-free-standing-dip-chin-assist-remanufactured	5	5	22	22
gid://shopify/Product/9878637183292	life-fitness-pro-pro1-back-extension-remanufactured	5	8	30	30
gid://shopify/Product/9878637281596	french-fitness-tahoe-lateral-raise-new	3	6	13	13
gid://shopify/Product/9878637510972	cybex-ft-360-functional-trainer-remanufactured	5	18	69	69
gid://shopify/Product/9878637707580	life-fitness-pro-pro1-chest-press-remanufactured	5	7	25	25
gid://shopify/Product/9878637871420	french-fitness-tahoe-multi-hip-and-glute-new	3	6	14	14
gid://shopify/Product/9878638035260	french-fitness-free-standing-rig-rack-system-20-new	4	35	99	99
gid://shopify/Product/9878638264636	french-fitness-tahoe-power-cage-full-rack-new	4	20	50	50
gid://shopify/Product/9878638362940	life-fitness-pro-pro1-seated-dip-remanufactured	5	8	30	30
gid://shopify/Product/9878638723388	body-solid-bfob10-best-fitness-oly-folding-bench-new	3	8	21	21
gid://shopify/Product/9878638821692	cybex-ft-450-bravo-advanced-tall-8810-90-functional-trainer-remanufactured	6	20	79	79
gid://shopify/Product/9878638919996	life-fitness-pro-pro1-pec-fly-remanufactured	5	8	30	30
gid://shopify/Product/9878639378748	life-fitness-pro-pro1-hip-abduction-outer-thigh-remanufactured	5	8	30	30
gid://shopify/Product/9878639608124	french-fitness-tahoe-pec-fly-rear-delt-new	3	6	14	14
gid://shopify/Product/9878639870268	life-fitness-pro-pro1-hip-adduction-inner-thigh-remanufactured	5	8	30	30
gid://shopify/Product/9878640066876	cybex-galileo-hip-abduction-adduction-remanufactured	5	6	28	28
gid://shopify/Product/9878640132412	french-fitness-tahoe-biceps-arm-curl-plate-loaded-new	3	5	28	28
gid://shopify/Product/9878640263484	body-solid-best-fitness-bfpr10-olympic-press-stand-new	3	4	9	9
gid://shopify/Product/9878640329020	life-fitness-pro-pro1-horizontal-leg-press-remanufactured	5	8	29	29
gid://shopify/Product/9878640525628	cybex-eagle-glute-11170-remanufactured	5	6	28	28
gid://shopify/Product/9878640558396	french-fitness-tahoe-prone-leg-curl-new	3	6	14	14
gid://shopify/Product/9878640656700	body-solid-bfpr100r-best-fitness-power-rack-new	3	15	21	21
gid://shopify/Product/9878640853308	life-fitness-pro-pro1-lat-pulldown-remanufactured	6	11	41	41
gid://shopify/Product/9878640886076	cybex-eagle-hip-abduction-adduction-11181-remanufactured	5	6	28	28
gid://shopify/Product/9878640951612	french-fitness-tahoe-prone-leg-curl-leg-extension-new	3	6	14	14
gid://shopify/Product/9878641443132	cybex-eagle-lat-pulldown-11130-remanufactured	5	6	28	28
gid://shopify/Product/9878641574204	life-fitness-pro-pro1-lateral-raise-remanufactured	5	8	30	30
gid://shopify/Product/9878641934652	cybex-eagle-leg-press-11040-remanufactured	5	6	28	28
gid://shopify/Product/9878642098492	french-fitness-tahoe-decline-chest-press-plate-loaded-new	3	5	28	28
gid://shopify/Product/9878642164028	life-fitness-pro-pro1-seated-leg-curl-remanufactured	5	8	29	29
gid://shopify/Product/9878642426172	cybex-eagle-nx-leg-press-20040-remanufactured	5	6	28	28
gid://shopify/Product/9878642491708	french-fitness-free-standing-rig-rack-system-21-new	4	35	104	104
gid://shopify/Product/9878642688316	life-fitness-pro-pro1-leg-extension-remanufactured	5	8	30	30
gid://shopify/Product/9878642819388	cybex-eagle-leg-extension-11050-w-rom-remanufactured	5	6	28	28
gid://shopify/Product/9878642983228	french-fitness-tahoe-iso-lateral-kneeling-leg-curl-plate-loaded-new	3	5	28	28
gid://shopify/Product/9878643147068	life-fitness-pro-pro1-prone-leg-curl-remanufactured	5	8	30	30
gid://shopify/Product/9878643245372	cybex-eagle-prone-leg-curl-11141-w-rld-remanufactured	5	6	27	27
gid://shopify/Product/9878643310908	french-fitness-tahoe-iso-lateral-leg-extension-plate-loaded-new	3	5	28	28
gid://shopify/Product/9878643671356	cybex-vkr-leg-raise-chair-dip-remanufactured	4	4	18	18
gid://shopify/Product/9878643736892	life-fitness-pro-pro1-pullover-remanufactured	5	8	30	30
gid://shopify/Product/9878644392252	french-fitness-tahoe-shoulder-overhead-press-plate-loaded-new	3	5	27	27
gid://shopify/Product/9878644457788	cybex-eagle-seated-leg-curl-11061-remanufactured	5	6	28	28
gid://shopify/Product/9878644588860	life-fitness-pro-pro1-rear-deltoid-pectoral-fly-remanufactured	5	8	30	30
gid://shopify/Product/9878644621628	body-solid-bfrb1-best-fitness-recumbent-bike-new	3	5	11	11
gid://shopify/Product/9878645145916	french-fitness-tahoe-v2-seated-tricep-dip-press-plate-loaded-new	3	5	28	28
gid://shopify/Product/9878645276988	cybex-mg-500-3-stack-multi-station-gym-remanufactured	6	10	46	46
gid://shopify/Product/9878645473596	body-solid-bfsb5-best-fitness-chain-indoor-cycle-bike-new	3	5	11	11
gid://shopify/Product/9878645571900	life-fitness-pro-pro1-seated-row-remanufactured	5	8	30	30
gid://shopify/Product/9878645834044	french-fitness-tahoe-selectorized-horizontal-ab-crunch-new	3	6	14	14
gid://shopify/Product/9878646030652	body-solid-bfsm250-best-fitness-smith-machine-new	3	7	28	28
gid://shopify/Product/9878646325564	life-fitness-pro-pro1-shoulder-press-remanufactured	5	8	28	28
gid://shopify/Product/9878646489404	french-fitness-tahoe-seated-leg-curl-new	3	6	14	14
gid://shopify/Product/9878646915388	cybex-eagle-overhead-press-11010-remanufactured	5	6	26	26
gid://shopify/Product/9878647079228	life-fitness-pro2-se-arm-bicep-curl-remanufactured	5	8	30	29
gid://shopify/Product/9878647144764	french-fitness-tahoe-seated-leg-curl-leg-extension-new	3	6	14	14
gid://shopify/Product/9878647537980	cybex-plate-loaded-45-degree-leg-press-remanufactured	5	6	39	39
gid://shopify/Product/9878647669052	french-fitness-tahoe-seated-leg-extension-new	3	6	14	14
gid://shopify/Product/9878647734588	life-fitness-pro2-se-hip-abduction-outer-thigh-remanufactured	5	8	30	30
gid://shopify/Product/9878648029500	cybex-plate-loaded-45-degree-leg-press-newer-style-remanufactured	5	7	43	43
gid://shopify/Product/9878648062268	french-fitness-tahoe-shoulder-press-new	3	6	14	14
gid://shopify/Product/9878648193340	life-fitness-pro2-select-abdominal-remanufactured	5	8	30	30
gid://shopify/Product/9878648324412	french-fitness-free-standing-rig-rack-system-3-new	4	36	113	113
gid://shopify/Product/9878648553788	cybex-plate-loaded-smith-press-remanufactured	5	8	50	50
gid://shopify/Product/9878648619324	french-fitness-tahoe-seated-row-new	3	6	14	14
gid://shopify/Product/9878648783164	life-fitness-pro2-se-abdominal-crunch-remanufactured	5	8	30	30
gid://shopify/Product/9878648947004	french-fitness-tahoe-selectorized-standing-calf-raise-new	3	6	12	12
gid://shopify/Product/9878649110844	cybex-plate-loaded-squat-press-remanufactured	5	7	43	43
gid://shopify/Product/9878649209148	life-fitness-pro2-se-hip-adduction-inner-thigh-remanufactured	5	8	30	30
gid://shopify/Product/9878649405756	french-fitness-tahoe-tricep-arm-extension-new	3	6	14	14
gid://shopify/Product/9878649504060	cybex-leverage-squat-press-plate-loaded-newer-style-remanufactured	5	7	43	43
gid://shopify/Product/9878649831740	life-fitness-pro2-se-back-extension-remanufactured	5	8	30	30
gid://shopify/Product/9878649995580	french-fitness-venice-3d-dual-action-smith-machine-new	3	6	33	33
gid://shopify/Product/9878650093884	cybex-eagle-row-11030-remanufactured	5	6	28	28
gid://shopify/Product/9878651011388	life-fitness-pro2-se-chest-press-remanufactured	5	8	30	30
gid://shopify/Product/9878651076924	french-fitness-venice-dual-cable-cross-new	4	19	63	63
gid://shopify/Product/9878651142460	cybex-eagle-nx-row-20030-remanufactured	5	6	28	28
gid://shopify/Product/9878651339068	life-fitness-pro2-se-lat-pulldown-remanufactured	5	9	33	33
gid://shopify/Product/9878651470140	cybex-r-series-total-body-arc-trainer-w-50l-led-console-remanufactured	4	5	20	20
gid://shopify/Product/9878652158268	cybex-r-series-70t-arc-trainer-total-body-remanufactured	4	4	19	19
gid://shopify/Product/9878652191036	life-fitness-pro2-se-leg-extension-remanufactured	5	8	30	30
gid://shopify/Product/9878652420412	french-fitness-venice-3-way-flat-incline-decline-olympic-bench-new	3	6	27	27
gid://shopify/Product/9878652584252	cybex-625t-treadmill-remanufactured	4	5	20	20
gid://shopify/Product/9878652780860	life-fitness-pro2-prone-leg-curl-remanufactured	5	8	29	29
gid://shopify/Product/9878653403452	french-fitness-white-leather-ankle-strap-new	1	2	2	2
gid://shopify/Product/9878653632828	cybex-free-weight-scott-arm-curl-bench-remanufactured	5	6	26	26
gid://shopify/Product/9878653796668	life-fitness-pro2-se-seated-leg-curl-remanufactured	5	8	30	30
gid://shopify/Product/9878653894972	life-fitness-fit3-fit-3-multi-gym-remanufactured	6	12	48	48
gid://shopify/Product/9878654320956	cybex-eagle-torso-rotation-11190-remanufactured	5	6	28	28
gid://shopify/Product/9878654484796	body-solid-bfsm250p2-best-fitness-smith-machine-package-with-lat-attachment-new	3	6	27	27
gid://shopify/Product/9878654583100	life-fitness-pro2-se-tricep-arm-extension-remanufactured	5	8	30	30
gid://shopify/Product/9878654976316	cybex-vr1-dual-abdominal-back-extension-remanufactured	5	6	28	28
gid://shopify/Product/9878655107388	body-solid-bfsr10-best-fitness-squat-rack-new	3	4	9	9
gid://shopify/Product/9878655598908	life-fitness-pro2-shoulder-press-remanufactured	5	8	28	28
gid://shopify/Product/9878655992124	cybex-vr1-dual-purpose-lat-row-13250-remanufactured	4	5	19	19
gid://shopify/Product/9878656483644	life-fitness-fit-series-bicep-tricep-curl-remanufactured	5	6	28	28
gid://shopify/Product/9878656647484	power-plate-pro5-hp-matte-black-new	4	8	14	14
gid://shopify/Product/9878657204540	cybex-vr1-dual-purpose-leg-ext-seated-leg-curl-13260-remanufactured	5	7	29	29
gid://shopify/Product/9878657302844	life-fitness-fit-series-lat-pulldown-low-row-remanufactured	6	9	37	37
gid://shopify/Product/9878657368380	body-solid-bfwt10-best-fitness-weight-tree-bar-holder-new	3	4	9	9
gid://shopify/Product/9878657564988	power-plate-pro5-airdaptive-hp-remanufactured	5	7	21	21
gid://shopify/Product/9878657597756	french-fitness-free-standing-rig-rack-system-5-new	4	36	83	83
gid://shopify/Product/9878657990972	body-solid-bfwt5-best-fitness-weight-plate-tree-new	3	4	9	9
gid://shopify/Product/9878658089276	freemotion-genesis-dual-cable-cross-f624-remanufactured	6	19	73	73
gid://shopify/Product/9878658318652	cybex-vr1-dual-purpose-multi-press-13240-remanufactured	5	7	27	27
gid://shopify/Product/9878658351420	power-plate-pro6-with-promotion-remanufactured	5	7	23	23
gid://shopify/Product/9878658515260	body-solid-powerline-bsg10x-home-gym-new	4	16	39	39
gid://shopify/Product/9878659334460	cybex-vr1-seated-leg-press-remanufactured	5	6	28	28
gid://shopify/Product/9878659432764	power-plate-pro7-remanufactured	5	8	24	24
gid://shopify/Product/9878659891516	freemotion-i10-9b-incline-trainer-remanufactured	4	5	20	20
gid://shopify/Product/9878659957052	cybex-vr2-ab-crunch-remanufactured	5	8	30	30
gid://shopify/Product/9878660186428	power-plate-pro7hc-new	4	7	13	13
gid://shopify/Product/9878660612412	body-solid-bsglpx-leg-press-attachment-for-the-bsg10x-new	3	4	9	9
gid://shopify/Product/9878660645180	freemotion-i11-9-incline-trainer-w-10-hd-capacitive-touch-display-remanufactured	4	5	20	20
gid://shopify/Product/9878660710716	cybex-vr2-bicep-arm-curl-remanufactured	5	8	30	30
gid://shopify/Product/9878660907324	ab-solo-pro-ct3000-new	2	3	4	4
gid://shopify/Product/9878660972860	body-solid-bstab1-tools-ab-wheel-new	1	2	2	2
gid://shopify/Product/9878661202236	freemotion-i22-9-incline-trainer-w-touch-screen-remanufactured	4	4	19	19
gid://shopify/Product/9878661366076	promaxima-horizontal-leg-press-remanufactured	5	6	27	27
gid://shopify/Product/9878661497148	cybex-vr2-tricep-arm-extension-remanufactured	5	8	30	30
gid://shopify/Product/9878661628220	body-solid-bstaw10-ankle-weights-10-lbs-new	1	2	2	2
gid://shopify/Product/9878662086972	body-solid-bstaw20-ankle-weights-20-lbs-new	1	2	2	2
gid://shopify/Product/9878662119740	french-fitness-free-standing-rig-rack-system-6-new	4	34	81	81
gid://shopify/Product/9878662152508	cybex-vr2-back-extension-remanufactured	5	8	30	30
gid://shopify/Product/9878662447420	octane-fitness-q35-elliptical-remanufactured	4	4	15	15
gid://shopify/Product/9878662676796	body-solid-bstb1-tools-resistance-band-1-2-orange-new	1	2	2	2
gid://shopify/Product/9878662775100	freemotion-t10-9b-reflex-treadmill-remanufactured	4	5	20	20
gid://shopify/Product/9878663037244	cybex-vr2-chest-press-remanufactured	4	6	22	22
gid://shopify/Product/9878663102780	octane-fitness-q35e-elliptical-trainer-remanufactured	4	4	16	16
gid://shopify/Product/9878663463228	body-solid-bstb2-tools-resistance-band-3-4-green-new	1	2	2	2
gid://shopify/Product/9878663528764	freemotion-abdominal-gzfm60113-remanufactured	5	6	27	27
gid://shopify/Product/9878663790908	octane-fitness-q37e-elliptical-cross-trainer-remanufactured	4	4	15	15
gid://shopify/Product/9878663921980	body-solid-bstb3-tools-resistance-band-1-1-8-red-new	1	2	2	2
gid://shopify/Product/9878664216892	freemotion-epic-hip-adduction-abduction-f809-remanufactured	5	6	26	26
gid://shopify/Product/9878664249660	cybex-vr2-pec-fly-machine-4545-remanufactured	5	8	30	30
gid://shopify/Product/9878664446268	body-solid-bstb4-tools-resistance-band-1-3-4-blue-new	1	2	2	2
gid://shopify/Product/9878664511804	octane-fitness-q45-elliptical-trainer-remanufactured	4	4	12	12
gid://shopify/Product/9878664905020	freemotion-epic-bicep-curl-f810-remanufactured	5	6	27	27
gid://shopify/Product/9878664937788	body-solid-bstb5-tools-resistance-band-2-1-2-purple-new	1	2	2	2
gid://shopify/Product/9878665036092	cybex-vr2-glute-machine-remanufactured	5	8	30	30
gid://shopify/Product/9878665232700	octane-fitness-q45e-elliptical-crosstrainer-remanufactured	4	4	16	16
gid://shopify/Product/9878665396540	body-solid-bstbr1530-fitness-training-rope-1-5-in-dia-30-ft-new	1	2	2	2
gid://shopify/Product/9878665494844	freemotion-bicep-gzfm6002-remanufactured	5	6	27	27
gid://shopify/Product/9878665625916	cybex-vr2-hip-abduction-outer-thigh-remanufactured	5	8	28	28
gid://shopify/Product/9878665724220	body-solid-bstbr1540-fitness-training-rope-1-5-in-dia-40-ft-new	1	2	2	2
gid://shopify/Product/9878665822524	octane-fitness-q47c-elliptical-trainer-remanufactured	4	4	16	16
gid://shopify/Product/9878666051900	freemotion-epic-chest-f800-remanufactured	5	6	27	27
gid://shopify/Product/9878666117436	body-solid-bstbr1550-fitness-training-rope-1-5-in-dia-50-ft-new	1	2	2	2
gid://shopify/Product/9878666379580	cybex-vr2-hip-adduction-inner-thigh-4640-remanufactured	5	8	29	29
gid://shopify/Product/9878666510652	body-solid-bstbr2030-fitness-training-rope-2-in-dia-30-ft-new	1	2	2	2
gid://shopify/Product/9878666543420	octane-fitness-q47ce-elliptical-trainer-remanufactured	4	4	12	12
gid://shopify/Product/9878666707260	freemotion-chest-gzfm6000-remanufactured	5	6	26	26
gid://shopify/Product/9878666838332	french-fitness-wall-mounted-rig-rack-system-7-new	4	27	84	84
gid://shopify/Product/9878666936636	body-solid-bstbr2040-fitness-training-rope-2-in-dia-40-ft-new	1	2	2	2
gid://shopify/Product/9878667100476	cybex-vr2-lat-pulldown-remanufactured	5	8	30	30
gid://shopify/Product/9878667133244	octane-fitness-q47ci-adjustable-stride-elliptical-remanufactured	4	4	16	16
gid://shopify/Product/9878667297084	freemotion-dvrs-comm-incline-trainer-fmtk7506p-0-remanufactured	4	4	19	19
gid://shopify/Product/9878667526460	body-solid-bstbr2050-fitness-training-rope-2-in-dia-50-ft-new	1	2	2	2
gid://shopify/Product/9878667919676	octane-fitness-q47e-elliptical-trainer-remanufactured	4	4	12	12
gid://shopify/Product/9878667952444	cybex-vr2-seated-leg-curl-remanufactured	5	8	30	30
gid://shopify/Product/9878667985212	body-solid-bstcb-cannonball-grips-pair-new	1	2	2	2
gid://shopify/Product/9878668083516	freemotion-dvrs-incline-trainer-fmtk7259-remanufactured	4	4	19	19
gid://shopify/Product/9878668476732	body-solid-bstch44-weightlifting-chains-pair-new	1	2	2	2
gid://shopify/Product/9878668542268	octane-fitness-q47xi-elliptical-trainer-remanufactured	4	4	16	16
gid://shopify/Product/9878668607804	cybex-vr2-leg-extension-remanufactured	5	8	30	30
gid://shopify/Product/9878668640572	freemotion-ext-dual-cable-cross-gzfm6024-remanufactured	6	19	73	73
gid://shopify/Product/9878668935484	body-solid-bstdb-dog-bone-grip-new	1	2	2	2
gid://shopify/Product/9878669033788	life-fitness-r1-recumbent-bike-w-basic-console-remanufactured	4	4	14	14
gid://shopify/Product/9878669394236	cybex-vr2-leg-press-remanufactured	5	8	29	29
gid://shopify/Product/9878669427004	body-solid-bstdmb10-dual-grip-medicine-ball-10-lbs-new	1	2	2	2
gid://shopify/Product/9878669656380	body-solid-bstdmb12-dual-grip-medicine-ball-12-lbs-new	1	2	2	2
gid://shopify/Product/9878670049596	body-solid-bstdmb14-dual-grip-medicine-ball-14-lbs-new	1	2	2	2
gid://shopify/Product/9878670246204	cybex-vr2-low-row-rear-delt-remanufactured	5	8	30	30
gid://shopify/Product/9878670377276	precor-rbk-815-recumbent-bike-w-p10-console-remanufactured	4	5	19	19
gid://shopify/Product/9878670573884	body-solid-bstdmb16-dual-grip-medicine-ball-16-lbs-new	1	2	2	2
gid://shopify/Product/9878670737724	freemotion-4505-commercial-elliptical-trainer-remanufactured	4	4	19	19
gid://shopify/Product/9878670836028	body-solid-bstdmb18-dual-grip-medicine-ball-18-lbs-new	1	2	2	2
gid://shopify/Product/9878670967100	french-fitness-wall-mounted-rig-rack-system-8-new	4	26	55	55
gid://shopify/Product/9878671098172	cybex-vr-vr2-multi-hip-remanufactured	4	6	22	22
gid://shopify/Product/9878671196476	precor-rbk-835-recumbent-bike-w-p30-console-remanufactured	4	5	19	19
gid://shopify/Product/9878671327548	body-solid-bstdmb20-dual-grip-medicine-ball-20-lbs-new	1	2	2	2
gid://shopify/Product/9878671491388	freemotion-epic-chin-dip-assist-remanufactured	5	5	22	22
gid://shopify/Product/9878671819068	precor-ubk-835-upright-bike-w-p30-console-remanufactured	4	5	18	18
gid://shopify/Product/9878671884604	cybex-vr2-prone-leg-curl-remanufactured	5	8	29	29
gid://shopify/Product/9878672048444	freemotion-epic-fly-rear-delt-f806-remanufactured	5	6	26	26
gid://shopify/Product/9878672703804	precor-rbk-885-recumbent-bike-w-p80-console-remanufactured	4	4	17	17
gid://shopify/Product/9878672802108	cybex-vr2-lateral-raise-4530-remanufactured	5	8	28	28
gid://shopify/Product/9878672867644	freemotion-wide-tower-lat-gzfm6020-remanufactured	5	6	26	26
gid://shopify/Product/9878673359164	precor-rbk-885-recumbent-bike-w-p82-console-remanufactured	5	6	21	21
gid://shopify/Product/9878673654076	freemotion-epic-leg-extension-f801-remanufactured	5	6	26	26
gid://shopify/Product/9878673719612	cybex-vr2-rotary-calf-remanufactured	5	8	30	30
gid://shopify/Product/9878674211132	freemotion-epic-leg-press-f804-remanufactured	5	6	27	27
gid://shopify/Product/9878674243900	french-fitness-free-standing-rig-rack-system-9-new	4	34	79	79
gid://shopify/Product/9878674473276	cybex-vr2-shoulder-press-remanufactured	5	8	28	28
gid://shopify/Product/9878674833724	freemotion-functional-lift-gzfm6012-remanufactured	5	5	23	23
gid://shopify/Product/9878674899260	bowflex-revolution-home-gym-remanufactured	5	18	63	63
gid://shopify/Product/9878675030332	cybex-vr2-torso-rotation-remanufactured	5	8	30	30
gid://shopify/Product/9878675325244	freemotion-s11-9-chain-drive-indoor-cycle-w-console-remanufactured	5	5	19	19
gid://shopify/Product/9878675816764	freemotion-epic-prone-leg-curl-f814-remanufactured	5	6	27	27
gid://shopify/Product/9878676111676	cybex-vr-standing-calf-remanufactured	5	6	28	28
gid://shopify/Product/9878676177212	body-solid-bstfitbag-tools-fitness-pack-new	1	2	2	2
gid://shopify/Product/9878676472124	freemotion-reflex-i11-9-incline-trainer-remanufactured	4	5	20	20
gid://shopify/Product/9878676537660	cybex-prestige-strength-vrs-back-extension-remanufactured	5	6	24	24
gid://shopify/Product/9878676701500	body-solid-bstfm20-hanging-exercise-mat-new	1	2	2	2
gid://shopify/Product/9878676734268	bowflex-revolution-ft-functional-training-system-remanufactured	5	19	72	72
gid://shopify/Product/9878677127484	freemotion-reflex-i7-9-incline-trainer-remanufactured	4	5	20	20
gid://shopify/Product/9878677225788	body-solid-bstfmh-foam-mat-hanger-new	1	2	2	2
gid://shopify/Product/9878677291324	cybex-prestige-strength-vrs-leg-press-remanufactured	5	6	22	22
gid://shopify/Product/9878678405436	body-solid-bstfr36f-36-full-foam-roller-new	1	2	2	2
gid://shopify/Product/9878678569276	freemotion-row-gzfm6004-remanufactured	5	6	27	27
gid://shopify/Product/9878678831420	cybex-modular-5345-91-assisted-chin-up-dip-assist-remanufactured	5	5	22	22
gid://shopify/Product/9878679650620	body-solid-bstfr36h-36-half-foam-roller-new	1	2	2	2
gid://shopify/Product/9878680043836	freemotion-reflex-t10-7s-treadmill-orange-theory-t10-7-remanufactured	4	4	19	19
gid://shopify/Product/9878680273212	cybex-ube-upper-body-ergometer-black-remanufactured	4	4	18	18
gid://shopify/Product/9878680535356	french-fitness-24-x-24-rubber-gym-interlocking-tiles-w-edge-middle-corner-pieces-new	2	3	4	4
gid://shopify/Product/9878681026876	body-solid-bstfrp18f-18-premium-foam-roller-new	1	2	2	2
gid://shopify/Product/9878681485628	bowflex-revolution-xp-home-gym-remanufactured	4	6	22	22
gid://shopify/Product/9878681747772	cycleops-pro-300-indoor-cycle-remanufactured	4	4	17	17
gid://shopify/Product/9878681780540	freemotion-reflex-t11-3-treadmill-remanufactured	4	5	20	20
gid://shopify/Product/9878681846076	french-fitness-rubber-interlocking-tiles-gym-flooring-39-37x39-37-ea-new	2	3	4	4
gid://shopify/Product/9878682435900	body-solid-bstfrp36f-36-premium-foam-roller-new	1	2	2	2
gid://shopify/Product/9878683189564	french-fitness-rubber-medicine-ball-set-of-10-4-to-30-lbs-new	2	4	6	6
gid://shopify/Product/9878683353404	freemotion-reflex-t-11-8-treadmill-remanufactured	4	5	20	20
gid://shopify/Product/9878683713852	body-solid-bstgt-tools-grip-trainers-set-of-100-150-200-lbs-new	1	2	2	2
gid://shopify/Product/9878683779388	rom-4-minute-workout-crosstrainer-time-machine-remanufactured	4	4	15	15
gid://shopify/Product/9878684991804	body-solid-bstgt100-tools-grip-trainer-100-lb-new	1	2	2	2
gid://shopify/Product/9878685057340	freemotion-reflex-t22-9-treadmill-w-22-hd-capacitive-touchscreen-remanufactured	4	4	18	18
gid://shopify/Product/9878685450556	biodex-rtm-500-rehab-945-285-treadmill-w-lcd-remanufactured	4	4	16	16
gid://shopify/Product/9878686466364	body-solid-bstgt150-tools-grip-trainer-150-lb-new	1	2	2	2
gid://shopify/Product/9878686630204	dynamic-cold-therapy-4-barrel-insulated-cover-black-new	1	2	2	2
gid://shopify/Product/9878687220028	french-fitness-rubber-medicine-ball-set-of-6-6-to-20-lbs-new	2	4	10	10
gid://shopify/Product/9878687351100	freemotion-s11-8-carbon-drive-indoor-cycle-remanufactured	5	5	19	19
gid://shopify/Product/9878687383868	expresso-fitness-s2-upright-exercise-bike-remanufactured	4	4	17	17
gid://shopify/Product/9878687875388	body-solid-bstgt200-tools-grip-trainer-200-lb-new	1	2	2	2
gid://shopify/Product/9878688891196	french-fitness-rubber-medicine-ball-10-lb-new	1	2	2	2
gid://shopify/Product/9878689382716	freemotion-s11-9-carbon-drive-indoor-cycle-remanufactured	5	5	19	19
gid://shopify/Product/9878689612092	expresso-fitness-s2r-recumbent-exercise-bike-remanufactured	4	4	17	17
gid://shopify/Product/9878691021116	french-fitness-rubber-medicine-ball-12-lb-new	1	2	2	2
gid://shopify/Product/9878692561212	freemotion-epic-seated-row-f817-remanufactured	5	6	27	27
gid://shopify/Product/9878692823356	expresso-fitness-s2u-upright-exercise-bike-remanufactured	4	4	17	17
gid://shopify/Product/9878693052732	french-fitness-rubber-medicine-ball-14-lb-new	1	2	2	2
gid://shopify/Product/9878694560060	french-fitness-rubber-medicine-ball-16-lb-new	1	2	2	2
gid://shopify/Product/9878694592828	freemotion-epic-shoulder-f807-remanufactured	5	6	26	26
gid://shopify/Product/9878694986044	precor-s3-23-functional-trainer-remanufactured	6	19	74	74
gid://shopify/Product/9878695805244	french-fitness-rubber-medicine-ball-18-lb-new	1	2	2	2
gid://shopify/Product/9878696395068	freemotion-shoulder-gzfm6001-remanufactured	5	6	26	26
gid://shopify/Product/9878697050428	french-fitness-rubber-medicine-ball-20-lb-new	1	2	2	2
gid://shopify/Product/9878697574716	freemotion-squat-gzfm6010-remanufactured	5	6	25	25
gid://shopify/Product/9878697738556	french-fitness-rubber-medicine-ball-25-lb-new	1	2	2	2
gid://shopify/Product/9878697836860	dynamic-cold-therapy-dct-10x2-5-20-micron-filters-4-pack-new	1	2	2	2
gid://shopify/Product/9878697869628	body-solid-tools-bsthp-high-pulley-attachment-new	1	2	2	2
gid://shopify/Product/9878698066236	french-fitness-rubber-medicine-ball-30-lb-new	1	2	2	2
gid://shopify/Product/9878698131772	freemotion-s7-8-freestrider-elliptical-fmsr84409-1-remanufactured	4	4	20	20
gid://shopify/Product/9878698262844	body-solid-bstjr1-speed-jump-rope-new	1	2	2	2
gid://shopify/Product/9878698361148	precor-s3-25-strength-system-remanufactured	5	6	28	28
gid://shopify/Product/9878698590524	french-fitness-rubber-medicine-ball-4-lb-new	1	2	2	2
gid://shopify/Product/9878698721596	dynamic-cold-therapy-dct-io-052-inflatable-oval-spa-new	3	4	8	8
gid://shopify/Product/9878698754364	body-solid-bstljoc-lockjaw-olympic-collar-blue-new	1	2	2	2
gid://shopify/Product/9878698819900	freemotion-step-gzfm6014-remanufactured	5	5	24	24
gid://shopify/Product/9878698950972	precor-s3-45-multi-station-strength-system-remanufactured	5	9	37	37
gid://shopify/Product/9878698983740	french-fitness-rubber-medicine-ball-6-lb-new	1	2	2	2
gid://shopify/Product/9878699180348	dynamic-cold-therapy-dct-ir-040-inflatable-round-spa-new	3	4	8	8
gid://shopify/Product/9878699540796	freemotion-11-9-incline-trainer-w-ifit-remanufactured	4	5	19	19
gid://shopify/Product/9878699704636	french-fitness-rubber-medicine-ball-set-of-10-6-to-25-lbs-w-rack-new	2	3	5	5
gid://shopify/Product/9878699737404	dynamic-cold-therapy-dct-np-h-cvr-neoprene-hose-cover-sold-as-a-pair-new	1	2	2	2
gid://shopify/Product/9878700196156	freemotion-790-interactive-folding-treadmill-remanufactured	4	4	19	19
gid://shopify/Product/9878700228924	french-fitness-rubber-medicine-ball-8-lb-new	1	2	2	2
gid://shopify/Product/9878700917052	french-fitness-resistance-pull-up-assist-bands-set-of-7-new	2	3	3	3
gid://shopify/Product/9878701080892	freemotion-treadmill-fmtl8255p-remanufactured	4	4	19	19
gid://shopify/Product/9878701408572	french-fitness-resistance-pull-up-assist-band-blue-65-175lbs-heavy-new	1	2	2	2
gid://shopify/Product/9878701703484	freemotion-treadmill-w-tv-fmtl8505p-remanufactured	4	4	19	19
gid://shopify/Product/9878701867324	french-fitness-resistance-pull-up-assist-band-black-25-65lbs-light-medium-new	1	2	2	2
gid://shopify/Product/9878701932860	dynamic-cold-therapy-4-cuboid-insulated-cover-black-new	1	2	2	2
gid://shopify/Product/9878702031164	precor-s3-55-multi-gym-strength-system-remanufactured	6	11	45	45
gid://shopify/Product/9878702293308	french-fitness-resistance-pull-up-assist-band-green-50-125lbs-medium-heavy-new	1	2	2	2
gid://shopify/Product/9878702391612	freemotion-overhead-tricep-gzfm6019-remanufactured	5	6	28	28
gid://shopify/Product/9878702850364	french-fitness-resistance-pull-up-assist-band-orange-80-230lbs-super-heavy-new	1	2	2	2
gid://shopify/Product/9878703341884	life-fitness-g5-cable-motion-gym-remanufactured	6	10	44	44
gid://shopify/Product/9878703472956	french-fitness-resistance-pull-up-assist-band-purple-35-85lbs-medium-new	1	2	2	2
gid://shopify/Product/9878705340732	french-fitness-resistance-pull-up-assist-band-red-15-35lbs-light-new	1	2	2	2
gid://shopify/Product/9878706946364	dynamic-cold-therapy-dct-sv-08do3-0-8-hp-premier-edition-cooling-heating-system-with-wifi-app-new	2	3	5	5
gid://shopify/Product/9878707077436	french-fitness-resistance-pull-up-assist-band-yellow-8-15lbs-very-light-new	1	2	2	2
gid://shopify/Product/9878707306812	expresso-fitness-s3r-recumbent-exercise-bike-remanufactured	4	4	17	17
gid://shopify/Product/9878708879676	dynamic-cold-therapy-dct-sv-10do3-1-0-hp-premier-edition-cooling-heating-system-with-wifi-app-new	2	3	5	5
gid://shopify/Product/9878708912444	french-fitness-rack-rig-11-gauge-a-hanger-attachment-new	2	3	3	3
gid://shopify/Product/9878709240124	body-solid-bstmc02bk-muscle-clamp-collars-black-new	1	2	2	2
gid://shopify/Product/9878711009596	body-solid-bstmc02rd-muscle-clamp-collars-red-new	1	2	2	2
gid://shopify/Product/9878712254780	expresso-fitness-s3u-upright-exercise-bike-remanufactured	4	4	17	17
gid://shopify/Product/9878712549692	french-fitness-43-rack-rig-angled-junction-bar-new	1	2	2	2
gid://shopify/Product/9878713827644	french-fitness-71-rack-rig-angled-junction-bar-new	1	2	2	2
gid://shopify/Product/9878714155324	expresso-fitness-s3u-novo-upright-bike-remanufactured	4	4	17	17
gid://shopify/Product/9878714614076	french-fitness-rack-rig-bar-holder-attachment-new	2	3	4	4
gid://shopify/Product/9878715531580	expresso-fitness-s3y-youth-upright-bike-remanufactured	4	4	17	17
gid://shopify/Product/9878715597116	french-fitness-rack-rig-band-pegs-set-of-4-new	1	2	2	2
gid://shopify/Product/9878716580156	french-fitness-43-rack-rig-bumper-plate-tier-tray-attachment-new	1	2	2	2
gid://shopify/Product/9878717006140	life-fitness-signature-series-ab-crunch-bench-remanufactured	5	6	26	26
gid://shopify/Product/9878718939452	french-fitness-71-rack-rig-bumper-plate-tier-tray-attachment-new	1	2	2	2
gid://shopify/Product/9878718972220	life-fitness-signature-45-degree-back-extension-sbe-remanufactured	5	6	26	26
gid://shopify/Product/9878719824188	dynamic-fluid-m350-rower-new	3	4	9	9
gid://shopify/Product/9878720512316	french-fitness-43-rack-rig-ball-tier-tray-attachment-new	1	2	2	2
gid://shopify/Product/9878721429820	stairmaster-sc5-stepper-remanufactured	4	5	18	18
gid://shopify/Product/9878723658044	dynamic-fluid-m550-rower-new	3	4	8	8
gid://shopify/Product/9878723887420	french-fitness-71-rack-rig-ball-tier-tray-attachment-new	1	2	2	2
gid://shopify/Product/9878723952956	stairmaster-sc916-stepper-remanufactured	4	5	18	18
gid://shopify/Product/9878725820732	dynamic-fluid-m750-cycle-xt-new	3	4	9	9
gid://shopify/Product/9878726607164	schwinn-ac-sport-9-7340-wintp0-bike-new	4	8	16	16
gid://shopify/Product/9878727393596	french-fitness-rack-rig-cannonball-grips-with-straps-set-of-2-new	1	2	2	2
gid://shopify/Product/9878728343868	dynamic-fluid-m850-ube-new	3	4	9	9
gid://shopify/Product/9878730703164	dynamic-fluid-strength-p918-squat-to-overhead-machine-new	3	4	9	9
gid://shopify/Product/9878732013884	dynamic-fluid-strength-p928-squat-to-overhead-machine-new	3	4	9	9
gid://shopify/Product/9878732276028	schwinn-sc-5-9-7410-bintp0-bike-new	4	9	16	16
gid://shopify/Product/9878732833084	dynamic-fluid-s660-rower-new	3	4	9	9
gid://shopify/Product/9878733619516	dynamic-fluid-s680-rower-new	3	4	9	9
gid://shopify/Product/9878733979964	body-solid-bstng-nun-chuck-grips-pair-new	1	2	2	2
gid://shopify/Product/9878734373180	precor-discovery-incline-lever-t-bar-row-dpl0311-plate-loaded-remanufactured	5	7	40	39
gid://shopify/Product/9878734438716	body-solid-bstobj-olympic-bar-jack-single-new	2	3	4	4
gid://shopify/Product/9878734733628	schwinn-ic-classic-9-7420-bintp0-bike-new	4	10	15	15
gid://shopify/Product/9878734995772	french-fitness-rack-rig-cable-column-stabilizer-bar-set-of-2-new	1	2	2	2
gid://shopify/Product/9878735094076	body-solid-bstobs-olympic-bar-stand-single-new	2	3	4	4
gid://shopify/Product/9878735159612	precor-dpl0540-discovery-plate-loaded-chest-press-remanufactured	5	7	45	45
gid://shopify/Product/9878735421756	french-fitness-43-rack-rig-dumbbell-tier-tray-attachment-new	1	2	2	2
gid://shopify/Product/9878736077116	goldendesigns-gdi-6880-02-elite-catalonia-8-person-ultra-low-emf-far-infrared-sauna-new	2	3	5	5
gid://shopify/Product/9878736175420	precor-dpl0560-discovery-plate-loaded-leg-extension-remanufactured	5	7	43	43
gid://shopify/Product/9878736306492	body-solid-bstopw-tools-plate-wedge-new	1	2	2	2
gid://shopify/Product/9878736372028	french-fitness-71-rack-rig-dumbbell-tier-tray-attachment-new	1	2	2	2
gid://shopify/Product/9878736896316	french-fitness-rack-rig-dip-horn-attachment-new	1	2	2	2
gid://shopify/Product/9878736929084	body-solid-bstpack-core-essentials-package-new	1	2	2	2
gid://shopify/Product/9878737060156	precor-discovery-pec-fly-rear-delt-dsl0505-remanufactured	5	6	26	26
gid://shopify/Product/9878738633020	french-fitness-43-rack-rig-double-pull-up-bar-new	1	2	2	2
gid://shopify/Product/9878738895164	goldendesigns-gdi-6996-01-monaco-elite-6-person-near-zero-emf-far-infrared-sauna-new	2	3	5	5
gid://shopify/Product/9878739714364	body-solid-bstpb12-plyo-box-12-new	2	7	31	31
gid://shopify/Product/9878740336956	french-fitness-71-rack-rig-double-pull-up-bar-new	1	2	2	2
gid://shopify/Product/9878741156156	goldendesigns-gdi-6996-02-near-zero-emf-far-infrared-sauna-new	2	3	5	5
gid://shopify/Product/9878742237500	french-fitness-43-rack-rig-dirty-south-bar-attachment-new	1	2	2	2
gid://shopify/Product/9878742696252	body-solid-bstpb18-plyo-box-18-new	2	7	31	31
gid://shopify/Product/9878743515452	golden-designs-gdi-7030-01-andermatt-edition-3-person-traditional-steam-sauna-pacific-premium-clear-cedar-new	3	5	7	7
gid://shopify/Product/9878743744828	goldendesigns-dyn-6103-01-dynamic-avila-1-2-person-low-emf-far-infrared-sauna-new	2	3	5	5
gid://shopify/Product/9878744105276	french-fitness-71-rack-rig-dirty-south-bar-attachment-new	1	2	2	2
gid://shopify/Product/9878745874748	body-solid-bstpb24-plyo-box-24-new	2	7	31	31
gid://shopify/Product/9878746169660	goldendesigns-dyn-6103-01-elite-dynamic-avila-elite-1-2-person-ultra-low-emf-far-infrared-sauna-new	2	3	5	5
gid://shopify/Product/9878746726716	french-fitness-rack-rig-v2-double-wall-ball-target-attachment-new	1	2	2	2
gid://shopify/Product/9878747316540	golden-designs-gdi-7060-01-engelberg-edition-6-person-traditional-steam-sauna-pacific-premium-clear-cedar-new	3	5	7	7
gid://shopify/Product/9878747382076	goldendesigns-dyn-6106-01-barcelona-edition-dynamic-low-emf-far-infrared-sauna-new	2	3	5	5
gid://shopify/Product/9878747414844	french-fitness-rack-rig-fly-pull-up-bar-attachment-new	2	3	4	4
gid://shopify/Product/9878747676988	body-solid-bstpb30-plyo-box-30-new	2	7	31	31
gid://shopify/Product/9878748856636	french-fitness-rack-rig-foot-rest-row-attachment-new	1	2	2	2
gid://shopify/Product/9878749348156	golden-designs-gdi-7202-01-hanko-edition-2-3-person-indoor-traditional-steam-sauna-canadian-red-cedar-new	3	5	7	7
gid://shopify/Product/9878749872444	goldendesigns-dyn-6106-01-elite-dynamic-barcelona-elite-1-2-person-ultra-low-emf-far-infrared-sauna-new	2	3	5	5
gid://shopify/Product/9878750265660	schwinn-ac-performance-indoor-cycle-w-chain-drive-remanufactured	5	6	19	19
gid://shopify/Product/9878750495036	body-solid-bstpb36-plyo-box-36-new	2	7	31	31
gid://shopify/Product/9878750593340	french-fitness-rig-rack-functional-trainer-w-3-tier-storage-49-new	7	48	133	133
gid://shopify/Product/9878752428348	golden-designs-gdi-7203-01-forssa-edition-3-4-person-indoor-traditional-steam-sauna-canadian-red-cedar-new	3	5	7	7
gid://shopify/Product/9878752756028	goldendesigns-dyn-6119-01-gracia-1-2-person-low-emf-far-infrared-sauna-new	2	3	5	5
gid://shopify/Product/9878752854332	schwinn-windjammer-ube-upper-body-ergometer-remanufactured	4	4	17	17
gid://shopify/Product/9878753149244	body-solid-bstpb42-plyo-box-42-new	2	7	31	31
gid://shopify/Product/9878754623804	golden-designs-gdi-7206-01-kuusamo-edition-6-person-indoor-traditional-steam-sauna-canadian-red-cedar-new	3	5	7	7
gid://shopify/Product/9878754853180	scifit-rex-total-body-recumbent-elliptical-rex7000-int-w-premium-seat-remanufactured	4	4	19	19
gid://shopify/Product/9878755475772	goldendesigns-dyn-6202-03-versailles-edition-dynamic-low-emf-far-infrared-sauna-new	2	3	5	5
gid://shopify/Product/9878756262204	body-solid-bstpb6-plyo-box-6-new	2	7	31	31
gid://shopify/Product/9878756589884	scifit-iso7000r-bi-directional-recumbent-bike-w-premium-seat-remanufactured	4	4	17	17
gid://shopify/Product/9878756753724	goldendesigns-dyn-6203-01-dynamic-cordoba-2-person-low-emf-far-infrared-sauna-new	2	3	5	5
gid://shopify/Product/9878757212476	body-solid-plyo-box-set-6-42-bstpbs5-new	2	7	28	28
gid://shopify/Product/9878757638460	scifit-pro1000-upper-body-exerciser-w-swivel-seat-remanufactured	4	5	18	18
gid://shopify/Product/9878757966140	goldendesigns-dyn-6203-01-elite-dynamic-cordoba-elite-2-person-ultra-low-emf-far-infrared-sauna-new	2	3	5	5
gid://shopify/Product/9878758457660	golden-designs-gdi-7289-02-sundsvall-traditional-steam-sauna-canadian-red-cedar-new	3	5	7	7
gid://shopify/Product/9878758719804	body-solid-bstrt1-resistance-tubes-very-light-resistance-yellow-new	1	2	2	2
gid://shopify/Product/9878759571772	goldendesigns-dyn-6203-02-fs-dynamic-cardoba-2-person-full-spectrum-near-zero-emf-far-infrared-sauna-new	2	3	5	5
gid://shopify/Product/9878760128828	body-solid-bstrt2-resistance-tubes-light-resistance-green-new	1	2	2	2
gid://shopify/Product/9878760948028	goldendesigns-dyn-6206-01-dynamic-low-emf-far-infrared-sauna-san-marino-edition-new	2	3	5	5
gid://shopify/Product/9878761275708	body-solid-bstrt3-resistance-tubes-medium-resistance-red-new	1	2	2	2
gid://shopify/Product/9878761308476	scifit-ac5000m-medical-rehab-treadmill-w-led-console-remanufactured	5	5	21	21
gid://shopify/Product/9878762258748	golden-designs-gdi-7389-02-copenhagen-edition-3-person-traditional-steam-sauna-canadian-red-cedar-interior-and-pacific-premium-clear-cedar-exterior-new	3	5	7	7
gid://shopify/Product/9878762324284	body-solid-bstrt4-resistance-tubes-heavy-resistance-blue-new	1	2	2	2
gid://shopify/Product/9878762914108	goldendesigns-dyn-6206-01-elite-dynamic-san-marino-elite-2-person-ultra-low-emf-far-infrared-sauna-new	2	3	5	5
gid://shopify/Product/9878763045180	scifit-ac7000-treadmill-remanufactured	4	4	19	19
gid://shopify/Product/9878763274556	body-solid-bstrt5-resistance-tubes-very-heavy-resistance-black-new	1	2	2	2
gid://shopify/Product/9878763929916	goldendesigns-gdi-7689-01-osla-edition-red-cedar-sauna-new	2	3	5	5
gid://shopify/Product/9878764683580	body-solid-bstsb-exercise-stability-ball-set-new	1	2	2	2
gid://shopify/Product/9878765371708	scifit-dc1000-treadmill-remanufactured	4	4	19	19
gid://shopify/Product/9878765568316	goldendesigns-dyn-6209-01-santiago-2-person-low-emf-far-infrared-sauna-new	2	3	5	5
gid://shopify/Product/9878765601084	body-solid-bstsb45-exercise-ball-45cm-green-new	1	2	2	2
gid://shopify/Product/9878766027068	goldendesigns-gdi-7689-02-osla-edition-6-person-traditional-sauna-canadian-red-cedar-interior-and-pacific-premium-clear-cedar-exterior-new	3	5	7	7
gid://shopify/Product/9878766092604	scifit-iso-1000-upright-bike-remanufactured	4	4	17	17
gid://shopify/Product/9878766387516	goldendesigns-dyn-6209-02-elite-dynamic-santiago-elite-2-person-ultra-low-emf-far-infrared-sauna-new	2	3	5	5
gid://shopify/Product/9878766780732	scifit-iso-1000r-recumbent-bike-remanufactured	4	5	18	18
gid://shopify/Product/9878767075644	goldendesigns-dyn-6209-03-fs-dynamic-santiago-2-person-full-spectrum-near-zero-emf-far-infrared-sauna-new	2	3	5	5
gid://shopify/Product/9878767403324	body-solid-bstsb-exercise-stability-ball-set-w-rack-new	3	4	10	10
gid://shopify/Product/9878767599932	french-fitness-rig-rack-functional-trainer-w-3-tier-storage-78-new	7	47	136	136
gid://shopify/Product/9878767731004	goldendesigns-dyn-6210-01-venice-i-edition-dynamic-sauna-new	2	3	5	5
gid://shopify/Product/9878767796540	scifit-iso1000-upright-bike-remanufactured	4	4	17	17
gid://shopify/Product/9878767829308	golden-designs-gdi-8010-03-full-spectrum-puretech-near-zero-emf-far-infrared-sauna-with-himalayan-salt-bar-new	2	3	5	5
gid://shopify/Product/9878767993148	body-solid-bstst-tools-sled-harness-new	1	2	2	2
gid://shopify/Product/9878768222524	goldendesigns-dyn-6210-01-elite-venice-elite-2-person-ultra-low-emf-far-infrared-sauna-new	2	3	5	5
gid://shopify/Product/9878768386364	scifit-iso-7000r-bi-directional-recumbent-bike-remanufactured	4	5	18	18
gid://shopify/Product/9878768451900	body-solid-bstsr1-cable-speed-rope-new	1	2	2	2
gid://shopify/Product/9878769074492	scifit-iso7000-bi-directional-upright-bike-remanufactured	4	5	18	18
gid://shopify/Product/9878769828156	scifit-latitude-lateral-stability-trainer-remanufactured	4	6	22	22
gid://shopify/Product/9878769860924	goldendesigns-gdi-8020-03-2-person-full-spectrum-puretech-near-zero-emf-far-infrared-sauna-with-himalayan-salt-bar-new	2	3	5	5
gid://shopify/Product/9878770942268	scifit-pro1-sport-standing-upper-body-exerciser-ube-remanufactured	4	4	17	17
gid://shopify/Product/9878771007804	goldendesigns-dyn-6220-01-dynamic-low-emf-far-infrared-sauna-vittoria-edition-new	2	3	5	5
gid://shopify/Product/9878771663164	scifit-pro1-seated-upper-body-exerciser-ube-remanufactured	4	6	19	19
gid://shopify/Product/9878771827004	goldendesigns-dyn-6225-02-dynamic-heming-low-emf-far-infrared-sauna-new	2	3	5	5
gid://shopify/Product/9878772384060	goldendesigns-gdi-8030-03-3-person-full-spectrum-puretech-near-zero-emf-far-infrared-sauna-with-himalayan-salt-bar-new	2	3	5	5
gid://shopify/Product/9878772482364	goldendesigns-dyn-6225-02-elite-dynamic-heming-elite-2-person-corner-ultra-low-emf-far-infrared-sauna-new	2	3	5	5
gid://shopify/Product/9878772515132	scifit-pro-1000-ube-upper-body-ergometer-remanufactured	4	6	19	19
gid://shopify/Product/9878773924156	scifit-pro1-seated-ube-pro100-int-w-premium-seat-remanufactured	4	5	18	18
gid://shopify/Product/9878774350140	goldendesigns-dyn-6306-02-dynamic-bellagio-low-emf-far-infrared-sauna-new	2	3	5	5
gid://shopify/Product/9878774579516	scifit-pro1000-ube-upper-body-exerciser-pro1032-int-remanufactured	4	6	20	20
gid://shopify/Product/9878775202108	golden-designs-gdi-8035-03-3-person-corner-full-spectrum-puretech-near-zero-emf-far-infrared-sauna-with-himalayan-salt-bar-new	2	3	5	5
gid://shopify/Product/9878775464252	body-solid-bstwpbox-tools-3-in-1-wooden-plyo-box-new	2	3	6	6
gid://shopify/Product/9878776054076	body-solid-bstwvp20-premium-weighted-vest-20-lbs-new	1	2	2	2
gid://shopify/Product/9878776250684	french-fitness-rig-rack-functional-training-cave-new	6	30	102	101
gid://shopify/Product/9878776676668	body-solid-bstwvp40-premium-weighted-vest-40-lbs-new	1	2	2	2
gid://shopify/Product/9878776938812	scifit-pro-2-total-body-ergometer-remanufactured	4	6	19	19
gid://shopify/Product/9878777266492	goldendesigns-reserve-edition-gdi-8040-03-full-spectrum-with-himalayan-salt-bar-new	2	3	5	5
gid://shopify/Product/9878777299260	body-solid-bstyb10-tools-yoga-block-new	1	2	2	2
gid://shopify/Product/9878777856316	scifit-pro2-total-body-exerciser-pro232-int-remanufactured	4	6	20	20
gid://shopify/Product/9878777889084	body-solid-bstym10-group-yoga-mat-premium-new	1	2	2	2
gid://shopify/Product/9878778511676	body-solid-bstym3-yoga-mat-3mm-blue-new	1	2	2	2
gid://shopify/Product/9878778773820	golden-designs-gdi-8103-01-arlberg-3-person-traditional-outdoor-sauna-canadian-hemlock-new	3	5	7	7
gid://shopify/Product/9878779035964	goldendesigns-dyn-6336-02-dynamic-lugano-low-emf-far-infrared-sauna-new	2	3	5	5
gid://shopify/Product/9878779232572	body-solid-bstym5-yoga-mat-5mm-red-new	1	2	2	2
gid://shopify/Product/9878779724092	scifit-rex7000-total-body-recumbent-elliptical-w-touch-console-remanufactured	4	5	20	20
gid://shopify/Product/9878779855164	goldendesigns-dyn-6336-02-elite-dynamic-lugano-3-person-ultra-low-emf-far-infrared-sauna-new	2	3	5	5
gid://shopify/Product/9878779887932	golden-designs-gdi-8105-01-vorarlberg-5-person-traditional-outdoor-sauna-canadian-hemlock-new	3	5	7	7
gid://shopify/Product/9878780182844	body-solid-endurance-cl300-climber-new	3	4	7	7
gid://shopify/Product/9878780739900	scifit-rst7000-recumbent-stepper-remanufactured	4	6	21	21
gid://shopify/Product/9878781002044	golden-designs-gdi-8123-01-carinthia-3-person-hybrid-puretech-full-spectrum-ir-or-traditional-stove-outdoor-sauna-canadian-hemlock-new	3	5	7	7
gid://shopify/Product/9878781133116	body-solid-dabb-sf-pro-dual-ab-back-machine-new	3	7	14	14
gid://shopify/Product/9878781526332	goldendesigns-dyn-6336-03-fs-dynamic-lugano-3-person-full-spectrum-near-zero-emf-far-infrared-sauna-new	2	3	5	5
gid://shopify/Product/9878781559100	scifit-stepone-recumbent-stepper-remanufactured	5	7	25	25
gid://shopify/Product/9878781952316	goldendesigns-gdi-8125-01-gargellen-5-person-hybrid-puretech-full-spectrum-ir-or-traditional-stove-outdoor-sauna-canadian-hemlock-new	3	5	7	7
gid://shopify/Product/9878782279996	body-solid-dbtc-sf-pro-dual-bicep-tricep-machine-new	3	7	14	14
gid://shopify/Product/9878782378300	scifit-tc-1000-stair-stepper-remanufactured	4	4	17	17
gid://shopify/Product/9878782837052	golden-designs-narvik-2-person-outdoor-indoor-traditional-sauna-gdi-8202-01-canadian-red-cedar-interior-new	3	5	7	7
gid://shopify/Product/9878783033660	body-solid-dclp-sf-pro-dual-leg-calf-press-machine-new	3	7	14	14
gid://shopify/Product/9878783263036	goldendesigns-dyn-6996-01-elite-dynamic-monaco-6-person-ultra-low-emf-far-infrared-sauna-new	2	3	5	5
gid://shopify/Product/9878783918396	golden-designs-gdi-8203-01-drammen-3-person-outdoor-indoor-traditional-sauna-canadian-red-cedar-interior-new	3	5	7	7
gid://shopify/Product/9878784246076	stairmaster-10-series-10g-gauntlet-w-16-embedded-display-black-new	3	4	11	11
gid://shopify/Product/9878784672060	body-solid-dgym-pro-dual-modular-gym-system-new	4	14	155	155
gid://shopify/Product/9878785622332	golden-designs-gdi-8206-01-bergen-6-person-outdoor-indoor-traditional-sauna-canadian-red-cedar-interior-new	3	5	7	7
gid://shopify/Product/9878785786172	stairmaster-10-series-10g-gauntlet-w-lcd-9-5295-10g-lcd-black-new	3	4	11	11
gid://shopify/Product/9878786408764	golden-designs-gdi-8222-01-nora-2-person-outdoor-indoor-puretech-hybrid-full-spectrum-sauna-canadian-red-cedar-interior-new	3	5	7	7
gid://shopify/Product/9878786441532	stairmaster-4-series-gauntlet-w-10-touch-display-black-new	3	4	11	11
gid://shopify/Product/9878786769212	french-fitness-rack-rig-glute-ham-attachment-new	3	4	9	9
gid://shopify/Product/9878787129660	stairmaster-4-series-gauntlet-w-15-embedded-display-black-new	3	4	11	11
gid://shopify/Product/9878787162428	golden-designs-gdi-8223-01-visby-3-person-outdoor-indoor-puretech-hybrid-full-spectrum-sauna-canadian-red-cedar-interior-new	3	5	7	7
gid://shopify/Product/9878787227964	goldendesigns-dyn-6440-01-dynamic-bergamo-low-emf-far-infrared-sauna-new	2	3	5	5
gid://shopify/Product/9878787588412	french-fitness-rack-rig-jammer-arms-attachment-new	1	2	2	2
gid://shopify/Product/9878787850556	stairmaster-4-series-gauntlet-w-10-lcd-black-new	3	4	11	11
gid://shopify/Product/9878787916092	golden-designs-gdi-8226-01-karlstad-6-person-outdoor-indoor-puretech-hybrid-full-spectrum-sauna-canadian-red-cedar-interior-new	3	5	7	7
gid://shopify/Product/9878787948860	french-fitness-rack-rig-junction-bar-43-pull-up-bar-v2-new	2	3	4	4
gid://shopify/Product/9878788440380	stairmaster-8-series-freeclimber-w-16-embedded-display-black-new	3	4	9	9
gid://shopify/Product/9878788538684	goldendesigns-reserve-edition-gdi-8230-01-full-spectrum-with-himalayan-salt-bar-new	2	3	5	5
gid://shopify/Product/9878788636988	french-fitness-rack-rig-junction-bar-71-pull-up-bar-v2-new	1	2	2	2
gid://shopify/Product/9878788931900	sportsart-fitness-e82-rear-drive-elliptical-trainer-remanufactured	4	4	19	19
gid://shopify/Product/9878789128508	stairmaster-8-series-freeclimber-w-lcd-9-5260-8fc-lcd-60blk-black-new	3	4	9	9
gid://shopify/Product/9878789161276	french-fitness-rack-rig-junction-bar-crossmember-w-chin-up-bar-new	2	3	4	4
gid://shopify/Product/9878789194044	goldendesigns-reserve-edition-gdi-8260-01-full-spectrum-with-himalayan-salt-bar-new	2	3	5	5
gid://shopify/Product/9878789554492	body-solid-diot-sf-pro-dual-inner-outer-thigh-machine-new	3	7	14	14
gid://shopify/Product/9878789718332	sportsart-e8300-elliptical-remanufactured	4	5	20	20
gid://shopify/Product/9878789751100	golden-designs-gdi-8330-01-soria-near-zero-emf-full-spectrum-and-harvia-traditional-stove-hybrid-sauna-new	2	3	5	5
gid://shopify/Product/9878790209852	stairmaster-8-series-gauntlet-x-w-16-embedded-display-black-new	3	4	11	11
gid://shopify/Product/9878790242620	body-solid-dlat-sf-pro-dual-lat-mid-row-machine-new	4	10	25	25
gid://shopify/Product/9878790340924	french-fitness-rack-rig-20-junction-bar-crossmember-new	1	2	2	2
gid://shopify/Product/9878790373692	precor-846i-r-experience-recumbent-exercise-bike-remanufactured	4	5	19	19
gid://shopify/Product/9878790471996	golden-designs-gdi-8360-01-toledo-near-zero-emf-full-spectrum-and-harvia-traditional-stove-hybrid-sauna-new	2	3	5	5
gid://shopify/Product/9878790799676	stairmaster-8-series-gauntlet-x-w-lcd-9-5345-8gx-lcd-60blk-black-new	3	4	11	11
gid://shopify/Product/9878790865212	french-fitness-43-rack-rig-junction-bar-crossmember-v1-new	2	3	4	4
gid://shopify/Product/9878791094588	precor-846i-u-experience-upright-exercise-bike-remanufactured	4	5	19	19
gid://shopify/Product/9878791192892	golden-designs-gdi-8503-01-savonlinna-3-person-outdoor-traditional-sauna-canadian-red-cedar-interior-new	3	5	7	7
gid://shopify/Product/9878791225660	body-solid-dlec-sf-pro-dual-leg-extension-curl-machine-new	3	7	14	14
gid://shopify/Product/9878791422268	french-fitness-71-rack-rig-junction-bar-crossmember-v1-new	2	3	4	4
gid://shopify/Product/9878791913788	precor-932i-experience-treadmill-remanufactured	4	5	20	20
gid://shopify/Product/9878792012092	golden-designs-gdi-8506-01-kaarina-6-person-outdoor-traditional-sauna-canadian-red-cedar-interior-new	3	5	7	7
gid://shopify/Product/9878792077628	french-fitness-rack-rig-junction-bar-crossmember-w-2-cannonball-grips-new	2	3	4	4
gid://shopify/Product/9878792143164	body-solid-dpccsf-pro-dual-cable-column-machine-new	4	18	55	55
gid://shopify/Product/9878792175932	stairmaster-hiit-bike-remanufactured	4	4	16	16
gid://shopify/Product/9878792536380	french-fitness-rack-rig-j-cups-j-hooks-attachment-pair-new	1	2	2	2
gid://shopify/Product/9878792667452	golden-designs-gdi-8523-01-loviisa-3-person-hybrid-puretech-full-spectrum-ir-or-traditional-stove-outdoor-sauna-canadian-red-cedar-interior-new	3	5	7	7
gid://shopify/Product/9878792732988	precor-commercial-954i-experience-treadmill-remanufactured	4	5	20	20
gid://shopify/Product/9878793060668	french-fitness-43-rack-rig-kettlebell-tier-tray-attachment-new	1	2	2	2
gid://shopify/Product/9878793519420	golden-designs-gdi-8526-01-kaskinen-6-person-hybrid-puretech-full-spectrum-ir-or-traditional-stove-outdoor-sauna-canadian-red-cedar-interior-new	3	5	7	7
gid://shopify/Product/9878793716028	precor-956i-experience-treadmill-remanufactured	4	5	20	20
gid://shopify/Product/9878794207548	french-fitness-71-rack-rig-kettlebell-tier-tray-attachment-new	1	2	2	2
gid://shopify/Product/9878794567996	precor-966i-experience-treadmill-remanufactured	4	5	20	20
gid://shopify/Product/9878794666300	french-fitness-rack-rig-landmine-attachment-new	1	2	2	2
gid://shopify/Product/9878794928444	golden-designs-gdi-b002-01-st-moritz-2-person-barrel-traditional-sauna-pacific-cedar-new	3	5	7	7
gid://shopify/Product/9878794961212	body-solid-dpec-sf-pro-dual-pec-rear-delt-machine-new	3	7	14	14
gid://shopify/Product/9878795256124	french-fitness-rack-rig-light-bulb-grip-new	1	2	2	2
gid://shopify/Product/9878795649340	french-fitness-rig-rack-lat-pulldown-low-row-w-stabilizer-bar-new	2	3	4	4
gid://shopify/Product/9878795780412	body-solid-dpls-sf-pro-dual-vertical-press-lat-machine-new	3	7	14	14
gid://shopify/Product/9878795813180	golden-designs-gdi-b004-01-arosa-4-person-barrel-traditional-sauna-pacific-cedar-new	3	5	7	7
gid://shopify/Product/9878796337468	french-fitness-rack-rig-leg-roller-attachment-new	1	2	2	2
gid://shopify/Product/9878796599612	body-solid-dprs-sf-pro-dual-multi-press-machine-new	3	7	13	13
gid://shopify/Product/9878796796220	golden-designs-gdi-b006-01-klosters-6-person-barrel-traditional-sauna-pacific-cedar-new	3	5	7	7
gid://shopify/Product/9878796894524	french-fitness-rack-rig-lat-seat-new	1	2	2	2
gid://shopify/Product/9878797386044	french-fitness-rack-rig-monkey-bar-attachment-new	1	2	2	2
gid://shopify/Product/9878797517116	body-solid-dr100-dip-rack-attachment-new	1	2	2	2
gid://shopify/Product/9878797680956	golden-designs-gdi-b024-01-zurich-4-person-barrel-with-bronze-privacy-view-traditional-sauna-pacific-cedar-new	3	5	7	7
gid://shopify/Product/9878798106940	french-fitness-rack-rig-mounted-cannonball-grip-new	1	2	2	2
gid://shopify/Product/9878798270780	body-solid-dr378-dip-attachment-for-gpr378-power-rack-new	1	2	2	2
gid://shopify/Product/9878798500156	stairmaster-freeclimber-w-15-touchscreen-9-5260-8fc-15-atsc-remanufactured	4	4	17	17
gid://shopify/Product/9878798631228	pro-6-arcadia-air-runner-non-motorized-curve-treadmill-new	3	4	11	11
gid://shopify/Product/9878798663996	french-fitness-rack-rig-mounted-dual-vertical-bar-holder-new	1	2	2	2
gid://shopify/Product/9878798795068	body-solid-endurance-e300-elliptical-trainer-new	3	4	8	8
gid://shopify/Product/9878798926140	versaclimber-sm-m-magnetic-cardio-climber-new	3	11	16	16
gid://shopify/Product/9878798958908	french-fitness-rack-rig-multi-grip-pull-up-bar-new	1	2	2	2
gid://shopify/Product/9878799057212	pro-6-aspen-stairmill-stair-climber-new	3	4	11	11
gid://shopify/Product/9878799319356	body-solid-endurance-e400-elliptical-trainer-new	3	4	9	9
gid://shopify/Product/9878799515964	french-fitness-rack-rig-multi-sphere-ball-grip-pull-up-bar-new	1	2	2	2
gid://shopify/Product/9878799843644	body-solid-endurance-e5000-premium-elliptical-trainer-new	3	4	9	9
gid://shopify/Product/9878799909180	french-fitness-rack-rig-olympic-weight-plate-holder-new	1	2	2	2
gid://shopify/Product/9878799974716	stairmaster-sc5-stepper-w-ts1-touch-screen-tv-remanufactured	4	4	17	17
gid://shopify/Product/9878800367932	stairmaster-gravitron-2000at-chin-dip-assist-remanufactured	5	5	23	23
gid://shopify/Product/9878800466236	french-fitness-43-rack-rig-pull-up-bar-new	1	2	2	2
gid://shopify/Product/9878800630076	body-solid-esb250-endurance-indoor-cycle-bike-new	3	5	10	10
gid://shopify/Product/9878801711420	french-fitness-71-rack-rig-pull-up-bar-new	1	2	2	2
gid://shopify/Product/9878801809724	stairmaster-gravitron-hydraulic-chin-dip-assist-remanufactured	5	5	23	23
gid://shopify/Product/9878802334012	stairmaster-treadclimber-5-remanufactured	4	4	19	19
gid://shopify/Product/9878803743036	french-fitness-rack-rig-pipe-bomb-grip-new	1	2	2	2
gid://shopify/Product/9878805905724	french-fitness-rack-rig-power-band-holder-new	1	2	2	2
gid://shopify/Product/9878809313596	total-gym-gts-classic-missing-foot-platform-remanufactured	4	4	17	17
gid://shopify/Product/9878812262716	total-gym-gts-newer-style-82414-sku-5200-02-remanufactured	4	7	20	20
gid://shopify/Product/9878812361020	stairmaster-sm5-stepmill-w-lcd-d-1-console-remanufactured	4	5	20	20
gid://shopify/Product/9878815605052	stairmaster-sm5-stepmill-tse-1-w-10-touch-screen-tv-remanufactured	4	4	19	19
gid://shopify/Product/9878818586940	body-solid-exm3000lps-selectorized-home-gym-new	4	12	32	32
gid://shopify/Product/9878819275068	stairmaster-gauntlet-8-series-sm8-stepmill-w-15-openhub-remanufactured	4	4	19	19
gid://shopify/Product/9878819930428	stairmaster-8-series-freeclimber-w-lcd-console-9-5260-8fc-lcd-remanufactured	4	5	20	20
gid://shopify/Product/9878820585788	stairmaster-sm916-stepmill-remanufactured	4	5	20	20
gid://shopify/Product/9878821339452	body-solid-exm4000s-selectorized-home-gym-new	4	11	31	31
gid://shopify/Product/9878822027580	cateye-fitness-ec-ub200-ube-remanufactured	4	4	18	18
gid://shopify/Product/9878822060348	life-fitness-signature-series-multi-adjustable-bench-remanufactured	5	6	26	26
gid://shopify/Product/9878822551868	expresso-fitness-hd-recumbent-bike-hdr-remanufactured	4	4	17	17
gid://shopify/Product/9878822617404	stairmaster-gauntlet-stepmill-w-ts1-touch-screen-remanufactured	4	4	19	19
gid://shopify/Product/9878823108924	stairmaster-8-series-gauntlet-stepmill-9-5250-8g-lcd-remanufactured	4	4	19	19
gid://shopify/Product/9878823502140	french-fitness-rack-rig-ring-muscle-up-arm-attachment-26mm-new	2	3	3	3
gid://shopify/Product/9878823764284	precor-efx-5-17i-elliptical-cross-trainer-remanufactured	4	4	15	15
gid://shopify/Product/9878823960892	stairmaster-8-series-gauntlet-w-15-touch-sm-9-5250-8g-lcd-x-stepmill-remanufactured	4	4	19	19
gid://shopify/Product/9878823993660	body-solid-f500-fusion-500-personal-trainer-new	4	14	36	36
gid://shopify/Product/9878824157500	expresso-fitness-hd-youth-bike-hdy-remanufactured	4	4	17	17
gid://shopify/Product/9878824485180	french-fitness-rack-rig-v2-hd-spotter-arms-attachment-pair-new	1	2	2	2
gid://shopify/Product/9878824550716	precor-efx-5-19-elliptical-cross-trainer-remanufactured	4	4	15	15
gid://shopify/Product/9878824845628	stairmaster-gauntlet-stepmill-w-lcd-d-1-console-remanufactured	3	4	11	11
gid://shopify/Product/9878825075004	french-fitness-rack-rig-spotter-arms-attachment-pair-new	1	2	2	2
gid://shopify/Product/9878825337148	precor-efx-5-21i-elliptical-cross-trainer-remanufactured	4	4	15	15
gid://shopify/Product/9878825468220	life-fitness-signature-series-olympic-flat-bench-remanufactured	5	8	40	40
gid://shopify/Product/9878825533756	french-fitness-rack-rig-single-ball-holder-attachment-new	1	2	2	2
gid://shopify/Product/9878826058044	french-fitness-rack-rig-step-up-platform-attachment-new	1	2	2	2
gid://shopify/Product/9878826090812	hammer-strength-pl-ab-plate-loaded-abdominal-oblique-crunch-remanufactured	5	7	43	43
gid://shopify/Product/9878826320188	life-fitness-signature-series-olympic-incline-bench-remanufactured	5	8	40	40
gid://shopify/Product/9878826484028	french-fitness-108-rack-rig-upright-new	2	3	4	4
gid://shopify/Product/9878827073852	french-fitness-120-rack-rig-upright-new	2	3	4	4
gid://shopify/Product/9878827172156	life-fitness-signature-olympic-squat-rack-remanufactured	5	5	19	19
gid://shopify/Product/9878827204924	precor-efx-5-23-elliptical-w-stationary-arms-remanufactured	4	4	15	15
gid://shopify/Product/9878827303228	hoist-cf-3663-back-hyper-remanufactured	4	4	17	17
gid://shopify/Product/9878827565372	french-fitness-130-rack-rig-upright-new	1	2	2	2
gid://shopify/Product/9878827696444	stott-pilates-cadillac-trapeze-table-remanufactured	4	4	17	17
gid://shopify/Product/9878827761980	precor-efx-5-23-elliptical-newer-version-w-moving-arms-remanufactured	4	4	15	15
gid://shopify/Product/9878827794748	body-solid-f600-fusion-600-personal-trainer-gym-new	4	17	45	45
gid://shopify/Product/9878827860284	hoist-cf-3753-7-degree-smith-remanufactured	5	7	45	45
gid://shopify/Product/9878828122428	french-fitness-142-rack-rig-upright-new	2	3	4	4
gid://shopify/Product/9878828286268	stott-pilates-professional-reformer-remanufactured	4	4	17	17
gid://shopify/Product/9878828351804	precor-efx-524i-elliptical-cross-trainer-remanufactured	4	4	19	19
gid://shopify/Product/9878828515644	french-fitness-36-rack-rig-upright-new	1	2	2	2
gid://shopify/Product/9878828581180	hoist-hd-1500-multi-press-remanufactured	5	6	28	28
gid://shopify/Product/9878828876092	life-fitness-signature-series-pl-kneeling-leg-curl-remanufactured	5	7	43	43
gid://shopify/Product/9878828974396	precor-efx-5-25-elliptical-crosstrainer-remanufactured	4	4	15	15
gid://shopify/Product/9878829105468	french-fitness-60-rack-rig-upright-new	1	2	2	2
gid://shopify/Product/9878829367612	hoist-hd-1610-leg-press-calf-raise-remanufactured	5	6	26	26
gid://shopify/Product/9878829531452	precor-efx-5-31-elliptical-crosstrainer-remanufactured	4	4	15	15
gid://shopify/Product/9878829564220	life-fitness-signature-series-plate-loaded-leg-extension-remanufactured	5	7	43	43
gid://shopify/Product/9878829596988	french-fitness-72-rack-rig-upright-new	1	2	2	2
gid://shopify/Product/9878829826364	body-solid-fb300b-endurance-fan-bike-black-new	3	4	9	9
gid://shopify/Product/9878830055740	hoist-hd-2300-mid-row-lat-pulldown-remanufactured	5	6	26	26
gid://shopify/Product/9878830252348	french-fitness-84-rack-rig-upright-7-new	1	2	2	2
gid://shopify/Product/9878830350652	precor-efx-532i-experience-elliptical-remanufactured	4	5	20	20
gid://shopify/Product/9878830448956	sportsart-g660-elite-eco-powr-treadmill-new	3	5	12	12
gid://shopify/Product/9878830842172	body-solid-fcd-fusion-vkr-vertical-knee-raise-dip-pull-up-new	3	6	12	12
gid://shopify/Product/9878830907708	french-fitness-91-rack-rig-upright-new	1	2	2	2
gid://shopify/Product/9878831006012	hoist-hd-3300-chest-shoulder-press-remanufactured	5	6	26	26
gid://shopify/Product/9878831268156	precor-efx-5-33-elliptical-cross-trainer-remanufactured	4	4	15	15
gid://shopify/Product/9878831628604	french-fitness-47-rack-rig-upright-new	1	2	2	2
gid://shopify/Product/9878831825212	hoist-cf-2179-b-3-way-olympic-bench-remanufactured	5	8	45	44
gid://shopify/Product/9878832087356	precor-efx-5-33-premium-series-elliptical-remanufactured	4	4	15	15
gid://shopify/Product/9878832120124	sportsart-g690-verde-status-eco-powr-treadmill-new	3	5	12	12
gid://shopify/Product/9878832415036	body-solid-fcd-stk-pro-select-weight-assisted-chin-dip-machine-new	3	8	14	14
gid://shopify/Product/9878832447804	french-fitness-rack-rig-universal-anchor-attachment-new	1	2	2	2
gid://shopify/Product/9878832742716	french-fitness-rack-rig-universal-chin-up-bar-new	1	2	2	2
gid://shopify/Product/9878832841020	hoist-cf-2355-composite-motion-leg-press-remanufactured	5	7	41	41
gid://shopify/Product/9878832906556	precor-efx-534i-elliptical-cross-trainer-remanufactured	4	4	19	19
gid://shopify/Product/9878833037628	sportsart-n685-verde-status-eco-natural-treadmill-new	3	6	13	13
gid://shopify/Product/9878833201468	body-solid-fcdwa-fusion-weight-assisted-dip-pull-up-station-new	3	4	6	6
gid://shopify/Product/9878833529148	precor-efx-534i-experience-commercial-elliptical-remanufactured	4	5	20	20
gid://shopify/Product/9878833594684	hoist-cf-2367-super-half-rack-remanufactured	5	7	46	46
gid://shopify/Product/9878833692988	french-fitness-rack-rig-v2-wall-ball-target-attachment-new	1	2	2	2
gid://shopify/Product/9878833725756	body-solid-fid46-olympic-leverage-flat-incline-decline-bench-new	3	4	9	9
gid://shopify/Product/9878834020668	sportsart-t615-foundation-treadmill-with-eco-glide-contact-heart-rate-new	3	4	11	11
gid://shopify/Product/9878834250044	french-fitness-rack-rig-webbed-safety-catchers-set-of-2-new	2	3	4	4
gid://shopify/Product/9878834315580	precor-efx-5-35-premium-series-elliptical-remanufactured	4	4	15	15
gid://shopify/Product/9878834381116	body-solid-flp-fusion-leg-press-attachment-new	3	4	9	9
gid://shopify/Product/9878834544956	hoist-cf-3355-angled-linear-leg-press-remanufactured	5	7	41	41
gid://shopify/Product/9878834643260	sportsart-t615m-medical-rehabilitation-treadmill-new	3	6	13	13
gid://shopify/Product/9878834708796	french-fitness-rack-rig-weight-chain-hanger-new	2	3	4	4
gid://shopify/Product/9878835167548	precor-efx-536i-experience-commercial-elliptical-remanufactured	4	5	20	20
gid://shopify/Product/9878835298620	body-solid-fmh-fusion-multi-hip-station-new	1	2	2	2
gid://shopify/Product/9878835691836	hoist-dual-400-leg-extension-seated-leg-curl-remanufactured	5	6	28	28
gid://shopify/Product/9878835790140	body-solid-fshdm-fusion-weight-stack-metal-shroud-new	1	2	2	2
gid://shopify/Product/9878836052284	precor-efx-5-37-premium-elliptical-crosstrainer-remanufactured	4	4	15	15
gid://shopify/Product/9878836085052	sportsart-t635a-foundation-ac-motor-treadmill-new	3	4	11	11
gid://shopify/Product/9878836379964	body-solid-fshdp-fusion-weight-stack-plastic-shroud-new	1	2	2	2
gid://shopify/Product/9878836412732	hoist-hd1800-inner-outer-thigh-hip-ad-ab-remanufactured	5	6	26	26
gid://shopify/Product/9878836642108	sportsart-t645l-performance-treadmill-new	3	4	11	11
gid://shopify/Product/9878836674876	precor-efx-544-elliptical-remanufactured	4	4	15	15
gid://shopify/Product/9878836805948	body-solid-g10b-bi-angular-home-gym-new	4	13	36	36
gid://shopify/Product/9878837002556	french-fitness-rack-rig-14-weight-storage-horn-attachment-new	1	2	2	2
gid://shopify/Product/9878837100860	hoist-hd-1900-dual-pulley-system-adjustable-remanufactured	6	19	74	74
gid://shopify/Product/9878837264700	sportsart-t655md-rehabilitation-treadmill-new	3	4	11	11
gid://shopify/Product/9878837428540	precor-efx-546i-v3-elliptical-cross-trainer-remanufactured	4	4	19	19
gid://shopify/Product/9878837854524	french-fitness-rubber-roll-gym-flooring-10m-x-1m-new	2	3	5	5
gid://shopify/Product/9878838509884	sportsart-t655ms-rehabilitation-treadmill-new	3	4	11	11
gid://shopify/Product/9878839099708	precor-efx-546i-experience-elliptical-cross-trainer-remanufactured	4	5	20	20
gid://shopify/Product/9878839230780	french-fitness-rubber-square-gym-flooring-39-37x39-37-ea-new	2	3	4	4
gid://shopify/Product/9878844539196	sportsart-t663-essentials-series-cardio-treadmill-new	3	4	11	11
gid://shopify/Product/9878845587772	french-fitness-27-rubber-squat-wedge-block-new	1	2	2	2
gid://shopify/Product/9878847127868	precor-efx-546i-v4-pre-experience-elliptical-remanufactured	4	5	20	20
gid://shopify/Product/9878848831804	sportsart-t663m-rehabilitation-essentials-series-cardio-treadmill-new	3	4	11	11
gid://shopify/Product/9878849323324	precor-efx-554i-v3-elliptical-remanufactured	4	4	19	19
gid://shopify/Product/9878849552700	sportsart-t665-essentials-series-cardio-treadmill-new	3	4	11	11
gid://shopify/Product/9878849978684	hoist-hd-3400-leg-extension-seated-leg-curl-remanufactured	5	6	26	26
gid://shopify/Product/9878850240828	french-fitness-speed-agility-ladder-26-ft-new	1	2	2	2
gid://shopify/Product/9878850306364	precor-efx-556-v3-cordless-elliptical-cross-trainer-remanufactured	4	4	19	19
gid://shopify/Product/9878850502972	sportsart-t673l-prime-eco-natural-treadmill-new	3	4	11	11
gid://shopify/Product/9878850634044	french-fitness-pvc-slam-ball-100-lb-new	1	2	2	2
gid://shopify/Product/9878850732348	hoist-smith-machine-w-plate-holders-remanufactured	5	7	46	46
gid://shopify/Product/9878850797884	precor-efx-556i-experience-elliptical-cross-trainer-remanufactured	4	5	20	20
gid://shopify/Product/9878851092796	sportsart-t673l-16-senza-prime-treadmill-new	3	4	11	11
gid://shopify/Product/9878851191100	french-fitness-pvc-slam-ball-10-lb-new	1	2	2	2
gid://shopify/Product/9878851486012	hammer-strength-select-abdominal-crunch-remanufactured	5	6	27	27
gid://shopify/Product/9878851518780	precor-efx-556i-v4-pre-experience-elliptical-remanufactured	4	4	19	19
gid://shopify/Product/9878851715388	french-fitness-pvc-slam-ball-set-of-5-10-to-30-lbs-new	3	4	7	7
gid://shopify/Product/9878851879228	sportsart-t674l-eco-natural-elite-treadmill-new	3	4	11	11
gid://shopify/Product/9878853386556	precor-efx-556i-navy-elliptical-cross-trainer-remanufactured	4	4	19	19
gid://shopify/Product/9878853517628	hammer-strength-select-biceps-curl-remanufactured	5	6	26	26
gid://shopify/Product/9878853648700	french-fitness-14-slam-ball-10-lb-non-bounce-medicine-ball-new	1	2	2	2
gid://shopify/Product/9878853910844	sportsart-t674l-16-senza-elite-treadmill-new	3	4	11	11
gid://shopify/Product/9878854140220	french-fitness-14-slam-ball-non-bounce-medicine-ball-set-of-5-10-to-30-lbs-new	3	4	6	6
gid://shopify/Product/9878854271292	precor-efx-556-version-2-elliptical-cross-trainer-remanufactured	4	4	19	19
gid://shopify/Product/9878854304060	hammer-strength-olympic-flat-bench-w-weight-storage-remanufactured	5	8	40	40
gid://shopify/Product/9878854795580	sportsart-t676-eco-natural-status-treadmill-new	3	4	11	11
gid://shopify/Product/9878854959420	precor-efx-576i-v4-elliptical-remanufactured	4	5	20	20
gid://shopify/Product/9878855024956	french-fitness-14-slam-ball-15-lb-non-bounce-medicine-ball-new	1	2	2	2
gid://shopify/Product/9878855156028	hammer-strength-select-lat-pulldown-hs-pd-remanufactured	6	11	41	41
gid://shopify/Product/9878855319868	french-fitness-14-slam-ball-20-lb-non-bounce-medicine-ball-new	1	2	2	2
gid://shopify/Product/9878855418172	sportsart-t676-19-senza-status-treadmill-new	3	4	11	11
gid://shopify/Product/9878855450940	precor-efx-813-elliptical-crosstrainer-w-p10-console-remanufactured	4	5	20	20
gid://shopify/Product/9878856007996	french-fitness-14-slam-ball-25-lb-non-bounce-medicine-ball-new	1	2	2	2
gid://shopify/Product/9878857220412	hammer-strength-select-seated-row-remanufactured	5	6	28	28
gid://shopify/Product/9878858989884	precor-efx-815-elliptical-crosstrainer-w-p10-console-remanufactured	4	5	20	20
gid://shopify/Product/9878859186492	versaclimber-srm-sport-rehab-model-new	3	9	15	15
gid://shopify/Product/9878859514172	french-fitness-14-slam-ball-30-lb-non-bounce-medicine-ball-new	1	2	2	2
gid://shopify/Product/9878861283644	body-solid-g2b-bi-angular-home-gym-new	4	13	33	33
gid://shopify/Product/9878863544636	french-fitness-pvc-slam-ball-15-lb-new	1	2	2	2
gid://shopify/Product/9878863774012	hammer-strength-select-triceps-extension-remanufactured	5	6	27	27
gid://shopify/Product/9878865183036	precor-efx-833-elliptical-crosstrainer-w-p30-console-remanufactured	4	5	20	20
gid://shopify/Product/9878866067772	life-fitness-signature-series-biceps-curl-remanufactured	5	6	28	28
gid://shopify/Product/9878866297148	french-fitness-pvc-slam-ball-set-of-8-5-to-40-lbs-new	3	4	7	7
gid://shopify/Product/9878866886972	hammer-strength-utility-bench-75-degree-remanufactured	5	6	26	26
gid://shopify/Product/9878867345724	precor-efx-835-elliptical-crosstrainer-w-p30-console-remanufactured	4	5	20	20
gid://shopify/Product/9878868164924	life-fitness-signature-triceps-press-seated-dip-remanufactured	5	6	28	28
gid://shopify/Product/9878868230460	french-fitness-pvc-slam-ball-20-lb-new	1	2	2	2
gid://shopify/Product/9878868656444	hammer-strength-select-chin-dip-assist-remanufactured	4	4	20	20
gid://shopify/Product/9878868984124	french-fitness-pvc-slam-ball-25-lb-new	1	2	2	2
gid://shopify/Product/9878869016892	precor-efx-883-elliptical-cross-trainer-w-p80-console-remanufactured	4	4	19	19
gid://shopify/Product/9878869082428	body-solid-g3s-selectorized-home-gym-new	4	13	34	34
gid://shopify/Product/9878869147964	star-trac-10-series-freerunner-treadmill-w-19-embedded-display-remanufactured	4	4	19	19
gid://shopify/Product/9878869410108	french-fitness-pvc-slam-ball-set-of-10-5-to-50-lbs-new	3	4	8	8
gid://shopify/Product/9878869508412	precor-efx-883-elliptical-crosstrainer-w-p82-console-remanufactured	4	5	20	20
gid://shopify/Product/9878869606716	hammer-strength-glute-ham-bench-ghd-remanufactured	5	6	26	26
gid://shopify/Product/9878869737788	star-trac-10-series-freerunner-treadmill-w-20-embedded-display-new	3	4	11	11
gid://shopify/Product/9878870098236	french-fitness-pvc-slam-ball-30-lb-new	1	2	2	2
gid://shopify/Product/9878870196540	precor-efx-885-elliptical-crosstrainer-w-p80-console-remanufactured	4	4	19	19
gid://shopify/Product/9878870393148	hammer-strength-select-chest-press-remanufactured	5	6	28	28
gid://shopify/Product/9878870589756	french-fitness-pvc-slam-ball-35-lb-new	1	2	2	2
gid://shopify/Product/9878870819132	body-solid-g5s-selectorized-home-gym-new	4	13	33	33
gid://shopify/Product/9878870982972	precor-efx-885-elliptical-crosstrainer-w-p82-console-remanufactured	4	5	20	20
gid://shopify/Product/9878871081276	french-fitness-pvc-slam-ball-40-lb-new	1	2	2	2
gid://shopify/Product/9878871474492	hammer-strength-select-pectoral-pec-fly-rear-deltoid-remanufactured	5	6	26	26
gid://shopify/Product/9878871638332	french-fitness-pvc-slam-ball-45-lb-new	1	2	2	2
gid://shopify/Product/9878872097084	star-trac-s-series-upright-bike-w-lcd-black-new	3	5	10	10
gid://shopify/Product/9878872162620	french-fitness-pvc-slam-ball-5-lb-new	1	2	2	2
gid://shopify/Product/9878872326460	hammer-strength-select-fixed-pulldown-remanufactured	5	6	26	26
gid://shopify/Product/9878872359228	expresso-go-recumbent-bike-remanufactured	4	4	17	17
gid://shopify/Product/9878872686908	bodysolid-g6br-bi-angular-home-gym-new	4	13	33	33
gid://shopify/Product/9878872817980	french-fitness-pvc-slam-ball-50-lb-new	1	2	2	2
gid://shopify/Product/9878873047356	hammer-strength-barbell-rack-remanufactured	4	4	20	20
gid://shopify/Product/9878873112892	star-trac-elite-6230-pro-elliptical-remanufactured	4	4	19	19
gid://shopify/Product/9878873243964	star-trac-s-series-recumbent-bike-w-lcd-black-new	3	5	10	10
gid://shopify/Product/9878873309500	french-fitness-pvc-slam-ball-55-lb-new	1	2	2	2
gid://shopify/Product/9878874161468	star-trac-espinner-indoor-cycle-remanufactured	5	5	18	18
gid://shopify/Product/9878874227004	french-fitness-pvc-slam-ball-60-lb-new	1	2	2	2
gid://shopify/Product/9878874325308	star-trac-s-series-recumbent-bike-w-lcd-silver-remanufactured	4	4	17	17
gid://shopify/Product/9878875013436	star-trac-espinner-7200-indoor-cycle-remanufactured	5	5	18	18
gid://shopify/Product/9878875341116	star-trac-s-series-cross-trainer-w-lcd-black-new	3	5	10	10
gid://shopify/Product/9878875439420	french-fitness-pvc-slam-ball-70-lb-new	1	2	2	2
gid://shopify/Product/9878875832636	expresso-go-recumbent-bike-new	4	4	17	17
gid://shopify/Product/9878876029244	star-trac-4-series-cross-trainer-w-10-touch-display-black-new	3	4	9	9
gid://shopify/Product/9878876324156	hammer-strength-adjustable-bench-remanufactured	5	6	26	26
gid://shopify/Product/9878876520764	french-fitness-pvc-slam-ball-80-lb-new	1	2	2	2
gid://shopify/Product/9878876684604	expresso-go-upright-bike-remanufactured	4	4	17	17
gid://shopify/Product/9878876815676	star-trac-4-series-cross-trainer-w-10-lcd-black-new	3	5	10	10
gid://shopify/Product/9878877176124	french-fitness-pvc-slam-ball-90-lb-new	1	2	2	2
gid://shopify/Product/9878877274428	hammer-strength-half-rack-remanufactured	5	6	29	29
gid://shopify/Product/9878877569340	expresso-fitness-hd-upright-bike-hdu-remanufactured	4	4	17	17
gid://shopify/Product/9878877667644	french-fitness-12-set-sandbag-power-bag-rack-new	2	3	4	4
gid://shopify/Product/9878877929788	star-trac-4-series-cross-trainer-w-15-embedded-display-black-new	3	4	9	9
gid://shopify/Product/9878878028092	hammer-strength-hd-elite-adjustable-bench-w-dock-n-lock-remanufactured	5	5	18	18
gid://shopify/Product/9878878224700	french-fitness-ff-sc15-stretch-cage-silver-new	3	4	8	8
gid://shopify/Product/9878878290236	versaclimber-exervibe-stepper-remanufactured	4	4	17	17
gid://shopify/Product/9878878519612	star-trac-4-series-recumbent-bike-w-10-touch-display-black-new	3	4	9	9
gid://shopify/Product/9878878748988	french-fitness-ff-sc15-stretch-cage-black-new	3	4	8	8
gid://shopify/Product/9878878847292	life-fitness-f1-smart-foldable-treadmill-remanufactured	4	4	15	15
gid://shopify/Product/9878878945596	star-trac-4-series-recumbent-bike-w-10-lcd-black-new	3	5	10	10
gid://shopify/Product/9878879011132	hammer-strength-hd-elite-half-rack-remanufactured	6	13	57	57
gid://shopify/Product/9878879633724	life-fitness-f3-foldable-treadmill-w-advanced-console-remanufactured	4	4	15	15
gid://shopify/Product/9878879830332	star-trac-4-series-recumbent-bike-w-15-embedded-display-black-new	3	4	9	9
gid://shopify/Product/9878880747836	star-trac-4-series-treadmill-w-10-touch-display-black-new	3	4	11	11
gid://shopify/Product/9878880977212	french-fitness-standard-cast-iron-1-weight-plate-10-lbs-new	1	2	2	2
gid://shopify/Product/9878882058556	body-solid-gab100b-horizontal-ab-crunch-bench-new	3	6	12	12
gid://shopify/Product/9878882287932	french-fitness-standard-cast-iron-1-weight-plate-set-190-lbs-new	3	4	5	5
gid://shopify/Product/9878882386236	star-trac-4-series-treadmill-w-10-lcd-black-new	3	5	12	12
gid://shopify/Product/9878884548924	hammer-strength-olympic-multi-rack-squat-rack-remanufactured	5	5	22	22
gid://shopify/Product/9878884876604	body-solid-gab300-semi-recumbent-ab-bench-new	3	4	9	9
gid://shopify/Product/9878885237052	star-trac-4-series-treadmill-w-15-embedded-display-black-new	3	4	11	11
gid://shopify/Product/9878885466428	first-degree-fitness-e750-cycle-ube-fluid-exercise-new	3	4	9	9
gid://shopify/Product/9878885728572	french-fitness-standard-cast-iron-1-weight-plate-25-lbs-new	1	2	2	2
gid://shopify/Product/9878885826876	hammer-strength-hd-elite-power-rack-remanufactured	5	8	50	50
gid://shopify/Product/9878885892412	body-solid-gab300b-semi-recumbent-ab-bench-new	3	4	9	9
gid://shopify/Product/9878886285628	star-trac-4-series-upright-bike-w-10-touch-display-black-new	3	4	9	9
gid://shopify/Product/9878886515004	french-fitness-standard-cast-iron-1-weight-plate-set-260-lbs-new	3	4	5	5
gid://shopify/Product/9878886777148	first-degree-fitness-viking-pro-xl-rower-new	3	6	11	11
gid://shopify/Product/9878887137596	body-solid-gab60-adjustable-ab-board-new	3	9	40	40
gid://shopify/Product/9878887530812	hammer-strength-select-hip-and-glute-remanufactured	5	6	28	28
gid://shopify/Product/9878887792956	star-trac-4-series-upright-bike-w-10-lcd-black-new	3	5	10	10
gid://shopify/Product/9878888448316	french-fitness-standard-cast-iron-1-weight-plate-2-5-lbs-new	1	2	2	2
gid://shopify/Product/9878889693500	french-fitness-standard-cast-iron-1-weight-plate-35-lbs-new	1	2	2	2
gid://shopify/Product/9878889824572	hammer-strength-iso-lat-front-lat-pulldown-ilpd-plate-loaded-remanufactured	5	7	44	44
gid://shopify/Product/9878889857340	star-trac-4-series-upright-bike-w-15-embedded-display-black-new	3	4	9	9
gid://shopify/Product/9878889988412	body-solid-gab60b-adjustable-ab-board-new	3	9	40	40
gid://shopify/Product/9878890217788	first-degree-fitness-viking-pro-v-indoor-rower-new	3	5	10	10
gid://shopify/Product/9878890283324	french-fitness-standard-cast-iron-1-weight-plate-set-350-lbs-new	3	4	6	6
gid://shopify/Product/9878890447164	hammer-strength-iso-lateral-incline-press-ilip-plate-loaded-remanufactured	5	7	43	43
gid://shopify/Product/9878890905916	french-fitness-standard-cast-iron-1-weight-plate-45-lbs-new	1	2	2	2
gid://shopify/Product/9878891036988	star-trac-8-series-cross-trainer-w-16-embedded-display-black-new	3	4	9	9
gid://shopify/Product/9878891397436	hammer-strength-pl-lr-plate-loaded-lateral-raise-remanufactured	5	7	45	45
gid://shopify/Product/9878891561276	french-fitness-standard-cast-iron-1-weight-plate-set-450-lbs-new	3	4	6	6
gid://shopify/Product/9878892118332	french-fitness-10-tricep-strap-nylon-cable-attachment-new	1	2	2	2
gid://shopify/Product/9878892183868	french-fitness-standard-cast-iron-1-weight-plate-5-lbs-new	1	2	2	2
gid://shopify/Product/9878892314940	hammer-strength-pl-bi-plate-loaded-seated-bicep-remanufactured	5	7	45	45
gid://shopify/Product/9878892839228	french-fitness-18-black-foam-roller-new	1	2	2	2
gid://shopify/Product/9878893527356	star-trac-8-series-recumbent-bike-w-16-embedded-display-black-new	3	4	9	9
gid://shopify/Product/9878894772540	hammer-strength-hyperextension-back-extension-bwbe-remanufactured	5	6	24	24
gid://shopify/Product/9878895067452	french-fitness-rubber-grip-weight-plate-set-w-7-ft-bar-235-lbs-rack-bench-new	4	6	12	12
gid://shopify/Product/9878897787196	hammer-strength-iso-lateral-decline-press-ilcdp-plate-loaded-remanufactured	5	7	43	43
gid://shopify/Product/9878898180412	french-fitness-16-20-24-3-in-1-soft-foam-plyo-box-new	1	2	2	2
gid://shopify/Product/9878898245948	french-fitness-2-tier-saddle-dumbbell-rack-10-pairs-new	2	3	4	4
gid://shopify/Product/9878898540860	star-trac-8-series-rear-drive-elliptical-w-16-embedded-display-black-new	3	4	9	9
gid://shopify/Product/9878899065148	french-fitness-2-tier-saddle-dumbbell-rack-v2-10-pairs-new	2	3	4	4
gid://shopify/Product/9878899130684	hammer-strength-iso-lateral-high-row-ilhr-plate-loaded-remanufactured	5	7	45	45
gid://shopify/Product/9878899818812	french-fitness-rubber-grip-weight-plate-set-w-7-ft-bar-305-lbs-rack-bench-new	4	6	12	12
gid://shopify/Product/9878900080956	hammer-strength-iso-lateral-kneeling-leg-curl-ilklc-remanufactured	5	7	45	45
gid://shopify/Product/9878900146492	french-fitness-shr80-single-half-rack-cage-new	4	33	90	90
gid://shopify/Product/9878900179260	star-trac-8-series-tr-treadmill-w-20-embedded-display-black-new	3	6	13	13
gid://shopify/Product/9878900638012	body-solid-gar100-accessory-tower-new	3	4	9	9
gid://shopify/Product/9878900736316	french-fitness-20-24-30-3-in-1-soft-foam-plyo-box-new	1	2	2	2
gid://shopify/Product/9878901096764	hammer-strength-iso-lateral-leg-extension-ille-remanufactured	5	7	43	43
gid://shopify/Product/9878901457212	body-solid-gar250-accessory-tower-new	3	4	9	9
gid://shopify/Product/9878902210876	french-fitness-34-olympic-tricep-bar-new	2	4	28	28
gid://shopify/Product/9878902309180	hammer-strength-iso-lateral-leg-press-illp-remanufactured	5	7	43	43
gid://shopify/Product/9878902440252	body-solid-gar50-compact-accessory-tower-new	3	4	9	9
gid://shopify/Product/9878902636860	star-trac-8-series-trx-treadmill-w-20-embedded-display-black-new	3	4	11	11
gid://shopify/Product/9878903161148	body-solid-gar75-corner-accessory-storage-rack-new	3	4	9	9
gid://shopify/Product/9878903259452	hammer-strength-iso-lateral-rowing-ilrow-plate-loaded-remanufactured	5	7	43	43
gid://shopify/Product/9878903652668	body-solid-gbpr10-rubber-bumper-plate-rack-new	3	4	8	8
gid://shopify/Product/9878904013116	hammer-strength-iso-wide-chest-ilwc-plate-loaded-remanufactured	5	7	45	45
gid://shopify/Product/9878904209724	star-trac-8-series-upright-bike-w-16-embedded-display-black-new	3	4	9	9
gid://shopify/Product/9878904340796	body-solid-gbr10-ball-rebounder-new	2	5	17	17
gid://shopify/Product/9878904373564	french-fitness-36-black-foam-roller-new	1	2	2	2
gid://shopify/Product/9878904537404	hammer-strength-iso-lat-bench-press-ilbph-ilbpv-plate-loaded-remanufactured	5	7	43	43
gid://shopify/Product/9878904602940	french-fitness-36-eva-foam-roller-new	1	2	2	2
gid://shopify/Product/9878905094460	french-fitness-rubber-grip-weight-plate-set-w-7-ft-bar-395-lbs-rack-bench-new	4	6	12	12
gid://shopify/Product/9878905225532	body-solid-gca2-lat-pull-up-chin-up-station-new	2	3	5	5
gid://shopify/Product/9878905291068	star-trac-virtual-bike-indoor-cycle-w-21-touchscreen-new	4	6	11	11
gid://shopify/Product/9878905323836	hammer-strength-iso-lateral-low-row-illr-plate-loaded-remanufactured	5	7	45	45
gid://shopify/Product/9878905651516	body-solid-gcab-stk-pro-select-ab-back-machine-new	3	7	13	13
gid://shopify/Product/9878905684284	french-fitness-3-tier-hex-dumbbell-rack-3thdr-new	3	4	8	8
gid://shopify/Product/9878905815356	hammer-strength-iso-lateral-shoulder-press-ilsp-plate-loaded-remanufactured	5	7	43	43
gid://shopify/Product/9878905979196	french-fitness-shr80-commercial-half-rack-bench-combo-new	4	32	88	88
gid://shopify/Product/9878906241340	star-trac-8-series-versastrider-w-16-embedded-display-black-new	3	4	9	9
gid://shopify/Product/9878906306876	french-fitness-3-tier-kettlebell-rack-new	3	4	8	8
gid://shopify/Product/9878906667324	hammer-strength-pl-calf-plate-loaded-seated-calf-raise-remanufactured	5	7	45	45
gid://shopify/Product/9878906700092	french-fitness-3-tier-saddle-12-pair-dumbbell-rack-new	3	4	8	8
gid://shopify/Product/9878907060540	french-fitness-3-tier-saddle-15-pair-dumbbell-rack-new	3	4	8	8
gid://shopify/Product/9878907224380	body-solid-gcbt-stk-pro-select-biceps-triceps-machine-new	3	7	12	12
gid://shopify/Product/9878907289916	hammer-strength-pl-sh-plate-loaded-seated-standing-shrug-remanufactured	5	7	45	45
gid://shopify/Product/9878907355452	star-trac-angled-linear-leg-press-fl-114-remanufactured	5	7	41	41
gid://shopify/Product/9878907388220	french-fitness-3-tier-saddle-dumbbell-rack-10-pairs-new	3	4	8	8
gid://shopify/Product/9878907715900	body-solid-gcbt380-cam-series-bicep-tricep-new	3	6	11	11
gid://shopify/Product/9878907748668	hammer-strength-plate-loaded-ground-base-jammer-remanufactured	5	6	39	39
gid://shopify/Product/9878908010812	star-trac-instinct-multi-adjustable-bench-remanufactured	5	6	25	25
gid://shopify/Product/9878908174652	french-fitness-4-sided-vertical-dumbbell-rack-16-pairs-new	3	4	8	8
gid://shopify/Product/9878908305724	hammer-strength-linear-45-degree-leg-press-w-4-horns-plate-loaded-remanufactured	5	7	43	43
gid://shopify/Product/9878908338492	body-solid-gcec-stk-pro-select-leg-extension-leg-curl-machine-new	3	7	13	13
gid://shopify/Product/9878908567868	star-trac-s-series-trc-treadmill-w-lcd-black-new	3	5	12	12
gid://shopify/Product/9878908666172	french-fitness-4-tier-storage-squat-rack-pull-up-new	5	20	40	40
gid://shopify/Product/9878909026620	hammer-strength-select-leg-extension-remanufactured	5	6	28	28
gid://shopify/Product/9878909124924	star-trac-s-series-trx-treadmill-w-lcd-black-new	3	5	12	12
gid://shopify/Product/9878909616444	hammer-strength-linear-45-degree-leg-press-plate-loaded-newer-style-remanufactured	5	7	43	43
gid://shopify/Product/9878909780284	body-solid-gcec340b-cam-series-leg-extension-curl-new	3	8	28	27
gid://shopify/Product/9878909911356	french-fitness-ff-ski-ski-exercise-machine-w-air-resistance-new	3	4	9	9
gid://shopify/Product/9878909944124	star-trac-recumbent-bike-4400-remanufactured	4	4	17	17
gid://shopify/Product/9878910271804	hammer-strength-olympic-military-bench-remanufactured	5	8	46	46
gid://shopify/Product/9878910697788	french-fitness-4-tier-storage-squat-rack-pull-up-2-sections-107-new	6	24	60	60
gid://shopify/Product/9878910763324	star-trac-4-series-treadmill-w-15-embedded-display-black-2024-model-remanufactured	4	5	16	16
gid://shopify/Product/9878910796092	body-solid-gclp100-compact-leg-press-new	3	4	9	9
gid://shopify/Product/9878911254844	hammer-strength-mts-abdominal-crunch-remanufactured	5	6	28	28
gid://shopify/Product/9878911549756	star-trac-5600-pro-commercial-treadmill-remanufactured	4	5	20	20
gid://shopify/Product/9878912008508	hammer-strength-mts-iso-lateral-biceps-curl-remanufactured	5	6	28	28
gid://shopify/Product/9878912172348	star-trac-pro-recumbent-bike-6430-remanufactured	4	4	17	17
gid://shopify/Product/9878912532796	french-fitness-single-leg-roller-adjustable-squat-stand-bulgarian-split-squats-new	3	4	8	8
gid://shopify/Product/9878912598332	hammer-strength-mts-iso-lateral-chest-press-remanufactured	5	6	28	28
gid://shopify/Product/9878912663868	star-trac-7600-pro-treadmill-remanufactured	4	5	20	20
gid://shopify/Product/9878912827708	french-fitness-specialty-multigrip-olympic-swiss-bar-new	2	4	28	28
gid://shopify/Product/9878912893244	french-fitness-4-tier-storage-squat-rack-pull-up-3-sections-157-new	5	20	42	42
gid://shopify/Product/9878912958780	hammer-strength-mts-iso-lateral-decline-press-remanufactured	5	6	28	28
gid://shopify/Product/9878913155388	stages-sc3-indoor-bike-remanufactured	4	4	17	17
gid://shopify/Product/9878913253692	french-fitness-soft-medicine-wall-ball-set-of-10-4-to-30-lbs-new	2	4	7	7
gid://shopify/Product/9878913351996	hammer-strength-mts-iso-lateral-triceps-extension-remanufactured	5	6	28	28
gid://shopify/Product/9878913483068	stairmaster-3400ce-momentum-upright-bike-remanufactured	4	4	14	14
gid://shopify/Product/9878913810748	french-fitness-soft-medicine-wall-ball-set-of-6-6-to-20-lbs-new	2	4	11	11
gid://shopify/Product/9878914302268	hammer-strength-olympic-flat-bench-remanufactured	5	8	40	40
gid://shopify/Product/9878914367804	stairmaster-4000pt-stepper-remanufactured	4	4	19	19
gid://shopify/Product/9878914662716	french-fitness-soft-medicine-wall-ball-10-lb-new	1	2	2	2
gid://shopify/Product/9878914859324	stairmaster-5100-nsl-clubstride-elliptical-remanufactured	4	4	19	19
gid://shopify/Product/9878914990396	hammer-strength-olympic-incline-bench-remanufactured	5	8	44	44
gid://shopify/Product/9878915055932	french-fitness-soft-medicine-wall-ball-12-lb-new	1	2	2	2
gid://shopify/Product/9878915416380	french-fitness-5-80-lb-adjustable-dumbbell-set-of-2-new	3	4	6	6
gid://shopify/Product/9878915449148	stairmaster-airfit-upright-bike-remanufactured	4	4	17	17
gid://shopify/Product/9878915580220	french-fitness-soft-medicine-wall-ball-14-lb-new	1	2	2	2
gid://shopify/Product/9878915842364	hammer-strength-olympic-decline-bench-odb-plate-loaded-remanufactured	5	8	44	44
gid://shopify/Product/9878916038972	french-fitness-soft-medicine-wall-ball-16-lb-new	1	2	2	2
gid://shopify/Product/9878916104508	star-trac-e-ct-elliptical-remanufactured	4	5	20	20
gid://shopify/Product/9878916497724	french-fitness-5-chrome-olympic-bar-30-lbs-new	2	4	28	28
gid://shopify/Product/9878916530492	french-fitness-soft-medicine-wall-ball-18-lb-new	1	2	2	2
gid://shopify/Product/9878916563260	hammer-strength-power-full-cage-squat-rack-remanufactured	5	6	29	29
gid://shopify/Product/9878917022012	french-fitness-soft-medicine-wall-ball-20-lb-new	1	2	2	2
gid://shopify/Product/9878917284156	hammer-strength-abdominal-crunch-plate-loaded-remanufactured	5	7	43	43
gid://shopify/Product/9878917415228	french-fitness-6-aluminum-olympic-technology-bar-17-lbs-new	2	4	28	28
gid://shopify/Product/9878917447996	french-fitness-soft-medicine-wall-ball-25-lb-new	1	2	2	2
gid://shopify/Product/9878917775676	french-fitness-soft-medicine-wall-ball-30-lb-new	1	2	2	2
gid://shopify/Product/9878917873980	hammer-strength-iso-lateral-d-y-row-ildrw-plate-loaded-remanufactured	5	7	43	43
gid://shopify/Product/9878917972284	french-fitness-6-chrome-olympic-bar-33-lbs-new	2	4	28	28
gid://shopify/Product/9878918005052	star-trac-blade-indoor-cycle-remanufactured	5	5	18	18
gid://shopify/Product/9878918267196	french-fitness-soft-medicine-wall-ball-35-lb-new	1	2	2	2
gid://shopify/Product/9878918365500	body-solid-deluxe-cable-crossover-250-gdcc250-new	4	21	57	57
gid://shopify/Product/9878918431036	french-fitness-6-72-33-lb-womens-olympic-power-bar-1000-lb-new	2	4	28	28
gid://shopify/Product/9878918725948	hammer-strength-pl-lhs-plate-loaded-linear-hack-squat-remanufactured	5	7	44	44
gid://shopify/Product/9878918758716	sprint-torso-ube-upper-body-ergometer-remanufactured	4	4	17	17
gid://shopify/Product/9878918889788	french-fitness-soft-medicine-wall-ball-4-lb-new	1	2	2	2
gid://shopify/Product/9878919086396	french-fitness-7-fsr90-fsr80-chrome-olympic-bar-new	2	4	28	28
gid://shopify/Product/9878919184700	star-trac-e-tc-treadclimber-remanufactured	4	5	20	20
gid://shopify/Product/9878919217468	french-fitness-soft-medicine-wall-ball-40-lb-new	1	2	2	2
gid://shopify/Product/9878919315772	hammer-strength-horizontal-leg-press-remanufactured	5	6	40	40
gid://shopify/Product/9878919610684	french-fitness-7-86-chrome-45-lb-olympic-bar-new	2	4	28	28
gid://shopify/Product/9878919643452	french-fitness-soft-medicine-wall-ball-6-lb-new	1	2	2	2
gid://shopify/Product/9878919774524	hammer-strength-pl-shc-plate-loaded-super-horizontal-calf-remanufactured	5	7	43	43
gid://shopify/Product/9878919840060	french-fitness-soft-medicine-wall-ball-8-lb-new	1	2	2	2
gid://shopify/Product/9878919938364	french-fitness-7-86-45-lb-olympic-power-bar-1500-lb-new	2	4	28	28
gid://shopify/Product/9878920200508	body-solid-gdcc250b-cable-crossover-new	4	21	57	57
gid://shopify/Product/9878920331580	star-trac-ee4600-edge-elliptical-remanufactured	4	4	19	19
gid://shopify/Product/9878920462652	hammer-strength-seated-triceps-extension-plate-loaded-remanufactured	4	5	35	35
gid://shopify/Product/9878920560956	french-fitness-7-86-45-lb-olympic-power-bar-2000-lb-new	2	4	28	28
gid://shopify/Product/9878920659260	french-fitness-steel-plyo-box-set-of-4-12-18-24-30-new	2	3	6	6
gid://shopify/Product/9878920888636	star-trac-ee5200-natural-runner-elliptical-remanufactured	4	4	19	19
gid://shopify/Product/9878921019708	hammer-strength-select-seated-leg-curl-remanufactured	5	6	28	28
gid://shopify/Product/9878921118012	french-fitness-8-bar-wall-mounted-horizontal-rack-new	3	4	11	11
gid://shopify/Product/9878921216316	french-fitness-12-steel-plyo-jump-box-new	2	3	6	6
gid://shopify/Product/9878921380156	star-trac-p-tbtx-total-body-trainer-elliptical-remanufactured	4	5	20	20
gid://shopify/Product/9878921609532	hammer-strength-select-seated-leg-press-remanufactured	5	6	27	27
gid://shopify/Product/9878921773372	french-fitness-18-steel-plyo-jump-box-new	2	3	6	6
gid://shopify/Product/9878921904444	french-fitness-adjustable-aluminum-aah55-stirrup-handle-new	1	2	2	2
gid://shopify/Product/9878922068284	french-fitness-24-steel-plyo-jump-box-new	2	3	6	6
gid://shopify/Product/9878922101052	body-solid-gdcc-bar-attachment-new	1	2	2	2
gid://shopify/Product/9878922199356	hammer-strength-smith-machine-remanufactured	5	7	46	46
gid://shopify/Product/9878922264892	french-fitness-ff-abm40-air-bike-machine-w-air-resistance-new	3	4	8	8
gid://shopify/Product/9878922494268	star-trac-e-rb-e-series-recumbent-bike-remanufactured	4	5	18	18
gid://shopify/Product/9878922527036	french-fitness-30-steel-plyo-jump-box-new	2	3	6	6
gid://shopify/Product/9878922953020	hammer-strength-select-shoulder-press-remanufactured	5	6	26	26
gid://shopify/Product/9878923084092	french-fitness-36-steel-plyo-jump-box-new	2	3	6	6
gid://shopify/Product/9878923215164	body-solid-gdib46l-powercenter-combo-bench-new	3	6	11	11
gid://shopify/Product/9878923542844	french-fitness-42-steel-plyo-jump-box-new	2	3	6	6
gid://shopify/Product/9878923575612	hammer-strength-select-prone-leg-curl-remanufactured	5	6	28	28
gid://shopify/Product/9878923772220	star-trac-e-rbe-recumbent-bike-w-touch-screen-remanufactured	4	4	17	17
gid://shopify/Product/9878923903292	french-fitness-6-steel-plyo-jump-box-new	2	3	6	6
gid://shopify/Product/9878924034364	french-fitness-ff-acs-ankle-cuff-strap-new	1	2	2	2
gid://shopify/Product/9878924132668	hammer-strength-vkr-vertical-knee-raise-remanufactured	5	6	26	26
gid://shopify/Product/9878924230972	star-trac-e-sm-stairmill-9-5180-mintpo-remanufactured	4	5	20	20
gid://shopify/Product/9878924362044	french-fitness-steel-plyo-box-set-of-7-6-12-18-24-30-36-42-new	2	3	6	6
gid://shopify/Product/9878924427580	french-fitness-ankle-cuff-strap-wool-padded-new	1	2	2	2
gid://shopify/Product/9878924460348	body-solid-gdib46lp4-powercenter-combo-bench-package-new	3	4	9	9
gid://shopify/Product/9878924689724	french-fitness-adjustable-dumbbell-set-stand-new	3	4	6	6
gid://shopify/Product/9878924755260	french-fitness-spd-9-16-pedals-w-toe-cages-straps-new	1	2	2	2
gid://shopify/Product/9878925017404	body-solid-gdip59-dip-station-new	3	4	9	9
gid://shopify/Product/9878925148476	life-fitness-integrity-treadmill-d-base-w-sl-console-remanufactured	4	4	19	19
gid://shopify/Product/9878925443388	star-trac-e-st-stepper-remanufactured	4	5	20	20
gid://shopify/Product/9878925607228	french-fitness-ff-afb-air-fan-bike-new	3	5	10	10
gid://shopify/Product/9878925672764	jacobs-ladder-exercise-machine-new	3	4	9	9
gid://shopify/Product/9878925738300	french-fitness-7-ft-combination-universal-storage-rack-new	2	3	4	4
gid://shopify/Product/9878925967676	body-solid-gdkr100b-dual-dumbbell-kettlebell-rack-black-new	3	4	8	8
gid://shopify/Product/9878926229820	french-fitness-srft8-squat-rack-functional-trainer-new	5	25	83	83
gid://shopify/Product/9878926360892	body-solid-gdkr50b-3-tier-kettlebell-rack-new	3	4	8	8
gid://shopify/Product/9878926557500	french-fitness-artificial-grass-synthetic-lawn-turf-flooring-roll-82-x-6-5-v1-base	1	2	2	2
gid://shopify/Product/9878926590268	jacobs-ladder-2-exercise-machine-new	3	4	9	9
gid://shopify/Product/9878926754108	star-trac-e-ste-e-series-stepper-w-embedded-screen-remanufactured	4	4	19	19
gid://shopify/Product/9878927016252	body-solid-gdr10-vinyl-dumbbell-rack-new	3	4	6	6
gid://shopify/Product/9878927114556	french-fitness-artificial-grass-synthetic-lawn-turf-flooring-roll-82-x-6-5-v2-plus	1	2	2	2
gid://shopify/Product/9878927311164	star-trac-e-tbt-e-series-elliptical-remanufactured	4	5	20	20
gid://shopify/Product/9878927507772	body-solid-gdr10b-vinyl-dumbbell-rack-new	3	4	6	6
gid://shopify/Product/9878927573308	french-fitness-artificial-grass-synthetic-lawn-turf-flooring-roll-82-x-6-5-v3-premium	1	2	2	2
gid://shopify/Product/9878927802684	jacobs-ladder-stairway-gtl-new	3	4	10	10
gid://shopify/Product/9878927900988	body-solid-gdr24-12-pair-vertical-dumbbell-rack-new	3	4	10	10
gid://shopify/Product/9878928064828	french-fitness-am2-ab-mat-new	1	2	2	2
gid://shopify/Product/9878928294204	jacobs-ladder-x-new	3	4	9	9
gid://shopify/Product/9878928425276	body-solid-gdr24b-12-pair-vertical-dumbbell-rack-new	3	4	10	10
gid://shopify/Product/9878928556348	french-fitness-adjustable-nylon-anh50-stirrup-handle-new	1	2	2	2
gid://shopify/Product/9878928589116	star-trac-e-tr-e-series-treadmill-remanufactured	4	5	20	20
gid://shopify/Product/9878928687420	keiser-power-adjustable-bench-remanufactured	5	6	24	24
gid://shopify/Product/9878928818492	french-fitness-artificial-performance-gym-turf-track-w-start-marker-14-ft-x-50-ft-new	2	3	4	4
gid://shopify/Product/9878929277244	keiser-m3-indoor-cycle-w-computer-remanufactured	5	5	19	19
gid://shopify/Product/9878929310012	french-fitness-ff-ar-air-rower-new	3	4	9	9
gid://shopify/Product/9878929506620	star-trac-e-tre-touch-screen-treadmill-remanufactured	4	4	19	19
gid://shopify/Product/9878929801532	keiser-m3-indoor-cycle-remanufactured	6	6	17	17
gid://shopify/Product/9878929867068	french-fitness-aerobic-step-w-adjustable-risers-new	3	4	9	9
gid://shopify/Product/9878930129212	star-trac-e-trx-treadmill-remanufactured	4	5	20	20
gid://shopify/Product/9878930456892	keiser-m7i-wheelchair-accessible-total-body-trainer-recumbent-stepper-remanufactured	5	5	19	19
gid://shopify/Product/9878930653500	body-solid-gdr34b-3-tier-horizontal-34-vinyl-or-neoprene-dumbbell-rack-new	3	4	10	10
gid://shopify/Product/9878931112252	french-fitness-ff-asr-accessory-stand-rack-new	2	3	4	4
gid://shopify/Product/9878931210556	body-solid-gdr363-3-tier-dumbbell-rack-new	3	4	6	6
gid://shopify/Product/9878931243324	keiser-infinity-functional-trainer-w-air-compressor-remanufactured	5	17	66	66
gid://shopify/Product/9878931276092	french-fitness-ss20-sissy-squat-new	3	5	10	10
gid://shopify/Product/9878931636540	star-trac-e-trxe-treadmill-9-9051-musapo-remanufactured	4	4	19	19
gid://shopify/Product/9878931734844	body-solid-gdr363b-3-tier-dumbbell-rack-new	3	4	7	7
gid://shopify/Product/9878931767612	french-fitness-ff-asr-pack-accessory-package-w-rack-new	1	2	2	2
gid://shopify/Product/9878932324668	star-trac-e-ub-e-series-upright-bike-remanufactured	4	5	18	18
gid://shopify/Product/9878932685116	french-fitness-aluminum-speed-rope-w-swivel-bearings-new	1	2	2	2
gid://shopify/Product/9878932816188	french-fitness-safety-squat-bar-new	2	4	28	28
gid://shopify/Product/9878933176636	body-solid-gdr44b-vertical-dumbbell-rack-new	3	4	7	7
gid://shopify/Product/9878933209404	french-fitness-aw2-ab-exercise-roller-wheel-new	1	2	2	2
gid://shopify/Product/9878933897532	french-fitness-aw4-ab-exercise-roller-wheel-new	1	2	2	2
gid://shopify/Product/9878933963068	keiser-infinity-triple-functional-trainer-remanufactured	5	18	69	69
gid://shopify/Product/9878934028604	body-solid-gdr48b-3-tier-horizontal-48-dumbbell-rack-new	3	4	10	10
gid://shopify/Product/9878934290748	french-fitness-speed-skipping-vinyl-jump-rope-new	1	2	2	2
gid://shopify/Product/9878934421820	star-trac-e-ube-upright-bike-w-touch-screen-remanufactured	3	3	14	14
gid://shopify/Product/9878934552892	french-fitness-agility-workout-cones-w-holder-new	1	2	2	2
gid://shopify/Product/9878934749500	body-solid-gdr500-commercial-dumbbell-rack-new	3	4	8	8
gid://shopify/Product/9878934815036	french-fitness-ff-st10-stretch-trainer-new	3	4	8	8
gid://shopify/Product/9878935142716	star-trac-impact-ab-abdominal-crunch-machine-remanufactured	5	6	27	27
gid://shopify/Product/9878935241020	french-fitness-adjustable-weighted-vest-20-lbs-new	1	2	2	2
gid://shopify/Product/9878935437628	french-fitness-st100-slat-belt-commercial-treadmill-new	3	4	11	11
gid://shopify/Product/9878935699772	french-fitness-adjustable-weighted-vest-40-lbs-new	1	2	2	2
gid://shopify/Product/9878935765308	star-trac-instinct-dual-adjustable-pulley-remanufactured	5	18	70	70
gid://shopify/Product/9878935961916	french-fitness-suspension-trainer-stp3-w-rubber-handle-new	1	2	2	2
gid://shopify/Product/9878936256828	landice-e7-elliptical-elliptimill-trainer-remanufactured	4	4	16	16
gid://shopify/Product/9878936420668	body-solid-gdr60-pro-dumbbell-rack-new	3	7	14	14
gid://shopify/Product/9878936486204	french-fitness-ff-str-single-triceps-rope-new	1	2	2	2
gid://shopify/Product/9878936617276	french-fitness-belt-band-hanger-wall-mounted-rack-new	1	2	2	2
gid://shopify/Product/9878936977724	landice-l7-pro-sports-trainer-treadmill-remanufactured	4	5	20	20
gid://shopify/Product/9878937010492	french-fitness-straight-urethane-barbell-bar-set-20-110-lbs-new	3	4	7	7
gid://shopify/Product/9878937502012	french-fitness-33cm-balance-cushion-stability-disc-new	1	2	2	2
gid://shopify/Product/9878937993532	french-fitness-boxing-dummy-punching-bag-man-free-standing-new	1	2	2	2
gid://shopify/Product/9878938321212	star-trac-ip-l8505-max-rack-newer-version-remanufactured	4	6	42	42
gid://shopify/Product/9878938550588	landice-l8-treadmill-remanufactured	4	5	20	20
gid://shopify/Product/9878938648892	french-fitness-straight-urethane-barbell-bar-set-of-5-20-60-lbs-new	3	4	7	7
gid://shopify/Product/9878938779964	body-solid-gdr60b-pro-dumbbell-rack-new	3	6	13	13
gid://shopify/Product/9878938943804	french-fitness-olympic-black-bumper-plate-10-lbs-blank-new	2	3	3	3
gid://shopify/Product/9878939074876	star-trac-johnny-g-pro-bike-remanufactured	5	5	18	18
gid://shopify/Product/9878939238716	landice-l9-treadmill-remanufactured	4	5	20	20
gid://shopify/Product/9878939271484	french-fitness-straight-urethane-barbell-bar-set-of-5-25-65-lbs-new	3	4	7	7
gid://shopify/Product/9878939631932	body-solid-gdr60up-single-upright-for-gdr60-new	1	2	2	2
gid://shopify/Product/9878939959612	french-fitness-olympic-black-bumper-plate-15-lbs-blank-new	2	3	3	3
gid://shopify/Product/9878939992380	star-trac-max-squat-rack-full-cage-smith-machine-remanufactured	4	6	42	42
gid://shopify/Product/9878940057916	french-fitness-straight-urethane-barbell-100-lbs-single-new	1	2	2	2
gid://shopify/Product/9878940156220	body-solid-gdr60upb-single-upright-for-gdr60-new	1	2	2	2
gid://shopify/Product/9878940582204	cybex-lcx-425t-treadmill-remanufactured	4	5	21	21
gid://shopify/Product/9878940614972	french-fitness-straight-urethane-barbell-105-lbs-single-new	1	2	2	2
gid://shopify/Product/9878940713276	french-fitness-olympic-black-bumper-plate-set-190-lbs-blank-new	4	9	24	24
gid://shopify/Product/9878940778812	body-solid-gdr80-vertical-dumbbell-rack-new	3	4	7	7
gid://shopify/Product/9878941008188	french-fitness-straight-urethane-barbell-110-lbs-single-new	1	2	2	2
gid://shopify/Product/9878941237564	body-solid-gdrt6b-optional-dumbbell-shelf-for-gdr60-new	1	2	2	2
gid://shopify/Product/9878941270332	life-fitness-9100-dove-tail-recumbent-bike-remanufactured	4	4	17	17
gid://shopify/Product/9878941303100	stott-pilates-rack-and-roll-reformer-remanufactured	4	4	17	17
gid://shopify/Product/9878941696316	french-fitness-straight-urethane-barbell-115-lbs-single-new	1	2	2	2
gid://shopify/Product/9878941761852	french-fitness-olympic-black-bumper-plate-set-230-lbs-blank-new	4	9	24	24
gid://shopify/Product/9878942023996	body-solid-gfb350-flat-bench-new	3	5	10	10
gid://shopify/Product/9878942253372	life-fitness-discover-se3-95fs-flexstrider-remanufactured	4	4	20	20
gid://shopify/Product/9878942286140	stott-pilates-spx-reformer-remanufactured	4	4	14	14
gid://shopify/Product/9878942384444	french-fitness-straight-urethane-barbell-120-lbs-single-new	1	2	2	2
gid://shopify/Product/9878943007036	french-fitness-olympic-black-bumper-plate-25-lbs-blank-new	2	3	3	3
gid://shopify/Product/9878943105340	french-fitness-straight-urethane-barbell-125-lbs-single-new	1	2	2	2
gid://shopify/Product/9878943203644	star-trac-pro-indoor-cycle-remanufactured	5	5	18	18
gid://shopify/Product/9878943269180	life-fitness-discover-se3-95x-elliptical-remanufactured	4	4	19	19
gid://shopify/Product/9878943826236	french-fitness-straight-urethane-barbell-15-lbs-single-new	1	2	2	2
gid://shopify/Product/9878943891772	french-fitness-olympic-black-bumper-plate-set-260-lbs-blank-new	4	9	24	24
gid://shopify/Product/9878944121148	star-trac-pro-upright-bike-remanufactured	4	4	17	17
gid://shopify/Product/9878944219452	life-fitness-discover-se3-hd-95r-elevation-recumbent-bike-remanufactured	4	5	20	20
gid://shopify/Product/9878944350524	body-solid-flat-incline-decline-bench-gfid100-new	3	6	11	11
gid://shopify/Product/9878944383292	french-fitness-straight-urethane-barbell-20-lbs-single-new	1	2	2	2
gid://shopify/Product/9878944710972	star-trac-p-st-pro-stair-stepper-remanufactured	4	5	20	20
gid://shopify/Product/9878944874812	french-fitness-straight-urethane-barbell-25-lbs-single-new	1	2	2	2
gid://shopify/Product/9878944940348	french-fitness-olympic-black-bumper-plate-set-320-lbs-blank-new	4	9	24	24
gid://shopify/Product/9878945071420	life-fitness-discover-se3-hd-95x-elliptical-remanufactured	4	4	16	16
gid://shopify/Product/9878945530172	french-fitness-straight-urethane-barbell-bar-set-25-115-lbs-new	3	4	7	7
gid://shopify/Product/9878945661244	body-solid-gfid100b-flat-incline-decline-bench-new	3	6	11	11
gid://shopify/Product/9878945923388	life-fitness-discover-se3-hd-elevation-upright-exercise-bike-remanufactured	4	4	18	18
gid://shopify/Product/9878946021692	french-fitness-olympic-black-bumper-plate-set-340-lbs-blank-new	4	9	24	24
gid://shopify/Product/9878946119996	french-fitness-straight-urethane-barbell-30-lbs-single-new	1	2	2	2
gid://shopify/Product/9878946349372	star-trac-s-trx-treadmill-remanufactured	4	5	20	20
gid://shopify/Product/9878946414908	body-solid-gfid225-folding-multi-bench-new	3	4	9	9
gid://shopify/Product/9878946545980	life-fitness-discover-se3-hd-lower-body-arc-trainer-remanufactured	4	4	19	19
gid://shopify/Product/9878946611516	french-fitness-straight-urethane-barbell-35-lbs-single-new	1	2	2	2
gid://shopify/Product/9878946840892	french-fitness-olympic-black-bumper-plate-35-lbs-blank-new	2	3	3	3
gid://shopify/Product/9878946971964	body-solid-gfid225b-folding-multi-bench-new	3	4	9	9
gid://shopify/Product/9878947004732	french-fitness-straight-urethane-barbell-40-lbs-single-new	1	2	2	2
gid://shopify/Product/9878947332412	life-fitness-discover-se3-lower-body-arc-trainer-remanufactured	4	4	19	19
gid://shopify/Product/9878947463484	french-fitness-olympic-black-bumper-plate-set-370-lbs-blank-new	4	9	24	24
gid://shopify/Product/9878947529020	french-fitness-straight-urethane-barbell-45-lbs-single-new	1	2	2	2
gid://shopify/Product/9878947627324	star-trac-tr-4000-treadmill-remanufactured	4	4	19	19
gid://shopify/Product/9878947791164	life-fitness-fit-series-dual-adjustable-pulley-remanufactured	6	21	77	77
gid://shopify/Product/9878947823932	french-fitness-straight-urethane-barbell-50-lbs-single-new	1	2	2	2
gid://shopify/Product/9878948053308	star-trac-tr-4500-treadmill-remanufactured	4	4	19	19
gid://shopify/Product/9878948086076	french-fitness-olympic-black-bumper-plate-45-lbs-blank-new	2	3	3	3
gid://shopify/Product/9878948118844	french-fitness-straight-urethane-barbell-55-lbs-single-new	1	2	2	2
gid://shopify/Product/9878948217148	body-solid-gfid31b-flat-incline-decline-bench-new	3	6	11	11
gid://shopify/Product/9878948348220	french-fitness-olympic-black-bumper-plate-55-lbs-blank-new	2	3	3	3
gid://shopify/Product/9878948446524	french-fitness-straight-urethane-barbell-60-lbs-single-new	1	2	2	2
gid://shopify/Product/9878948643132	scifit-sx-1000-elliptical-remanufactured	4	4	19	19
gid://shopify/Product/9878948839740	french-fitness-straight-urethane-barbell-65-lbs-single-new	1	2	2	2
gid://shopify/Product/9878948938044	french-fitness-olympic-black-bumper-plate-set-680-lbs-blank-new	4	9	24	24
gid://shopify/Product/9878949036348	scifit-sx-7000-lower-body-elliptical-remanufactured	4	4	19	19
gid://shopify/Product/9878949167420	french-fitness-straight-urethane-barbell-70-lbs-single-new	1	2	2	2
gid://shopify/Product/9878949429564	life-fitness-synrgy360-dual-fxtf-uu-remanufactured	6	12	50	50
gid://shopify/Product/9878949495100	scifit-sxt-7000-total-body-elliptical-remanufactured	4	4	19	19
gid://shopify/Product/9878949593404	french-fitness-straight-urethane-barbell-75-lbs-single-new	1	2	2	2
gid://shopify/Product/9878949626172	french-fitness-aerobic-barbell-weight-plate-set-of-1-new	3	4	5	5
gid://shopify/Product/9878949691708	body-solid-gfid71b-heavy-duty-flat-incline-decline-bench-new	3	7	13	13
gid://shopify/Product/9878949855548	french-fitness-straight-urethane-barbell-80-lbs-single-new	1	2	2	2
gid://shopify/Product/9878949888316	scifit-sxt-7000e-easy-entry-elliptical-remanufactured	4	4	19	19
gid://shopify/Product/9878950183228	body-solid-gfr500-fitness-bar-rack-new	3	4	10	10
gid://shopify/Product/9878950215996	french-fitness-straight-urethane-barbell-85-lbs-single-new	1	2	2	2
gid://shopify/Product/9878950281532	french-fitness-20-set-aerobic-bar-plate-package-w-rack-new	3	4	8	8
gid://shopify/Product/9878950379836	technogym-vario-excite-1000-sp-w-led-console-remanufactured	4	4	19	19
gid://shopify/Product/9878950478140	french-fitness-straight-urethane-barbell-90-lbs-single-new	1	2	2	2
gid://shopify/Product/9878950576444	life-fitness-integrity-elliptical-w-c-console-remanufactured	4	4	19	19
gid://shopify/Product/9878950609212	french-fitness-aerobic-bar-plate-rack-fits-20-sets-new	3	5	9	9
gid://shopify/Product/9878950838588	french-fitness-straight-urethane-barbell-95-lbs-single-new	1	2	2	2
gid://shopify/Product/9878950969660	body-solid-gft100-functional-trainer-new	4	22	61	61
gid://shopify/Product/9878951166268	life-fitness-integrity-elliptical-w-x-console-remanufactured	4	5	20	20
gid://shopify/Product/9878951330108	french-fitness-stackable-wood-jerk-blocks-set-of-8-boxes-new	2	3	6	6
gid://shopify/Product/9878951395644	life-fitness-t3-treadmill-w-advanced-console-remanufactured	4	4	15	15
gid://shopify/Product/9878951493948	french-fitness-olympic-bumper-plates-set-w-7-ft-olympic-bar-515-lbs-crumb-rubber-new	3	7	17	17
gid://shopify/Product/9878951690556	french-fitness-t600-treadmill-w-7-blue-lcd-screen-new	3	4	11	11
gid://shopify/Product/9878951821628	life-fitness-t3-treadmill-remanufactured	4	4	19	19
gid://shopify/Product/9878951985468	life-fitness-integrity-recumbent-bike-w-se3-hd-console-remanufactured	4	4	18	18
gid://shopify/Product/9878952083772	french-fitness-training-battle-rope-1-5-in-x-30-ft-new	1	2	2	2
gid://shopify/Product/9878952182076	french-fitness-t700-commercial-treadmill-new	3	4	11	11
gid://shopify/Product/9878952313148	nustep-t4r-recumbent-crosstrainer-remanufactured	4	4	18	18
gid://shopify/Product/9878952345916	french-fitness-training-battle-rope-1-5-in-x-40-ft-new	1	2	2	2
gid://shopify/Product/9878952411452	life-fitness-kettlebells-set-25-45-lb-as-is	3	3	6	6
gid://shopify/Product/9878952575292	french-fitness-t800-commercial-treadmill-new	3	4	11	11
gid://shopify/Product/9878952739132	french-fitness-training-battle-rope-1-5-in-x-50-ft-new	1	2	2	2
gid://shopify/Product/9878952837436	technogym-4-stack-cable-jungle-gym-remanufactured	6	15	58	58
gid://shopify/Product/9878952935740	french-fitness-training-battle-rope-2-in-x-30-ft-new	1	2	2	2
gid://shopify/Product/9878952968508	french-fitness-t900-commercial-treadmill-w-18-5-touchscreen-new	3	4	11	11
gid://shopify/Product/9878953034044	life-fitness-optima-series-3-tier-dumbbell-rack-remanufactured	4	4	16	16
gid://shopify/Product/9878953328956	french-fitness-training-battle-rope-2-in-x-40-ft-new	1	2	2	2
gid://shopify/Product/9878953558332	life-fitness-platinum-club-flexstrider-w-explore-console-remanufactured	4	4	18	18
gid://shopify/Product/9878953689404	french-fitness-training-battle-rope-2-in-x-50-ft-new	1	2	2	2
gid://shopify/Product/9878953951548	life-fitness-powermill-climber-w-integrity-c-console-95ps-c-wifi-remanufactured	4	5	20	20
gid://shopify/Product/9878953984316	body-solid-ghyp345b-45-degree-back-hyperextension-new	3	6	28	28
gid://shopify/Product/9878954017084	french-fitness-brc10-multi-bench-half-rack-combo-new	3	6	27	27
gid://shopify/Product/9878954082620	nustep-t5-recumbent-crosstrainer-remanufactured	4	4	19	19
gid://shopify/Product/9878954115388	french-fitness-thigh-ankle-strap-tas15-new	1	2	2	2
gid://shopify/Product/9878954344764	french-fitness-chest-supported-t-bar-row-tbar-c90-black-new	3	5	27	27
gid://shopify/Product/9878954377532	french-fitness-ff-bsm20-belt-squat-machine-new	3	5	14	14
gid://shopify/Product/9878954475836	life-fitness-t5-0-treadmill-remanufactured	4	4	15	15
gid://shopify/Product/9878954541372	life-fitness-integrity-se3-hd-elliptical-remanufactured	4	4	19	19
gid://shopify/Product/9878955000124	french-fitness-chest-supported-t-bar-row-tbar-c90-silver-new	3	5	27	27
gid://shopify/Product/9878955163964	french-fitness-bolt-together-parallette-set-of-2-new	1	2	2	2
gid://shopify/Product/9878955327804	life-fitness-t5-5-treadmill-remanufactured	4	4	15	15
gid://shopify/Product/9878955360572	life-fitness-integrity-se3-hd-upright-bike-remanufactured	4	4	18	18
gid://shopify/Product/9878955622716	french-fitness-pu-polyurethane-weight-lifting-belt-large-new	1	2	2	2
gid://shopify/Product/9878955721020	french-fitness-tbe200-total-body-ergometer-new	3	5	11	11
gid://shopify/Product/9878955884860	nustep-t5-xr-recumbent-crosstrainer-remanufactured	5	5	21	21
gid://shopify/Product/9878955917628	life-fitness-signature-assist-dip-chin-remanufactured	5	6	26	26
gid://shopify/Product/9878955950396	french-fitness-colored-rubber-grip-weight-plate-set-w-7-ft-bar-305-lbs-rack-bench-new	4	8	20	20
gid://shopify/Product/9878955983164	body-solid-giot-g-series-inner-and-outer-thigh-attachment-new	2	3	4	4
gid://shopify/Product/9878956048700	french-fitness-tbh10-31-t-bar-row-handle-new	1	2	2	2
gid://shopify/Product/9878956278076	body-solid-giot-stk-pro-select-inner-outer-thigh-machine-new	3	8	12	12
gid://shopify/Product/9878956310844	sportsart-fitness-6300-institutional-treadmill-remanufactured	4	4	19	19
gid://shopify/Product/9878956409148	french-fitness-tbh40-t-bar-row-multi-grip-handle-new	1	2	2	2
gid://shopify/Product/9878956441916	life-fitness-pro-pro1-5-stack-jungle-gym-remanufactured	6	18	66	66
gid://shopify/Product/9878956704060	french-fitness-tbl10-360-degree-t-bar-row-landmine-new	2	5	28	28
gid://shopify/Product/9878956867900	sportsart-fitness-t631-treadmill-remanufactured	4	4	19	19
gid://shopify/Product/9878957064508	body-solid-gkr60-kettlebell-rack-new	3	4	9	9
gid://shopify/Product/9878957228348	french-fitness-tbr40-plate-loaded-t-bar-row-new	3	5	27	27
gid://shopify/Product/9878957293884	french-fitness-2-olympic-chrome-dumbbell-handles-set-of-2-new	1	2	2	2
gid://shopify/Product/9878957326652	body-solid-gkr9-vertical-knee-raise-and-dip-station-for-g9s-new	3	4	9	9
gid://shopify/Product/9878957424956	sportsart-fitness-6310-hr-club-treadmill-remanufactured	4	4	19	19
gid://shopify/Product/9878957719868	french-fitness-ab-crunch-harness-cable-attachment-new	1	2	2	2
gid://shopify/Product/9878957883708	french-fitness-tbr80-plate-loaded-t-bar-row-new	3	5	27	27
gid://shopify/Product/9878957916476	body-solid-gkrt6b-optional-kettlebell-shelf-for-gdr60-new	1	2	2	2
gid://shopify/Product/9878958178620	life-fitness-t7-0-treadmill-remanufactured	4	4	19	19
gid://shopify/Product/9878958309692	french-fitness-cast-iron-kettlebell-10-lbs-new	2	3	4	4
gid://shopify/Product/9878958473532	body-solid-gla348bs-lat-attachment-for-series-7-smith-machine-new	3	5	7	7
gid://shopify/Product/9878958670140	french-fitness-ff-tdr-triangle-vertical-10-pair-dumbbell-rack-new	2	3	4	4
gid://shopify/Product/9878959063356	french-fitness-cast-iron-kettlebell-100-lbs-new	2	3	4	4
gid://shopify/Product/9878959128892	life-fitness-synrgy360xm-remanufactured	6	12	50	50
gid://shopify/Product/9878959292732	bowflex-treadclimber-tc10-remanufactured	4	4	14	14
gid://shopify/Product/9878959391036	french-fitness-tri-fold-folding-exercise-mat-new	1	2	2	2
gid://shopify/Product/9878959456572	french-fitness-cast-iron-kettlebell-15-lbs-new	2	3	4	4
gid://shopify/Product/9878959587644	body-solid-gla348qs-lat-attachment-for-series-7-smith-machine-new	3	5	7	7
gid://shopify/Product/9878960046396	french-fitness-cast-iron-kettlebell-20-lbs-new	2	3	4	4
gid://shopify/Product/9878960111932	bowflex-treadclimber-tc1000-remanufactured	4	4	14	14
gid://shopify/Product/9878960341308	body-solid-gla400-lat-attachment-for-gpr400-new	2	3	3	3
gid://shopify/Product/9878960570684	french-fitness-cast-iron-kettlebell-25-lbs-new	2	3	4	4
gid://shopify/Product/9878960767292	bowflex-treadclimber-tc20-remanufactured	4	4	14	14
gid://shopify/Product/9878960800060	life-fitness-synrgy90-cc-new	4	19	55	55
gid://shopify/Product/9878961029436	french-fitness-cast-iron-kettlebell-30-lbs-new	2	3	4	4
gid://shopify/Product/9878961094972	french-fitness-toning-resistance-tube-bands-set-of-3-new	1	2	2	2
gid://shopify/Product/9878961815868	french-fitness-cast-iron-kettlebell-35-lbs-new	1	2	2	2
gid://shopify/Product/9878962045244	french-fitness-black-toning-resistance-tube-bands-set-of-3-new	1	2	2	2
gid://shopify/Product/9878962405692	bowflex-treadclimber-tc3000-exercise-machine-remanufactured	4	4	14	14
gid://shopify/Product/9878962831676	french-fitness-cast-iron-kettlebell-40-lbs-new	2	3	4	4
gid://shopify/Product/9878963061052	french-fitness-toning-resistance-tube-bands-set-of-5-w-handles-new	2	3	3	3
gid://shopify/Product/9878963290428	bowflex-treadclimber-tc5000-remanufactured	4	4	14	14
gid://shopify/Product/9878963323196	body-solid-glce365b-seated-leg-extension-supine-curl-new	3	7	27	26
gid://shopify/Product/9878963421500	french-fitness-cast-iron-kettlebell-45-lbs-new	1	2	2	2
gid://shopify/Product/9878963585340	french-fitness-urethane-olympic-weight-plate-v2-10-lbs-black-new	1	2	2	2
gid://shopify/Product/9878963781948	french-fitness-cast-iron-kettlebell-5-lbs-new	2	3	4	4
gid://shopify/Product/9878964044092	bowflex-treadclimber-tc5300-exercise-equipment-remanufactured	4	4	16	16
gid://shopify/Product/9878964207932	body-solid-glda1-leg-developer-attachment-new	3	4	6	6
gid://shopify/Product/9878964371772	french-fitness-urethane-olympic-weight-plate-v2-set-190-lbs-new	2	4	7	7
gid://shopify/Product/9878964404540	life-fitness-5500hr-elliptical-remanufactured	4	4	19	19
gid://shopify/Product/9878964535612	french-fitness-cast-iron-kettlebell-50-lbs-new	2	3	4	4
gid://shopify/Product/9878965092668	bowflex-treadclimber-tc5500-stair-climber-remanufactured	4	4	14	14
gid://shopify/Product/9878965125436	french-fitness-cast-iron-kettlebell-set-5-30-lbs-new	3	4	5	5
gid://shopify/Product/9878965190972	body-solid-glda3-leg-developer-attachment-new	3	4	6	6
gid://shopify/Product/9878965256508	life-fitness-life-cycle-5500-recumbent-bike-remanufactured	4	4	18	18
gid://shopify/Product/9878965911868	bowflex-treadclimber-tc6000-stair-machine-remanufactured	4	4	16	16
gid://shopify/Product/9878965977404	life-fitness-90t-treadmill-remanufactured	4	4	19	19
gid://shopify/Product/9878966042940	body-solid-gleg-adjustable-bench-with-cabled-leg-developer-new	3	4	10	10
gid://shopify/Product/9878966206780	french-fitness-cast-iron-kettlebell-55-lbs-new	1	2	2	2
gid://shopify/Product/9878966501692	french-fitness-urethane-olympic-weight-plate-v2-2-5-lbs-black-new	1	2	2	2
gid://shopify/Product/9878966665532	technogym-cardiowave-700i-w-led-console-remanufactured	4	4	19	19
gid://shopify/Product/9878966698300	french-fitness-cast-iron-kettlebell-set-5-50-lbs-new	3	4	6	6
gid://shopify/Product/9878966763836	life-fitness-95r-explore-console-recumbent-bike-remanufactured	4	5	20	20
gid://shopify/Product/9878966927676	body-solid-glgs100-corner-leverage-gym-new	3	8	28	28
gid://shopify/Product/9878967058748	french-fitness-urethane-olympic-weight-plate-v2-25-lbs-black-new	1	2	2	2
gid://shopify/Product/9878967222588	french-fitness-cast-iron-kettlebell-set-5-70-lbs-new	3	4	6	6
gid://shopify/Product/9878967288124	technogym-cardio-wave-700e-w-tv-remanufactured	4	4	19	19
gid://shopify/Product/9878967550268	life-fitness-signature-cable-crossover-cmaco-remanufactured	6	21	74	74
gid://shopify/Product/9878967615804	french-fitness-urethane-olympic-weight-plate-v2-set-260-lbs-new	2	4	7	7
gid://shopify/Product/9878967877948	french-fitness-cast-iron-kettlebell-set-5-80-lbs-new	3	4	6	6
gid://shopify/Product/9878968074556	technogym-cardio-wave-700e-w-unity-1-0-remanufactured	4	4	19	19
gid://shopify/Product/9878968205628	french-fitness-urethane-olympic-weight-plate-v2-35-lbs-black-new	1	2	2	2
gid://shopify/Product/9878968303932	body-solid-glgs100p4-corner-leverage-gym-package-new	4	8	33	33
gid://shopify/Product/9878968500540	french-fitness-cast-iron-kettlebell-60-lbs-new	1	2	2	2
gid://shopify/Product/9878968664380	french-fitness-urethane-olympic-weight-plate-v2-set-350-lbs-new	2	4	7	7
gid://shopify/Product/9878968697148	technogym-cardio-wave-700e-w-visioweb-remanufactured	4	4	19	19
gid://shopify/Product/9878969024828	french-fitness-cast-iron-kettlebell-65-lbs-new	1	2	2	2
gid://shopify/Product/9878969483580	french-fitness-urethane-olympic-weight-plate-v2-45-lbs-black-new	1	2	2	2
gid://shopify/Product/9878969549116	french-fitness-cast-iron-kettlebell-70-lbs-new	2	3	4	4
gid://shopify/Product/9878969712956	throwdown-fxd-bench-new	3	5	10	10
gid://shopify/Product/9878970007868	life-fitness-cmdap-cable-motion-dap-signature-series-remanufactured	5	20	73	73
gid://shopify/Product/9878970270012	french-fitness-urethane-olympic-weight-plate-v2-set-450-lbs-new	2	4	7	7
gid://shopify/Product/9878970335548	french-fitness-cast-iron-kettlebell-75-lbs-new	2	3	4	4
gid://shopify/Product/9878970958140	french-fitness-cast-iron-kettlebell-80-lbs-new	2	3	4	4
gid://shopify/Product/9878971154748	french-fitness-urethane-olympic-weight-plate-v2-5-lbs-black-new	1	2	2	2
gid://shopify/Product/9878971580732	french-fitness-cast-iron-kettlebell-85-lbs-new	2	3	4	4
gid://shopify/Product/9878971646268	body-solid-glm85b-pro-lat-machine-new	3	5	12	12
gid://shopify/Product/9878971908412	technogym-pure-strength-45-degree-back-hyperextension-bench-remanufactured	5	6	24	24
gid://shopify/Product/9878971941180	french-fitness-urethane-8-sided-hex-dumbbell-10-lbs-single-new	1	2	2	2
gid://shopify/Product/9878972137788	french-fitness-cast-iron-kettlebell-90-lbs-new	2	3	4	4
gid://shopify/Product/9878972694844	french-fitness-cast-iron-kettlebell-95-lbs-new	1	2	2	2
gid://shopify/Product/9878972727612	technogym-artis-climb-unity-remanufactured	4	4	19	19
gid://shopify/Product/9878972924220	french-fitness-urethane-8-sided-hex-dumbbell-100-lbs-single-new	1	2	2	2
gid://shopify/Product/9878973055292	body-solid-glp-g-series-leg-press-attachment-new	3	6	12	12
gid://shopify/Product/9878973120828	life-fitness-sm22-dual-adjustable-pulley-remanufactured	6	21	76	76
gid://shopify/Product/9878973317436	french-fitness-cast-iron-olympic-weight-plate-v1-10-lbs-new	1	2	2	2
gid://shopify/Product/9878973645116	french-fitness-urethane-8-sided-hex-dumbbell-105-lbs-single-new	1	2	2	2
gid://shopify/Product/9878973776188	technogym-synchro-artis-renew-elliptical-w-unity-2-0-remanufactured	4	4	19	19
gid://shopify/Product/9878974103868	french-fitness-cast-iron-olympic-weight-plate-v1-100-lbs-new	1	2	2	2
gid://shopify/Product/9878974136636	body-solid-glp-stk-pro-select-leg-calf-press-machine-new	3	8	12	12
gid://shopify/Product/9878974366012	french-fitness-urethane-8-sided-hex-dumbbell-set-105-130-lbs-new	3	5	12	12
gid://shopify/Product/9878974726460	french-fitness-cast-iron-olympic-weight-plate-v1-set-190-lbs-new	3	7	19	19
gid://shopify/Product/9878974857532	technogym-artis-synchro-elliptical-w-unity-3-0-console-remanufactured	4	4	19	19
gid://shopify/Product/9878975349052	body-solid-glph1100b-leg-press-hack-squat-new	3	5	26	26
gid://shopify/Product/9878975709500	french-fitness-urethane-8-sided-hex-dumbbell-110-lbs-single-new	1	2	2	2
gid://shopify/Product/9878975840572	technogym-artis-vario-elliptical-w-unity-3-0-remanufactured	4	4	19	19
gid://shopify/Product/9878976037180	life-fitness-club-series-abdominal-csa-remanufactured	4	5	23	23
gid://shopify/Product/9878976102716	body-solid-glra81-lat-row-attachment-new	3	4	6	6
gid://shopify/Product/9878976201020	french-fitness-urethane-8-sided-hex-dumbbell-115-lbs-single-new	1	2	2	2
gid://shopify/Product/9878976266556	french-fitness-cast-iron-olympic-weight-plate-v1-set-w-7-ft-olympic-bar-235-lbs-new	3	5	10	10
gid://shopify/Product/9878976659772	technogym-excite-vario-1000-w-unity-2-0-console-remanufactured	4	4	19	19
gid://shopify/Product/9878976856380	french-fitness-urethane-8-sided-hex-dumbbell-12-5-lbs-single-new	1	2	2	2
gid://shopify/Product/9878976987452	body-solid-gmfp-stk-pro-select-multi-functional-press-new	4	8	14	14
gid://shopify/Product/9878977020220	life-fitness-club-series-back-extension-csbe-remanufactured	4	5	23	23
gid://shopify/Product/9878977118524	french-fitness-cast-iron-olympic-weight-plate-v1-25-lbs-new	1	2	2	2
gid://shopify/Product/9878977347900	french-fitness-urethane-8-sided-hex-dumbbell-120-lbs-single-new	1	2	2	2
gid://shopify/Product/9878977478972	technogym-artis-upright-bike-2-0-w-unity-console-remanufactured	4	4	17	17
gid://shopify/Product/9878977642812	french-fitness-cast-iron-olympic-weight-plate-v1-set-260-lbs-new	3	7	19	19
gid://shopify/Product/9878977708348	life-fitness-club-series-chest-press-cscp-remanufactured	4	5	23	23
gid://shopify/Product/9878977970492	french-fitness-urethane-8-sided-hex-dumbbell-125-lbs-single-new	1	2	2	2
gid://shopify/Product/9878978330940	technogym-artis-recumbent-bike-w-unity-console-remanufactured	4	4	17	17
gid://shopify/Product/9878978462012	french-fitness-urethane-8-sided-hex-dumbbell-130-lbs-single-new	1	2	2	2
gid://shopify/Product/9878978494780	life-fitness-club-series-hip-abduction-adduction-remanufactured	5	6	26	26
gid://shopify/Product/9878978560316	french-fitness-cast-iron-olympic-weight-plate-v1-2-5-lbs-new	1	2	2	2
gid://shopify/Product/9878979019068	french-fitness-urethane-8-sided-hex-dumbbell-135-lbs-single-new	1	2	2	2
gid://shopify/Product/9878979051836	technogym-element-abdominal-crunch-remanufactured	5	6	27	27
gid://shopify/Product/9878979150140	body-solid-gmr10b-medicine-ball-rack-new	3	4	8	8
gid://shopify/Product/9878979182908	french-fitness-cast-iron-olympic-weight-plate-v1-set-w-7-ft-olympic-bar-305-lbs-new	3	5	11	11
gid://shopify/Product/9878979313980	life-fitness-club-series-shoulder-press-cssp-remanufactured	4	5	23	23
gid://shopify/Product/9878979543356	french-fitness-urethane-8-sided-hex-dumbbell-140-lbs-single-new	1	2	2	2
gid://shopify/Product/9878979739964	body-solid-gmr10b-pack-medicine-ball-package-w-rack-new	3	4	8	8
gid://shopify/Product/9878979838268	technogym-excite-forma-upright-bike-remanufactured	4	4	17	17
gid://shopify/Product/9878979903804	french-fitness-cast-iron-olympic-weight-plate-v1-35-lbs-new	1	2	2	2
gid://shopify/Product/9878980067644	life-fitness-signature-adj-decline-bench-ab-crunch-remanufactured	5	6	26	26
gid://shopify/Product/9878980133180	french-fitness-urethane-8-sided-hex-dumbbell-145-lbs-single-new	1	2	2	2
gid://shopify/Product/9878980460860	french-fitness-cast-iron-olympic-weight-plate-v1-set-350-lbs-new	3	7	20	20
gid://shopify/Product/9878980526396	french-fitness-urethane-8-sided-hex-dumbbell-15-lbs-single-new	1	2	2	2
gid://shopify/Product/9878980624700	life-fitness-discover-se3-95r-recumbent-bike-remanufactured	4	5	20	20
gid://shopify/Product/9878980821308	technogym-group-indoor-cycle-remanufactured	4	4	17	17
gid://shopify/Product/9878980985148	body-solid-gmr20-medicine-ball-rack-new	3	6	29	29
gid://shopify/Product/9878981050684	french-fitness-urethane-8-sided-hex-dumbbell-150-lbs-single-new	1	2	2	2
gid://shopify/Product/9878981247292	french-fitness-cast-iron-olympic-weight-plate-v1-set-w-7-ft-olympic-bar-395-lbs-new	3	5	11	11
gid://shopify/Product/9878981411132	technogym-artis-total-abdominal-remanufactured	5	6	27	27
gid://shopify/Product/9878981443900	life-fitness-discover-se3-95c-upright-bike-remanufactured	4	4	18	18
gid://shopify/Product/9878981542204	french-fitness-urethane-8-sided-hex-dumbbell-17-5-lbs-single-new	1	2	2	2
gid://shopify/Product/9878981640508	body-solid-gmr5-medicine-ball-rack-new	3	4	6	6
gid://shopify/Product/9878982000956	french-fitness-cast-iron-olympic-weight-plate-v1-45-lbs-new	1	2	2	2
gid://shopify/Product/9878982164796	technogym-artis-leg-extension-remanufactured	5	6	28	28
gid://shopify/Product/9878982197564	life-fitness-discover-se-95x-elevation-elliptical-remanufactured	4	5	21	21
gid://shopify/Product/9878982328636	body-solid-gmr5b-short-medicine-ball-stand-new	3	4	6	6
gid://shopify/Product/9878982492476	french-fitness-cast-iron-olympic-weight-plate-v1-set-450-lbs-new	3	7	19	19
gid://shopify/Product/9878982558012	french-fitness-urethane-8-sided-hex-dumbbell-20-lbs-single-new	1	2	2	2
gid://shopify/Product/9878982918460	body-solid-gmrt6b-optional-medicine-ball-shelf-for-gdr60-new	1	2	2	2
gid://shopify/Product/9878982951228	technogym-skillrow-remanufactured	4	4	17	17
gid://shopify/Product/9878983246140	french-fitness-urethane-8-sided-hex-dumbbell-22-5-lbs-single-new	1	2	2	2
gid://shopify/Product/9878983377212	life-fitness-discover-se-95fs-elevation-flexstrider-remanufactured	4	5	22	22
gid://shopify/Product/9878983475516	french-fitness-cast-iron-olympic-weight-plate-v1-5-lbs-new	1	2	2	2
gid://shopify/Product/9878983508284	body-solid-gobh5-olympic-bar-holder-new	1	2	2	2
gid://shopify/Product/9878983672124	french-fitness-urethane-8-sided-hex-dumbbell-25-lbs-single-new	1	2	2	2
gid://shopify/Product/9878984065340	body-solid-gpa3-pec-dec-station-for-series-7-smith-machine-new	1	2	2	2
gid://shopify/Product/9878984196412	life-fitness-discover-se-95r-elevation-recumbent-bike-remanufactured	4	6	22	22
gid://shopify/Product/9878984294716	technogym-exc-run-500-treadmill-led-remanufactured	4	4	19	19
gid://shopify/Product/9878984327484	french-fitness-urethane-8-sided-hex-dumbbell-27-5-lbs-single-new	1	2	2	2
gid://shopify/Product/9878984524092	french-fitness-8-x-6-x-2-crash-mats-3-fold-4-section-folding-gymnastics-mat-new	1	2	2	2
gid://shopify/Product/9878984556860	body-solid-gpa3b-pec-dec-station-for-series-7-smith-machine-new	1	2	2	2
gid://shopify/Product/9878984786236	french-fitness-urethane-8-sided-hex-dumbbell-30-lbs-single-new	1	2	2	2
gid://shopify/Product/9878984917308	technogym-run-600-xt-pro-treadmill-remanufactured	4	4	19	19
gid://shopify/Product/9878985015612	french-fitness-compact-barbell-rack-new	2	3	4	4
gid://shopify/Product/9878985048380	life-fitness-discover-se-95c-elevation-upright-bike-remanufactured	4	5	20	20
gid://shopify/Product/9878985113916	body-solid-gpca1-preacher-curl-station-new	3	4	7	7
gid://shopify/Product/9878985343292	french-fitness-urethane-8-sided-hex-dumbbell-35-lbs-single-new	1	2	2	2
gid://shopify/Product/9878985605436	french-fitness-olympic-colored-bumper-plate-10-lbs-new	1	2	2	2
gid://shopify/Product/9878985769276	technogym-exc-run-700-treadmill-w-tv-remanufactured	4	4	19	19
gid://shopify/Product/9878985867580	life-fitness-discover-si-95x-elevation-elliptical-remanufactured	4	6	22	22
gid://shopify/Product/9878985998652	french-fitness-urethane-8-sided-hex-dumbbell-40-lbs-single-new	1	2	2	2
gid://shopify/Product/9878986260796	french-fitness-olympic-colored-bumper-plate-10-lbs-blank-new	2	3	3	3
gid://shopify/Product/9878986555708	french-fitness-urethane-8-sided-hex-dumbbell-45-lbs-single-new	1	2	2	2
gid://shopify/Product/9878986588476	technogym-exc-run-700-treadmill-w-led-remanufactured	4	4	19	19
gid://shopify/Product/9878986817852	life-fitness-discover-si-flexstrider-remanufactured	4	4	18	18
gid://shopify/Product/9878986883388	french-fitness-olympic-colored-bumper-plate-15-lbs-new	1	2	2	2
gid://shopify/Product/9878987079996	french-fitness-urethane-8-sided-hex-dumbbell-5-lbs-single-new	1	2	2	2
gid://shopify/Product/9878987243836	technogym-exc-run-700-treadmill-w-visioweb-remanufactured	4	4	19	19
gid://shopify/Product/9878987342140	french-fitness-olympic-colored-bumper-plate-15-lbs-blank-new	2	3	3	3
gid://shopify/Product/9878987505980	life-fitness-discover-si-95r-elevation-recumbent-bike-remanufactured	4	7	22	22
gid://shopify/Product/9878987604284	french-fitness-urethane-8-sided-hex-dumbbell-set-5-100-lbs-new	3	5	14	14
gid://shopify/Product/9878987899196	french-fitness-olympic-colored-bumper-plate-set-190-lbs-new	3	8	20	20
gid://shopify/Product/9878987931964	technogym-exc-run-900-treadmill-led-remanufactured	4	4	19	19
gid://shopify/Product/9878987964732	body-solid-gpcb329b-preacher-curl-bench-new	3	5	10	10
gid://shopify/Product/9878988325180	life-fitness-discover-si-95c-elevation-upright-bike-remanufactured	4	6	20	20
gid://shopify/Product/9878988489020	technogym-exc-run-900-treadmill-w-tv-remanufactured	4	4	19	19
gid://shopify/Product/9878988652860	french-fitness-urethane-8-sided-hex-dumbbell-set-5-50-lbs-new	3	6	15	15
gid://shopify/Product/9878988718396	french-fitness-olympic-colored-bumper-plate-set-190-lbs-blank-new	4	9	24	24
gid://shopify/Product/9878988947772	life-fitness-discover-se-95t-elevation-treadmill-remanufactured	4	5	21	21
gid://shopify/Product/9878989111612	technogym-exc-run-900-treadmill-w-visioweb-remanufactured	4	4	19	19
gid://shopify/Product/9878989537596	french-fitness-olympic-colored-bumper-plate-set-230-lbs-new	3	8	21	21
gid://shopify/Product/9878989635900	body-solid-gpm65b-plate-loaded-pec-dec-machine-new	3	5	11	11
gid://shopify/Product/9878989701436	life-fitness-discover-se3-95t-treadmill-remanufactured	5	5	21	21
gid://shopify/Product/9878989799740	technogym-artis-run-treadmill-w-unity-2-0-console-remanufactured	4	4	19	19
gid://shopify/Product/9878990127420	body-solid-gpr370-multi-press-rack-new	3	7	12	12
gid://shopify/Product/9878990160188	life-fitness-discover-si-95t-elevation-treadmill-remanufactured	4	6	22	22
gid://shopify/Product/9878990192956	french-fitness-olympic-colored-bumper-plate-set-230-lbs-blank-new	4	10	26	26
gid://shopify/Product/9878990455100	technogym-exc-jog-700-treadmill-led-remanufactured	4	4	19	19
gid://shopify/Product/9878990717244	body-solid-gpr378-power-rack-new	3	14	25	24
gid://shopify/Product/9878990782780	life-fitness-discover-se3-total-body-arc-trainer-remanufactured	4	4	19	19
gid://shopify/Product/9878990913852	french-fitness-olympic-colored-bumper-plate-25-lbs-new	1	2	2	2
gid://shopify/Product/9878990946620	technogym-exc-jog-700-treadmill-w-visioweb-remanufactured	4	4	19	19
gid://shopify/Product/9878991208764	french-fitness-urethane-8-sided-hex-dumbbell-set-5-60-lbs-new	3	6	14	14
gid://shopify/Product/9878991339836	french-fitness-olympic-colored-bumper-plate-25-lbs-blank-new	2	3	3	3
gid://shopify/Product/9878991438140	life-fitness-discover-se3-hd-arc-trainer-remanufactured	4	4	19	19
gid://shopify/Product/9878991503676	technogym-pure-strength-linear-leg-press-plate-loaded-remanufactured	5	7	44	44
gid://shopify/Product/9878991700284	french-fitness-olympic-colored-bumper-plate-set-260-lbs-new	3	8	20	20
gid://shopify/Product/9878992027964	life-fitness-discover-w-se3-hd-elevation-treadmill-remanufactured	5	5	21	21
gid://shopify/Product/9878992060732	french-fitness-urethane-8-sided-hex-dumbbell-set-5-75-lbs-new	3	5	14	14
gid://shopify/Product/9878992290108	technogym-excite-unity-run-1000-treadmill-remanufactured	4	4	19	19
gid://shopify/Product/9878992453948	french-fitness-olympic-colored-bumper-plate-set-260-lbs-blank-new	4	10	26	26
gid://shopify/Product/9878992486716	life-fitness-fit-series-hip-abduction-adduction-remanufactured	5	6	28	28
gid://shopify/Product/9878992748860	body-solid-gpr400-power-rack-new	3	15	21	21
gid://shopify/Product/9878992879932	technogym-run-now-700-treadmill-w-unity-2-0-console-remanufactured	5	5	22	22
gid://shopify/Product/9878993109308	french-fitness-urethane-8-sided-hex-dumbbell-50-lbs-single-new	1	2	2	2
gid://shopify/Product/9878993273148	life-fitness-fit-series-abdominal-back-extension-remanufactured	5	6	28	28
gid://shopify/Product/9878993502524	french-fitness-olympic-colored-bumper-plate-set-320-lbs-blank-new	4	10	26	26
gid://shopify/Product/9878993568060	french-fitness-urethane-8-sided-hex-dumbbell-55-lbs-single-new	1	2	2	2
gid://shopify/Product/9878994092348	technogym-skillmill-the-curved-treadmill-remanufactured	4	5	21	21
gid://shopify/Product/9878994125116	life-fitness-fit-series-leg-curl-leg-extension-remanufactured	5	6	28	28
gid://shopify/Product/9878994288956	french-fitness-urethane-8-sided-hex-dumbbell-set-55-100-lbs-new	3	5	14	14
gid://shopify/Product/9878994649404	french-fitness-olympic-colored-bumper-plate-set-340-lbs-blank-new	4	10	26	26
gid://shopify/Product/9878994911548	life-fitness-fit-series-leg-press-calf-raise-remanufactured	5	6	27	27
gid://shopify/Product/9878995206460	french-fitness-urethane-8-sided-hex-dumbbell-60-lbs-single-new	1	2	2	2
gid://shopify/Product/9878995239228	technogym-synchro-excite-700-elliptical-w-unity-2-0-console-remanufactured	4	4	19	19
gid://shopify/Product/9878996058428	life-fitness-fit-series-multi-press-remanufactured	5	6	27	27
gid://shopify/Product/9878996123964	french-fitness-olympic-colored-bumper-plate-35-lbs-new	1	2	2	2
gid://shopify/Product/9878996386108	french-fitness-urethane-8-sided-hex-dumbbell-65-lbs-single-new	1	2	2	2
gid://shopify/Product/9878997500220	technogym-skillrun-unity-5000-treadmill-remanufactured	4	5	21	21
gid://shopify/Product/9878997926204	french-fitness-olympic-colored-bumper-plate-35-lbs-blank-new	2	3	3	3
gid://shopify/Product/9878998221116	french-fitness-urethane-8-sided-hex-dumbbell-7-5-lbs-single-new	1	2	2	2
gid://shopify/Product/9878998352188	life-fitness-fit-series-pec-fly-rear-delt-remanufactured	5	6	26	26
gid://shopify/Product/9878999269692	french-fitness-urethane-8-sided-hex-dumbbell-70-lbs-single-new	1	2	2	2
gid://shopify/Product/9878999335228	french-fitness-olympic-colored-bumper-plate-set-370-lbs-new	3	8	21	21
gid://shopify/Product/9878999531836	technogym-kinesis-class-functional-trainer-wall-remanufactured	4	5	24	24
gid://shopify/Product/9878999695676	life-fitness-signature-series-lateral-raise-remanufactured	5	6	28	28
gid://shopify/Product/9879000023356	french-fitness-urethane-8-sided-hex-dumbbell-75-lbs-single-new	1	2	2	2
gid://shopify/Product/9879000449340	technogym-k1-kinesis-one-remanufactured	5	6	30	30
gid://shopify/Product/9879000711484	french-fitness-olympic-colored-bumper-plate-set-370-lbs-blank-new	4	10	26	26
gid://shopify/Product/9879000777020	life-fitness-ic3-indoor-cycle-remanufactured	5	5	19	19
gid://shopify/Product/9879000842556	french-fitness-urethane-8-sided-hex-dumbbell-80-lbs-single-new	1	2	2	2
gid://shopify/Product/9879001563452	french-fitness-urethane-8-sided-hex-dumbbell-85-lbs-single-new	1	2	2	2
gid://shopify/Product/9879001596220	technogym-kinesis-personal-vision-remanufactured	4	5	26	26
gid://shopify/Product/9879001760060	life-fitness-ic5-indoor-cycle-remanufactured	5	5	19	19
gid://shopify/Product/9879001891132	french-fitness-olympic-colored-bumper-plate-45-lbs-new	1	2	2	2
gid://shopify/Product/9879002054972	french-fitness-urethane-8-sided-hex-dumbbell-90-lbs-single-new	1	2	2	2
gid://shopify/Product/9879002382652	technogym-selection-radiant-functional-trainer-remanufactured	6	20	77	77
gid://shopify/Product/9879002513724	french-fitness-olympic-colored-bumper-plate-45-lbs-blank-new	2	3	3	3
gid://shopify/Product/9879002743100	life-fitness-ic7-indoor-cycle-remanufactured	4	5	19	19
gid://shopify/Product/9879002808636	french-fitness-urethane-8-sided-hex-dumbbell-95-lbs-single-new	1	2	2	2
gid://shopify/Product/9879004315964	french-fitness-olympic-colored-bumper-plate-55-lbs-new	1	2	2	2
gid://shopify/Product/9879006183740	french-fitness-olympic-colored-bumper-plate-55-lbs-blank-new	2	3	3	3
gid://shopify/Product/9879006282044	french-fitness-ub200-commercial-upright-bike-new	4	5	10	10
gid://shopify/Product/9879006839100	life-fitness-integrity-treadmill-w-c-console-remanufactured	4	5	20	20
gid://shopify/Product/9879007134012	french-fitness-olympic-colored-bumper-plate-set-680-lbs-blank-new	4	10	26	26
gid://shopify/Product/9879007559996	technogym-selection-abdominal-decline-bench-remanufactured	5	6	22	22
gid://shopify/Product/9879007691068	life-fitness-integrity-series-clsr-recumbent-bike-remanufactured	4	5	19	19
gid://shopify/Product/9879007920444	french-fitness-ube100-upper-body-ergometer-arm-bike-new	3	5	11	11
gid://shopify/Product/9879008280892	french-fitness-colored-rubber-grip-olympic-plate-10-lbs-new	2	3	4	4
gid://shopify/Product/9879008575804	technogym-selection-multi-adjustable-bench-remanufactured	5	6	25	25
gid://shopify/Product/9879008674108	life-fitness-integrity-series-recumbent-bike-w-c-console-remanufactured	4	4	18	18
gid://shopify/Product/9879008706876	french-fitness-urethane-round-pro-style-dumbbell-10-lbs-single-new	1	2	2	2
gid://shopify/Product/9879009132860	french-fitness-colored-rubber-grip-olympic-plate-set-100-lbs-new	4	9	29	29
gid://shopify/Product/9879009460540	french-fitness-urethane-round-pro-style-dumbbell-100-lbs-single-new	1	2	2	2
gid://shopify/Product/9879009624380	technogym-excite-recline-unity-1000-recumbent-bike-remanufactured	4	4	17	17
gid://shopify/Product/9879009722684	life-fitness-integrity-series-recumbent-bike-w-x-console-remanufactured	5	5	20	20
gid://shopify/Product/9879010017596	french-fitness-urethane-round-pro-style-dumbbell-105-lbs-single-new	1	2	2	2
gid://shopify/Product/9879010345276	technogym-excite-700e-recumbent-exercise-bike-w-tv-remanufactured	4	4	17	17
gid://shopify/Product/9879010410812	french-fitness-colored-rubber-grip-olympic-plate-set-120-lbs-new	4	9	25	25
gid://shopify/Product/9879010476348	life-fitness-integrity-series-clsc-upright-bike-remanufactured	4	5	19	19
gid://shopify/Product/9879010574652	french-fitness-urethane-round-pro-style-dumbbell-set-105-130-lbs-new	3	5	12	12
gid://shopify/Product/9879011230012	technogym-700e-recumbent-recline-bike-w-visioweb-remanufactured	4	4	17	17
gid://shopify/Product/9879011328316	life-fitness-integrity-series-upright-bike-w-c-console-remanufactured	4	4	18	18
gid://shopify/Product/9879011459388	french-fitness-urethane-round-pro-style-dumbbell-110-lbs-single-new	1	2	2	2
gid://shopify/Product/9879011623228	body-solid-gprdh-dip-handles-new	1	2	2	2
gid://shopify/Product/9879011688764	french-fitness-colored-rubber-grip-olympic-plate-set-140-lbs-new	4	9	25	25
gid://shopify/Product/9879012114748	french-fitness-urethane-round-pro-style-dumbbell-115-lbs-single-new	1	2	2	2
gid://shopify/Product/9879012278588	technogym-700e-recumbent-recline-bike-w-tv-remanufactured	4	4	17	17
gid://shopify/Product/9879012442428	life-fitness-integrity-series-upright-bike-w-x-console-remanufactured	4	4	18	18
gid://shopify/Product/9879012475196	body-solid-gprft-functional-trainer-attachment-new	3	4	8	8
gid://shopify/Product/9879012802876	french-fitness-urethane-round-pro-style-dumbbell-120-lbs-single-new	1	2	2	2
gid://shopify/Product/9879013196092	french-fitness-colored-rubber-grip-olympic-plate-set-170-lbs-new	4	9	25	25
gid://shopify/Product/9879013392700	technogym-excite-700i-recumbent-exercise-bike-remanufactured	4	4	17	17
gid://shopify/Product/9879013458236	life-fitness-integrity-cll-treadmill-w-decline-remanufactured	4	5	20	20
gid://shopify/Product/9879013589308	french-fitness-urethane-round-pro-style-dumbbell-125-lbs-single-new	1	2	2	2
gid://shopify/Product/9879013687612	body-solid-gprfts-functional-trainer-attachment-with-weight-stacks-new	3	4	8	8
gid://shopify/Product/9879014211900	body-solid-gprtbr-t-bar-row-attachment-for-gpr400-new	1	2	2	2
gid://shopify/Product/9879014277436	french-fitness-urethane-round-pro-style-dumbbell-130-lbs-single-new	1	2	2	2
gid://shopify/Product/9879014474044	technogym-recline-excite-forma-recumbent-bike-remanufactured	4	4	17	17
gid://shopify/Product/9879014572348	life-fitness-integrity-series-elliptical-clsx-remanufactured	4	5	20	20
gid://shopify/Product/9879014768956	french-fitness-colored-rubber-grip-olympic-plate-set-190-lbs-new	4	9	25	25
gid://shopify/Product/9879014998332	french-fitness-urethane-round-pro-style-dumbbell-135-lbs-single-new	1	2	2	2
gid://shopify/Product/9879015063868	body-solid-gprul-u-link-attachment-for-gpr400-new	1	2	2	2
gid://shopify/Product/9879015424316	french-fitness-urethane-round-pro-style-dumbbell-140-lbs-single-new	1	2	2	2
gid://shopify/Product/9879015457084	life-fitness-integrity-series-summit-trainer-remanufactured	4	5	19	19
gid://shopify/Product/9879015489852	technogym-top-excite-700e-w-unity-2-0-console-remanufactured	4	5	19	19
gid://shopify/Product/9879015588156	body-solid-gprwh-weight-horn-attachment-for-gpr400-new	1	2	2	2
gid://shopify/Product/9879016046908	french-fitness-colored-rubber-grip-weight-plate-set-w-7-ft-olympic-bar-235-lbs-new	4	7	16	16
gid://shopify/Product/9879016210748	french-fitness-urethane-round-pro-style-dumbbell-145-lbs-single-new	1	2	2	2
gid://shopify/Product/9879016243516	body-solid-gpu348-pull-up-bar-attachment-new	2	3	5	5
gid://shopify/Product/9879016472892	life-fitness-integrity-series-treadmill-clst-remanufactured	4	5	20	20
gid://shopify/Product/9879016735036	french-fitness-urethane-round-pro-style-dumbbell-15-lbs-single-new	1	2	2	2
gid://shopify/Product/9879016866108	technogym-excite-unity-1000-upright-bike-remanufactured	4	4	17	17
gid://shopify/Product/9879016931644	body-solid-grch322-roman-chair-new	3	6	28	28
gid://shopify/Product/9879017029948	french-fitness-colored-rubber-grip-weight-plate-set-w-7-ft-olympic-bar-235-lbs-bench-new	4	8	20	20
gid://shopify/Product/9879017259324	french-fitness-urethane-round-pro-style-dumbbell-150-lbs-single-new	1	2	2	2
gid://shopify/Product/9879017324860	life-fitness-integrity-clss-stair-stepper-remanufactured	4	5	19	19
gid://shopify/Product/9879017783612	technogym-excite-700e-upright-exercise-bike-w-tv-remanufactured	5	5	19	19
gid://shopify/Product/9879017947452	french-fitness-urethane-round-pro-style-dumbbell-20-lbs-single-new	1	2	2	2
gid://shopify/Product/9879018045756	body-solid-grow-rower-attachment-new	3	4	10	10
gid://shopify/Product/9879018275132	french-fitness-colored-rubber-grip-olympic-plate-25-lbs-new	2	3	4	4
gid://shopify/Product/9879018340668	life-fitness-integrity-treadmill-w-se3-hd-treadmill-remanufactured	4	4	19	19
gid://shopify/Product/9879018635580	french-fitness-urethane-round-pro-style-dumbbell-25-lbs-single-new	1	2	2	2
gid://shopify/Product/9879018733884	technogym-excite-700i-upright-bike-w-lcd-console-remanufactured	4	4	17	17
gid://shopify/Product/9879018864956	body-solid-gs348b-series-7-linear-bearing-smith-new	3	12	32	32
gid://shopify/Product/9879019028796	french-fitness-colored-rubber-grip-olympic-plate-set-260-lbs-new	4	9	25	25
gid://shopify/Product/9879019290940	french-fitness-urethane-round-pro-style-dumbbell-30-lbs-single-new	1	2	2	2
gid://shopify/Product/9879019389244	life-fitness-integrity-treadmill-w-x-console-remanufactured	4	5	20	20
gid://shopify/Product/9879019684156	technogym-excite-700e-upright-bike-w-visioweb-remanufactured	4	4	17	17
gid://shopify/Product/9879019815228	french-fitness-urethane-round-pro-style-dumbbell-35-lbs-single-new	1	2	2	2
gid://shopify/Product/9879020175676	french-fitness-colored-rubber-grip-olympic-plate-2-5-lbs-new	2	3	4	4
gid://shopify/Product/9879020208444	life-fitness-lifecycle-gx-indoor-cycle-remanufactured	5	5	19	19
gid://shopify/Product/9879020503356	french-fitness-urethane-round-pro-style-dumbbell-40-lbs-single-new	1	2	2	2
gid://shopify/Product/9879020536124	body-solid-gs348bp4-series-7-smith-gym-system-new	3	6	26	26
gid://shopify/Product/9879020994876	french-fitness-colored-rubber-grip-weight-plate-set-w-7-ft-olympic-bar-305-lbs-new	4	7	17	17
gid://shopify/Product/9879021027644	french-fitness-urethane-round-pro-style-dumbbell-45-lbs-single-new	1	2	2	2
gid://shopify/Product/9879021158716	life-fitness-mj5-multi-jungle-signature-custom-configuration-remanufactured	5	14	44	44
gid://shopify/Product/9879021584700	technogym-excite-700e-stepper-w-tv-remanufactured	4	4	19	19
gid://shopify/Product/9879021650236	french-fitness-urethane-round-pro-style-dumbbell-5-lbs-new	1	2	2	2
gid://shopify/Product/9879021945148	french-fitness-colored-rubber-grip-weight-plate-set-w-7-ft-olympic-bar-305-lbs-bench-new	4	8	20	20
gid://shopify/Product/9879022010684	french-fitness-urethane-round-pro-style-dumbbell-set-5-100-lbs-new	3	5	14	14
gid://shopify/Product/9879022207292	technogym-excite-crossover-700e-elliptical-w-tv-remanufactured	4	4	19	19
gid://shopify/Product/9879022633276	french-fitness-urethane-round-pro-style-dumbbell-set-5-50-lbs-new	3	5	14	14
gid://shopify/Product/9879022698812	french-fitness-colored-rubber-grip-olympic-plate-35-lbs-new	2	3	4	4
gid://shopify/Product/9879022862652	technogym-excite-crossover-700e-elliptical-w-unity-1-0-remanufactured	4	4	19	19
gid://shopify/Product/9879023059260	body-solid-gscl360-leverage-squat-calf-machine-new	3	5	27	27
gid://shopify/Product/9879023288636	french-fitness-colored-rubber-grip-olympic-plate-set-350-lbs-new	4	9	26	26
gid://shopify/Product/9879023485244	technogym-excite-crossover-700e-elliptical-w-visioweb-remanufactured	4	4	19	19
gid://shopify/Product/9879023550780	life-fitness-optima-series-lat-pulldown-low-row-remanufactured	6	9	37	37
gid://shopify/Product/9879023878460	body-solid-gscl360b-leverage-squat-calf-machine-new	3	5	27	27
gid://shopify/Product/9879024337212	french-fitness-colored-rubber-grip-weight-plate-set-w-7-ft-olympic-bar-395-lbs-new	4	7	17	17
gid://shopify/Product/9879024402748	technogym-700i-excite-crossover-w-led-elliptical-remanufactured	4	4	19	19
gid://shopify/Product/9879024533820	life-fitness-optima-series-adjustable-bench-osadj-remanufactured	5	6	26	26
gid://shopify/Product/9879025090876	french-fitness-urethane-round-pro-style-dumbbell-set-5-60-lbs-new	3	5	13	13
gid://shopify/Product/9879025549628	trueform-enduro-non-motorized-treadmill-new	3	6	14	14
gid://shopify/Product/9879025615164	french-fitness-colored-rubber-grip-weight-plate-set-w-7-ft-olympic-bar-395-lbs-bench-new	4	8	20	20
gid://shopify/Product/9879025746236	life-fitness-osdap-optima-dual-adjustable-pulley-remanufactured	6	21	76	76
gid://shopify/Product/9879025877308	body-solid-gscr349b-commercial-seated-calf-raise-new	3	5	12	12
gid://shopify/Product/9879026204988	french-fitness-urethane-round-pro-style-dumbbell-set-5-75-lbs-new	3	5	15	15
gid://shopify/Product/9879026401596	body-solid-gsr10-stability-ball-storage-rack-new	3	4	9	9
gid://shopify/Product/9879026467132	french-fitness-colored-rubber-grip-olympic-plate-45-lbs-new	2	3	4	4
gid://shopify/Product/9879026794812	french-fitness-urethane-round-pro-style-dumbbell-50-lbs-single-new	1	2	2	2
gid://shopify/Product/9879027024188	body-solid-gsr10b-stability-ball-storage-rack-new	3	4	9	9
gid://shopify/Product/9879027056956	trueform-low-rider-non-motorized-treadmill-new	3	6	14	14
gid://shopify/Product/9879027122492	french-fitness-colored-rubber-grip-olympic-plate-set-450-lbs-new	4	9	26	26
gid://shopify/Product/9879027286332	french-fitness-urethane-round-pro-style-dumbbell-55-lbs-single-new	1	2	2	2
gid://shopify/Product/9879027614012	body-solid-gsrm40-seated-row-machine-new	3	5	10	10
gid://shopify/Product/9879027810620	trueform-performance-non-motorized-treadmill-new	3	6	14	14
gid://shopify/Product/9879027876156	french-fitness-urethane-round-pro-style-dumbbell-set-55-100-lbs-new	3	5	14	14
gid://shopify/Product/9879028072764	life-fitness-optima-series-pec-fly-rear-delt-osfly-remanufactured	5	6	26	26
gid://shopify/Product/9879028302140	french-fitness-colored-rubber-grip-olympic-plate-5-lbs-new	2	3	4	4
gid://shopify/Product/9879028564284	body-solid-gss50-sissy-squat-new	3	6	23	23
gid://shopify/Product/9879028662588	french-fitness-urethane-round-pro-style-dumbbell-set-55-75-lbs-new	3	5	14	14
gid://shopify/Product/9879028728124	trueform-walking-desk-non-motorized-treadmill-new	3	5	10	10
gid://shopify/Product/9879028924732	life-fitness-optima-series-hip-abductor-adductor-remanufactured	5	6	26	26
gid://shopify/Product/9879028990268	french-fitness-colored-rubber-grip-olympic-plate-set-50-lbs-new	4	9	24	24
gid://shopify/Product/9879029711164	french-fitness-urethane-round-pro-style-dumbbell-60-lbs-single-new	1	2	2	2
gid://shopify/Product/9879029842236	technogym-artis-shoulder-press-mk69-w-u-go-console-remanufactured	4	4	19	19
gid://shopify/Product/9879029875004	body-solid-gss50b-sissy-squat-new	3	6	23	23
gid://shopify/Product/9879030071612	life-fitness-optima-leg-extension-prone-leg-curl-remanufactured	5	6	28	28
gid://shopify/Product/9879030235452	french-fitness-urethane-round-pro-style-dumbbell-65-lbs-single-new	1	2	2	2
gid://shopify/Product/9879030399292	french-fitness-colored-rubber-grip-olympic-plate-set-70-lbs-new	4	9	25	25
gid://shopify/Product/9879030464828	total-gym-26000-remanufactured	4	4	16	16
gid://shopify/Product/9879030726972	french-fitness-urethane-round-pro-style-dumbbell-70-lbs-single-new	1	2	2	2
gid://shopify/Product/9879030759740	life-fitness-optima-oslp-leg-press-calf-raise-remanufactured	5	6	27	27
gid://shopify/Product/9879031054652	technogym-selection-abdominal-crunch-remanufactured	5	6	27	27
gid://shopify/Product/9879031087420	french-fitness-urethane-round-pro-style-dumbbell-75-lbs-single-new	1	2	2	2
gid://shopify/Product/9879031185724	body-solid-gst20b-utility-stool-new	3	4	9	9
gid://shopify/Product/9879031415100	life-fitness-optima-osmp-multi-press-remanufactured	5	6	26	26
gid://shopify/Product/9879031644476	french-fitness-urethane-round-pro-style-dumbbell-80-lbs-single-new	1	2	2	2
gid://shopify/Product/9879031808316	french-fitness-revolving-chrome-csh10-stirrup-handle-new	1	2	2	2
gid://shopify/Product/9879031906620	body-solid-gstck-free-standing-210-lb-weight-stack-new	2	4	13	9
gid://shopify/Product/9879031939388	technogym-selection-hip-abduction-outer-thigh-remanufactured	5	6	27	27
gid://shopify/Product/9879032398140	french-fitness-urethane-round-pro-style-dumbbell-85-lbs-single-new	1	2	2	2
gid://shopify/Product/9879032561980	life-fitness-optima-ossp-shoulder-press-remanufactured	5	6	26	26
gid://shopify/Product/9879032856892	french-fitness-chrome-csh40-revolving-stirrup-handle-new	1	2	2	2
gid://shopify/Product/9879033676092	technogym-selection-hip-adduction-inner-thigh-remanufactured	5	6	27	27
gid://shopify/Product/9879033708860	french-fitness-urethane-round-pro-style-dumbbell-90-lbs-single-new	1	2	2	2
gid://shopify/Product/9879033971004	body-solid-gswt-standard-plate-tree-bar-holder-new	3	4	8	8
gid://shopify/Product/9879034134844	life-fitness-activate-series-osx-elliptical-trainer-remanufactured	4	5	20	20
gid://shopify/Product/9879034331452	french-fitness-urethane-round-pro-style-dumbbell-95-lbs-single-new	1	2	2	2
gid://shopify/Product/9879034462524	french-fitness-chest-supported-t-bar-row-tbar-c40-new	3	5	27	27
gid://shopify/Product/9879034560828	technogym-flexability-anterior-remanufactured	4	4	17	17
gid://shopify/Product/9879034790204	french-fitness-vc200-vertical-climbing-climber-machine-new	4	5	11	11
gid://shopify/Product/9879034822972	life-fitness-pectoral-fly-signature-series-remanufactured	5	6	28	28
gid://shopify/Product/9879035216188	french-fitness-ct100-manual-curve-treadmill-w-aluminum-belt-new	3	4	11	11
gid://shopify/Product/9879035281724	technogym-element-arm-curl-remanufactured	5	6	27	27
gid://shopify/Product/9879035543868	french-fitness-vinyl-kettlebell-10-lbs-new	1	2	2	2
gid://shopify/Product/9879035642172	life-fitness-signature-seated-calf-raise-plate-loaded-remanufactured	5	7	43	43
gid://shopify/Product/9879036363068	french-fitness-vinyl-kettlebell-15-lbs-new	1	2	2	2
gid://shopify/Product/9879036395836	body-solid-gvkr60b-vkr-vertical-knee-raise-dip-new	3	7	14	14
gid://shopify/Product/9879036428604	technogym-selection-chest-press-remanufactured	5	6	27	27
gid://shopify/Product/9879036821820	life-fitness-powermill-integrity-series-climber-remanufactured	4	4	19	19
gid://shopify/Product/9879036920124	french-fitness-vinyl-kettlebell-20-lbs-new	1	2	2	2
gid://shopify/Product/9879037313340	technogym-element-chest-press-remanufactured	5	6	27	27
gid://shopify/Product/9879037542716	french-fitness-vinyl-kettlebell-25-lbs-new	1	2	2	2
gid://shopify/Product/9879037739324	french-fitness-ct80-manual-curve-treadmill-w-resistance-new	3	4	11	11
gid://shopify/Product/9879038001468	life-fitness-pro-pro1-assisted-chin-dip-remanufactured	5	8	30	30
gid://shopify/Product/9879038656828	french-fitness-vinyl-kettlebell-30-lbs-new	1	2	2	2
gid://shopify/Product/9879038984508	technogym-selection-chest-incline-remanufactured	5	6	27	27
gid://shopify/Product/9879039443260	french-fitness-competition-urethane-bumper-plate-10-lb-black-new	1	2	2	2
gid://shopify/Product/9879039476028	body-solid-gvkr82b-deluxe-vkr-vertical-knee-raise-dip-pull-up-new	3	7	12	12
gid://shopify/Product/9879039770940	french-fitness-vinyl-kettlebell-35-lbs-new	1	2	2	2
gid://shopify/Product/9879040000316	life-fitness-pro-pro1-bicep-arm-curl-remanufactured	5	8	30	30
gid://shopify/Product/9879040131388	french-fitness-competition-urethane-bumper-plate-15-lb-black-new	1	2	2	2
gid://shopify/Product/9879040164156	technogym-element-lower-back-remanufactured	5	6	27	27
gid://shopify/Product/9879040229692	french-fitness-vinyl-kettlebell-40-lbs-new	1	2	2	2
gid://shopify/Product/9879040360764	body-solid-gvlp-vertical-leg-press-new	3	5	25	25
gid://shopify/Product/9879040524604	french-fitness-competition-urethane-bumper-plate-set-210-lb-black-new	2	8	16	16
gid://shopify/Product/9879040557372	french-fitness-vinyl-kettlebell-45-lbs-new	1	2	2	2
gid://shopify/Product/9879040655676	life-fitness-pro-pro1-multi-hip-remanufactured	5	8	30	30
gid://shopify/Product/9879040786748	technogym-element-low-row-remanufactured	5	6	27	27
gid://shopify/Product/9879041048892	body-solid-gws100-weight-sled-new	3	7	21	21
gid://shopify/Product/9879041081660	french-fitness-vinyl-kettlebell-5-lbs-new	1	2	2	2
gid://shopify/Product/9879041343804	technogym-element-pectoral-machine-remanufactured	5	6	27	27
gid://shopify/Product/9879041376572	life-fitness-pro-pro1-seated-leg-press-remanufactured	5	8	29	29
gid://shopify/Product/9879041835324	french-fitness-vinyl-kettlebell-50-lbs-new	1	2	2	2
gid://shopify/Product/9879042294076	french-fitness-vinyl-kettlebell-set-5-30-lbs-new	3	4	5	5
gid://shopify/Product/9879042425148	technogym-element-shoulder-press-remanufactured	5	6	27	27
gid://shopify/Product/9879042457916	body-solid-gwt56-weight-tree-new	3	4	10	10
gid://shopify/Product/9879042588988	french-fitness-competition-urethane-bumper-plate-25-lb-black-new	1	2	2	2
gid://shopify/Product/9879042621756	life-fitness-pro-pro1-smith-machine-remanufactured	5	9	48	48
gid://shopify/Product/9879042851132	french-fitness-vinyl-kettlebell-55-lbs-new	1	2	2	2
gid://shopify/Product/9879042949436	body-solid-gwt66-weight-tree-new	3	4	9	9
gid://shopify/Product/9879043014972	french-fitness-competition-urethane-bumper-plate-set-260-lb-black-new	2	8	16	16
gid://shopify/Product/9879043047740	technogym-element-vertical-traction-remanufactured	5	6	27	27
gid://shopify/Product/9879043440956	french-fitness-vinyl-kettlebell-set-5-50-lbs-new	3	4	6	6
gid://shopify/Product/9879043539260	life-fitness-pro2-assisted-chin-dip-remanufactured	5	7	26	26
gid://shopify/Product/9879043637564	body-solid-gwt76-high-capacity-olympic-plate-rack-new	3	4	10	10
gid://shopify/Product/9879043834172	technogym-element-leg-extension-remanufactured	5	6	27	27
gid://shopify/Product/9879043965244	french-fitness-competition-urethane-bumper-plate-2-5-lb-black-new	1	2	2	2
gid://shopify/Product/9879044325692	body-solid-gwt86-mobile-vertical-weight-tree-new	3	4	10	10
gid://shopify/Product/9879044358460	life-fitness-pro2-pec-fly-rear-delt-remanufactured	5	8	28	28
gid://shopify/Product/9879044391228	french-fitness-vinyl-kettlebell-set-5-60-lbs-new	3	4	6	6
gid://shopify/Product/9879044456764	french-fitness-competition-urethane-bumper-plate-set-300-lb-black-new	2	8	16	16
gid://shopify/Product/9879044587836	technogym-element-leg-press-remanufactured	5	6	27	27
gid://shopify/Product/9879044849980	body-solid-gyr500-foam-roller-yoga-mat-storage-cart-rack-new	3	4	10	10
gid://shopify/Product/9879045112124	french-fitness-vinyl-kettlebell-60-lbs-new	1	2	2	2
gid://shopify/Product/9879045243196	life-fitness-pro2-hip-and-glute-remanufactured	5	8	30	30
gid://shopify/Product/9879045341500	french-fitness-competition-urethane-bumper-plate-set-320-lb-black-new	2	8	16	16
gid://shopify/Product/9879045374268	technogym-selection-low-row-remanufactured	5	6	27	27
gid://shopify/Product/9879045636412	body-solid-hp150-premium-red-150-lb-weight-stack-plate-new	1	2	2	2
gid://shopify/Product/9879045701948	french-fitness-vkr20-vertical-knee-raise-pull-up-powertower-vkr-new	3	4	9	9
gid://shopify/Product/9879046095164	technogym-selection-med-45-degree-back-hyperextension-remanufactured	5	6	24	24
gid://shopify/Product/9879046127932	life-fitness-pro2-seated-row-remanufactured	4	6	22	22
gid://shopify/Product/9879046357308	french-fitness-competition-urethane-bumper-plate-set-340-lb-black-new	2	8	16	16
gid://shopify/Product/9879046521148	body-solid-hp200-premium-red-200-lb-weight-stack-new	1	2	2	2
gid://shopify/Product/9879046553916	french-fitness-10-ball-vertical-medicine-wall-slam-rack-new	2	3	5	5
gid://shopify/Product/9879047078204	technogym-flexability-posterior-remanufactured	4	4	17	17
gid://shopify/Product/9879047110972	french-fitness-vertical-olympic-10-bar-rack-holder-new	1	2	2	2
gid://shopify/Product/9879047274812	life-fitness-pro2-seated-leg-press-remanufactured	5	8	29	29
gid://shopify/Product/9879047307580	body-solid-hp50-premium-red-50-lb-weight-stack-plate-new	1	2	2	2
gid://shopify/Product/9879047373116	french-fitness-competition-urethane-bumper-plate-35-lb-black-new	1	2	2	2
gid://shopify/Product/9879047602492	french-fitness-vertical-olympic-9-bar-rack-holder-new	1	2	2	2
gid://shopify/Product/9879047864636	total-gym-powertower-classic-remanufactured	4	4	16	16
gid://shopify/Product/9879047930172	french-fitness-competition-urethane-bumper-plate-set-350-lb-black-new	2	7	15	15
gid://shopify/Product/9879048126780	life-fitness-pro-2-fixed-lat-pulldown-remanufactured	5	6	26	26
gid://shopify/Product/9879048192316	french-fitness-weighted-body-fitness-bar-12-lbs-gray-new	1	2	2	2
gid://shopify/Product/9879048454460	technogym-pure-strength-plate-loaded-calf-press-remanufactured	5	7	44	44
gid://shopify/Product/9879048683836	french-fitness-competition-urethane-bumper-plate-45-lb-black-new	1	2	2	2
gid://shopify/Product/9879048716604	french-fitness-weighted-body-fitness-bar-set-of-9-new	2	4	4	4
gid://shopify/Product/9879048880444	life-fitness-row-gx-water-rower-remanufactured	4	4	17	17
gid://shopify/Product/9879049044284	french-fitness-competition-urethane-bumper-plate-5-lb-black-new	1	2	2	2
gid://shopify/Product/9879049077052	technogym-pure-strength-plate-loaded-chest-press-remanufactured	5	7	44	44
gid://shopify/Product/9879049273660	life-fitness-signature-preacher-biceps-arm-curl-bench-remanufactured	5	6	26	26
gid://shopify/Product/9879049535804	french-fitness-competition-urethane-bumper-plate-55-lb-black-new	1	2	2	2
gid://shopify/Product/9879049765180	french-fitness-weighted-body-fitness-bar-15-lbs-red-new	1	2	2	2
gid://shopify/Product/9879049830716	technogym-pure-strength-plate-loaded-row-remanufactured	5	7	44	44
gid://shopify/Product/9879049896252	french-fitness-competition-urethane-bumper-plate-10-lb-colored-grey-new	1	2	2	2
gid://shopify/Product/9879049929020	life-fitness-signature-chin-dip-vkr-leg-raise-remanufactured	5	6	26	26
gid://shopify/Product/9879050256700	french-fitness-weighted-body-fitness-bar-18-lbs-orange-new	1	2	2	2
gid://shopify/Product/9879050551612	french-fitness-competition-urethane-bumper-plate-15-lb-colored-black-new	1	2	2	2
gid://shopify/Product/9879050649916	technogym-pure-strength-plate-loaded-shoulder-press-remanufactured	5	7	44	44
gid://shopify/Product/9879050813756	life-fitness-discover-95p-se3-hd-powermill-remanufactured	3	3	15	15
gid://shopify/Product/9879050912060	french-fitness-weighted-body-fitness-bar-set-of-11-new	2	3	3	3
gid://shopify/Product/9879051239740	french-fitness-competition-urethane-bumper-plate-210-lb-colored-new	2	8	16	16
gid://shopify/Product/9879051665724	technogym-selection-pulley-remanufactured	5	6	27	27
gid://shopify/Product/9879051862332	life-fitness-discover-se3-95ps-powermill-remanufactured	3	3	15	15
gid://shopify/Product/9879052386620	french-fitness-weighted-body-fitness-bar-21-lbs-black-new	1	2	2	2
gid://shopify/Product/9879052714300	technogym-selection-arm-curl-remanufactured	5	6	27	27
gid://shopify/Product/9879052812604	life-fitness-discover-se-95ps-elevation-powermill-climber-remanufactured	3	3	15	15
gid://shopify/Product/9879052976444	french-fitness-weighted-body-fitness-bar-24-lbs-orange-new	1	2	2	2
gid://shopify/Product/9879053467964	french-fitness-weighted-body-fitness-bar-27-lbs-orange-new	1	2	2	2
gid://shopify/Product/9879053500732	technogym-selection-arm-tricep-extension-remanufactured	5	6	27	27
gid://shopify/Product/9879053599036	life-fitness-signature-flat-bench-remanufactured	5	6	25	25
gid://shopify/Product/9879053926716	french-fitness-weighted-body-fitness-bar-3-lbs-orange-new	1	2	2	2
gid://shopify/Product/9879054221628	technogym-selection-chin-dip-assist-remanufactured	5	5	23	23
gid://shopify/Product/9879054385468	life-fitness-signature-fzbe-back-extension-remanufactured	5	6	28	28
gid://shopify/Product/9879054549308	french-fitness-competition-urethane-bumper-plate-25-lb-colored-green-new	1	2	2	2
gid://shopify/Product/9879054811452	french-fitness-weighted-body-fitness-bar-30-lbs-blue-new	1	2	2	2
gid://shopify/Product/9879055106364	technogym-selection-delts-machine-remanufactured	5	6	27	27
gid://shopify/Product/9879055532348	life-fitness-signature-fzgl-glute-machine-remanufactured	5	6	28	28
gid://shopify/Product/9879055892796	french-fitness-competition-urethane-bumper-plate-260-lb-colored-new	2	8	16	16
gid://shopify/Product/9879056122172	french-fitness-weighted-body-fitness-bar-36-lbs-black-new	1	2	2	2
gid://shopify/Product/9879056351548	technogym-selection-glute-remanufactured	5	6	27	27
gid://shopify/Product/9879056580924	life-fitness-signature-pectoral-fly-rear-deltoid-remanufactured	5	6	26	26
gid://shopify/Product/9879056744764	french-fitness-weighted-body-fitness-bar-6-lbs-orange-new	1	2	2	2
gid://shopify/Product/9879057465660	french-fitness-weighted-body-fitness-bar-9-lbs-green-new	1	2	2	2
gid://shopify/Product/9879057629500	technogym-selection-lat-pulldown-remanufactured	6	9	38	38
gid://shopify/Product/9879057891644	life-fitness-signature-mj-fixed-hi-low-cable-crossover-remanufactured	6	21	75	75
gid://shopify/Product/9879058186556	french-fitness-competition-urethane-bumper-plate-2-5-lb-colored-orange-new	1	2	2	2
gid://shopify/Product/9879058841916	french-fitness-weighted-body-fitness-bar-rack-new	1	2	2	2
gid://shopify/Product/9879059300668	technogym-selection-seated-leg-curl-remanufactured	5	6	27	27
gid://shopify/Product/9879059366204	french-fitness-competition-urethane-bumper-plate-300-lb-colored-new	2	8	16	16
gid://shopify/Product/9879059464508	french-fitness-weighted-body-fitness-bar-set-of-9-w-rack-new	2	4	4	4
gid://shopify/Product/9879060087100	technogym-selection-leg-extension-remanufactured	5	6	27	27
gid://shopify/Product/9879060283708	french-fitness-anti-slip-wooden-balance-board-w-360-degree-rotation-new	1	2	2	2
gid://shopify/Product/9879060775228	french-fitness-wheelbarrow-weight-sled-new	3	6	11	11
gid://shopify/Product/9879060873532	technogym-selection-lower-back-remanufactured	5	6	27	27
gid://shopify/Product/9879061299516	life-fitness-signature-lat-pulldown-remanufactured	5	6	26	26
gid://shopify/Product/9879061332284	french-fitness-competition-urethane-bumper-plate-320-lb-colored-new	2	8	16	16
gid://shopify/Product/9879062151484	french-fitness-weight-lifting-chain-set-of-2-w-collars-22-lbs-new	1	2	2	2
gid://shopify/Product/9879062249788	technogym-selection-pectoral-pec-fly-machine-remanufactured	5	6	27	27
gid://shopify/Product/9879062577468	life-fitness-discover-si-powermill-climber-remanufactured	3	3	15	15
gid://shopify/Product/9879062774076	french-fitness-heavy-weight-lifting-chain-set-of-2-w-collars-44-lbs-new	1	2	2	2
gid://shopify/Product/9879063003452	technogym-selection-rotary-calf-remanufactured	5	6	27	27
gid://shopify/Product/9879063134524	life-fitness-signature-olympic-decline-bench-remanufactured	5	8	40	40
gid://shopify/Product/9879063167292	french-fitness-ff-wdp20-weightlifting-deadlift-platform-new	2	3	5	5
gid://shopify/Product/9879063232828	french-fitness-competition-urethane-bumper-plate-340-lb-colored-new	2	8	16	16
gid://shopify/Product/9879063626044	technogym-selection-rotary-torso-rotation-remanufactured	5	6	27	27
gid://shopify/Product/9879063953724	life-fitness-signature-series-olympic-military-bench-remanufactured	5	8	46	46
gid://shopify/Product/9879064478012	french-fitness-3-weightlifting-deadlift-wood-platform-w-rack-insert-new	2	3	5	5
gid://shopify/Product/9879065035068	technogym-selection-shoulder-press-remanufactured	5	6	27	27
gid://shopify/Product/9879065887036	french-fitness-wall-mounted-dual-cable-column-functional-trainer-new	4	19	64	64
gid://shopify/Product/9879065919804	french-fitness-competition-urethane-bumper-plate-35-lb-colored-yellow-new	1	2	2	2
gid://shopify/Product/9879066018108	life-fitness-insignia-pectoral-pec-fly-rear-delt-remanufactured	5	6	26	26
gid://shopify/Product/9879066181948	technogym-selection-leg-press-remanufactured	5	7	29	29
gid://shopify/Product/9879066378556	french-fitness-competition-urethane-bumper-plate-350-lb-colored-new	2	7	15	15
gid://shopify/Product/9879066640700	life-fitness-insignia-series-row-remanufactured	5	6	26	26
gid://shopify/Product/9879066771772	technogym-selection-total-abdominal-remanufactured	5	6	27	27
gid://shopify/Product/9879067492668	life-fitness-ss-tr-insignia-series-torso-rotation-remanufactured	5	6	28	28
gid://shopify/Product/9879067951420	technogym-selection-upper-back-remanufactured	5	6	27	27
gid://shopify/Product/9879068246332	french-fitness-competition-urethane-bumper-plate-45-lb-colored-blue-new	1	2	2	2
gid://shopify/Product/9879068442940	life-fitness-selectorized-abdominal-crunch-signature-remanufactured	5	6	28	28
gid://shopify/Product/9879068836156	technogym-selection-vertical-traction-remanufactured	5	6	27	27
gid://shopify/Product/9879068868924	french-fitness-competition-urethane-bumper-plate-5-lb-colored-red-new	1	2	2	2
gid://shopify/Product/9879069294908	life-fitness-insiginia-chin-dip-assist-remanufactured	5	6	26	26
gid://shopify/Product/9879069393212	french-fitness-competition-urethane-bumper-plate-55-lb-colored-red-new	1	2	2	2
gid://shopify/Product/9879069819196	theracycle-100-remanufactured	4	4	17	17
gid://shopify/Product/9879070900540	french-fitness-caster-wheel-set-of-4-new	1	2	2	2
gid://shopify/Product/9879071162684	life-fitness-insignia-series-back-extension-remanufactured	5	6	24	24
gid://shopify/Product/9879071654204	theracycle-200-remanufactured	4	4	17	17
gid://shopify/Product/9879071916348	french-fitness-caster-wheel-set-of-6-new	1	2	2	2
gid://shopify/Product/9879072178492	life-fitness-chest-press-signature-series-remanufactured	5	6	26	26
gid://shopify/Product/9879072276796	technogym-top-excite-700e-ube-w-tv-touch-screen-remanufactured	3	4	10	10
gid://shopify/Product/9879072899388	french-fitness-dap50-dual-adjustable-pulley-83-tall-new	4	19	64	64
gid://shopify/Product/9879072997692	life-fitness-signature-cmcp-cable-motion-chest-press-remanufactured	5	6	28	28
gid://shopify/Product/9879073128764	technogym-top-excite-700-ube-w-visioweb-remanufactured	4	5	19	19
gid://shopify/Product/9879073259836	french-fitness-wall-mounted-pull-up-bar-new	1	2	2	2
gid://shopify/Product/9879073718588	french-fitness-wall-mounted-foldable-squat-rack-wmr10-new	4	18	50	50
gid://shopify/Product/9879073784124	life-fitness-signature-cmcsp-cable-motion-shoulder-press-remanufactured	5	6	28	28
gid://shopify/Product/9879074046268	technogym-top-xt-pro-ube-remanufactured	4	4	17	17
gid://shopify/Product/9879074603324	life-fitness-signature-cmpd-cable-motion-lat-pulldown-remanufactured	6	9	39	39
gid://shopify/Product/9879074734396	technogym-top-excite-700i-ube-remanufactured	4	5	19	19
gid://shopify/Product/9879075455292	life-fitness-signature-cmrw-cable-motion-dual-row-remanufactured	5	6	26	26
gid://shopify/Product/9879076471100	life-fitness-row-rear-delt-signature-series-remanufactured	5	6	28	28
gid://shopify/Product/9879076503868	french-fitness-dog-bone-grip-w-strap-new	1	2	2	2
gid://shopify/Product/9879076766012	precor-trm-815-v2-treadmill-w-p10-console-remanufactured	4	5	20	20
gid://shopify/Product/9879076831548	french-fitness-dbj10-deadlift-bar-jack-new	1	2	2	2
gid://shopify/Product/9879077126460	life-fitness-calf-extension-signature-series-fzce-remanufactured	5	6	28	28
gid://shopify/Product/9879077945660	nustep-trs-3000-recumbent-crosstrainer-remanufactured	4	4	18	18
gid://shopify/Product/9879078175036	french-fitness-dfib-fsr-decline-flat-incline-bench-new	3	4	8	8
gid://shopify/Product/9879078207804	life-fitness-signature-prone-leg-curl-remanufactured	5	6	28	28
gid://shopify/Product/9879078732092	nustep-trs-4000-t4-recumbent-cross-trainer-remanufactured	4	4	18	18
gid://shopify/Product/9879078764860	french-fitness-dual-grip-medicine-ball-set-of-10-4-to-30-lbs-new	2	4	6	6
gid://shopify/Product/9879078863164	life-fitness-signature-hip-abduction-outer-thigh-remanufactured	5	6	28	28
gid://shopify/Product/9879079256380	true-fitness-cs400-elliptical-w-emerge-console-remanufactured	4	4	19	19
gid://shopify/Product/9879079420220	life-fitness-signature-hip-adduction-inner-thigh-remanufactured	5	6	28	28
gid://shopify/Product/9879079485756	french-fitness-dual-grip-medicine-ball-set-of-10-6-to-25-lbs-w-rack-new	2	3	5	5
gid://shopify/Product/9879079944508	true-fitness-cs400-elliptical-w-transcend10-console-remanufactured	4	4	19	19
gid://shopify/Product/9879080173884	life-fitness-insignia-series-leg-extension-remanufactured	5	6	26	26
gid://shopify/Product/9879081222460	french-fitness-dual-grip-medicine-ball-w-handles-10-lb-new	1	2	2	2
gid://shopify/Product/9879081320764	french-fitness-wall-mounted-speed-bag-platform-w-boxing-bag-new	2	3	4	4
gid://shopify/Product/9879081779516	true-fitness-cs900-recumbent-bike-w-emerge-console-remanufactured	4	4	17	17
gid://shopify/Product/9879081910588	life-fitness-seated-leg-curl-signature-series-remanufactured	5	6	28	28
gid://shopify/Product/9879082139964	french-fitness-dual-grip-medicine-ball-w-handles-12-lb-new	1	2	2	2
gid://shopify/Product/9879082402108	french-fitness-wpsb10-weighted-power-sand-bag-10-lb-new	1	2	2	2
gid://shopify/Product/9879082762556	true-fitness-lc900-elliptical-w-2-window-lcd-remanufactured	4	4	19	19
gid://shopify/Product/9879082860860	french-fitness-dual-grip-medicine-ball-w-handles-14-lb-new	1	2	2	2
gid://shopify/Product/9879082926396	life-fitness-leg-extension-signature-series-remanufactured	5	6	28	28
gid://shopify/Product/9879083024700	french-fitness-wpsb100-weighted-power-sand-bag-set-100-lb-new	2	3	3	3
gid://shopify/Product/9879083548988	french-fitness-dual-grip-medicine-ball-w-handles-16-lb-new	1	2	2	2
gid://shopify/Product/9879083811132	true-fitness-spectrum-1000-elliptical-w-escalate9-console-remanufactured	4	4	19	19
gid://shopify/Product/9879083876668	life-fitness-leg-press-signature-series-remanufactured	4	4	19	19
gid://shopify/Product/9879084106044	french-fitness-wpsb20-weighted-power-sand-bag-20-lb-new	1	2	2	2
gid://shopify/Product/9879084171580	french-fitness-dual-grip-medicine-ball-w-handles-18-lb-new	1	2	2	2
gid://shopify/Product/9879084532028	true-fitness-te900-treadmill-w-envision-16-touchscreen-console-remanufactured	4	4	19	19
gid://shopify/Product/9879084564796	life-fitness-mj4-multi-jungle-signature-series-remanufactured	5	15	45	45
gid://shopify/Product/9879084663100	french-fitness-wpsb30-weighted-power-sand-bag-30-lb-new	1	2	2	2
gid://shopify/Product/9879084794172	french-fitness-dual-grip-medicine-ball-w-handles-20-lb-new	1	2	2	2
gid://shopify/Product/9879085187388	french-fitness-wpsb40-weighted-power-sand-bag-40-lb-new	1	2	2	2
gid://shopify/Product/9879085383996	french-fitness-dual-grip-medicine-ball-w-handles-25-lb-new	1	2	2	2
gid://shopify/Product/9879085646140	true-fitness-traverse-lateral-trainer-w-16-envision-console-remanufactured	4	4	19	19
gid://shopify/Product/9879085941052	french-fitness-wpsb460-weighted-power-sand-bag-set-460-lb-new	2	3	3	3
gid://shopify/Product/9879086137660	french-fitness-dual-grip-medicine-ball-w-handles-30-lb-new	1	2	2	2
gid://shopify/Product/9879086793020	true-fitness-xc900-elliptical-w-transcend-16-console-remanufactured	4	4	19	19
gid://shopify/Product/9879087120700	french-fitness-wpsb50-weighted-power-sand-bag-50-lb-new	1	2	2	2
gid://shopify/Product/9879087186236	life-fitness-mj5-multi-jungle-signature-series-remanufactured	6	16	46	46
gid://shopify/Product/9879087317308	french-fitness-dual-grip-medicine-ball-w-handles-4-lb-new	1	2	2	2
gid://shopify/Product/9879087907132	french-fitness-wpsb60-weighted-power-sand-bag-60-lb-new	1	2	2	2
gid://shopify/Product/9879088136508	true-fitness-ztx-550-hrc-soft-select-treadmill-remanufactured	4	4	19	19
gid://shopify/Product/9879088267580	french-fitness-dual-grip-medicine-ball-w-handles-6-lb-new	1	2	2	2
gid://shopify/Product/9879088660796	french-fitness-wpsb70-weighted-power-sand-bag-70-lb-new	1	2	2	2
gid://shopify/Product/9879088857404	french-fitness-dual-grip-medicine-ball-w-handles-8-lb-new	1	2	2	2
gid://shopify/Product/9879089054012	true-fitness-600u-upright-bike-remanufactured	4	4	17	17
gid://shopify/Product/9879089086780	life-fitness-insignia-series-seated-leg-curl-remanufactured	5	8	30	30
gid://shopify/Product/9879089217852	french-fitness-wpsb80-weighted-power-sand-bag-80-lb-new	1	2	2	2
gid://shopify/Product/9879089512764	french-fitness-dhr80-double-half-rack-cage-new	4	33	90	90
gid://shopify/Product/9879089611068	french-fitness-wr40-water-rowing-machine-rower-new	3	4	9	9
gid://shopify/Product/9879089742140	true-fitness-750e-elliptical-remanufactured	4	4	19	19
gid://shopify/Product/9879090102588	life-fitness-signature-series-smith-machine-remanufactured	5	8	50	50
gid://shopify/Product/9879091085628	french-fitness-wr80-water-rowing-rower-machine-w-resistance-new	3	4	9	9
gid://shopify/Product/9879091151164	true-fitness-750r-recumbent-bike-remanufactured	4	4	17	17
gid://shopify/Product/9879091577148	life-fitness-shoulder-press-signature-series-remanufactured	5	6	26	26
gid://shopify/Product/9879091937596	true-fitness-825-ztx-treadmill-remanufactured	4	4	19	19
gid://shopify/Product/9879092199740	french-fitness-2-5-lb-weight-stack-plate-adapter-new	1	2	2	2
gid://shopify/Product/9879092363580	life-fitness-discover-st-powermill-remanufactured	3	3	15	15
gid://shopify/Product/9879092658492	french-fitness-5-lb-weight-stack-plate-adapter-new	1	2	2	2
gid://shopify/Product/9879092691260	true-fitness-ti1000-alpine-runner-w-emerge-console-remanufactured	4	4	19	19
gid://shopify/Product/9879093150012	french-fitness-weight-lifting-wrist-straps-new	1	2	2	2
gid://shopify/Product/9879093248316	life-fitness-synrgy360xl-system-mix-package-remanufactured	5	20	70	70
gid://shopify/Product/9879093575996	true-fitness-ti1000-alpine-runner-w-transcend-16-console-remanufactured	4	4	19	19
gid://shopify/Product/9879093870908	french-fitness-x10-functional-gym-system-new	4	18	52	52
gid://shopify/Product/9879094493500	true-fitness-ti1000-alpine-runner-w-envision-16-console-remanufactured	4	4	19	19
gid://shopify/Product/9879096328508	true-fitness-cs200-elliptical-remanufactured	4	4	19	19
gid://shopify/Product/9879097377084	life-fitness-synrgy360xs-system-versa-package-remanufactured	5	5	21	21
gid://shopify/Product/9879097508156	french-fitness-dual-pulley-wall-mounted-cable-column-new	5	19	64	64
gid://shopify/Product/9879097737532	true-fitness-cs400-treadmill-w-escalate-15-console-remanufactured	4	4	19	19
gid://shopify/Product/9879098491196	life-fitness-synrgy360t-system-versa-dap-remanufactured	6	12	51	51
gid://shopify/Product/9879098687804	true-fitness-cs-5-0-treadmill-remanufactured	4	4	19	19
gid://shopify/Product/9879098753340	french-fitness-x12-4-station-functional-trainer-home-gym-system-new	4	16	49	49
gid://shopify/Product/9879099670844	true-fitness-cs500-treadmill-remanufactured	4	4	19	19
gid://shopify/Product/9879100981564	true-fitness-cs550-treadmill-w-lcd-remanufactured	4	4	19	19
gid://shopify/Product/9879101112636	life-fitness-t5-treadmill-w-advanced-console-remanufactured	4	4	15	15
gid://shopify/Product/9879101767996	true-fitness-cs-6-0-lcd-treadmill-remanufactured	4	4	19	19
gid://shopify/Product/9879102030140	life-fitness-signature-torso-rotation-fztr-remanufactured	5	6	28	28
gid://shopify/Product/9879102849340	true-fitness-cs600-treadmill-w-16-transcend-lcd-touch-screen-remanufactured	4	4	19	19
gid://shopify/Product/9879103013180	life-fitness-signature-bosu-vkr-leg-raise-remanufactured	5	5	22	22
gid://shopify/Product/9879103144252	french-fitness-x2-corner-home-gym-system-silver-new	4	17	50	50
gid://shopify/Product/9879103865148	octane-fitness-lx8000-lateralx-elliptical-remanufactured	4	5	20	20
gid://shopify/Product/9879103897916	true-fitness-cs600-treadmill-w-9-escalate-lcd-remanufactured	4	4	19	19
gid://shopify/Product/9879104684348	octane-lx8000-lateral-trainer-w-standard-screen-remanufactured	4	4	20	20
gid://shopify/Product/9879104815420	true-fitness-cs800-recumbent-bike-w-2-window-lcd-remanufactured	4	4	17	17
gid://shopify/Product/9879105143100	body-solid-kbcs275-premium-kettlebell-set-5-to-50-lbs-new	3	4	6	6
gid://shopify/Product/9879106027836	true-fitness-cs800-recumbent-bike-w-lcd-touch-screen-remanufactured	4	4	17	17
gid://shopify/Product/9879106093372	octane-lx8000-lateral-trainer-w-smart-screen-remanufactured	4	5	21	21
gid://shopify/Product/9879107043644	french-fitness-x2-corner-home-gym-system-black-new	4	17	50	50
gid://shopify/Product/9879107240252	true-fitness-cs800-elliptical-remanufactured	4	4	19	19
gid://shopify/Product/9879107404092	octane-fitness-lx8000-lateral-trainer-w-touch-screen-remanufactured	4	4	19	19
gid://shopify/Product/9879108092220	true-fitness-cs800-treadmill-remanufactured	4	4	19	19
gid://shopify/Product/9879108124988	french-fitness-e500-elliptical-new	3	4	11	11
gid://shopify/Product/9879108288828	matrix-abdominal-crunch-remanufactured	5	6	28	28
gid://shopify/Product/9879109075260	french-fitness-9-ball-exercise-stability-ball-rack-ebr9-new	2	3	5	5
gid://shopify/Product/9879109140796	true-fitness-cs800-upright-bike-w-2-window-lcd-remanufactured	4	4	17	17
gid://shopify/Product/9879109468476	magnum-5-stack-multi-station-gym-remanufactured	5	13	49	49
gid://shopify/Product/9879109796156	french-fitness-24-x-24-eva-interlocking-tiles-new	2	3	3	3
gid://shopify/Product/9879110189372	true-fitness-cs800-upright-bike-w-lcd-touch-screen-remanufactured	4	4	17	17
gid://shopify/Product/9879111074108	french-fitness-ez-curl-urethane-barbell-bar-set-20-110-lbs-new	3	4	7	7
gid://shopify/Product/9879111205180	french-fitness-x20-4-station-functional-trainer-home-gym-system-new	4	15	47	47
gid://shopify/Product/9879111729468	true-fitness-cs900-treadmill-w-transcend-console-remanufactured	4	4	19	19
gid://shopify/Product/9879112319292	french-fitness-ez-curl-urethane-barbell-bar-set-of-5-20-60-lbs-new	3	4	7	7
gid://shopify/Product/9879112679740	true-fitness-cs900-elliptical-w-transcend-16-console-remanufactured	4	4	19	19
gid://shopify/Product/9879112778044	magnum-nexstep-recumbent-stepper-remanufactured	4	4	17	17
gid://shopify/Product/9879112843580	body-solid-kbvs105-vinyl-coated-kettlebell-set-5-30-lb-new	3	4	6	6
gid://shopify/Product/9879113040188	french-fitness-ez-curl-urethane-barbell-bar-set-of-5-25-65-lbs-new	3	4	7	7
gid://shopify/Product/9879113564476	true-fitness-cs900-elliptical-w-lcd-escalate15-console-remanufactured	4	4	19	19
gid://shopify/Product/9879113662780	magnum-tbc100-total-body-ergometer-cycle-remanufactured	4	4	18	18
gid://shopify/Product/9879113859388	french-fitness-x4-functional-gym-system-w-leg-press-silver-new	4	17	51	51
gid://shopify/Product/9879113892156	french-fitness-ez-curl-urethane-barbell-100-lbs-single-new	1	2	2	2
gid://shopify/Product/9879114613052	magnum-ub300-upper-body-ergometer-ube-remanufactured	4	4	18	18
gid://shopify/Product/9879114678588	french-fitness-ez-curl-urethane-barbell-105-lbs-single-new	1	2	2	2
gid://shopify/Product/9879114809660	true-fitness-cs900-elliptical-w-led-escalate9-console-remanufactured	4	4	19	19
gid://shopify/Product/9879115366716	french-fitness-ez-curl-urethane-barbell-110-lbs-single-new	1	2	2	2
gid://shopify/Product/9879115465020	marpo-kinetics-dual-x8-tower-system-new	3	4	8	8
gid://shopify/Product/9879115694396	true-fitness-csx-commercial-elliptical-remanufactured	4	4	19	19
gid://shopify/Product/9879115989308	french-fitness-ez-curl-urethane-barbell-115-lbs-single-new	1	2	2	2
gid://shopify/Product/9879116480828	body-solid-kbvs105pack-vinyl-coated-kettlebell-set-5-30-lb-with-gdkr50-new	3	4	6	6
gid://shopify/Product/9879116546364	true-fitness-es900-treadmill-remanufactured	4	4	19	19
gid://shopify/Product/9879116579132	marpo-kinetics-functional-tire-trainer-new	3	4	8	8
gid://shopify/Product/9879116644668	french-fitness-ez-curl-urethane-barbell-120-lbs-single-new	1	2	2	2
gid://shopify/Product/9879117267260	french-fitness-x4-functional-gym-system-w-leg-press-black-new	4	17	51	51
gid://shopify/Product/9879117300028	french-fitness-ez-curl-urethane-barbell-125-lbs-single-new	1	2	2	2
gid://shopify/Product/9879117398332	body-solid-kbvs125-vinyl-coated-kettlebell-set-5-30-lb-new	3	4	6	6
gid://shopify/Product/9879117529404	true-fitness-lc1100-treadmill-remanufactured	4	4	19	19
gid://shopify/Product/9879117824316	french-fitness-ez-curl-urethane-barbell-15-lbs-single-new	1	2	2	2
gid://shopify/Product/9879117889852	marpo-kinetics-quad-x8-tower-system-new	3	4	10	10
gid://shopify/Product/9879118217532	body-solid-kbvs275-vinyl-coated-kettlebell-set-5-50-lb-new	3	4	6	6
gid://shopify/Product/9879118315836	true-fitness-lc900-elliptical-w-15-lcd-with-touchscreen-remanufactured	4	4	19	19
gid://shopify/Product/9879118479676	french-fitness-ez-curl-urethane-barbell-20-lbs-single-new	1	2	2	2
gid://shopify/Product/9879118938428	body-solid-kbvs295-vinyl-coated-kettlebell-set-5-50-lb-new	3	4	6	6
gid://shopify/Product/9879118971196	french-fitness-ez-curl-urethane-barbell-25-lbs-single-new	1	2	2	2
gid://shopify/Product/9879119036732	true-fitness-lc900-recumbent-bike-remanufactured	4	4	16	16
gid://shopify/Product/9879119659324	french-fitness-ez-curl-urethane-barbell-bar-set-25-115-lbs-new	3	4	7	7
gid://shopify/Product/9879120019772	body-solid-kbvs70-vinyl-coated-kettlebell-set-5-20-lb-new	3	4	6	6
gid://shopify/Product/9879120052540	true-fitness-ps900-treadmill-remanufactured	4	4	19	19
gid://shopify/Product/9879120576828	marpo-kinetics-vlt-compact-rope-trainer-new	3	4	10	10
gid://shopify/Product/9879120740668	french-fitness-ez-curl-urethane-barbell-30-lbs-single-new	1	2	2	2
gid://shopify/Product/9879121101116	true-fitness-psx-elliptical-psxe-remanufactured	4	4	19	19
gid://shopify/Product/9879121297724	french-fitness-ez-curl-urethane-barbell-35-lbs-single-new	1	2	2	2
gid://shopify/Product/9879121363260	marpo-kinetics-vlt-dual-rope-trainer-new	3	4	10	10
gid://shopify/Product/9879121920316	true-fitness-ts1-elliptical-strider-remanufactured	4	4	19	19
gid://shopify/Product/9879122018620	french-fitness-ez-curl-urethane-barbell-40-lbs-single-new	1	2	2	2
gid://shopify/Product/9879122215228	marpo-kinetics-vmx-multi-mode-trainer-w-bench-remanufactured	4	4	24	24
gid://shopify/Product/9879122510140	french-fitness-ez-curl-urethane-barbell-45-lbs-single-new	1	2	2	2
gid://shopify/Product/9879122641212	true-fitness-tsx-elliptical-w-led-console-remanufactured	4	4	19	19
gid://shopify/Product/9879122870588	marpo-kinetics-vmx-multi-mode-trainer-w-o-bench-new	2	3	5	5
gid://shopify/Product/9879123362108	french-fitness-ez-curl-urethane-barbell-50-lbs-single-new	1	2	2	2
gid://shopify/Product/9879123657020	body-solid-kbvs70pack-vinyl-coated-kettlebell-set-5-20-lb-with-gdkr50-new	3	4	6	6
gid://shopify/Product/9879123722556	true-fitness-vc900-palisade-climber-w-envision-16-touch-console-remanufactured	4	4	19	19
gid://shopify/Product/9879123788092	marpo-kinetics-vmx-three60-rope-trainer-new	3	4	9	9
gid://shopify/Product/9879124050236	french-fitness-ez-curl-urethane-barbell-55-lbs-single-new	1	2	2	2
gid://shopify/Product/9879124640060	body-solid-lbb28-lat-blaster-bar-new	2	3	3	3
gid://shopify/Product/9879124705596	marpo-kinetics-vmx-dual-trainer-w-o-benches-new	3	4	9	9
gid://shopify/Product/9879124803900	true-fitness-ztx-850-treadmill-remanufactured	4	4	19	19
gid://shopify/Product/9879124836668	french-fitness-ez-curl-urethane-barbell-60-lbs-single-new	1	2	2	2
gid://shopify/Product/9879125524796	body-solid-lma-landmine-new	2	4	5	5
gid://shopify/Product/9879125623100	french-fitness-ez-curl-urethane-barbell-65-lbs-single-new	1	2	2	2
gid://shopify/Product/9879125721404	marpo-kinetics-vmx-vlt-dual-trainer-new	3	4	10	10
gid://shopify/Product/9879126343996	french-fitness-ez-curl-urethane-barbell-70-lbs-single-new	1	2	2	2
gid://shopify/Product/9879126540604	marpo-kinetics-x8-compact-rope-trainer-new	3	5	13	13
gid://shopify/Product/9879126737212	body-solid-lmcg-landmine-club-grip-new	1	2	2	2
gid://shopify/Product/9879127097660	french-fitness-ez-curl-urethane-barbell-75-lbs-single-new	1	2	2	2
gid://shopify/Product/9879127425340	french-fitness-x7lp-multi-home-gym-w-leg-press-new	5	19	50	50
gid://shopify/Product/9879127490876	versaclimber-ts-magnetic-new	3	11	16	16
gid://shopify/Product/9879127687484	body-solid-lmmg-landmine-multigrip-new	1	2	2	2
gid://shopify/Product/9879128047932	french-fitness-ez-curl-urethane-barbell-80-lbs-single-new	1	2	2	2
gid://shopify/Product/9879128375612	body-solid-lmpp-landmine-plate-pivot-new	1	2	2	2
gid://shopify/Product/9879128506684	matrix-lifestyle-elliptical-w-touch-console-remanufactured	4	4	20	20
gid://shopify/Product/9879128637756	french-fitness-ez-curl-urethane-barbell-85-lbs-single-new	1	2	2	2
gid://shopify/Product/9879128965436	technogym-synchro-700e-elliptical-w-tv-remanufactured	4	4	19	19
gid://shopify/Product/9879129129276	body-solid-lmse-landmine-single-eyelet-new	1	2	2	2
gid://shopify/Product/9879129293116	french-fitness-ez-curl-urethane-barbell-90-lbs-single-new	1	2	2	2
gid://shopify/Product/9879129391420	matrix-g3-s76-aura-rotary-hip-remanufactured	5	6	28	28
gid://shopify/Product/9879129751868	technogym-synchro-700e-elliptical-w-visioweb-remanufactured	4	4	19	19
gid://shopify/Product/9879130014012	french-fitness-ez-curl-urethane-barbell-95-lbs-single-new	1	2	2	2
gid://shopify/Product/9879130243388	body-solid-lp40s-leg-press-option-for-exm4000s-w-weight-stack-new	3	4	6	6
gid://shopify/Product/9879130276156	matrix-g7-s51-abdominal-crunch-remanufactured	5	6	28	28
gid://shopify/Product/9879130538300	french-fitness-fb10-heavy-duty-flat-weight-bench-new	3	4	6	6
gid://shopify/Product/9879130636604	technogym-synchro-excite-700-elliptical-w-unity-1-0-console-remanufactured	4	4	19	19
gid://shopify/Product/9879130669372	french-fitness-x8-multi-station-gym-system-new	5	22	52	52
gid://shopify/Product/9879130964284	body-solid-lsa50-powerlift-leverage-squat-attachment-new	1	2	2	2
gid://shopify/Product/9879131291964	matrix-performance-hybrid-cycle-w-touch-console-remanufactured	4	4	18	18
gid://shopify/Product/9879131390268	french-fitness-fb20-commercial-flat-weight-bench-new	3	4	6	6
gid://shopify/Product/9879131685180	body-solid-lvbp-leverage-bench-press-new	3	5	25	25
gid://shopify/Product/9879131717948	technogym-synchro-700i-elliptical-w-led-console-remanufactured	4	4	19	19
gid://shopify/Product/9879132078396	french-fitness-fb40-commercial-flat-weight-bench-new	3	4	8	8
gid://shopify/Product/9879132143932	matrix-magnum-mg-a85-multi-adjustable-bench-remanufactured	5	6	26	26
gid://shopify/Product/9879132569916	body-solid-lvip-leverage-incline-bench-press-new	3	5	25	25
gid://shopify/Product/9879132700988	technogym-synchro-excite-forma-elliptical-remanufactured	4	4	19	19
gid://shopify/Product/9879133028668	french-fitness-folding-cable-power-rack-cage-red-black-new	4	18	71	71
gid://shopify/Product/9879133225276	matrix-performance-recumbent-cycle-w-touch-console-remanufactured	4	4	18	18
gid://shopify/Product/9879133421884	body-solid-lvla-leverage-lat-pulldown-new	4	8	34	34
gid://shopify/Product/9879133651260	tuffstuff-s-proformance-plus-glute-ham-bench-remanufactured	4	4	15	14
gid://shopify/Product/9879134175548	matrix-endurance-stepper-w-touch-console-remanufactured	4	4	20	20
gid://shopify/Product/9879134372156	technogym-vario-exc-700-ip-w-touch-screen-tv-remanufactured	4	4	19	19
gid://shopify/Product/9879134601532	body-solid-lvlc-leverage-prone-leg-curl-plate-loaded-new	3	5	25	24
gid://shopify/Product/9879135191356	matrix-lifestyle-treadmill-w-touch-console-remanufactured	4	4	19	19
gid://shopify/Product/9879135453500	technogym-artis-vario-elliptical-w-unity-2-0-remanufactured	4	4	19	19
gid://shopify/Product/9879135551804	body-solid-lvle-leverage-leg-extension-new	3	5	27	27
gid://shopify/Product/9879136207164	matrix-mx-a5x-ascent-trainer-remanufactured	4	4	19	19
gid://shopify/Product/9879136371004	french-fitness-ab-bench-attachment-new	3	4	9	9
gid://shopify/Product/9879136502076	technogym-vario-700e-w-visioweb-remanufactured	4	4	19	19
gid://shopify/Product/9879136567612	body-solid-lvlp-leverage-horizontal-leg-press-new	3	5	25	25
gid://shopify/Product/9879136600380	french-fitness-folding-cable-power-rack-cage-black-new	4	18	71	71
gid://shopify/Product/9879137059132	french-fitness-ab-bench-black-attachment-new	3	4	9	9
gid://shopify/Product/9879137124668	matrix-a5x-suspension-ascent-trainer-black-display-remanufactured	4	4	19	19
gid://shopify/Product/9879137321276	technogym-vario-exc-700i-w-led-remanufactured	4	4	19	19
gid://shopify/Product/9879137419580	body-solid-lvsp-leverage-shoulder-press-new	3	5	23	23
gid://shopify/Product/9879137911100	french-fitness-x8-bf-butterfly-attachment-new	3	5	9	9
gid://shopify/Product/9879138009404	matrix-a5x-suspension-ascent-trainer-white-display-remanufactured	4	4	19	19
gid://shopify/Product/9879138206012	throwdown-hiit-interval-white-board-magnets-set-of-20-91-00202-new	1	2	2	2
gid://shopify/Product/9879138271548	body-solid-lvsr-leverage-seated-row-new	3	5	23	23
gid://shopify/Product/9879138894140	matrix-a7xe-ascent-trainer-remanufactured	4	5	20	20
gid://shopify/Product/9879138926908	throwdown-agility-ladders-td-agl-new	1	2	2	2
gid://shopify/Product/9879139156284	body-solid-ma105-bar-pad-new	1	2	2	2
gid://shopify/Product/9879139254588	french-fitness-floor-glute-hamstring-developer-new	3	4	9	9
gid://shopify/Product/9879139352892	french-fitness-x8-bf-butterfly-black-attachment-new	3	5	9	9
gid://shopify/Product/9879139549500	throwdown-adjustable-speed-hurdles-set-of-5-td-ash-new	1	2	2	2
gid://shopify/Product/9879139713340	body-solid-ma307n-nylon-head-harness-new	1	2	2	2
gid://shopify/Product/9879140008252	french-fitness-ff-fib-0-90-degree-adjustable-bench-new	3	4	8	8
gid://shopify/Product/9879140106556	throwdown-fit-dummies-60-lbs-td-dmy-60-td-new	1	2	2	2
gid://shopify/Product/9879140172092	french-fitness-x8-multi-station-gym-system-black-new	5	22	52	52
gid://shopify/Product/9879140204860	matrix-a7xe-suspension-ascent-trainer-remanufactured	4	5	20	20
gid://shopify/Product/9879140303164	body-solid-mb100a-aluminum-double-swivel-bar-new	1	2	2	2
gid://shopify/Product/9879140532540	throwdown-fit-dummies-75-lbs-td-dmy-75-td-new	1	2	2	2
gid://shopify/Product/9879140729148	french-fitness-fl100-freeweight-leverage-gym-system-new	4	7	32	32
gid://shopify/Product/9879141024060	matrix-a7xi-suspension-ascent-trainer-remanufactured	4	4	19	19
gid://shopify/Product/9879141155132	throwdown-agility-dots-set-of-12-td-dot-set-new	1	2	2	2
gid://shopify/Product/9879141351740	body-solid-mr136-manta-ray-squat-attachment-new	1	2	2	2
gid://shopify/Product/9879141384508	french-fitness-fl20-freeweight-leverage-multi-functional-bench-new	4	7	30	30
gid://shopify/Product/9879141515580	throwdown-floor-sliders-td-fls-pair-new	1	2	2	2
gid://shopify/Product/9879141613884	matrix-c3x-climbmill-remanufactured	4	4	20	20
gid://shopify/Product/9879141941564	body-solid-nb51-nylon-wrist-straps-new	1	2	2	2
gid://shopify/Product/9879142072636	throwdown-facility-series-ground-n-pound-dummies-90-lbs-td-gdm-90-new	1	2	2	2
gid://shopify/Product/9879142203708	french-fitness-fl3-freightweight-lat-olympic-bench-gym-new	3	4	9	9
gid://shopify/Product/9879142531388	matrix-c5x-climbmill-remanufactured	4	4	20	20
gid://shopify/Product/9879142564156	body-solid-nb52-power-lifting-straps-new	1	2	2	2
gid://shopify/Product/9879142596924	french-fitness-x8-lp-leg-press-attachment-new	3	6	10	10
gid://shopify/Product/9879142727996	throwdown-6-ft-heavy-bags-td-hb-6-new	1	2	2	2
gid://shopify/Product/9879142990140	french-fitness-fl30-freeweight-corner-leverage-gym-new	3	5	25	25
gid://shopify/Product/9879143088444	body-solid-nb55-nylon-dipping-strap-new	1	2	2	2
gid://shopify/Product/9879143285052	throwdown-knux-1-lb-td-knx-1-pair-new	1	2	2	2
gid://shopify/Product/9879143317820	matrix-c7xe-climbmill-remanufactured	4	5	21	21
gid://shopify/Product/9879143678268	body-solid-nb56-nylon-dipping-belt-new	1	2	2	2
gid://shopify/Product/9879143711036	french-fitness-fl70-freeweight-leverage-gym-system-new	4	7	32	32
gid://shopify/Product/9879143874876	throwdown-knux-2-lbs-td-knx-2-pair-new	1	2	2	2
gid://shopify/Product/9879144137020	french-fitness-x8-lp-leg-press-black-attachment-new	3	6	10	10
gid://shopify/Product/9879144202556	matrix-c7xi-climbmill-remanufactured	4	4	20	20
gid://shopify/Product/9879144268092	body-solid-ob20-olympic-dumbbell-handle-new	2	4	19	19
gid://shopify/Product/9879144431932	throwdown-knux-3-lbs-td-knx-3-pair-new	1	2	2	2
gid://shopify/Product/9879144792380	throwdown-knux-5-lbs-td-knx-5-pair-new	1	2	2	2
gid://shopify/Product/9879144890684	matrix-connexus-compact-remanufactured	5	5	24	24
gid://shopify/Product/9879144956220	french-fitness-foam-squat-bar-barbell-pad-w-strap-new	1	2	2	2
gid://shopify/Product/9879145021756	french-fitness-powertower-attachment-new	3	4	9	9
gid://shopify/Product/9879145480508	throwdown-knux-8-lbs-td-knx-8-pair-new	1	2	2	2
gid://shopify/Product/9879145546044	french-fitness-fsr-htb-hip-thruster-bench-fsr50-fsr20-new	1	2	2	2
gid://shopify/Product/9879145578812	body-solid-tools-ob48f-fat-curl-bar-new	2	4	28	28
gid://shopify/Product/9879145644348	french-fitness-powertower-black-attachment-new	3	4	9	9
gid://shopify/Product/9879145677116	matrix-e1x-elliptical-remanufactured	4	4	19	19
gid://shopify/Product/9879145939260	throwdown-teardrop-bags-td-tdb-new	1	2	2	2
gid://shopify/Product/9879145972028	french-fitness-fsr-ja-jammer-arms-fsr50-fsr20-srft8-new	1	2	2	2
gid://shopify/Product/9879146299708	french-fitness-x8-xl-multi-station-gym-system-red-black-new	5	20	52	52
gid://shopify/Product/9879146332476	matrix-e3x-elliptical-remanufactured	4	4	20	20
gid://shopify/Product/9879146463548	french-fitness-fsr-lp-leg-press-fsr50-fsr20-new	1	2	2	2
gid://shopify/Product/9879146496316	throwdown-uppercut-bags-td-ub-new	1	2	2	2
gid://shopify/Product/9879146889532	matrix-e3x-suspension-elliptical-remanufactured	4	4	20	20
gid://shopify/Product/9879146955068	throwdown-wrecking-ball-bags-td-wb-new	1	2	2	2
gid://shopify/Product/9879147020604	french-fitness-fsr-ls-lat-pull-seat-fsr50-fsr20-srft8-new	1	2	2	2
gid://shopify/Product/9879147544892	hoggan-sprint-ube-upper-body-ergometer-remanufactured	4	4	18	18
gid://shopify/Product/9879147708732	matrix-e5x-elliptical-remanufactured	4	4	20	20
gid://shopify/Product/9879148200252	precor-ubk-815-upright-bike-w-p10-console-remanufactured	4	5	18	18
gid://shopify/Product/9879148364092	matrix-e5x-suspension-elliptical-remanufactured	4	4	20	20
gid://shopify/Product/9879148953916	precor-ubk-885-upright-bike-w-p80-console-remanufactured	4	4	17	17
gid://shopify/Product/9879149248828	matrix-e7xe-elliptical-remanufactured	4	5	21	21
gid://shopify/Product/9879149314364	french-fitness-x8-xl-multi-station-gym-system-black-new	5	20	52	52
gid://shopify/Product/9879149838652	precor-ubk-885-upright-bike-w-p82-console-remanufactured	4	5	18	18
gid://shopify/Product/9879150035260	matrix-e7xe-suspension-elliptical-remanufactured	4	5	21	21
gid://shopify/Product/9879151018300	matrix-e7xi-suspension-elliptical-remanufactured	4	4	20	20
gid://shopify/Product/9879151149372	french-fitness-fsr100-adb-adjustable-bench-w-decline-new	3	4	8	8
gid://shopify/Product/9879151214908	bowflex-ultimate-home-gym-remanufactured	4	5	17	17
gid://shopify/Product/9879151968572	matrix-functional-trainer-g3-msft300-400-remanufactured	6	20	77	77
gid://shopify/Product/9879152034108	bowflex-ultimate-2-home-gym-remanufactured	4	6	20	20
gid://shopify/Product/9879152525628	french-fitness-fsr100-cb-commercial-cable-smith-rack-w-counter-balance-new	6	28	85	85
gid://shopify/Product/9879153344828	vectra-on-line-1850-home-gym-remanufactured	6	10	62	44
gid://shopify/Product/9879154426172	matrix-g3-aura-g3-s22-rear-delt-pec-fly-remanufactured	5	6	26	26
gid://shopify/Product/9879154852156	versaclimber-cl-108lxp-versa-climber-remanufactured	4	12	33	25
gid://shopify/Product/9879155081532	matrix-g3-aura-g3-s60-dip-chin-assist-remanufactured	5	5	24	24
gid://shopify/Product/9879155212604	body-solid-obss50b-safety-squat-bar-new	1	2	2	2
gid://shopify/Product/9879155736892	body-solid-oc04-olympic-training-collar-new	1	2	2	2
gid://shopify/Product/9879155802428	matrix-g3-s70-aura-leg-press-remanufactured	5	6	26	26
gid://shopify/Product/9879155966268	french-fitness-fsr100-lat-pull-down-seat-attachment-new	1	2	2	2
gid://shopify/Product/9879156261180	body-solid-oc06pr-olympic-spring-collar-pair-new	1	2	2	2
gid://shopify/Product/9879156457788	french-fitness-fsr100-leg-press-plate-new	1	2	2	2
gid://shopify/Product/9879156490556	matrix-g7-s55b-ultra-base-rotary-torso-remanufactured	5	6	28	28
gid://shopify/Product/9879156719932	cybex-vr3-abdominal-remanufactured	5	6	28	28
gid://shopify/Product/9879156949308	french-fitness-xt8-power-sled-w-resistance-new	3	6	12	12
gid://shopify/Product/9879157014844	french-fitness-fsr100-r20-dip-handle-attachment-new	1	2	2	2
gid://shopify/Product/9879157342524	matrix-ultra-g7-s70-leg-press-remanufactured	5	6	27	27
gid://shopify/Product/9879157440828	cybex-vr3-hip-abduction-outer-thigh-remanufactured	5	6	26	26
gid://shopify/Product/9879157473596	french-fitness-fsr100-r20-heavy-bag-hanger-attachment-new	2	3	3	3
gid://shopify/Product/9879157768508	french-fitness-3-yoga-cork-block-new	1	2	2	2
gid://shopify/Product/9879158096188	french-fitness-fsr100-r20-jammer-arms-new	1	2	2	2
gid://shopify/Product/9879158227260	matrix-h3x-hybrid-cycle-bike-older-style-remanufactured	4	4	18	18
gid://shopify/Product/9879158260028	cybex-vr3-hip-adduction-inner-thigh-remanufactured	4	4	19	19
gid://shopify/Product/9879158292796	french-fitness-4-yoga-cork-block-new	1	2	2	2
gid://shopify/Product/9879158653244	french-fitness-fsr100-r20-j-hooks-j-cups-set-of-2-new	1	2	2	2
gid://shopify/Product/9879158817084	french-fitness-12-5-x-5-inch-yoga-wheel-new	1	2	2	2
gid://shopify/Product/9879159013692	matrix-h3x-hybrid-cycle-bike-newer-style-remanufactured	4	4	18	18
gid://shopify/Product/9879159046460	cybex-vr3-arm-tricep-extension-12080-remanufactured	5	6	28	28
gid://shopify/Product/9879159275836	french-fitness-fsr100-r20-lat-pulldown-low-row-new	2	3	4	4
gid://shopify/Product/9879159734588	french-fitness-fsr100-r20-machine-connecting-bar-req-2-fsr100-to-use-new	1	2	2	2
gid://shopify/Product/9879159800124	matrix-h5x-hybrid-exercise-bike-remanufactured	4	4	18	18
gid://shopify/Product/9879159865660	cybex-vr3-back-extension-remanufactured	5	6	28	28
gid://shopify/Product/9879160095036	french-fitness-tahoe-commercial-flat-decline-incline-bench-new	3	4	8	8
gid://shopify/Product/9879160226108	french-fitness-fsr100-fr20-safety-spotter-arms-attachment-pair-new	1	2	2	2
gid://shopify/Product/9879160553788	matrix-h5x-hybrid-cycle-bike-newer-style-remanufactured	4	4	18	18
gid://shopify/Product/9879160652092	cybex-vr3-standing-calf-remanufactured	5	6	28	28
gid://shopify/Product/9879160783164	french-fitness-aspen-dual-cable-cross-black-new	4	19	62	62
gid://shopify/Product/9879160881468	french-fitness-fsr20-multi-functional-gym-system-plate-loaded-new	5	28	86	86
gid://shopify/Product/9879161274684	matrix-h7xe-hybrid-exercise-bike-remanufactured	4	5	19	19
gid://shopify/Product/9879161536828	cybex-vr3-cable-column-remanufactured	6	18	73	73
gid://shopify/Product/9879162159420	matrix-h7xi-hybrid-exercise-bike-remanufactured	4	4	18	18
gid://shopify/Product/9879163011388	matrix-mx-t5-treadmill-remanufactured	4	4	19	19
gid://shopify/Product/9879163240764	french-fitness-aspen-plate-loaded-pro-power-squat-new	3	5	27	27
gid://shopify/Product/9879163830588	matrix-t5x-treadmill-older-style-remanufactured	4	4	19	19
gid://shopify/Product/9879163961660	cybex-vr3-chest-press-remanufactured	5	6	25	25
gid://shopify/Product/9879164125500	french-fitness-aspen-standing-dip-chin-assist-new	3	5	13	13
gid://shopify/Product/9879164453180	matrix-r3x-recumbent-bike-older-style-remanufactured	4	4	18	18
gid://shopify/Product/9879164518716	cybex-vr3-dip-chin-assist-remanufactured	5	5	24	24
gid://shopify/Product/9879165141308	french-fitness-ffb-black-360xl-energy-group-training-system-new	4	21	58	58
gid://shopify/Product/9879165305148	cybex-vr3-leg-extension-remanufactured	5	6	26	26
gid://shopify/Product/9879165337916	matrix-r3x-recumbent-bike-newer-style-remanufactured	4	4	18	18
gid://shopify/Product/9879165763900	french-fitness-fsr50-dual-cable-smith-rack-home-gym-new	4	29	87	87
gid://shopify/Product/9879166320956	matrix-r5x-recumbent-bike-remanufactured	4	4	18	18
gid://shopify/Product/9879166419260	cybex-vr3-pec-fly-rear-delt-remanufactured	4	4	18	18
gid://shopify/Product/9879167140156	matrix-r5x-recumbent-bike-cycle-newer-style-remanufactured	4	4	18	18
gid://shopify/Product/9879167336764	cybex-vr3-glute-remanufactured	5	6	28	28
gid://shopify/Product/9879167893820	matrix-r7xe-recumbent-bike-remanufactured	4	5	19	19
gid://shopify/Product/9879167959356	cybex-vr3-lat-pull-remanufactured	6	9	37	37
gid://shopify/Product/9879167992124	french-fitness-ffb-black-45-degree-hyperextension-back-extension-new	3	4	9	9
gid://shopify/Product/9879168647484	french-fitness-ffb-black-45-degree-linear-leg-press-new	3	5	27	27
gid://shopify/Product/9879168811324	matrix-r7xi-recumbent-bike-remanufactured	4	4	18	18
gid://shopify/Product/9879168942396	cybex-vr3-lateral-raise-remanufactured	5	6	28	28
gid://shopify/Product/9879169564988	french-fitness-fsr50-ab-adjustable-bench-new	3	4	8	8
gid://shopify/Product/9879169597756	french-fitness-black-47-olympic-ez-curl-bar-new	2	4	28	28
gid://shopify/Product/9879169663292	matrix-s3x-stepper-remanufactured	4	4	20	20
gid://shopify/Product/9879169827132	cybex-vr3-leg-press-remanufactured	5	6	27	27
gid://shopify/Product/9879170351420	french-fitness-ffb-black-5-stack-multi-jungle-gym-new	6	18	47	47
gid://shopify/Product/9879170515260	matrix-s5x-stepper-remanufactured	4	4	20	20
gid://shopify/Product/9879170842940	cybex-vr3-overhead-shoulder-press-remanufactured	5	6	26	26
gid://shopify/Product/9879171072316	french-fitness-fsr50-fsr110-belt-squat-machine-attachment-new	1	2	2	2
gid://shopify/Product/9879171432764	matrix-s7xe-stepper-remanufactured	4	5	21	21
gid://shopify/Product/9879171727676	french-fitness-fsr50-leg-holder-kit-attachment-new	1	2	2	2
gid://shopify/Product/9879171760444	cybex-vr3-prone-leg-curl-remanufactured	5	6	27	27
gid://shopify/Product/9879172088124	french-fitness-6-black-olympic-bar-33-lbs-new	2	4	28	28
gid://shopify/Product/9879172350268	french-fitness-fsr50-lat-pulldown-attachment-new	1	2	2	2
gid://shopify/Product/9879172546876	matrix-s7xi-stepper-remanufactured	4	4	20	20
gid://shopify/Product/9879172776252	cybex-vr3-pulldown-remanufactured	5	6	26	26
gid://shopify/Product/9879172874556	french-fitness-7-black-olympic-bar-45-lbs-new	2	4	28	28
gid://shopify/Product/9879173005628	french-fitness-fsr50-monolift-attachment-new	1	2	2	2
gid://shopify/Product/9879173398844	matrix-t1x-treadmill-remanufactured	4	4	19	19
gid://shopify/Product/9879173464380	french-fitness-ffb-black-8-stack-multi-jungle-gym-new	6	16	44	44
gid://shopify/Product/9879173660988	french-fitness-fsr60-smith-cable-squat-rack-gym-machine-new	5	24	83	83
gid://shopify/Product/9879173693756	cybex-vr3-row-remanufactured	5	6	27	27
gid://shopify/Product/9879174316348	matrix-t3x-treadmill-remanufactured	4	4	19	19
gid://shopify/Product/9879174644028	cybex-vr3-seated-leg-curl-remanufactured	5	6	28	28
gid://shopify/Product/9879174938940	french-fitness-ffb-black-abdominal-adj-decline-bench-new	3	4	9	9
gid://shopify/Product/9879175364924	matrix-t5x-treadmill-newer-style-remanufactured	4	4	19	19
gid://shopify/Product/9879175430460	cybex-vr3-torso-rotation-remanufactured	5	6	28	28
gid://shopify/Product/9879175790908	french-fitness-ffb-black-ab-crunch-bench-new	3	4	9	9
gid://shopify/Product/9879176118588	matrix-t7xe-treadmill-remanufactured	4	5	20	20
gid://shopify/Product/9879176380732	cybex-vr3-tricep-press-seated-dip-remanufactured	5	6	26	26
gid://shopify/Product/9879176544572	french-fitness-ffb-black-adjustable-cable-crossover-new	4	21	67	67
gid://shopify/Product/9879177691452	matrix-t7xi-treadmill-remanufactured	4	5	20	20
gid://shopify/Product/9879179821372	woodway-4front-treadmill-w-quick-set-2024-display-remanufactured	4	8	29	29
gid://shopify/Product/9879179886908	matrix-tomahawk-indoor-cycle-remanufactured	4	4	14	14
gid://shopify/Product/9879180640572	matrix-u3x-upright-bike-remanufactured	4	4	18	18
gid://shopify/Product/9879180771644	french-fitness-black-arc-elliptical-trainer-new	3	4	11	11
gid://shopify/Product/9879181263164	body-solid-ost355-cast-iron-grip-plate-set-355-lbs-plates-only-new	3	4	9	9
gid://shopify/Product/9879181754684	matrix-u5x-upright-bike-newer-style-remanufactured	4	4	18	18
gid://shopify/Product/9879181852988	french-fitness-fsr60-fsr70-jammer-arms-new	1	2	2	2
gid://shopify/Product/9879181951292	french-fitness-ffb-black-cable-column-new	4	18	61	61
gid://shopify/Product/9879182082364	woodway-4front-treadmill-remanufactured	4	8	29	29
gid://shopify/Product/9879182246204	body-solid-owt24-olympic-plate-tree-new	3	4	8	8
gid://shopify/Product/9879182606652	french-fitness-fsr60-fsr70-leg-press-plate-new	1	2	2	2
gid://shopify/Product/9879182737724	matrix-u7xe-upright-bike-remanufactured	4	5	19	19
gid://shopify/Product/9879182967100	body-solid-p2clothsh-cloth-weight-stack-shroud-for-p2x-gym-new	1	2	2	2
gid://shopify/Product/9879183032636	woodway-4front-treadmill-w-personal-trainer-2024-display-remanufactured	4	8	29	29
gid://shopify/Product/9879183065404	french-fitness-fsr70-dual-cable-smith-half-rack-system-new	5	23	80	80
gid://shopify/Product/9879183458620	matrix-u7xi-upright-bike-remanufactured	4	4	18	18
gid://shopify/Product/9879183491388	body-solid-p2x-powerline-home-gym-new	4	13	32	32
gid://shopify/Product/9879183851836	woodway-4front-treadmill-w-quick-set-display-remanufactured	4	8	29	29
gid://shopify/Product/9879184408892	maxicam-2-tier-saddle-dumbbell-rack-w-5-50-ivanko-dumbbell-set-9-pairs-as-is	3	4	8	8
gid://shopify/Product/9879184539964	french-fitness-ffb-black-dual-adjustable-pulley-new	4	17	57	57
gid://shopify/Product/9879185359164	woodway-4front-treadmill-w-prosmart-10-smart-screen-remanufactured	4	5	21	21
gid://shopify/Product/9879185916220	muscle-d-deluxe-adjustable-bench-rl-dab-new	3	4	9	9
gid://shopify/Product/9879186964796	woodway-4front-treadmill-w-hdtv-remanufactured	4	8	29	29
gid://shopify/Product/9879187456316	technogym-plurima-multistation-solo-leg-press-calf-remanufactured	5	6	27	27
gid://shopify/Product/9879187816764	french-fitness-ffb-dfib-15-to-90-degree-adjustable-decline-bench-new	3	4	8	8
gid://shopify/Product/9879187882300	woodway-path-55-treadmill-remanufactured	4	5	21	21
gid://shopify/Product/9879188177212	french-fitness-fsr80-functional-trainer-smith-rack-gym-system-new	4	24	80	80
gid://shopify/Product/9879188242748	body-solid-pab21x-powerline-ab-bench-new	3	4	9	9
gid://shopify/Product/9879188406588	technogym-plurima-multistation-tower-remanufactured	6	10	44	44
gid://shopify/Product/9879188865340	french-fitness-ffb-black-dual-stack-biceps-arm-curl-new	3	5	13	13
gid://shopify/Product/9879188963644	body-solid-pcco90x-powerline-cable-crossover-machine-new	4	17	50	50
gid://shopify/Product/9879189389628	woodway-curve-treadmill-remanufactured	4	4	19	19
gid://shopify/Product/9879189487932	french-fitness-ffb-black-dual-stack-chest-press-new	3	5	13	13
gid://shopify/Product/9879190405436	woodway-curve-trainer-treadmill-remanufactured	4	4	19	19
gid://shopify/Product/9879190503740	technogym-plurima-multistation-wall-remanufactured	6	10	44	44
gid://shopify/Product/9879191159100	french-fitness-ffb-black-dual-stack-decline-press-new	3	5	11	11
gid://shopify/Product/9879191748924	woodway-desmo-s-treadmill-remanufactured	4	6	23	23
gid://shopify/Product/9879191945532	french-fitness-ffb-black-dual-stack-front-lat-pulldown-new	3	5	11	11
gid://shopify/Product/9879192797500	french-fitness-ffb-black-dual-stack-high-row-new	3	5	11	11
gid://shopify/Product/9879193059644	body-solid-pch24x-powerline-roman-chair-back-hyperextension-new	3	6	28	28
gid://shopify/Product/9879193190716	technogym-plurima-core-leg-curl-leg-extension-remanufactured	4	5	23	23
gid://shopify/Product/9879193616700	woodway-desmo-elite-treadmill-remanufactured	4	6	23	23
gid://shopify/Product/9879193878844	french-fitness-ffb-black-dual-stack-incline-press-new	3	5	13	13
gid://shopify/Product/9879194042684	french-fitness-free-standing-vertical-dumbbell-rack-for-5-50-lbs-10-pairs-new	2	3	4	4
gid://shopify/Product/9879194239292	body-solid-pdr282x-powerline-dumbbell-rack-new	3	4	7	7
gid://shopify/Product/9879194304828	technogym-plurima-multistation-twin-remanufactured	6	10	44	44
gid://shopify/Product/9879194698044	french-fitness-ffb-black-dual-stack-low-row-new	3	5	11	11
gid://shopify/Product/9879194960188	french-fitness-ft300-folding-treadmill-new	3	4	11	11
gid://shopify/Product/9879195025724	woodway-desmo-evo-treadmill-remanufactured	4	7	24	24
gid://shopify/Product/9879195484476	body-solid-pfi150-powerline-flat-incline-bench-new	3	7	11	11
gid://shopify/Product/9879195681084	french-fitness-ffb-black-dual-stack-shoulder-press-new	3	5	11	11
gid://shopify/Product/9879195943228	french-fitness-ft500-light-commercial-folding-treadmill-new	3	4	11	11
gid://shopify/Product/9879196467516	french-fitness-ffb-black-dual-stack-tricep-extension-new	3	5	12	12
gid://shopify/Product/9879196795196	life-fitness-signature-mj8-8-stack-jungle-gym-remanufactured	5	14	43	43
gid://shopify/Product/9879197188412	french-fitness-ffb-black-elite-smith-machine-new	3	6	35	35
gid://shopify/Product/9879197221180	woodway-force-treadmill-remanufactured	4	5	19	19
gid://shopify/Product/9879198105916	french-fitness-ffb-black-glute-machine-new	3	5	12	12
gid://shopify/Product/9879198433596	body-solid-pfid125x-powerline-multi-bench-new	3	5	11	11
gid://shopify/Product/9879198499132	matrix-krankcycle-remanufactured	4	4	18	18
gid://shopify/Product/9879198597436	woodway-mercury-treadmill-remanufactured	4	5	21	21
gid://shopify/Product/9879198957884	french-fitness-ffb-black-half-ball-captains-chair-leg-raise-vkr-new	4	7	16	16
gid://shopify/Product/9879199318332	matrix-versa-vs-s70-leg-press-calf-press-remanufactured	5	6	27	27
gid://shopify/Product/9879199646012	french-fitness-ffb-black-leverage-horizontal-bench-press-plate-loaded-new	3	5	27	27
gid://shopify/Product/9879199940924	woodway-mercury-treadmill-rectangular-console-remanufactured	4	5	21	21
gid://shopify/Product/9879200071996	body-solid-pfid130x-powerline-flat-incline-decline-bench-new	3	7	13	13
gid://shopify/Product/9879200268604	goldendesigns-mx-j206-01-hemlock-lemf-maxxus-far-ir-sauna-new	2	3	5	5
gid://shopify/Product/9879200563516	french-fitness-black-ffb-linear-hack-squat-new	3	5	27	27
gid://shopify/Product/9879200956732	woodway-pro-treadmill-remanufactured	4	5	21	21
gid://shopify/Product/9879201186108	goldendesigns-mx-j206-01-zf-maxxus-seattle-2-person-near-zero-emf-far-infrared-sauna-new	2	3	5	5
gid://shopify/Product/9879201612092	french-fitness-10-lb-free-weight-sandbag-bell-new	1	2	2	2
gid://shopify/Product/9879201907004	life-fitness-x1-elliptical-w-advanced-console-remanufactured	4	4	15	15
gid://shopify/Product/9879202070844	french-fitness-12-lb-free-weight-sandbag-bell-new	1	2	2	2
gid://shopify/Product/9879202234684	body-solid-pft100-powerline-functional-trainer-new	4	21	60	60
gid://shopify/Product/9879202267452	goldendesigns-mx-j206-02s-maxxus-2-person-low-emf-far-infrared-sauna-new	2	3	5	5
gid://shopify/Product/9879202365756	french-fitness-ffb-black-leverage-squat-calf-machine-new	2	3	7	7
gid://shopify/Product/9879202726204	french-fitness-15-lb-free-weight-sandbag-bell-new	1	2	2	2
gid://shopify/Product/9879202955580	life-fitness-x3i-elliptical-cross-trainer-remanufactured	4	4	15	15
gid://shopify/Product/9879203152188	goldendesigns-mx-j306-01-canadian-hemlock-maxxus-bellevue-3-person-low-emf-far-infrared-sauna-new	2	3	5	5
gid://shopify/Product/9879203184956	french-fitness-ffb-black-mab-multi-adjustable-bench-new	3	4	8	8
gid://shopify/Product/9879203414332	french-fitness-2-lb-free-weight-sandbag-bell-new	1	2	2	2
gid://shopify/Product/9879203971388	french-fitness-5-black-olympic-bar-26-lbs-new	2	4	28	28
gid://shopify/Product/9879204036924	goldendesigns-mx-j306-01-zf-maxxus-bellevue-3-person-near-zero-emf-far-infrared-sauna-new	2	3	5	5
gid://shopify/Product/9879204135228	french-fitness-20-lb-free-weight-sandbag-bell-new	1	2	2	2
gid://shopify/Product/9879204593980	french-fitness-25-lb-free-weight-sandbag-bell-new	1	2	2	2
gid://shopify/Product/9879204626748	life-fitness-x5i-elliptical-cross-trainer-remanufactured	4	4	15	15
gid://shopify/Product/9879204692284	french-fitness-ffb-black-olympic-decline-bench-new	3	6	28	28
gid://shopify/Product/9879204856124	goldendesigns-mx-k206-01-hemlock-lemf-maxxus-far-ir-sauna-new	2	3	5	5
gid://shopify/Product/9879205380412	body-solid-pft50-powerline-functional-trainer-new	4	21	58	58
gid://shopify/Product/9879205413180	french-fitness-4-lb-free-weight-sandbag-bell-new	1	2	2	2
gid://shopify/Product/9879205675324	life-fitness-x7-elliptical-w-advanced-console-remanufactured	4	4	15	15
gid://shopify/Product/9879205806396	french-fitness-ffb-black-olympic-flat-bench-press-new	3	6	28	28
gid://shopify/Product/9879205904700	goldendesigns-mx-k206-01-zf-hemlock-maxxus-2-person-near-zero-emf-far-infrared-sauna-new	2	3	5	5
gid://shopify/Product/9879205970236	french-fitness-6-lb-free-weight-sandbag-bell-new	1	2	2	2
gid://shopify/Product/9879207117116	french-fitness-8-lb-free-weight-sandbag-bell-new	1	2	2	2
gid://shopify/Product/9879207215420	french-fitness-ffb-black-olympic-flat-bench-w-weight-horns-new	3	6	28	28
gid://shopify/Product/9879207641404	french-fitness-farmers-walk-handles-pair-new	2	4	28	28
gid://shopify/Product/9879207739708	life-fitness-x9i-elliptical-crosstrainer-black-remanufactured	4	4	15	15
gid://shopify/Product/9879208165692	french-fitness-ffb-black-olympic-incline-bench-new	3	6	28	28
gid://shopify/Product/9879208526140	french-fitness-anti-burst-stability-exercise-ball-set-of-3-55-to-75-cm-new	2	3	4	4
gid://shopify/Product/9879208558908	goldendesigns-mx-k306-01-hemlock-lemf-maxxus-far-ir-sauna-new	2	3	5	5
gid://shopify/Product/9879208689980	octane-fitness-xr5000-seated-elliptical-remanufactured	4	5	21	21
gid://shopify/Product/9879208952124	body-solid-pg2-pro-power-grips-new	1	2	2	2
gid://shopify/Product/9879209050428	french-fitness-ffb-black-olympic-military-bench-new	3	7	41	41
gid://shopify/Product/9879209541948	octane-fitness-xride-xr6-seated-elliptical-remanufactured	4	4	16	16
gid://shopify/Product/9879209574716	goldendesigns-mx-k306-01-zf-hemlock-maxxus-3-person-near-zero-emf-far-infrared-sauna-new	2	3	5	5
gid://shopify/Product/9879209640252	french-fitness-anti-burst-stability-exercise-ball-set-of-4-45-to-75-cm-new	2	3	4	4
gid://shopify/Product/9879209705788	body-solid-pgm200x-powerline-glute-max-new	3	8	29	28
gid://shopify/Product/9879210131772	french-fitness-ffb-black-olympic-squat-rack-new	3	7	36	36
gid://shopify/Product/9879210230076	french-fitness-anti-burst-stability-exercise-ball-45cm-new	1	2	2	2
gid://shopify/Product/9879210295612	goldendesigns-mx-k306-01-zf-ced-canadian-red-cedar-maxxus-3-person-near-zero-emf-far-infrared-sauna-new	2	3	5	5
gid://shopify/Product/9879210393916	octane-fitness-xr6000-seated-elliptical-remanufactured	4	5	21	21
gid://shopify/Product/9879210983740	french-fitness-anti-burst-stability-exercise-ball-55cm-new	1	2	2	2
gid://shopify/Product/9879211016508	body-solid-phg1000x-powerline-hardcore-gym-new	4	13	34	34
gid://shopify/Product/9879211311420	octane-fitness-xr6000-seated-elliptical-w-smart-screen-remanufactured	4	5	21	21
gid://shopify/Product/9879211376956	goldendesigns-mx-k306-01-red-cedar-lemf-maxxus-far-ir-sauna-new	2	3	5	5
gid://shopify/Product/9879211442492	french-fitness-anti-burst-stability-exercise-ball-65cm-new	1	2	2	2
gid://shopify/Product/9879211802940	french-fitness-ffb-black-seated-calf-raise-plate-loaded-new	3	5	28	28
gid://shopify/Product/9879211901244	french-fitness-anti-burst-stability-exercise-ball-75cm-new	1	2	2	2
gid://shopify/Product/9879211999548	octane-fitness-xr6000-seated-elliptical-w-touch-screen-remanufactured	4	4	18	18
gid://shopify/Product/9879212196156	goldendesigns-mx-k356-01-hemlock-lemf-maxxus-far-ir-sauna-new	2	3	5	5
gid://shopify/Product/9879212327228	french-fitness-gym-chalk-set-of-8-new	2	3	3	3
gid://shopify/Product/9879212425532	french-fitness-ffb-black-super-v-squat-plate-loaded-new	3	4	24	24
gid://shopify/Product/9879212818748	octane-xt1-xt-one-elliptical-w-smart-console-remanufactured	4	5	20	20
gid://shopify/Product/9879212917052	body-solid-phyp200x-powerline-45-back-hyperextension-new	3	6	29	29
gid://shopify/Product/9879213113660	goldendesigns-mx-k356-01-zf-hemlock-maxxus-3-person-corner-near-zero-emf-far-infrared-sauna-new	2	3	5	5
gid://shopify/Product/9879213343036	french-fitness-ffb-black-pectoral-pec-fly-new	3	5	12	12
gid://shopify/Product/9879213572412	french-fitness-gym-chalk-bag-new	1	2	2	2
gid://shopify/Product/9879213834556	body-solid-pla1000-powerline-power-rack-lat-attachment-new	3	4	8	8
gid://shopify/Product/9879213998396	goldendesigns-mx-k356-01-zf-ced-canadian-red-cedar-maxxus-3-person-corner-near-zero-emf-far-infrared-sauna-new	2	3	5	5
gid://shopify/Product/9879214227772	french-fitness-black-pilates-reformer-new	3	4	8	8
gid://shopify/Product/9879214358844	french-fitness-ghd-glute-ham-developer-roman-chair-new	3	4	9	9
gid://shopify/Product/9879214850364	octane-xt1-xt-one-elliptical-w-standard-console-remanufactured	4	5	20	20
gid://shopify/Product/9879215046972	french-fitness-ffb-black-pendulum-squat-leg-press-machine-new	3	4	11	11
gid://shopify/Product/9879215079740	goldendesigns-mx-k356-01-red-cedar-lemf-maxxus-far-ir-sauna-new	2	3	5	5
gid://shopify/Product/9879215145276	french-fitness-ghd-compact-roman-chair-ghd30-new	3	4	8	8
gid://shopify/Product/9879215702332	french-fitness-black-ffb-pull-up-vertical-knee-raise-vkr-new	3	4	9	9
gid://shopify/Product/9879215800636	sportsart-xt10-recumbent-bike-remanufactured	4	4	18	18
gid://shopify/Product/9879215833404	french-fitness-glute-ham-roller-slider-new	1	2	2	2
gid://shopify/Product/9879215964476	goldendesigns-mx-k406-01-hemlock-lemf-maxxus-far-ir-sauna-new	2	3	5	5
gid://shopify/Product/9879216455996	french-fitness-glute-ham-roller-storage-rack-new	2	3	4	4
gid://shopify/Product/9879216554300	sportsart-xt20-xtrainer-recumbent-bike-remanufactured	4	4	18	18
gid://shopify/Product/9879216783676	goldendesigns-mx-k406-01-zf-hemlock-maxxus-4-person-near-zero-emf-far-infrared-sauna-new	2	3	5	5
gid://shopify/Product/9879216816444	body-solid-pla500-powerline-half-rack-lat-attachment-new	3	4	8	8
gid://shopify/Product/9879217144124	french-fitness-ffb-black-seated-leg-curl-new	3	5	11	11
gid://shopify/Product/9879217340732	bowflex-xtreme-home-gym-remanufactured	4	5	17	17
gid://shopify/Product/9879217668412	goldendesigns-mx-k406-01-zf-ced-maxxus-4-person-near-zero-emf-far-infrared-sauna-new	2	3	5	5
gid://shopify/Product/9879217766716	body-solid-plce165x-powerline-leg-extension-curl-machine-new	3	7	28	27
gid://shopify/Product/9879217799484	french-fitness-ff-gt10-gym-timer-w-remote-new	1	2	2	2
gid://shopify/Product/9879218258236	bowflex-xtreme-2-home-gym-remanufactured	4	5	17	17
gid://shopify/Product/9879218487612	french-fitness-ff-gt10s-gym-timer-w-stand-remote-new	1	2	2	2
gid://shopify/Product/9879218585916	goldendesigns-mx-k406-01-red-cedar-lemf-maxxus-far-ir-sauna-new	2	3	5	5
gid://shopify/Product/9879218684220	french-fitness-ffb-black-seated-leg-press-new	3	5	12	12
gid://shopify/Product/9879218913596	body-solid-plm180x-powerline-lat-machine-new	4	11	25	25
gid://shopify/Product/9879219208508	french-fitness-gymnastic-gym-wood-rings-w-adjustable-straps-new	1	2	2	2
gid://shopify/Product/9879219274044	bowflex-xtreme-2-se-home-gym-remanufactured	4	5	17	17
gid://shopify/Product/9879219601724	french-fitness-sm200-black-stairmill-new	3	4	11	11
gid://shopify/Product/9879220060476	octane-fitness-zr7-zero-runner-remanufactured	4	4	16	16
gid://shopify/Product/9879220126012	goldendesigns-mx-m206-01-fs-ced-canadian-red-cedar-maxxus-2-person-full-spectrum-infrared-sauna-new	2	3	5	5
gid://shopify/Product/9879220224316	french-fitness-ffb-black-single-stack-abdominal-crunch-new	3	5	11	11
gid://shopify/Product/9879220814140	octane-zr8000-zero-runner-w-standard-screen-remanufactured	4	5	21	21
gid://shopify/Product/9879220945212	goldendesigns-mx-m306-01-fs-ced-canadian-red-cedar-maxxus-3-person-full-spectrum-infrared-sauna-new	2	3	5	5
gid://shopify/Product/9879220977980	body-solid-plpx-leg-press-attachment-new	3	4	8	8
gid://shopify/Product/9879221240124	french-fitness-ffb-black-single-stack-v-squat-new	3	5	13	13
gid://shopify/Product/9879221502268	french-fitness-half-ball-balance-trainer-w-resistance-bands-new	1	2	2	2
gid://shopify/Product/9879221698876	body-solid-pmp150-powerline-multi-press-rack-new	3	8	16	16
gid://shopify/Product/9879221764412	goldendesigns-mx-m356-01-fs-ced-maxxus-3-person-corner-full-spectrum-near-zero-emf-far-infrared-sauna-new	2	3	5	5
gid://shopify/Product/9879221895484	octane-zr8000-zero-runner-w-smart-screen-remanufactured	4	5	21	21
gid://shopify/Product/9879222190396	french-fitness-horizontal-bumper-plate-storage-rack-new	2	3	4	4
gid://shopify/Product/9879222518076	french-fitness-85-xl-trap-bar-w-16-loadable-sleeves-black-new	2	4	28	28
gid://shopify/Product/9879222550844	goldendesigns-s-line-mx-s106-01-maxxus-low-emf-far-infrared-sauna-canadian-hemlock-new	2	3	5	5
gid://shopify/Product/9879223173436	french-fitness-ffb-black-triceps-press-seated-dip-new	3	6	14	14
gid://shopify/Product/9879223206204	goldendesigns-s-line-mx-s106-01-ulemf-elite-maxxus-ultra-low-emf-far-infrared-sauna-canadian-hemlock-new	2	3	5	5
gid://shopify/Product/9879223894332	goldendesigns-s-line-mx-s206-01-maxxus-low-emf-far-infrared-sauna-canadian-hemlock-new	2	3	5	5
gid://shopify/Product/9879224156476	body-solid-ppa13x-pec-attachment-for-powerline-smith-machine-new	1	2	2	2
gid://shopify/Product/9879224516924	goldendesigns-s-line-mx-s206-01-fs-pc-maxxus-full-spectrum-infrared-sauna-pacific-cedar-new	2	3	5	5
gid://shopify/Product/9879224582460	french-fitness-ffb-black-utility-bench-new	3	4	9	9
gid://shopify/Product/9879224680764	body-solid-ppb32x-powerline-preacher-curl-bench-new	3	5	12	12
gid://shopify/Product/9879225205052	goldendesigns-s-line-mx-s206-01-ulemf-elite-maxxus-ultra-low-emf-far-infrared-sauna-canadian-hemlock-new	2	3	5	5
gid://shopify/Product/9879225303356	french-fitness-16-20-24-3-in-1-wooden-plyo-box-black	2	3	6	6
gid://shopify/Product/9879226351932	french-fitness-20-24-30-3-in-1-wooden-plyo-box-black	2	3	6	6
gid://shopify/Product/9879226417468	goldendesigns-s-line-mx-s306-01-maxxus-low-emf-far-infrared-sauna-canadian-hemlock-new	2	3	5	5
gid://shopify/Product/9879227171132	body-solid-ppr1000-powerline-power-rack-new	3	14	19	19
gid://shopify/Product/9879227498812	french-fitness-chrome-ffc-12rsb-12-revolving-straight-bar-new	1	2	2	2
gid://shopify/Product/9879227728188	goldendesigns-s-line-mx-s306-01-fs-pc-maxxus-full-spectrum-infrared-sauna-pacific-cedar-new	2	3	5	5
gid://shopify/Product/9879228416316	french-fitness-chrome-14-tricep-v-bar-new	1	2	2	2
gid://shopify/Product/9879229038908	goldendesigns-s-line-mx-s306-01-ulemf-elite-maxxus-ultra-low-emf-far-infrared-sauna-canadian-hemlock-new	2	3	5	5
gid://shopify/Product/9879229169980	french-fitness-chrome-21-revolving-straight-bar-new	1	2	2	2
gid://shopify/Product/9879229792572	french-fitness-chrome-28-pro-style-lat-bar-new	1	2	2	2
gid://shopify/Product/9879230316860	french-fitness-chrome-28-revolving-curl-bar-new	1	2	2	2
gid://shopify/Product/9879230611772	goldendesigns-mx-j306-02s-maxxus-alpine-dual-techology-low-emf-far-ir-sauna-new	2	3	5	5
gid://shopify/Product/9879230808380	french-fitness-chrome-42-dual-hook-straight-bar-cable-attachment-new	1	2	2	2
gid://shopify/Product/9879231037756	body-solid-ppr1000ext-powerline-power-rack-extension-new	3	6	10	10
gid://shopify/Product/9879231103292	power-plate-my3-acceleration-trainer-remanufactured	5	5	15	15
gid://shopify/Product/9879231234364	french-fitness-chrome-47-olympic-ez-curl-bar-new	2	4	28	28
gid://shopify/Product/9879232020796	french-fitness-chrome-47-olympic-combination-bar-new	2	4	28	28
gid://shopify/Product/9879232053564	body-solid-ppr200x-powerline-power-rack-new	3	14	25	25
gid://shopify/Product/9879232086332	power-plate-my5-vibration-platform-remanufactured	5	6	16	16
gid://shopify/Product/9879232708924	french-fitness-chrome-ffc-48lb-48-lat-bar-new	1	2	2	2
gid://shopify/Product/9879232905532	power-plate-my7-remanufactured	5	6	16	16
gid://shopify/Product/9879233134908	french-fitness-chrome-ffc-48lb-v2-48-lat-bar-new	1	2	2	2
gid://shopify/Product/9879233757500	french-fitness-chrome-56-olympic-shrug-trap-hex-bar-new	2	4	28	28
gid://shopify/Product/9879234150716	body-solid-ppr200xp4-powerline-power-rack-w-flat-incline-decline-bench-new	3	15	26	26
gid://shopify/Product/9879234511164	french-fitness-chrome-multi-purpose-bar-new	1	2	2	2
gid://shopify/Product/9879235166524	french-fitness-chrome-olympic-spring-collar-set-of-2-new	1	2	2	2
gid://shopify/Product/9879235297596	nautilus-humansport-arm-crunch-9-hsac3-60bze-new	3	4	10	10
gid://shopify/Product/9879235559740	french-fitness-chrome-olympic-spring-collar-w-plastic-covers-set-of-2-new	1	2	2	2
gid://shopify/Product/9879235756348	body-solid-ppr500-powerline-half-rack-new	3	19	26	25
gid://shopify/Product/9879235985724	nautilus-humansport-freedom-trainer-9-hsft3-60aae-new	4	18	60	60
gid://shopify/Product/9879236346172	french-fitness-chrome-ffc-srcb-seated-row-chin-bar-new	1	2	2	2
gid://shopify/Product/9879238148412	body-solid-ppr500ext-powerline-half-rack-extension-new	3	7	11	11
gid://shopify/Product/9879238246716	nautilus-humansport-lat-pulley-9-hslp3-60bze-new	3	4	8	8
gid://shopify/Product/9879238771004	nautilus-humansport-pull-lift-9-hspl3-60aae-new	3	4	9	9
gid://shopify/Product/9879238869308	body-solid-pprbp-powerline-band-pegs-new	1	2	2	2
gid://shopify/Product/9879239459132	body-solid-pprjc-powerline-half-rack-j-cups-new	1	2	2	2
gid://shopify/Product/9879239524668	nautilus-humansport-shoulder-chest-9-hssc3-60bze-new	3	4	10	10
gid://shopify/Product/9879239885116	body-solid-pprmcu-powerline-multi-chin-attachment-new	1	2	2	2
gid://shopify/Product/9879240212796	nautilus-humansport-total-delts-9-hstd3-60bze-new	3	4	9	9
gid://shopify/Product/9879240442172	body-solid-pprps-powerline-pipe-pin-safeties-new	1	2	2	2
gid://shopify/Product/9879240868156	nautilus-humansport-total-legs-9-hstl3-60aae-new	3	4	10	10
gid://shopify/Product/9879241130300	body-solid-pprtb-powerline-t-bar-row-attachment-new	1	2	2	2
gid://shopify/Product/9879241785660	body-solid-pprul-powerline-u-link-attachment-new	1	2	2	2
gid://shopify/Product/9879241818428	nautilus-inspiration-abduction-adduction-9-ipaa5-60bz-new	3	4	8	8
gid://shopify/Product/9879242342716	body-solid-pprwh-powerline-weight-horns-new	1	2	2	2
gid://shopify/Product/9879242572092	nautilus-inspiration-abdominal-crunch-9-ipac5-60bz-new	3	4	8	8
gid://shopify/Product/9879242899772	body-solid-psc43x-powerline-seated-calf-raise-new	3	7	27	26
gid://shopify/Product/9879243325756	nautilus-inspiration-bilateral-arm-curl-9-ipba5-60bz-new	3	4	10	10
gid://shopify/Product/9879243882812	nautilus-inspiration-biceps-curl-9-ipbc5-60bz-new	3	4	10	10
gid://shopify/Product/9879244570940	nautilus-inspiration-back-extension-9-ipbe5-60bz-new	3	4	8	8
gid://shopify/Product/9879245324604	nautilus-inspiration-deltoid-raise-9-ipdr5-60bzs-new	3	4	10	10
gid://shopify/Product/9879246045500	nautilus-inspiration-glute-press-9-ipgm5-60aas-new	3	4	9	9
gid://shopify/Product/9879246209340	body-solid-psm200-powerline-smith-machine-new	3	9	29	29
gid://shopify/Product/9879246831932	nautilus-inspiration-leg-curl-9-iplc5-60bz-new	3	4	10	10
gid://shopify/Product/9879247782204	nautilus-inspiration-leg-extension-9-iple5-60bz-new	3	4	9	9
gid://shopify/Product/9879248634172	nautilus-inspiration-leg-press-9-iplp5-60bz-new	3	4	8	8
gid://shopify/Product/9879249355068	nautilus-inspiration-lat-pull-down-9-ippd5-60bz-new	3	4	8	8
gid://shopify/Product/9879249879356	nautilus-inspiration-pec-fly-rear-deltoid-9-ippf5-60bz-new	3	4	10	10
gid://shopify/Product/9879251157308	nautilus-inspiration-pull-over-9-ippo5-60bz-pullover-new	3	4	8	8
gid://shopify/Product/9879252074812	nautilus-inspiration-rotary-torso-9-iprt5-60bzs-new	3	4	10	10
gid://shopify/Product/9879252959548	nautilus-inspiration-shoulder-press-machine-9-ipsp5-60bz-new	3	4	8	8
gid://shopify/Product/9879253778748	nautilus-inspiration-tricep-dip-9-iptd5-60bzs-new	3	4	8	8
gid://shopify/Product/9879254958396	nautilus-inspiration-triceps-extension-9-ipte5-60bz-new	3	4	10	10
gid://shopify/Product/9879255482684	body-solid-pub2-push-up-bars-new	1	2	2	2
gid://shopify/Product/9879256138044	nautilus-inspiration-chest-press-9-ipvp5-60bz-new	3	4	10	10
gid://shopify/Product/9879256498492	body-solid-pub30-mountless-pull-up-push-up-bar-new	1	2	2	2
gid://shopify/Product/9879257186620	nautilus-inspiration-vertical-row-9-ipvr5-60bz-new	3	4	10	10
gid://shopify/Product/9879258038588	nautilus-impact-prone-leg-curl-9na-s1301-60ags-new	3	4	10	10
gid://shopify/Product/9879258366268	body-solid-pvkc83x-powerline-vertical-knee-raise-chin-dip-new	3	8	28	28
gid://shopify/Product/9879259021628	nautilus-impact-seated-leg-press-9na-s1305-60ags-new	3	4	9	9
gid://shopify/Product/9879259513148	body-solid-pvlp156x-powerline-vertical-leg-press-new	3	6	11	11
gid://shopify/Product/9879259873596	nautilus-impact-abductor-9na-s1307-60ags-new	3	4	10	10
gid://shopify/Product/9879260365116	body-solid-r300-endurance-rower-new	3	4	8	8
gid://shopify/Product/9879260791100	nautilus-impact-adductor-9na-s1308-60ags-new	3	4	10	10
gid://shopify/Product/9879261118780	body-solid-rb47-standard-curl-bar-chrome-new	1	2	2	2
gid://shopify/Product/9879261446460	nautilus-impact-standing-calf-9na-s1309-60ags-new	3	4	10	10
gid://shopify/Product/9879261675836	body-solid-rb48-standard-super-curl-bar-chrome-new	1	2	2	2
gid://shopify/Product/9879262134588	body-solid-rb72-72-inch-standard-bar-chrome-new	1	2	2	2
gid://shopify/Product/9879262232892	nautilus-impact-kneeling-leg-curl-9na-s1311-60ags-new	3	4	10	10
gid://shopify/Product/9879262691644	body-solid-rb84-84-inch-standard-bar-chrome-new	1	2	2	2
gid://shopify/Product/9879263019324	nautilus-impact-leg-extension-9na-s1312-60ags-new	3	4	10	10
gid://shopify/Product/9879263248700	body-solid-rc02sc-standard-collar-1-single-1-lb-new	1	2	2	2
gid://shopify/Product/9879264035132	body-solid-rc03sc-standard-collar-1-single-0-5-lb-new	1	2	2	2
gid://shopify/Product/9879264133436	nautilus-impact-seated-leg-curl-9na-s1313-60ags-new	3	4	10	10
gid://shopify/Product/9879264657724	body-solid-standard-spring-collar-1-pair-new	1	2	2	2
gid://shopify/Product/9879264887100	nautilus-impact-incline-press-9na-s2301-60ags-new	3	4	8	8
gid://shopify/Product/9879265280316	body-solid-rf34b-bike-treadmat-new	1	2	2	2
gid://shopify/Product/9879265902908	body-solid-rf36t-treadmat-by-supermat-new	1	2	2	2
gid://shopify/Product/9879266525500	body-solid-rf38r-tools-rower-3x8-5-pvc-foam-mat-new	1	2	2	2
gid://shopify/Product/9879267377468	body-solid-rf546-rubber-4x6-musclemat-flooring-new	2	3	4	4
gid://shopify/Product/9879268426044	body-solid-rfhu68-2-piece-power-platform-new	1	2	2	2
gid://shopify/Product/9879275897148	body-solid-pro-clubline-s1000-four-stack-gym-new	3	5	10	10
gid://shopify/Product/9879276650812	body-solid-s2ac-series-ii-arm-curl-machine-new	3	7	13	13
gid://shopify/Product/9879277928764	body-solid-s2acd-series-ii-assisted-chin-and-dip-machine-new	3	7	10	10
gid://shopify/Product/9879279010108	body-solid-s2btp-series-ii-bicep-and-tricep-machine-new	3	7	13	13
gid://shopify/Product/9879280386364	body-solid-s2cc-series-ii-cable-column-new	4	19	56	56
gid://shopify/Product/9879283499324	body-solid-s2cco-series-ii-cable-crossover-new	4	20	57	57
gid://shopify/Product/9879286186300	body-solid-s2cp-2-series-ii-chest-press-new	3	7	14	14
gid://shopify/Product/9879287562556	body-solid-s2ft-series-ii-functional-trainer-new	4	19	56	56
gid://shopify/Product/9879290020156	body-solid-s2iot-1-series-ii-inner-and-outer-thigh-new	3	7	14	14
gid://shopify/Product/9879292412220	body-solid-s2lec-series-ii-leg-extension-leg-curl-new	3	7	12	12
gid://shopify/Product/9879294214460	body-solid-s2lpc-2-series-ii-leg-press-and-calf-raise-new	3	7	14	14
gid://shopify/Product/9879301882172	body-solid-s2pec-1-series-ii-pec-fly-and-rear-delt-new	3	7	12	12
gid://shopify/Product/9879303684412	body-solid-s2slc-1-series-ii-seated-leg-curl-new	3	7	12	12
gid://shopify/Product/9879305126204	body-solid-s2sp-2-series-ii-shoulder-press-new	3	7	12	12
gid://shopify/Product/9879306436924	body-solid-sab500b-pro-club-line-ab-bench-new	3	10	42	42
gid://shopify/Product/9879307419964	body-solid-sbb-fixed-weight-barbell-set-10-bars-new	2	3	5	5
gid://shopify/Product/9879308271932	body-solid-sbbr100-fixed-weight-barbell-rack-new	3	4	10	10
gid://shopify/Product/9879308861756	body-solid-sbl460-freeweight-leverage-gym-new	3	8	28	28
gid://shopify/Product/9879310336316	body-solid-sbl460p4-freeweight-leverage-gym-package-new	3	7	27	27
gid://shopify/Product/9879311057212	body-solid-scb1000b-proclub-line-counter-balanced-smith-machine-new	3	6	26	26
gid://shopify/Product/9879311515964	body-solid-scb26-calf-squat-block-new	2	3	5	5
gid://shopify/Product/9879312007484	body-solid-scc1200g-pro-clubline-cable-crossover-new	4	19	55	55
gid://shopify/Product/9879314137404	body-solid-sda14-solid-dumbbell-handle-new	2	3	3	3
gid://shopify/Product/9879314694460	body-solid-sda14t-threaded-dumbbell-handle-new	2	3	3	3
gid://shopify/Product/9879315120444	body-solid-sdc2000g-proclub-line-dual-cable-column-new	4	19	56	56
gid://shopify/Product/9879317971260	body-solid-sdkr-pro-clubline-build-your-own-storage-rack-system-new	4	13	31	31
gid://shopify/Product/9879322427708	body-solid-sdkr1000db-3-tier-pcl-dumbbell-rack-new	4	12	32	32
gid://shopify/Product/9879323279676	body-solid-sdkr1000kb-3-tier-pcl-kettlebell-rack-new	4	12	31	31
gid://shopify/Product/9879324098876	body-solid-sdkr1000mb-3-tier-pcl-medicine-ball-rack-new	4	12	31	31
gid://shopify/Product/9879324950844	body-solid-sdkr1000sd-3-tier-saddle-dumbbell-rack-new	4	12	31	31
gid://shopify/Product/9879325966652	body-solid-sdkr500db-2-tier-pcl-dumbbell-rack-new	4	12	32	32
gid://shopify/Product/9879326884156	body-solid-sdkrkbr-pro-clubline-kettlebell-rack-new	4	12	31	31
gid://shopify/Product/9929975595324	body-solid-bfab10b-best-fitness-ab-board-new	3	9	46	46
gid://shopify/Product/9929975759164	body-solid-bfdr10b-best-fitness-dumbbell-rack-new	3	4	8	8
gid://shopify/Product/9929975824700	body-solid-bfpl10r-best-fitness-leg-developer-preacher-curl-attachment-new	3	5	7	7
gid://shopify/Product/9929976021308	body-solid-bfvk10b-best-fitness-vertical-knee-raise-new	3	7	22	22
gid://shopify/Product/9929976512828	body-solid-tools-bstcp-crash-pads-new	1	2	2	2
gid://shopify/Product/9929976643900	body-solid-gcab360b-cam-series-ab-back-machine-new	3	7	25	24
gid://shopify/Product/9929976709436	body-solid-gdib46lb-powercenter-combo-bench-new	3	6	11	11
gid://shopify/Product/9929976807740	body-solid-glra81b-lat-row-attachment-new	3	4	6	6
gid://shopify/Product/9929976971580	body-solid-gsrm40b-seated-row-machine-new	3	5	10	10
gid://shopify/Product/9929977004348	body-solid-gswtb-standard-plate-tree-bar-holder-new	3	4	8	8
gid://shopify/Product/9929977168188	body-solid-pro-clubline-sar100-accessory-rack-new	3	4	9	9
gid://shopify/Product/9929977266492	body-solid-ssbr100-stability-ball-rack-new	3	4	10	10
gid://shopify/Product/9929977299260	body-solid-ssbr200-stability-ball-rack-new	3	4	8	8
gid://shopify/Product/9929977397564	cybex-r-series-lower-body-arc-trainer-w-50l-console-remanufactured	4	5	21	21
gid://shopify/Product/9929977626940	french-fitness-mic30t-indoor-cycle-w-21-5-touch-console-new	4	5	10	10
gid://shopify/Product/9929977856316	french-fitness-free-standing-rig-rack-system-22-new	4	33	103	103
gid://shopify/Product/9929980215612	french-fitness-wall-mount-rig-rack-system-23-new	4	29	92	92
gid://shopify/Product/9929983099196	french-fitness-rack-rig-cable-column-new	4	9	15	15
gid://shopify/Product/9929984213308	french-fitness-43-rack-rig-v2-dumbbell-tier-tray-attachment-new	1	2	2	2
gid://shopify/Product/9929984311612	french-fitness-71-rack-rig-v2-dumbbell-tier-tray-attachment-new	1	2	2	2
gid://shopify/Product/9929985360188	french-fitness-rack-rig-rack-mounted-cable-column-new	4	8	14	14
gid://shopify/Product/9929986539836	french-fitness-rack-rig-rack-mounted-cable-column-w-lat-seat-and-row-attachment-new	3	6	12	12
gid://shopify/Product/9929987752252	french-fitness-rack-rig-seal-row-pad-attachment-new	1	2	2	2
gid://shopify/Product/9929987916092	french-fitness-se400-recumbent-seated-elliptical-w-led-console-new	3	4	11	11
gid://shopify/Product/9929988047164	french-fitness-se420t-recumbent-seated-elliptical-w-10-touch-console-new	3	4	11	11
gid://shopify/Product/9929988079932	french-fitness-vinyl-kettlebell-12-lbs-new	1	2	2	2
gid://shopify/Product/9929988342076	french-fitness-vinyl-kettlebell-65-lbs-new	1	2	2	2
gid://shopify/Product/9929988505916	french-fitness-vinyl-kettlebell-70-lbs-new	1	2	2	2
gid://shopify/Product/9929988735292	french-fitness-vinyl-kettlebell-8-lbs-new	1	2	2	2
gid://shopify/Product/9929989095740	life-fitness-pro2-pectoral-fly-remanufactured	5	6	26	26
gid://shopify/Product/9929989226812	life-fitness-insignia-series-biceps-curl-remanufactured	5	6	29	29
gid://shopify/Product/9929989783868	life-fitness-insignia-series-chest-press-remanufactured	5	6	29	29
gid://shopify/Product/9929990013244	life-fitness-insignia-series-pulldown-remanufactured	5	6	27	27
gid://shopify/Product/9929990209852	life-fitness-insignia-series-seated-leg-press-remanufactured	5	6	28	28
gid://shopify/Product/9929990471996	life-fitness-insignia-series-shoulder-press-remanufactured	5	6	27	27
gid://shopify/Product/9929990963516	life-fitness-insignia-series-triceps-press-remanufactured	5	6	27	27
gid://shopify/Product/9929991258428	matrix-indoor-rower-w-lcd-console-remanufactured	4	4	17	17
gid://shopify/Product/9929991422268	nautilus-instinct-dual-adjustable-pulley-9nl-d2002-60aas-new	4	18	61	61
gid://shopify/Product/9929991618876	precor-c240i-stretch-trainer-remanufactured	5	6	26	26
gid://shopify/Product/9929991815484	precor-dbr0611-discovery-series-half-rack-remanufactured	5	9	61	61
gid://shopify/Product/9929992438076	precor-dpl0305-discovery-series-plate-loaded-lat-pulldown-remanufactured	5	7	43	43
gid://shopify/Product/9929993814332	scifit-pro2-sport-total-body-exerciser-pro231-int-remanufactured	4	6	20	20
gid://shopify/Product/9929993879868	scifit-rex7000-total-body-recumbent-elliptical-w-led-console-remanufactured	4	5	20	20
gid://shopify/Product/9929994928444	sportsart-g576u-eco-powr-upright-bike-remanufactured	4	4	17	17
gid://shopify/Product/9929995092284	throwdown-boxmaster-pro-tower-9bm-k9601-26css-new	3	9	14	14
gid://shopify/Product/9929995485500	throwdown-hiit-bike-9-4860-kintp0-new	3	4	8	8
gid://shopify/Product/9929995551036	throwdown-hiitmill-9-4870-kintp0-new	3	4	11	11
gid://shopify/Product/9929995649340	throwdown-hiitmill-x-9-4880-kintp0-new	3	4	11	11
gid://shopify/Product/9929995911484	throwdown-hiit-rower-9-4850-kintp0-new	3	4	8	8
gid://shopify/Product/9929996304700	throwdown-hiit-ski-9-4890-kintp0-new	3	5	10	10
gid://shopify/Product/9929996370236	throwdown-hiit-ube-9-4840-kintp0-new	3	5	10	10
gid://shopify/Product/9929996763452	true-fitness-c900-recumbent-bike-w-envision-16-console-remanufactured	4	4	18	18
gid://shopify/Product/9929996960060	true-fitness-c900-upright-bike-w-envision-16-console-remanufactured	4	4	18	18
gid://shopify/Product/9929997123900	true-fitness-xs1000-spectrum-elliptical-w-transcend-16-console-remanufactured	4	4	19	19
gid://shopify/Product/9971676315964	body-solid-s2mpx-2-series-ii-multi-press-new	3	7	12	12
gid://shopify/Product/9972913996092	french-fitness-ub400-commercial-upright-bike-w-led-console-new	4	5	10	10
