group_id,group_type,match_key,metaobject_id,handle,display_name,updated_at,populated_field_count,populated_fields,referencing_product_count,referencing_product_handles,referencing_product_statuses,fields_that_differ_in_group,canonical_pick
D001,SAME_PRODUCT_TITLE,french fitness fsr50-ab adjustable bench (new),127882854716,french-fitness-fsr-50-ab-adjustable-bench-new,French Fitness FSR50-AB Adjustable Bench (New),2025-01-08T02:36:26Z,4,product_title|features|tech_specs|warranty_info,0,,,warranty_info,duplicate
D001,SAME_PRODUCT_TITLE,french fitness fsr50-ab adjustable bench (new),136250687804,french-fitness-fsr-50-ab-adjustable-bench-new-1,French Fitness FSR50-AB Adjustable Bench (New),2025-10-26T19:37:19Z,4,product_title|features|tech_specs|warranty_info,1,french-fitness-fsr50-ab-adjustable-bench-new,ACTIVE,warranty_info,CANONICAL
D002,SAME_PRODUCT_TITLE,french fitness push / pull weight sled (new),135486767420,french-fitness-push-pull-weight-sled-new,French Fitness Push / Pull Weight Sled (New),2026-06-23T14:32:56Z,4,product_title|features|tech_specs|warranty_info,1,french-fitness-push-pull-weight-sled-new,ACTIVE,features|benefits|tech_specs,CANONICAL
D002,SAME_PRODUCT_TITLE,french fitness push / pull weight sled (new),183262150972,french-fitness-push-pull-weight-sled-new-1,French Fitness Push / Pull Weight Sled (New),2025-10-26T19:37:28Z,4,product_title|features|benefits|warranty_info,1,french-fitness-push-pull-weight-sled-v3-new,UNLISTED,features|benefits|tech_specs,duplicate
D003,SAME_PRODUCT_TITLE,french fitness tahoe pec fly / rear delt (new),135666106684,french-fitness-tahoe-pec-fly-rear-delt-new,French Fitness Tahoe Pec Fly / Rear Delt (New),2026-05-21T23:54:46Z,10,product_title|features|benefits|tech_specs|weight_stacks|comparison_chart_title|comparison_chart_table|buying_guide|frequently_asked_questions|warranty_info,1,french-fitness-tahoe-pec-fly-rear-delt-new,ACTIVE,features|benefits|tech_specs|weight_stacks|comparison_chart_title|comparison_chart_table|buying_guide|frequently_asked_questions|warranty_info,CANONICAL
D003,SAME_PRODUCT_TITLE,french fitness tahoe pec fly / rear delt (new),176470065468,french-fitness-tahoe-pec-fly-rear-delt-new-1,French Fitness Tahoe Pec Fly / Rear Delt (New),2025-09-03T14:37:12Z,1,product_title,0,,,features|benefits|tech_specs|weight_stacks|comparison_chart_title|comparison_chart_table|buying_guide|frequently_asked_questions|warranty_info,duplicate
D004,SAME_PRODUCT_TITLE,french fitness tahoe seated leg curl / leg extension (new),135666336060,french-fitness-tahoe-seated-leg-curl-leg-extension-new,French Fitness Tahoe Seated Leg Curl / Leg Extension (New),2026-08-04T22:00:43Z,10,product_title|features|benefits|tech_specs|weight_stacks|comparison_chart_title|comparison_chart_table|buying_guide|frequently_asked_questions|warranty_info,1,french-fitness-tahoe-seated-leg-curl-leg-extension-new,ACTIVE,features|benefits|tech_specs|weight_stacks|comparison_chart_title|comparison_chart_table|buying_guide|frequently_asked_questions|warranty_info,CANONICAL
D004,SAME_PRODUCT_TITLE,french fitness tahoe seated leg curl / leg extension (new),176468525372,french-fitness-tahoe-seated-leg-curl-leg-extension-new-1,French Fitness Tahoe Seated Leg Curl / Leg Extension (New),2025-09-03T14:06:33Z,1,product_title,0,,,features|benefits|tech_specs|weight_stacks|comparison_chart_title|comparison_chart_table|buying_guide|frequently_asked_questions|warranty_info,duplicate
D005,SAME_PRODUCT_TITLE,french fitness tahoe prone leg curl / leg extension (new),135666958652,french-fitness-tahoe-prone-leg-curl-leg-extension-new,French Fitness Tahoe Prone Leg Curl / Leg Extension (New),2026-07-31T16:30:43Z,10,product_title|features|benefits|tech_specs|weight_stacks|comparison_chart_title|comparison_chart_table|buying_guide|frequently_asked_questions|warranty_info,1,french-fitness-tahoe-prone-leg-curl-leg-extension-new,ACTIVE,features|benefits|tech_specs|weight_stacks|comparison_chart_title|comparison_chart_table|buying_guide|frequently_asked_questions|warranty_info,CANONICAL
D005,SAME_PRODUCT_TITLE,french fitness tahoe prone leg curl / leg extension (new),176471998780,french-fitness-tahoe-prone-leg-curl-leg-extension-new-1,French Fitness Tahoe Prone Leg Curl / Leg Extension (New),2025-09-03T15:08:11Z,1,product_title,0,,,features|benefits|tech_specs|weight_stacks|comparison_chart_title|comparison_chart_table|buying_guide|frequently_asked_questions|warranty_info,duplicate
D006,SAME_PRODUCT_TITLE,versaclimber alxp versa climber (new),135764443452,versaclimber-alxp-versa-climber-new,Versaclimber ALXP Versa Climber (New),2026-03-24T15:26:23Z,5,product_title|features|tech_specs|other_comparison_charts|warranty_info,1,versaclimber-alxp-versa-climber-new,ARCHIVED,features,CANONICAL
D006,SAME_PRODUCT_TITLE,versaclimber alxp versa climber (new),135764869436,versaclimber-alxp-versa-climber-new-1,Versaclimber ALXP Versa Climber (New),2026-03-24T15:26:22Z,5,product_title|features|tech_specs|other_comparison_charts|warranty_info,1,versaclimber-alxp-versa-climber-new-1,ARCHIVED,features,duplicate
D007,SAME_PRODUCT_TITLE,french fitness rubber grip olympic plate 10 lbs black (new),135909540156,french-fitness-rubber-grip-olympic-plate-10-lbs-black-new,French Fitness Rubber Grip Olympic Plate 10 lbs Black (New),2025-03-04T01:52:40Z,3,product_title|features|warranty_info,0,,,features|other_features|other_tech_specs,duplicate
D007,SAME_PRODUCT_TITLE,french fitness rubber grip olympic plate 10 lbs black (new),135909933372,french-fitness-rubber-grip-olympic-plate-10-lbs-black-new-1,French Fitness Rubber Grip Olympic Plate 10 lbs Black (New),2025-03-18T00:26:47Z,4,product_title|other_features|other_tech_specs|warranty_info,1,french-fitness-rubber-grip-olympic-plate-10-lbs-black-new,ACTIVE,features|other_features|other_tech_specs,CANONICAL
D008,SAME_PRODUCT_TITLE,sportsart t645l performance treadmill (new),135975698748,sports-art-t-645-l-performance-treadmill-new,SportsArt T645L Performance Treadmill (New),2025-03-04T19:11:34Z,4,product_title|features|tech_specs|warranty_info,0,,,warranty_info,duplicate
D008,SAME_PRODUCT_TITLE,sportsart t645l performance treadmill (new),135975829820,sports-art-t-645-l-performance-treadmill-new-1,SportsArt T645L Performance Treadmill (New),2026-08-04T13:14:55Z,4,product_title|features|tech_specs|warranty_info,1,sportsart-t645l-performance-treadmill-new,ACTIVE,warranty_info,CANONICAL
D009,SAME_PRODUCT_TITLE,french fitness rubber grip weight plate set w/7 ft olympic bar 235 lbs (new),135982088508,french-fitness-rubber-grip-weight-plate-set-w-7-ft-olympic-bar-235-lbs-new,French Fitness Rubber Grip Weight Plate Set w/7 ft Olympic Bar 235 lbs (New),2025-03-04T20:36:59Z,5,product_title|features|tech_specs|warranty_info|set_includes,0,,,features|tech_specs|other_tech_specs,duplicate
D009,SAME_PRODUCT_TITLE,french fitness rubber grip weight plate set w/7 ft olympic bar 235 lbs (new),135984415036,french-fitness-rubber-grip-weight-plate-set-w-7-ft-olympic-bar-235-lbs-new-1,French Fitness Rubber Grip Weight Plate Set w/7 ft Olympic Bar 235 lbs (New),2025-09-20T13:58:03Z,5,product_title|tech_specs|other_tech_specs|warranty_info|set_includes,1,french-fitness-rubber-grip-weight-plate-set-w-7-ft-olympic-bar-235-lbs-new,ACTIVE,features|tech_specs|other_tech_specs,CANONICAL
D010,SAME_PRODUCT_TITLE,french fitness fsr100 commercial functional smith rack system (new),136147042620,french-fitness-fsr-100-commercial-functional-smith-rack-system-new,French Fitness FSR100 Commercial Functional Smith Rack System (New),2026-03-24T15:26:23Z,13,product_title|all_in_one_overview|features|benefits|tech_specs|weight_stacks|comparison_chart_title|comparison_chart_table|other_comparison_charts|buying_guide|frequently_asked_questions|warranty_info|accessories_included,1,french-fitness-fsr100-commercial-functional-smith-rack-system-new,ACTIVE,all_in_one_overview|features|benefits|tech_specs|weight_stacks|comparison_chart_title|comparison_chart_table|buying_guide|frequently_asked_questions|warranty_info|accessories_included,CANONICAL
D010,SAME_PRODUCT_TITLE,french fitness fsr100 commercial functional smith rack system (new),176457646396,french-fitness-fsr-100-commercial-functional-smith-rack-system-new-1,French Fitness FSR100 Commercial Functional Smith Rack System (New),2026-03-24T15:26:26Z,2,product_title|other_comparison_charts,0,,,all_in_one_overview|features|benefits|tech_specs|weight_stacks|comparison_chart_title|comparison_chart_table|buying_guide|frequently_asked_questions|warranty_info|accessories_included,duplicate
D011,SAME_PRODUCT_TITLE,french fitness soft medicine wall ball 6 lb (new),136247476540,french-fitness-soft-medicine-wall-ball-6-lb-new,French Fitness Soft Medicine Wall Ball 6 lb (New),2025-03-07T01:32:27Z,6,product_title|features|tech_specs|other_tech_specs|warranty_info|shipping_dims_weight,0,,,shipping_dims_weight_2,duplicate
D011,SAME_PRODUCT_TITLE,french fitness soft medicine wall ball 6 lb (new),136248426812,french-fitness-soft-medicine-wall-ball-6-lb-new-1,French Fitness Soft Medicine Wall Ball 6 lb (New),2026-02-04T15:13:28Z,7,product_title|features|tech_specs|other_tech_specs|shipping_dims_weight_2|warranty_info|shipping_dims_weight,1,french-fitness-soft-medicine-wall-ball-6-lb-new,ACTIVE,shipping_dims_weight_2,CANONICAL
D012,SAME_PRODUCT_TITLE,life fitness integrity se3 hd elliptical (remanufactured),136336376124,life-fitness-integrity-se-3-hd-elliptical-remanufactured,Life Fitness Integrity SE3 HD Elliptical (Remanufactured),2026-03-24T15:26:23Z,5,product_title|features|tech_specs|other_comparison_charts|warranty_info,0,,,other_features|tech_specs,duplicate
D012,SAME_PRODUCT_TITLE,life fitness integrity se3 hd elliptical (remanufactured),136336671036,life-fitness-integrity-se-3-hd-elliptical-remanufactured-1,Life Fitness Integrity SE3 HD Elliptical (Remanufactured),2026-03-24T15:26:24Z,6,product_title|features|other_features|tech_specs|other_comparison_charts|warranty_info,1,life-fitness-integrity-se3-hd-elliptical-remanufactured,ACTIVE,other_features|tech_specs,CANONICAL
D013,SAME_PRODUCT_TITLE,hammer strength 3 tier dumbbell rack (remanufactured),136432812348,hammer-strength-3-tier-dumbbell-rack-remanufactured,Hammer Strength 3 Tier Dumbbell Rack (Remanufactured),2025-03-08T16:46:59Z,4,product_title|features|tech_specs|warranty_info,0,,,features|benefits|tech_specs|buying_guide|frequently_asked_questions,duplicate
D013,SAME_PRODUCT_TITLE,hammer strength 3 tier dumbbell rack (remanufactured),136432845116,hammer-strength-3-tier-dumbbell-rack-remanufactured-1,Hammer Strength 3 Tier Dumbbell Rack (Remanufactured),2026-03-14T11:16:50Z,7,product_title|features|benefits|tech_specs|buying_guide|frequently_asked_questions|warranty_info,1,hammer-strength-3-tier-dumbbell-rack-remanufactured,UNLISTED,features|benefits|tech_specs|buying_guide|frequently_asked_questions,CANONICAL
D014,SAME_PRODUCT_TITLE,golden designs gdi-8503-01 savonlinna 3 person outdoor traditional sauna - canadian red cedar interior (new),136506638652,golden-designs-gdi-8503-01-savonlinna-3-person-outdoor-traditional-sauna-canadian-red-cedar-interior-new,Golden Designs GDI-8503-01 Savonlinna 3 Person Outdoor Traditional Sauna - Canadian Red Cedar Interior (New),2025-03-09T18:39:53Z,4,product_title|features|tech_specs|warranty_info,0,,,tech_specs,duplicate
D014,SAME_PRODUCT_TITLE,golden designs gdi-8503-01 savonlinna 3 person outdoor traditional sauna - canadian red cedar interior (new),140637733180,golden-designs-gdi-8503-01-savonlinna-3-person-outdoor-traditional-sauna-canadian-red-cedar-interior-new-1,Golden Designs GDI-8503-01 Savonlinna 3 Person Outdoor Traditional Sauna - Canadian Red Cedar Interior (New),2025-03-27T02:57:25Z,4,product_title|features|tech_specs|warranty_info,1,golden-designs-gdi-8503-01-savonlinna-3-person-outdoor-traditional-sauna-canadian-red-cedar-interior-new,ACTIVE,tech_specs,CANONICAL
D015,SAME_PRODUCT_TITLE,nautilus inspiration vertical row 9-ipvr5-60bz (new),136840479036,nautilus-inspiration-vertical-row-9-ipvr-5-60-bz-new,Nautilus Inspiration Vertical Row 9-IPVR5-60BZ (New),2025-03-12T06:19:36Z,4,product_title|features|tech_specs|warranty_info,0,,,features|other_features|tech_specs|weight_stacks|buying_guide|shipping_dims_weight_2|warranty_info|shipping_dims_weight,duplicate
D015,SAME_PRODUCT_TITLE,nautilus inspiration vertical row 9-ipvr5-60bz (new),146348835132,nautilus-inspiration-vertical-row-9-ipvr-5-60-bz-new-1,Nautilus Inspiration Vertical Row 9-IPVR5-60BZ (New),2025-10-15T23:34:45Z,8,product_title|other_features|tech_specs|weight_stacks|buying_guide|shipping_dims_weight_2|warranty_info|shipping_dims_weight,1,nautilus-inspiration-vertical-row-9-ipvr5-60bz-new,ACTIVE,features|other_features|tech_specs|weight_stacks|buying_guide|shipping_dims_weight_2|warranty_info|shipping_dims_weight,CANONICAL
D016,SAME_PRODUCT_TITLE,"stairmaster 8 series gauntlet x w/16"" touch display (new)",146935873852,stairmaster-8-series-gauntlet-x-w-led-display-9-5395-8-gx-16-in-60-new,"Stairmaster 8 Series Gauntlet X w/16"" Touch Display (New)",2025-04-27T23:10:22Z,5,product_title|features|other_features|tech_specs|warranty_info,0,,,features|tech_specs|shipping_dims_weight,duplicate
D016,SAME_PRODUCT_TITLE,"stairmaster 8 series gauntlet x w/16"" touch display (new)",146939248956,stairmaster-8-series-gauntlet-x-w-16-touch-display-new,"Stairmaster 8 Series Gauntlet X w/16"" Touch Display (New)",2025-09-04T03:45:09Z,6,product_title|features|other_features|tech_specs|warranty_info|shipping_dims_weight,1,stairmaster-8-series-gauntlet-x-w-16-touch-display-new,ARCHIVED,features|tech_specs|shipping_dims_weight,CANONICAL
D017,SAME_PRODUCT_TITLE,"star trac 6 series 6tr treadmill w/16"" embedded display - black (new)",173610959164,star-trac-6-series-6-tr-treadmill-w-24-embedded-display-black-new,"Star Trac 6 Series 6TR Treadmill w/16"" Embedded Display - Black (New)",2025-10-07T12:25:52Z,5,product_title|features|other_features|tech_specs|warranty_info,0,,,features|other_features,duplicate
D017,SAME_PRODUCT_TITLE,"star trac 6 series 6tr treadmill w/16"" embedded display - black (new)",182389866812,star-trac-6-series-6-tr-treadmill-w-16-embedded-display-black-new,"Star Trac 6 Series 6TR Treadmill w/16"" Embedded Display - Black (New)",2026-02-05T02:12:17Z,5,product_title|features|other_features|tech_specs|warranty_info,1,star-trac-6-series-6tr-treadmill-w-16-embedded-display-black-new,ACTIVE,features|other_features,CANONICAL
D018,SAME_PRODUCT_TITLE,french fitness onyx leverage horizontal bench press plate loaded (new),186876395836,french-fitness-onyx-leverage-horizontal-bench-press-plate-loaded-new,French Fitness Onyx Leverage Horizontal Bench Press Plate Loaded (New),2025-10-22T17:14:35Z,1,product_title,0,,,features|tech_specs|warranty_info,duplicate
D018,SAME_PRODUCT_TITLE,french fitness onyx leverage horizontal bench press plate loaded (new),186900709692,french-fitness-onyx-leverage-horizontal-bench-press-plate-loaded-new-1,French Fitness Onyx Leverage Horizontal Bench Press Plate Loaded (New),2025-10-26T19:37:28Z,4,product_title|features|tech_specs|warranty_info,1,french-fitness-onyx-leverage-horizontal-bench-press-plate-loaded-new,UNLISTED,features|tech_specs|warranty_info,CANONICAL
D019,SAME_PRODUCT_TITLE,"french fitness urethane 8 sided hex dumbbell set, 5-60 lbs - blank / no logo (new)",275975897404,french-fitness-urethane-8-sided-hex-dumbbell-set-5-60-lbs-blank-no-logo-new,"French Fitness Urethane 8 Sided Hex Dumbbell Set, 5-60 lbs - Blank / No Logo (New)",2026-06-30T07:13:03Z,1,product_title,0,,,features|other_tech_specs|warranty_info,duplicate
D019,SAME_PRODUCT_TITLE,"french fitness urethane 8 sided hex dumbbell set, 5-60 lbs - blank / no logo (new)",275976585532,french-fitness-urethane-8-sided-hex-dumbbell-set-5-60-lbs-blank-no-logo-new-1,"French Fitness Urethane 8 Sided Hex Dumbbell Set, 5-60 lbs - Blank / No Logo (New)",2026-06-30T07:24:00Z,4,product_title|features|other_tech_specs|warranty_info,1,french-fitness-urethane-8-sided-hex-dumbbell-set-5-60-lbs-blank-no-logo-new,UNLISTED,features|other_tech_specs|warranty_info,CANONICAL
D020,HANDLE_SUFFIX_FAMILY,french-fitness-3-tier-saddle-15-pair-dumbbell-rack-new,135406977340,french-fitness-3-tier-saddle-15-pair-dumbbell-rack-new,French Fitness 3 Tier Saddle 15 Pair Dumbbell Rack (New),2025-12-23T21:56:35Z,4,product_title|features|tech_specs|warranty_info,1,french-fitness-3-tier-saddle-15-pair-dumbbell-rack-new,ACTIVE,product_title|features|tech_specs,CANONICAL
D020,HANDLE_SUFFIX_FAMILY,french-fitness-3-tier-saddle-15-pair-dumbbell-rack-new,146703778108,french-fitness-3-tier-saddle-15-pair-dumbbell-rack-new-1,French Fitness 3 Tier Saddle 15 Pair Dumbbell Rack V2 (New),2026-08-05T17:29:35Z,4,product_title|features|tech_specs|warranty_info,1,french-fitness-3-tier-saddle-15-pair-dumbbell-rack-v2-new,ACTIVE,product_title|features|tech_specs,duplicate
D021,HANDLE_SUFFIX_FAMILY,french-fitness-specialty-multi-grip-olympic-swiss-bar-new,135510622524,french-fitness-specialty-multi-grip-olympic-swiss-bar-new,French Fitness Multi Grip Olympic Swiss Bar V2 (New),2025-12-07T18:33:13Z,5,product_title|features|tech_specs|other_tech_specs|warranty_info,1,french-fitness-multi-grip-olympic-swiss-bar-v2-new,ACTIVE,product_title|features|tech_specs,CANONICAL
D021,HANDLE_SUFFIX_FAMILY,french-fitness-specialty-multi-grip-olympic-swiss-bar-new,135822475580,french-fitness-specialty-multi-grip-olympic-swiss-bar-new-1,French Fitness Specialty Multi Grip Olympic Swiss Bar (New),2025-03-03T03:27:38Z,4,product_title|features|tech_specs|warranty_info,1,french-fitness-specialty-multigrip-olympic-swiss-bar-new,ACTIVE,product_title|features|tech_specs,duplicate
D022,HANDLE_SUFFIX_FAMILY,french-fitness-ffs-silver-seated-leg-press-new,135511015740,french-fitness-ffs-silver-seated-leg-press-new,French Fitness FFB Black Seated Leg Press (New),2025-11-08T09:24:37Z,6,product_title|features|tech_specs|weight_stacks|shipping_dims_weight_2|warranty_info,1,french-fitness-ffb-black-seated-leg-press-new,ACTIVE,product_title|features|tech_specs,CANONICAL
D022,HANDLE_SUFFIX_FAMILY,french-fitness-ffs-silver-seated-leg-press-new,135511245116,french-fitness-ffs-silver-seated-leg-press-new-1,French Fitness FFS Silver Seated Leg Press (New),2025-11-08T09:25:41Z,6,product_title|features|tech_specs|weight_stacks|shipping_dims_weight_2|warranty_info,1,french-fitness-ffs-silver-seated-leg-press-new,ACTIVE,product_title|features|tech_specs,duplicate
D023,HANDLE_SUFFIX_FAMILY,french-fitness-olympic-colored-bumper-plate-set-370-lbs-new,135943061820,french-fitness-olympic-colored-bumper-plate-set-370-lbs-new,French Fitness Olympic Colored Bumper Plate Set 370 lbs (New),2025-03-04T10:13:51Z,5,product_title|features|tech_specs|warranty_info|set_includes,1,french-fitness-olympic-colored-bumper-plate-set-370-lbs-new,ACTIVE,product_title|tech_specs|other_tech_specs|set_includes,duplicate
D023,HANDLE_SUFFIX_FAMILY,french-fitness-olympic-colored-bumper-plate-set-370-lbs-new,135943160124,french-fitness-olympic-colored-bumper-plate-set-370-lbs-new-1,French Fitness Olympic Colored Bumper Plate Set 370 lbs - Blank (New),2026-02-05T00:30:07Z,6,product_title|features|tech_specs|other_tech_specs|warranty_info|set_includes,1,french-fitness-olympic-colored-bumper-plate-set-370-lbs-blank-new,ACTIVE,product_title|tech_specs|other_tech_specs|set_includes,CANONICAL
D024,HANDLE_SUFFIX_FAMILY,sci-fit-iso-1000-upright-bike-remanufactured,136826454332,sci-fit-iso-1000-upright-bike-remanufactured,SciFit ISO 1000 Upright Bike (Remanufactured),2025-10-26T19:37:24Z,4,product_title|features|tech_specs|warranty_info,1,scifit-iso-1000-upright-bike-remanufactured,ACTIVE,product_title|features|tech_specs,CANONICAL
D024,HANDLE_SUFFIX_FAMILY,sci-fit-iso-1000-upright-bike-remanufactured,136832581948,sci-fit-iso-1000-upright-bike-remanufactured-1,SciFit ISO1000 Upright Bike (Remanufactured),2025-10-26T19:37:24Z,4,product_title|features|tech_specs|warranty_info,1,scifit-iso1000-upright-bike-remanufactured,ACTIVE,product_title|features|tech_specs,duplicate
D025,HANDLE_SUFFIX_FAMILY,woodway-4-front-treadmill-w-personal-trainer-2024-display-remanufactured,144916152636,woodway-4-front-treadmill-w-personal-trainer-2024-display-remanufactured,Woodway 4Front Treadmill w/Personal Trainer 2024 Display (Remanufactured),2026-03-24T15:26:26Z,6,product_title|other_features|tech_specs|other_tech_specs|other_comparison_charts|warranty_info,1,woodway-4front-treadmill-w-personal-trainer-2024-display-remanufactured,ACTIVE,product_title|other_features|tech_specs|other_comparison_charts,CANONICAL
D025,HANDLE_SUFFIX_FAMILY,woodway-4-front-treadmill-w-personal-trainer-2024-display-remanufactured,144918282556,woodway-4-front-treadmill-w-personal-trainer-2024-display-remanufactured-1,Woodway 4Front Treadmill w/HDTV (Remanufactured),2026-03-24T15:26:26Z,6,product_title|other_features|tech_specs|other_tech_specs|other_comparison_charts|warranty_info,1,woodway-4front-treadmill-w-hdtv-remanufactured,ACTIVE,product_title|other_features|tech_specs|other_comparison_charts,duplicate
D026,HANDLE_SUFFIX_FAMILY,star-trac-6-series-6-tr-treadmill-w-24-embedded-display-black-new,173610959164,star-trac-6-series-6-tr-treadmill-w-24-embedded-display-black-new,"Star Trac 6 Series 6TR Treadmill w/16"" Embedded Display - Black (New)",2025-10-07T12:25:52Z,5,product_title|features|other_features|tech_specs|warranty_info,0,,,product_title|features|other_features,duplicate
D026,HANDLE_SUFFIX_FAMILY,star-trac-6-series-6-tr-treadmill-w-24-embedded-display-black-new,182385017148,star-trac-6-series-6-tr-treadmill-w-24-embedded-display-black-new-1,"Star Trac 6 Series 6TR Treadmill w/24"" Embedded Display - Black (New)",2026-02-05T02:12:08Z,5,product_title|features|other_features|tech_specs|warranty_info,1,star-trac-6-series-6tr-treadmill-w-24-embedded-display-black-new,ACTIVE,product_title|features|other_features,CANONICAL
D027,HANDLE_SUFFIX_FAMILY,french-fitness-fsr-110-jammer-arms-new,195353444668,french-fitness-fsr-110-jammer-arms-new,French Fitness FSR110 Jammer Arms (New),2026-04-25T20:16:39Z,7,product_title|features|benefits|tech_specs|frequently_asked_questions|shipping_dims_weight_2|warranty_info,1,french-fitness-fsr110-jammer-arms-new,ACTIVE,product_title|features|benefits|tech_specs|buying_guide|frequently_asked_questions|shipping_dims_weight_2,duplicate
D027,HANDLE_SUFFIX_FAMILY,french-fitness-fsr-110-jammer-arms-new,195363504444,french-fitness-fsr-110-jammer-arms-new-1,French Fitness T850 Commercial Treadmill w/LED Console (New),2026-04-30T13:28:40Z,8,product_title|features|benefits|tech_specs|buying_guide|frequently_asked_questions|shipping_dims_weight_2|warranty_info,1,french-fitness-t850-commercial-treadmill-w-led-console-new,ACTIVE,product_title|features|benefits|tech_specs|buying_guide|frequently_asked_questions|shipping_dims_weight_2,CANONICAL
C001,IDENTICAL_CONTENT_DIFFERENT_PRODUCTS,sha256:8a7e729624d74501,135359299900,expresso-go-recumbent-bike-new,Expresso GO Recumbent Bike (New),2025-10-26T19:37:07Z,4,product_title|features|tech_specs|warranty_info,1,expresso-go-recumbent-bike-new,ACTIVE,product_title,n/a - not a merge target
C001,IDENTICAL_CONTENT_DIFFERENT_PRODUCTS,sha256:8a7e729624d74501,136388772156,expresso-go-recumbent-bike-remanufactured,Expresso GO Recumbent Bike (Remanufactured),2025-09-07T16:25:23Z,4,product_title|features|tech_specs|warranty_info,1,expresso-go-recumbent-bike-remanufactured,ACTIVE,product_title,n/a - not a merge target
C002,IDENTICAL_CONTENT_DIFFERENT_PRODUCTS,sha256:ba58e99fd4bd5398,135517339964,body-solid-opb-2-5-olympic-weight-plate-2-5-lbs-new,Body Solid OPB2-5 Olympic Weight Plate- 2.5 lbs. (New),2025-03-01T09:20:00Z,2,product_title|warranty_info,1,body-solid-opb2-5-olympic-weight-plate-2-5-lbs-new,ARCHIVED,product_title,n/a - not a merge target
C002,IDENTICAL_CONTENT_DIFFERENT_PRODUCTS,sha256:ba58e99fd4bd5398,136146125116,body-solid-bstrt-1-resistance-tubes-very-light-resistance-yellow-new,Body-Solid BSTRT1 Resistance Tubes - Very Light Resistance Yellow (New),2025-03-06T05:19:21Z,2,product_title|warranty_info,1,body-solid-bstrt1-resistance-tubes-very-light-resistance-yellow-new,ACTIVE,product_title,n/a - not a merge target
C002,IDENTICAL_CONTENT_DIFFERENT_PRODUCTS,sha256:ba58e99fd4bd5398,136146321724,body-solid-bstrt-2-resistance-tubes-light-resistance-green-new,Body-Solid BSTRT2 Resistance Tubes - Light Resistance Green (New),2025-12-07T18:08:00Z,2,product_title|warranty_info,1,body-solid-bstrt2-resistance-tubes-light-resistance-green-new,ACTIVE,product_title,n/a - not a merge target
C002,IDENTICAL_CONTENT_DIFFERENT_PRODUCTS,sha256:ba58e99fd4bd5398,136146452796,body-solid-bstrt-3-resistance-tubes-medium-resistance-red-new,Body-Solid BSTRT3 Resistance Tubes - Medium Resistance Red (New),2025-12-07T18:08:11Z,2,product_title|warranty_info,1,body-solid-bstrt3-resistance-tubes-medium-resistance-red-new,ACTIVE,product_title,n/a - not a merge target
C002,IDENTICAL_CONTENT_DIFFERENT_PRODUCTS,sha256:ba58e99fd4bd5398,136146518332,body-solid-bstrt-4-resistance-tubes-heavy-resistance-blue-new,Body-Solid BSTRT4 Resistance Tubes - Heavy Resistance Blue (New),2025-12-07T18:08:28Z,2,product_title|warranty_info,1,body-solid-bstrt4-resistance-tubes-heavy-resistance-blue-new,ACTIVE,product_title,n/a - not a merge target
C002,IDENTICAL_CONTENT_DIFFERENT_PRODUCTS,sha256:ba58e99fd4bd5398,136148287804,body-solid-bstrt-5-resistance-tubes-very-heavy-resistance-black-new,Body-Solid BSTRT5 Resistance Tubes - Very Heavy Resistance Black (New),2025-12-07T18:08:41Z,2,product_title|warranty_info,1,body-solid-bstrt5-resistance-tubes-very-heavy-resistance-black-new,ACTIVE,product_title,n/a - not a merge target
C002,IDENTICAL_CONTENT_DIFFERENT_PRODUCTS,sha256:ba58e99fd4bd5398,136334573884,body-solid-nb-55-nylon-dipping-strap-new,Body-Solid NB55 Nylon Dipping Strap (New),2025-03-07T20:48:30Z,2,product_title|warranty_info,1,body-solid-nb55-nylon-dipping-strap-new,ACTIVE,product_title,n/a - not a merge target
C002,IDENTICAL_CONTENT_DIFFERENT_PRODUCTS,sha256:ba58e99fd4bd5398,136390377788,body-solid-stt-45-strength-training-time-clock-new,Body Solid STT45 Strength Training Time Clock (New),2025-03-08T12:38:54Z,2,product_title|warranty_info,1,body-solid-stt45-strength-training-time-clock-new,ACTIVE,product_title,n/a - not a merge target
C003,IDENTICAL_CONTENT_DIFFERENT_PRODUCTS,sha256:ece9ef2de74fa762,135526351164,woodway-mercury-treadmill-rectangular-console-remanufactured,Woodway Mercury Treadmill (Rectangular Console) (Remanufactured),2026-03-24T15:26:23Z,5,product_title|features|tech_specs|other_comparison_charts|warranty_info,1,woodway-mercury-treadmill-rectangular-console-remanufactured,ACTIVE,product_title,n/a - not a merge target
C003,IDENTICAL_CONTENT_DIFFERENT_PRODUCTS,sha256:ece9ef2de74fa762,135526547772,woodway-mercury-treadmill-remanufactured,Woodway Mercury Treadmill (Remanufactured),2026-03-24T15:26:22Z,5,product_title|features|tech_specs|other_comparison_charts|warranty_info,1,woodway-mercury-treadmill-remanufactured,ACTIVE,product_title,n/a - not a merge target
C004,IDENTICAL_CONTENT_DIFFERENT_PRODUCTS,sha256:350b8425944dc880,135606436156,scifit-pro-2-sport-total-body-exerciser-pro-231-int-remanufactured,Scifit Pro2 Sport Total Body Exerciser PRO231-INT (Remanufactured),2025-03-01T22:06:53Z,4,product_title|features|tech_specs|warranty_info,1,scifit-pro2-sport-total-body-exerciser-pro231-int-remanufactured,ACTIVE,product_title,n/a - not a merge target
C004,IDENTICAL_CONTENT_DIFFERENT_PRODUCTS,sha256:350b8425944dc880,136115257660,scifit-pro-2-total-body-exerciser-pro-232-int-remanufactured,Scifit Pro2 Total Body Exerciser PRO232-INT (Remanufactured),2025-03-05T22:50:49Z,4,product_title|features|tech_specs|warranty_info,1,scifit-pro2-total-body-exerciser-pro232-int-remanufactured,ACTIVE,product_title,n/a - not a merge target
C005,IDENTICAL_CONTENT_DIFFERENT_PRODUCTS,sha256:dd063597611d0ac6,135620231484,french-fitness-ab-bench-attachment-new,French Fitness Ab Bench Attachment (New),2025-10-26T19:37:11Z,4,product_title|features|tech_specs|warranty_info,1,french-fitness-ab-bench-attachment-new,ACTIVE,product_title,n/a - not a merge target
C005,IDENTICAL_CONTENT_DIFFERENT_PRODUCTS,sha256:dd063597611d0ac6,135620297020,french-fitness-ab-bench-black-attachment-new,French Fitness Ab Bench - Black Attachment (New),2025-10-26T19:37:10Z,4,product_title|features|tech_specs|warranty_info,1,french-fitness-ab-bench-black-attachment-new,ACTIVE,product_title,n/a - not a merge target
C006,IDENTICAL_CONTENT_DIFFERENT_PRODUCTS,sha256:edf5187cd403ef98,135624065340,french-fitness-powertower-attachment-new,French Fitness Powertower Attachment (New),2025-10-26T19:37:10Z,4,product_title|features|tech_specs|warranty_info,1,french-fitness-powertower-attachment-new,ACTIVE,product_title,n/a - not a merge target
C006,IDENTICAL_CONTENT_DIFFERENT_PRODUCTS,sha256:edf5187cd403ef98,135625834812,french-fitness-powertower-black-attachment-new,French Fitness Powertower - Black Attachment (New),2025-10-26T19:37:11Z,4,product_title|features|tech_specs|warranty_info,1,french-fitness-powertower-black-attachment-new,ACTIVE,product_title,n/a - not a merge target
C007,IDENTICAL_CONTENT_DIFFERENT_PRODUCTS,sha256:3e25d0de94e48ce6,135628194108,french-fitness-urethane-round-pro-style-dumbbell-10-lbs-single-new,French Fitness Urethane Round Pro Style Dumbbell 10 lbs - Single (New),2026-03-08T04:27:49Z,5,product_title|features|tech_specs|other_tech_specs|warranty_info,1,french-fitness-urethane-round-pro-style-dumbbell-10-lbs-single-new,ACTIVE,product_title,n/a - not a merge target
C007,IDENTICAL_CONTENT_DIFFERENT_PRODUCTS,sha256:3e25d0de94e48ce6,135628652860,french-fitness-urethane-round-pro-style-dumbbell-100-lbs-single-new,French Fitness Urethane Round Pro Style Dumbbell 100 lbs - Single (New),2026-03-08T04:53:32Z,5,product_title|features|tech_specs|other_tech_specs|warranty_info,1,french-fitness-urethane-round-pro-style-dumbbell-100-lbs-single-new,ACTIVE,product_title,n/a - not a merge target
C007,IDENTICAL_CONTENT_DIFFERENT_PRODUCTS,sha256:3e25d0de94e48ce6,135628751164,french-fitness-urethane-round-pro-style-dumbbell-105-lbs-single-new,French Fitness Urethane Round Pro Style Dumbbell 105 lbs - Single (New),2026-03-08T04:54:45Z,5,product_title|features|tech_specs|other_tech_specs|warranty_info,1,french-fitness-urethane-round-pro-style-dumbbell-105-lbs-single-new,ACTIVE,product_title,n/a - not a merge target
C007,IDENTICAL_CONTENT_DIFFERENT_PRODUCTS,sha256:3e25d0de94e48ce6,135629373756,french-fitness-urethane-round-pro-style-dumbbell-110-lbs-single-new,French Fitness Urethane Round Pro Style Dumbbell 110 lbs - Single (New),2026-03-08T04:56:04Z,5,product_title|features|tech_specs|other_tech_specs|warranty_info,1,french-fitness-urethane-round-pro-style-dumbbell-110-lbs-single-new,ACTIVE,product_title,n/a - not a merge target
C007,IDENTICAL_CONTENT_DIFFERENT_PRODUCTS,sha256:3e25d0de94e48ce6,135629668668,french-fitness-urethane-round-pro-style-dumbbell-115-lbs-single-new,French Fitness Urethane Round Pro Style Dumbbell 115 lbs - Single (New),2026-03-08T04:57:35Z,5,product_title|features|tech_specs|other_tech_specs|warranty_info,1,french-fitness-urethane-round-pro-style-dumbbell-115-lbs-single-new,ACTIVE,product_title,n/a - not a merge target
C007,IDENTICAL_CONTENT_DIFFERENT_PRODUCTS,sha256:3e25d0de94e48ce6,135764902204,french-fitness-urethane-round-pro-style-dumbbell-120-lbs-single-new,French Fitness Urethane Round Pro Style Dumbbell 120 lbs - Single (New),2026-03-08T05:01:04Z,5,product_title|features|tech_specs|other_tech_specs|warranty_info,1,french-fitness-urethane-round-pro-style-dumbbell-120-lbs-single-new,ACTIVE,product_title,n/a - not a merge target
C007,IDENTICAL_CONTENT_DIFFERENT_PRODUCTS,sha256:3e25d0de94e48ce6,135766311228,french-fitness-urethane-round-pro-style-dumbbell-125-lbs-single-new,French Fitness Urethane Round Pro Style Dumbbell 125 lbs - Single (New),2026-03-08T05:02:01Z,5,product_title|features|tech_specs|other_tech_specs|warranty_info,1,french-fitness-urethane-round-pro-style-dumbbell-125-lbs-single-new,ACTIVE,product_title,n/a - not a merge target
C007,IDENTICAL_CONTENT_DIFFERENT_PRODUCTS,sha256:3e25d0de94e48ce6,135766671676,french-fitness-urethane-round-pro-style-dumbbell-130-lbs-single-new,French Fitness Urethane Round Pro Style Dumbbell 130 lbs - Single (New),2026-03-08T05:02:56Z,5,product_title|features|tech_specs|other_tech_specs|warranty_info,1,french-fitness-urethane-round-pro-style-dumbbell-130-lbs-single-new,ACTIVE,product_title,n/a - not a merge target
C007,IDENTICAL_CONTENT_DIFFERENT_PRODUCTS,sha256:3e25d0de94e48ce6,135768441148,french-fitness-urethane-round-pro-style-dumbbell-15-lbs-single-new,French Fitness Urethane Round Pro Style Dumbbell 15 lbs - Single (New),2026-03-08T04:29:54Z,5,product_title|features|tech_specs|other_tech_specs|warranty_info,1,french-fitness-urethane-round-pro-style-dumbbell-15-lbs-single-new,ACTIVE,product_title,n/a - not a merge target
C007,IDENTICAL_CONTENT_DIFFERENT_PRODUCTS,sha256:3e25d0de94e48ce6,135769620796,french-fitness-urethane-round-pro-style-dumbbell-20-lbs-single-new,French Fitness Urethane Round Pro Style Dumbbell 20 lbs - Single (New),2026-03-08T04:31:32Z,5,product_title|features|tech_specs|other_tech_specs|warranty_info,1,french-fitness-urethane-round-pro-style-dumbbell-20-lbs-single-new,ACTIVE,product_title,n/a - not a merge target
C007,IDENTICAL_CONTENT_DIFFERENT_PRODUCTS,sha256:3e25d0de94e48ce6,135769981244,french-fitness-urethane-round-pro-style-dumbbell-25-lbs-single-new,French Fitness Urethane Round Pro Style Dumbbell 25 lbs - Single (New),2026-03-08T04:33:10Z,5,product_title|features|tech_specs|other_tech_specs|warranty_info,1,french-fitness-urethane-round-pro-style-dumbbell-25-lbs-single-new,ACTIVE,product_title,n/a - not a merge target
C007,IDENTICAL_CONTENT_DIFFERENT_PRODUCTS,sha256:3e25d0de94e48ce6,135770833212,french-fitness-urethane-round-pro-style-dumbbell-30-lbs-single-new,French Fitness Urethane Round Pro Style Dumbbell 30 lbs - Single (New),2026-03-08T04:34:16Z,5,product_title|features|tech_specs|other_tech_specs|warranty_info,1,french-fitness-urethane-round-pro-style-dumbbell-30-lbs-single-new,ACTIVE,product_title,n/a - not a merge target
C007,IDENTICAL_CONTENT_DIFFERENT_PRODUCTS,sha256:3e25d0de94e48ce6,135771128124,french-fitness-urethane-round-pro-style-dumbbell-35-lbs-single-new,French Fitness Urethane Round Pro Style Dumbbell 35 lbs - Single (New),2026-03-08T04:35:38Z,5,product_title|features|tech_specs|other_tech_specs|warranty_info,1,french-fitness-urethane-round-pro-style-dumbbell-35-lbs-single-new,ACTIVE,product_title,n/a - not a merge target
C007,IDENTICAL_CONTENT_DIFFERENT_PRODUCTS,sha256:3e25d0de94e48ce6,135771652412,french-fitness-urethane-round-pro-style-dumbbell-40-lbs-single-new,French Fitness Urethane Round Pro Style Dumbbell 40 lbs - Single (New),2026-03-08T04:37:20Z,5,product_title|features|tech_specs|other_tech_specs|warranty_info,1,french-fitness-urethane-round-pro-style-dumbbell-40-lbs-single-new,ACTIVE,product_title,n/a - not a merge target
C007,IDENTICAL_CONTENT_DIFFERENT_PRODUCTS,sha256:3e25d0de94e48ce6,135771881788,french-fitness-urethane-round-pro-style-dumbbell-45-lbs-single-new,French Fitness Urethane Round Pro Style Dumbbell 45 lbs - Single (New),2026-03-28T21:14:37Z,5,product_title|features|tech_specs|other_tech_specs|warranty_info,1,french-fitness-urethane-round-pro-style-dumbbell-45-lbs-single-new,ACTIVE,product_title,n/a - not a merge target
C007,IDENTICAL_CONTENT_DIFFERENT_PRODUCTS,sha256:3e25d0de94e48ce6,135772340540,french-fitness-urethane-round-pro-style-dumbbell-5-lbs-new,French Fitness Urethane Round Pro Style Dumbbell 5 lbs (New),2026-03-08T04:22:38Z,5,product_title|features|tech_specs|other_tech_specs|warranty_info,1,french-fitness-urethane-round-pro-style-dumbbell-5-lbs-new,ACTIVE,product_title,n/a - not a merge target
C007,IDENTICAL_CONTENT_DIFFERENT_PRODUCTS,sha256:3e25d0de94e48ce6,135775093052,french-fitness-urethane-round-pro-style-dumbbell-50-lbs-single-new,French Fitness Urethane Round Pro Style Dumbbell 50 lbs - Single (New),2026-03-08T04:40:25Z,5,product_title|features|tech_specs|other_tech_specs|warranty_info,1,french-fitness-urethane-round-pro-style-dumbbell-50-lbs-single-new,ACTIVE,product_title,n/a - not a merge target
C007,IDENTICAL_CONTENT_DIFFERENT_PRODUCTS,sha256:3e25d0de94e48ce6,135775551804,french-fitness-urethane-round-pro-style-dumbbell-55-lbs-single-new,French Fitness Urethane Round Pro Style Dumbbell 55 lbs - Single (New),2026-03-08T04:41:41Z,5,product_title|features|tech_specs|other_tech_specs|warranty_info,1,french-fitness-urethane-round-pro-style-dumbbell-55-lbs-single-new,ACTIVE,product_title,n/a - not a merge target
C007,IDENTICAL_CONTENT_DIFFERENT_PRODUCTS,sha256:3e25d0de94e48ce6,135776829756,french-fitness-urethane-round-pro-style-dumbbell-60-lbs-single-new,French Fitness Urethane Round Pro Style Dumbbell 60 lbs - Single (New),2026-03-08T04:43:28Z,5,product_title|features|tech_specs|other_tech_specs|warranty_info,1,french-fitness-urethane-round-pro-style-dumbbell-60-lbs-single-new,ACTIVE,product_title,n/a - not a merge target
C007,IDENTICAL_CONTENT_DIFFERENT_PRODUCTS,sha256:3e25d0de94e48ce6,135777321276,french-fitness-urethane-round-pro-style-dumbbell-65-lbs-single-new,French Fitness Urethane Round Pro Style Dumbbell 65 lbs - Single (New),2026-03-28T21:16:24Z,5,product_title|features|tech_specs|other_tech_specs|warranty_info,1,french-fitness-urethane-round-pro-style-dumbbell-65-lbs-single-new,ACTIVE,product_title,n/a - not a merge target
C008,IDENTICAL_CONTENT_DIFFERENT_PRODUCTS,sha256:cfa4ab8f26ae12c1,135766901052,french-fitness-urethane-round-pro-style-dumbbell-135-lbs-single-new,French Fitness Urethane Round Pro Style Dumbbell 135 lbs - Single (New),2026-03-08T05:03:57Z,5,product_title|features|tech_specs|other_tech_specs|warranty_info,1,french-fitness-urethane-round-pro-style-dumbbell-135-lbs-single-new,ACTIVE,product_title,n/a - not a merge target
C008,IDENTICAL_CONTENT_DIFFERENT_PRODUCTS,sha256:cfa4ab8f26ae12c1,135767359804,french-fitness-urethane-round-pro-style-dumbbell-140-lbs-single-new,French Fitness Urethane Round Pro Style Dumbbell 140 lbs - Single (New),2026-03-08T05:05:16Z,5,product_title|features|tech_specs|other_tech_specs|warranty_info,1,french-fitness-urethane-round-pro-style-dumbbell-140-lbs-single-new,ACTIVE,product_title,n/a - not a merge target
C008,IDENTICAL_CONTENT_DIFFERENT_PRODUCTS,sha256:cfa4ab8f26ae12c1,135767884092,french-fitness-urethane-round-pro-style-dumbbell-145-lbs-single-new,French Fitness Urethane Round Pro Style Dumbbell 145 lbs - Single (New),2026-03-08T05:06:53Z,5,product_title|features|tech_specs|other_tech_specs|warranty_info,1,french-fitness-urethane-round-pro-style-dumbbell-145-lbs-single-new,ACTIVE,product_title,n/a - not a merge target
C008,IDENTICAL_CONTENT_DIFFERENT_PRODUCTS,sha256:cfa4ab8f26ae12c1,135768834364,french-fitness-urethane-round-pro-style-dumbbell-150-lbs-single-new,French Fitness Urethane Round Pro Style Dumbbell 150 lbs - Single (New),2026-03-08T05:07:51Z,5,product_title|features|tech_specs|other_tech_specs|warranty_info,1,french-fitness-urethane-round-pro-style-dumbbell-150-lbs-single-new,ACTIVE,product_title,n/a - not a merge target
C009,IDENTICAL_CONTENT_DIFFERENT_PRODUCTS,sha256:eeeefbe1ac46d6d2,135767392572,french-fitness-43-rack-rig-dumbbell-tier-tray-attachment-new,"French Fitness 43"" Rack & Rig Dumbbell Tier/Tray Attachment (New)",2025-10-26T19:37:11Z,4,product_title|features|tech_specs|warranty_info,1,french-fitness-43-rack-rig-dumbbell-tier-tray-attachment-new,ACTIVE,product_title,n/a - not a merge target
C009,IDENTICAL_CONTENT_DIFFERENT_PRODUCTS,sha256:eeeefbe1ac46d6d2,136161624380,french-fitness-43-rack-rig-bumper-plate-tier-tray-attachment-new,"French Fitness 43"" Rack & Rig Bumper Plate Tier/Tray Attachment (New)",2025-10-26T19:37:15Z,4,product_title|features|tech_specs|warranty_info,1,french-fitness-43-rack-rig-bumper-plate-tier-tray-attachment-new,ACTIVE,product_title,n/a - not a merge target
C009,IDENTICAL_CONTENT_DIFFERENT_PRODUCTS,sha256:eeeefbe1ac46d6d2,136161853756,french-fitness-43-rack-rig-ball-tier-tray-attachment-new,"French Fitness 43"" Rack & Rig Ball Tier/Tray Attachment (New)",2025-10-26T19:37:16Z,4,product_title|features|tech_specs|warranty_info,1,french-fitness-43-rack-rig-ball-tier-tray-attachment-new,ACTIVE,product_title,n/a - not a merge target
C010,IDENTICAL_CONTENT_DIFFERENT_PRODUCTS,sha256:b7900f99465e1719,135767687484,french-fitness-71-rack-rig-dumbbell-tier-tray-attachment-new,"French Fitness 71"" Rack & Rig Dumbbell Tier/Tray Attachment (New)",2025-10-26T19:37:12Z,4,product_title|features|tech_specs|warranty_info,1,french-fitness-71-rack-rig-dumbbell-tier-tray-attachment-new,ACTIVE,product_title,n/a - not a merge target
C010,IDENTICAL_CONTENT_DIFFERENT_PRODUCTS,sha256:b7900f99465e1719,136161755452,french-fitness-71-rack-rig-bumper-plate-tier-tray-attachment-new,"French Fitness 71"" Rack & Rig Bumper Plate Tier/Tray Attachment (New)",2025-10-26T19:37:17Z,4,product_title|features|tech_specs|warranty_info,1,french-fitness-71-rack-rig-bumper-plate-tier-tray-attachment-new,ACTIVE,product_title,n/a - not a merge target
C010,IDENTICAL_CONTENT_DIFFERENT_PRODUCTS,sha256:b7900f99465e1719,136162115900,french-fitness-71-rack-rig-ball-tier-tray-attachment-new,"French Fitness 71"" Rack & Rig Ball Tier/Tray Attachment (New)",2025-10-26T19:37:16Z,4,product_title|features|tech_specs|warranty_info,1,french-fitness-71-rack-rig-ball-tier-tray-attachment-new,ACTIVE,product_title,n/a - not a merge target
C011,IDENTICAL_CONTENT_DIFFERENT_PRODUCTS,sha256:4e2fad9dd01e76eb,135777845564,french-fitness-urethane-round-pro-style-dumbbell-70-lbs-single-new,French Fitness Urethane Round Pro Style Dumbbell 70 lbs - Single (New),2026-03-08T04:45:55Z,4,product_title|features|other_tech_specs|warranty_info,1,french-fitness-urethane-round-pro-style-dumbbell-70-lbs-single-new,ACTIVE,product_title,n/a - not a merge target
C011,IDENTICAL_CONTENT_DIFFERENT_PRODUCTS,sha256:4e2fad9dd01e76eb,135778238780,french-fitness-urethane-round-pro-style-dumbbell-75-lbs-single-new,French Fitness Urethane Round Pro Style Dumbbell 75 lbs - Single (New),2026-03-08T04:47:10Z,4,product_title|features|other_tech_specs|warranty_info,1,french-fitness-urethane-round-pro-style-dumbbell-75-lbs-single-new,ACTIVE,product_title,n/a - not a merge target
C011,IDENTICAL_CONTENT_DIFFERENT_PRODUCTS,sha256:4e2fad9dd01e76eb,135779156284,french-fitness-urethane-round-pro-style-dumbbell-80-lbs-single-new,French Fitness Urethane Round Pro Style Dumbbell 80 lbs - Single (New),2026-03-08T04:48:58Z,4,product_title|features|other_tech_specs|warranty_info,1,french-fitness-urethane-round-pro-style-dumbbell-80-lbs-single-new,ACTIVE,product_title,n/a - not a merge target
C011,IDENTICAL_CONTENT_DIFFERENT_PRODUCTS,sha256:4e2fad9dd01e76eb,135779549500,french-fitness-urethane-round-pro-style-dumbbell-85-lbs-single-new,French Fitness Urethane Round Pro Style Dumbbell 85 lbs - Single (New),2026-03-08T04:49:47Z,4,product_title|features|other_tech_specs|warranty_info,1,french-fitness-urethane-round-pro-style-dumbbell-85-lbs-single-new,ACTIVE,product_title,n/a - not a merge target
C011,IDENTICAL_CONTENT_DIFFERENT_PRODUCTS,sha256:4e2fad9dd01e76eb,135780106556,french-fitness-urethane-round-pro-style-dumbbell-90-lbs-single-new,French Fitness Urethane Round Pro Style Dumbbell 90 lbs - Single (New),2026-03-08T04:51:00Z,4,product_title|features|other_tech_specs|warranty_info,1,french-fitness-urethane-round-pro-style-dumbbell-90-lbs-single-new,ACTIVE,product_title,n/a - not a merge target
C011,IDENTICAL_CONTENT_DIFFERENT_PRODUCTS,sha256:4e2fad9dd01e76eb,135780532540,french-fitness-urethane-round-pro-style-dumbbell-95-lbs-single-new,French Fitness Urethane Round Pro Style Dumbbell 95 lbs - Single (New),2026-03-08T04:51:53Z,4,product_title|features|other_tech_specs|warranty_info,1,french-fitness-urethane-round-pro-style-dumbbell-95-lbs-single-new,ACTIVE,product_title,n/a - not a merge target
C012,IDENTICAL_CONTENT_DIFFERENT_PRODUCTS,sha256:e70812ee4e5991b9,136072659260,body-solid-bstgt-100-tools-grip-trainer-100-lb-new,Body-Solid BSTGT100 Tools Grip Trainer 100 lb (New),2025-03-05T12:46:39Z,4,product_title|features|tech_specs|warranty_info,1,body-solid-bstgt100-tools-grip-trainer-100-lb-new,ACTIVE,product_title,n/a - not a merge target
C012,IDENTICAL_CONTENT_DIFFERENT_PRODUCTS,sha256:e70812ee4e5991b9,136072823100,body-solid-bstgt-150-tools-grip-trainer-150-lb-new,Body-Solid BSTGT150 Tools Grip Trainer 150 lb (New),2025-03-05T12:50:22Z,4,product_title|features|tech_specs|warranty_info,1,body-solid-bstgt150-tools-grip-trainer-150-lb-new,ACTIVE,product_title,n/a - not a merge target
C012,IDENTICAL_CONTENT_DIFFERENT_PRODUCTS,sha256:e70812ee4e5991b9,136073118012,body-solid-bstgt-200-tools-grip-trainer-200-lb-new,Body-Solid BSTGT200 Tools Grip Trainer 200 lb (New),2025-03-05T12:54:01Z,4,product_title|features|tech_specs|warranty_info,1,body-solid-bstgt200-tools-grip-trainer-200-lb-new,ACTIVE,product_title,n/a - not a merge target
C013,IDENTICAL_CONTENT_DIFFERENT_PRODUCTS,sha256:69f0ca6796971fbb,136074101052,body-solid-bstmc-02-bk-muscle-clamp-collars-black-new,Body Solid BSTMC02BK Muscle Clamp Collars - Black (New),2025-03-05T13:07:35Z,3,product_title|features|warranty_info,1,body-solid-bstmc02bk-muscle-clamp-collars-black-new,ACTIVE,product_title,n/a - not a merge target
C013,IDENTICAL_CONTENT_DIFFERENT_PRODUCTS,sha256:69f0ca6796971fbb,136074461500,body-solid-bstmc-02-rd-muscle-clamp-collars-red-new,Body Solid BSTMC02RD Muscle Clamp Collars - Red (New),2025-03-05T13:09:14Z,3,product_title|features|warranty_info,1,body-solid-bstmc02rd-muscle-clamp-collars-red-new,ACTIVE,product_title,n/a - not a merge target
C014,IDENTICAL_CONTENT_DIFFERENT_PRODUCTS,sha256:ee4de07592916b17,136144290108,body-solid-bstpb-18-plyo-box-18-new,"Body-Solid BSTPB18 Plyo Box 18"" (New)",2025-10-26T19:37:16Z,3,product_title|features|warranty_info,1,body-solid-bstpb18-plyo-box-18-new,ACTIVE,product_title,n/a - not a merge target
C014,IDENTICAL_CONTENT_DIFFERENT_PRODUCTS,sha256:ee4de07592916b17,136144519484,body-solid-bstpb-24-plyo-box-24-new,"Body-Solid BSTPB24 Plyo Box 24"" (New)",2025-10-26T19:37:18Z,3,product_title|features|warranty_info,1,body-solid-bstpb24-plyo-box-24-new,ACTIVE,product_title,n/a - not a merge target
C015,IDENTICAL_CONTENT_DIFFERENT_PRODUCTS,sha256:6f4d64e6796a8b28,136154743100,body-solid-bstym-3-yoga-mat-3-mm-blue-new,Body-Solid BSTYM3 Yoga Mat 3mm Blue (New),2025-03-06T07:12:22Z,3,product_title|features|warranty_info,1,body-solid-bstym3-yoga-mat-3mm-blue-new,ACTIVE,product_title,n/a - not a merge target
C015,IDENTICAL_CONTENT_DIFFERENT_PRODUCTS,sha256:6f4d64e6796a8b28,136165327164,body-solid-bstym-5-yoga-mat-5-mm-red-new,Body-Solid BSTYM5 Yoga Mat 5mm Red (New),2025-03-06T08:00:31Z,3,product_title|features|warranty_info,1,body-solid-bstym5-yoga-mat-5mm-red-new,ACTIVE,product_title,n/a - not a merge target
C016,IDENTICAL_CONTENT_DIFFERENT_PRODUCTS,sha256:cb4538a9d64eaeb5,136164180284,french-fitness-71-rack-rig-double-pull-up-bar-new,"French Fitness 71"" Rack & Rig Double Pull Up Bar (New)",2025-10-26T19:37:15Z,4,product_title|features|tech_specs|warranty_info,1,french-fitness-71-rack-rig-double-pull-up-bar-new,ACTIVE,product_title,n/a - not a merge target
C016,IDENTICAL_CONTENT_DIFFERENT_PRODUCTS,sha256:cb4538a9d64eaeb5,136164376892,french-fitness-71-rack-rig-dirty-south-bar-attachment-new,"French Fitness 71"" Rack & Rig Dirty South Bar Attachment (New)",2025-10-26T19:37:15Z,4,product_title|features|tech_specs|warranty_info,1,french-fitness-71-rack-rig-dirty-south-bar-attachment-new,ACTIVE,product_title,n/a - not a merge target
C017,IDENTICAL_CONTENT_DIFFERENT_PRODUCTS,sha256:889ea4544e87dc40,136175321404,french-fitness-rack-rig-light-bulb-grip-new,French Fitness Rack & Rig Light Bulb Grip (New),2025-05-17T12:14:39Z,3,product_title|features|warranty_info,1,french-fitness-rack-rig-light-bulb-grip-new,ACTIVE,product_title,n/a - not a merge target
C017,IDENTICAL_CONTENT_DIFFERENT_PRODUCTS,sha256:889ea4544e87dc40,136177385788,french-fitness-rack-rig-pipe-bomb-grip-new,French Fitness Rack & Rig Pipe Bomb Grip (New),2025-05-17T12:03:30Z,3,product_title|features|warranty_info,1,french-fitness-rack-rig-pipe-bomb-grip-new,ACTIVE,product_title,n/a - not a merge target
C018,IDENTICAL_CONTENT_DIFFERENT_PRODUCTS,sha256:298301ab7419eed8,136182399292,body-solid-gap-10-aluminum-pulley-upgrade-for-g-10-b-new,Body-Solid GAP10 Aluminum Pulley Upgrade for G10B (New),2025-03-06T11:31:13Z,4,product_title|features|tech_specs|warranty_info,1,body-solid-gap10-aluminum-pulley-upgrade-for-g10b-new,ARCHIVED,product_title,n/a - not a merge target
C018,IDENTICAL_CONTENT_DIFFERENT_PRODUCTS,sha256:298301ab7419eed8,136182890812,body-solid-gap-3-aluminum-pulley-upgrade-for-g-3-s-gym-new,Body-Solid GAP3 Aluminum Pulley Upgrade for G3S Gym (New),2025-03-06T11:33:42Z,4,product_title|features|tech_specs|warranty_info,1,body-solid-gap3-aluminum-pulley-upgrade-for-g3s-gym-new,ARCHIVED,product_title,n/a - not a merge target
C018,IDENTICAL_CONTENT_DIFFERENT_PRODUCTS,sha256:298301ab7419eed8,136184168764,body-solid-gap-5-aluminum-pulley-upgrade-for-g-5-s-gym-new,Body-Solid GAP5 Aluminum Pulley Upgrade for G5S Gym (New),2025-03-06T11:48:31Z,4,product_title|features|tech_specs|warranty_info,1,body-solid-gap5-aluminum-pulley-upgrade-for-g5s-gym-new,ARCHIVED,product_title,n/a - not a merge target
C018,IDENTICAL_CONTENT_DIFFERENT_PRODUCTS,sha256:298301ab7419eed8,136184267068,body-solid-gap-6-aluminum-pulley-upgrade-for-g-6-b-gym-new,Body-Solid GAP6 Aluminum Pulley Upgrade for G6B Gym (New),2025-03-06T11:50:14Z,4,product_title|features|tech_specs|warranty_info,1,body-solid-gap6-aluminum-pulley-upgrade-for-g6b-gym-new,ARCHIVED,product_title,n/a - not a merge target
C018,IDENTICAL_CONTENT_DIFFERENT_PRODUCTS,sha256:298301ab7419eed8,136184660284,body-solid-gaplp-aluminum-pulley-upgrade-for-glp-new,Body-Solid GAPLP Aluminum Pulley Upgrade for GLP (New),2025-03-06T11:54:45Z,4,product_title|features|tech_specs|warranty_info,1,body-solid-gaplp-aluminum-pulley-upgrade-for-glp-new,ARCHIVED,product_title,n/a - not a merge target
C019,IDENTICAL_CONTENT_DIFFERENT_PRODUCTS,sha256:feac7a4e0f006053,136184430908,body-solid-gap-9-aluminum-pulley-upgrade-for-g-9-s-gym-new,Body-Solid GAP9 Aluminum Pulley Upgrade for G9S Gym (New),2025-03-06T11:51:49Z,4,product_title|features|tech_specs|warranty_info,1,body-solid-gap9-aluminum-pulley-upgrade-for-g9s-gym-new,ARCHIVED,product_title,n/a - not a merge target
C019,IDENTICAL_CONTENT_DIFFERENT_PRODUCTS,sha256:feac7a4e0f006053,136184496444,body-solid-gapiot-aluminum-pulley-upgrade-for-giot-new,Body-Solid GAPIOT Aluminum Pulley Upgrade for GIOT (New),2025-03-06T11:53:18Z,4,product_title|features|tech_specs|warranty_info,1,body-solid-gapiot-aluminum-pulley-upgrade-for-giot-new,ARCHIVED,product_title,n/a - not a merge target
C020,IDENTICAL_CONTENT_DIFFERENT_PRODUCTS,sha256:ae70c1537c11d592,136223818044,french-fitness-rubber-coated-hex-dumbbell-100-lbs-single-new,French Fitness Rubber Coated Hex Dumbbell 100 lbs - Single (New),2026-05-02T23:20:59Z,9,product_title|features|other_features|benefits|tech_specs|other_tech_specs|buying_guide|frequently_asked_questions|warranty_info,1,french-fitness-rubber-coated-hex-dumbbell-100-lbs-single-new,ACTIVE,product_title,n/a - not a merge target
C020,IDENTICAL_CONTENT_DIFFERENT_PRODUCTS,sha256:ae70c1537c11d592,136224637244,french-fitness-rubber-coated-hex-dumbbell-105-lbs-single-new,French Fitness Rubber Coated Hex Dumbbell 105 lbs - Single (New),2026-05-02T23:21:00Z,9,product_title|features|other_features|benefits|tech_specs|other_tech_specs|buying_guide|frequently_asked_questions|warranty_info,1,french-fitness-rubber-coated-hex-dumbbell-105-lbs-single-new,ACTIVE,product_title,n/a - not a merge target
C020,IDENTICAL_CONTENT_DIFFERENT_PRODUCTS,sha256:ae70c1537c11d592,136228503868,french-fitness-rubber-coated-hex-dumbbell-110-lbs-single-new,French Fitness Rubber Coated Hex Dumbbell 110 lbs - Single (New),2026-05-02T23:20:59Z,9,product_title|features|other_features|benefits|tech_specs|other_tech_specs|buying_guide|frequently_asked_questions|warranty_info,1,french-fitness-rubber-coated-hex-dumbbell-110-lbs-single-new,ACTIVE,product_title,n/a - not a merge target
C020,IDENTICAL_CONTENT_DIFFERENT_PRODUCTS,sha256:ae70c1537c11d592,136229585212,french-fitness-rubber-coated-hex-dumbbell-115-lbs-single-new,French Fitness Rubber Coated Hex Dumbbell 115 lbs - Single (New),2026-05-02T23:20:59Z,9,product_title|features|other_features|benefits|tech_specs|other_tech_specs|buying_guide|frequently_asked_questions|warranty_info,1,french-fitness-rubber-coated-hex-dumbbell-115-lbs-single-new,ACTIVE,product_title,n/a - not a merge target
C020,IDENTICAL_CONTENT_DIFFERENT_PRODUCTS,sha256:ae70c1537c11d592,136238104892,french-fitness-rubber-coated-hex-dumbbell-12-5-lbs-single-new,French Fitness Rubber Coated Hex Dumbbell 12.5 lbs - Single (New),2026-05-02T23:20:59Z,9,product_title|features|other_features|benefits|tech_specs|other_tech_specs|buying_guide|frequently_asked_questions|warranty_info,1,french-fitness-rubber-coated-hex-dumbbell-12-5-lbs-single-new,ACTIVE,product_title,n/a - not a merge target
C020,IDENTICAL_CONTENT_DIFFERENT_PRODUCTS,sha256:ae70c1537c11d592,136238465340,french-fitness-rubber-coated-hex-dumbbell-120-lbs-single-new,French Fitness Rubber Coated Hex Dumbbell 120 lbs - Single (New),2026-05-02T23:21:00Z,9,product_title|features|other_features|benefits|tech_specs|other_tech_specs|buying_guide|frequently_asked_questions|warranty_info,1,french-fitness-rubber-coated-hex-dumbbell-120-lbs-single-new,ACTIVE,product_title,n/a - not a merge target
C020,IDENTICAL_CONTENT_DIFFERENT_PRODUCTS,sha256:ae70c1537c11d592,136238858556,french-fitness-rubber-coated-hex-dumbbell-125-lbs-single-new,French Fitness Rubber Coated Hex Dumbbell 125 lbs - Single (New),2026-05-02T23:20:59Z,9,product_title|features|other_features|benefits|tech_specs|other_tech_specs|buying_guide|frequently_asked_questions|warranty_info,1,french-fitness-rubber-coated-hex-dumbbell-125-lbs-single-new,ACTIVE,product_title,n/a - not a merge target
C020,IDENTICAL_CONTENT_DIFFERENT_PRODUCTS,sha256:ae70c1537c11d592,136239022396,french-fitness-rubber-coated-hex-dumbbell-130-lbs-single-new,French Fitness Rubber Coated Hex Dumbbell 130 lbs - Single (New),2026-05-02T23:21:00Z,9,product_title|features|other_features|benefits|tech_specs|other_tech_specs|buying_guide|frequently_asked_questions|warranty_info,1,french-fitness-rubber-coated-hex-dumbbell-130-lbs-single-new,ACTIVE,product_title,n/a - not a merge target
C020,IDENTICAL_CONTENT_DIFFERENT_PRODUCTS,sha256:ae70c1537c11d592,136239481148,french-fitness-rubber-coated-hex-dumbbell-135-lbs-single-new,French Fitness Rubber Coated Hex Dumbbell 135 lbs - Single (New),2026-05-02T23:20:59Z,9,product_title|features|other_features|benefits|tech_specs|other_tech_specs|buying_guide|frequently_asked_questions|warranty_info,1,french-fitness-rubber-coated-hex-dumbbell-135-lbs-single-new,ACTIVE,product_title,n/a - not a merge target
C020,IDENTICAL_CONTENT_DIFFERENT_PRODUCTS,sha256:ae70c1537c11d592,136239743292,french-fitness-rubber-coated-hex-dumbbell-140-lbs-single-new,French Fitness Rubber Coated Hex Dumbbell 140 lbs - Single (New),2026-05-02T23:20:59Z,9,product_title|features|other_features|benefits|tech_specs|other_tech_specs|buying_guide|frequently_asked_questions|warranty_info,1,french-fitness-rubber-coated-hex-dumbbell-140-lbs-single-new,ACTIVE,product_title,n/a - not a merge target
C020,IDENTICAL_CONTENT_DIFFERENT_PRODUCTS,sha256:ae70c1537c11d592,136240136508,french-fitness-rubber-coated-hex-dumbbell-145-lbs-single-new,French Fitness Rubber Coated Hex Dumbbell 145 lbs - Single (New),2026-05-02T23:21:00Z,9,product_title|features|other_features|benefits|tech_specs|other_tech_specs|buying_guide|frequently_asked_questions|warranty_info,1,french-fitness-rubber-coated-hex-dumbbell-145-lbs-single-new,ACTIVE,product_title,n/a - not a merge target
C020,IDENTICAL_CONTENT_DIFFERENT_PRODUCTS,sha256:ae70c1537c11d592,136240431420,french-fitness-rubber-coated-hex-dumbbell-15-lbs-single-new,French Fitness Rubber Coated Hex Dumbbell 15 lbs - Single (New),2026-05-02T23:20:59Z,9,product_title|features|other_features|benefits|tech_specs|other_tech_specs|buying_guide|frequently_asked_questions|warranty_info,1,french-fitness-rubber-coated-hex-dumbbell-15-lbs-single-new,ACTIVE,product_title,n/a - not a merge target
C020,IDENTICAL_CONTENT_DIFFERENT_PRODUCTS,sha256:ae70c1537c11d592,136240660796,french-fitness-rubber-coated-hex-dumbbell-150-lbs-single-new,French Fitness Rubber Coated Hex Dumbbell 150 lbs - Single (New),2026-05-02T23:20:59Z,9,product_title|features|other_features|benefits|tech_specs|other_tech_specs|buying_guide|frequently_asked_questions|warranty_info,1,french-fitness-rubber-coated-hex-dumbbell-150-lbs-single-new,ACTIVE,product_title,n/a - not a merge target
C020,IDENTICAL_CONTENT_DIFFERENT_PRODUCTS,sha256:ae70c1537c11d592,136240890172,french-fitness-rubber-coated-hex-dumbbell-17-5-lbs-single-new,French Fitness Rubber Coated Hex Dumbbell 17.5 lbs - Single (New),2026-05-02T23:21:00Z,9,product_title|features|other_features|benefits|tech_specs|other_tech_specs|buying_guide|frequently_asked_questions|warranty_info,1,french-fitness-rubber-coated-hex-dumbbell-17-5-lbs-single-new,ACTIVE,product_title,n/a - not a merge target
C020,IDENTICAL_CONTENT_DIFFERENT_PRODUCTS,sha256:ae70c1537c11d592,136241185084,french-fitness-rubber-coated-hex-dumbbell-2-5-lbs-single-new,French Fitness Rubber Coated Hex Dumbbell 2.5 lbs - Single (New),2026-05-02T23:20:59Z,9,product_title|features|other_features|benefits|tech_specs|other_tech_specs|buying_guide|frequently_asked_questions|warranty_info,1,french-fitness-rubber-coated-hex-dumbbell-2-5-lbs-single-new,ACTIVE,product_title,n/a - not a merge target
C020,IDENTICAL_CONTENT_DIFFERENT_PRODUCTS,sha256:ae70c1537c11d592,136245346620,french-fitness-rubber-coated-hex-dumbbell-20-lbs-single-new,French Fitness Rubber Coated Hex Dumbbell 20 lbs - Single (New),2026-05-02T23:20:59Z,9,product_title|features|other_features|benefits|tech_specs|other_tech_specs|buying_guide|frequently_asked_questions|warranty_info,1,french-fitness-rubber-coated-hex-dumbbell-20-lbs-single-new,ACTIVE,product_title,n/a - not a merge target
C020,IDENTICAL_CONTENT_DIFFERENT_PRODUCTS,sha256:ae70c1537c11d592,136245510460,french-fitness-rubber-coated-hex-dumbbell-22-5-lbs-single-new,French Fitness Rubber Coated Hex Dumbbell 22.5 lbs - Single (New),2026-05-02T23:20:59Z,9,product_title|features|other_features|benefits|tech_specs|other_tech_specs|buying_guide|frequently_asked_questions|warranty_info,1,french-fitness-rubber-coated-hex-dumbbell-22-5-lbs-single-new,ACTIVE,product_title,n/a - not a merge target
C020,IDENTICAL_CONTENT_DIFFERENT_PRODUCTS,sha256:ae70c1537c11d592,136246034748,french-fitness-rubber-coated-hex-dumbbell-25-lbs-single-new,French Fitness Rubber Coated Hex Dumbbell 25 lbs - Single (New),2026-05-02T23:20:59Z,9,product_title|features|other_features|benefits|tech_specs|other_tech_specs|buying_guide|frequently_asked_questions|warranty_info,1,french-fitness-rubber-coated-hex-dumbbell-25-lbs-single-new,ACTIVE,product_title,n/a - not a merge target
C020,IDENTICAL_CONTENT_DIFFERENT_PRODUCTS,sha256:ae70c1537c11d592,136246526268,french-fitness-rubber-coated-hex-dumbbell-30-lbs-single-new,French Fitness Rubber Coated Hex Dumbbell 30 lbs - Single (New),2026-05-02T23:20:59Z,9,product_title|features|other_features|benefits|tech_specs|other_tech_specs|buying_guide|frequently_asked_questions|warranty_info,1,french-fitness-rubber-coated-hex-dumbbell-30-lbs-single-new,ACTIVE,product_title,n/a - not a merge target
C020,IDENTICAL_CONTENT_DIFFERENT_PRODUCTS,sha256:ae70c1537c11d592,136247083324,french-fitness-rubber-coated-hex-dumbbell-35-lbs-single-new,French Fitness Rubber Coated Hex Dumbbell 35 lbs - Single (New),2026-05-02T23:20:59Z,9,product_title|features|other_features|benefits|tech_specs|other_tech_specs|buying_guide|frequently_asked_questions|warranty_info,1,french-fitness-rubber-coated-hex-dumbbell-35-lbs-single-new,ACTIVE,product_title,n/a - not a merge target
C020,IDENTICAL_CONTENT_DIFFERENT_PRODUCTS,sha256:ae70c1537c11d592,136247411004,french-fitness-rubber-coated-hex-dumbbell-40-lbs-single-new,French Fitness Rubber Coated Hex Dumbbell 40 lbs - Single (New),2026-05-02T23:20:59Z,9,product_title|features|other_features|benefits|tech_specs|other_tech_specs|buying_guide|frequently_asked_questions|warranty_info,1,french-fitness-rubber-coated-hex-dumbbell-40-lbs-single-new,ACTIVE,product_title,n/a - not a merge target
C020,IDENTICAL_CONTENT_DIFFERENT_PRODUCTS,sha256:ae70c1537c11d592,136247607612,french-fitness-rubber-coated-hex-dumbbell-45-lbs-single-new,French Fitness Rubber Coated Hex Dumbbell 45 lbs - Single (New),2026-05-02T23:20:59Z,9,product_title|features|other_features|benefits|tech_specs|other_tech_specs|buying_guide|frequently_asked_questions|warranty_info,1,french-fitness-rubber-coated-hex-dumbbell-45-lbs-single-new,ACTIVE,product_title,n/a - not a merge target
C020,IDENTICAL_CONTENT_DIFFERENT_PRODUCTS,sha256:ae70c1537c11d592,136247902524,french-fitness-rubber-coated-hex-dumbbell-5-lbs-single-new,French Fitness Rubber Coated Hex Dumbbell 5 lbs - Single (New),2026-05-02T23:20:59Z,9,product_title|features|other_features|benefits|tech_specs|other_tech_specs|buying_guide|frequently_asked_questions|warranty_info,1,french-fitness-rubber-coated-hex-dumbbell-5-lbs-single-new,ACTIVE,product_title,n/a - not a merge target
C020,IDENTICAL_CONTENT_DIFFERENT_PRODUCTS,sha256:ae70c1537c11d592,136336113980,french-fitness-rubber-coated-hex-dumbbell-50-lbs-single-new,French Fitness Rubber Coated Hex Dumbbell 50 lbs - Single (New),2026-05-02T23:20:59Z,9,product_title|features|other_features|benefits|tech_specs|other_tech_specs|buying_guide|frequently_asked_questions|warranty_info,1,french-fitness-rubber-coated-hex-dumbbell-50-lbs-single-new,ACTIVE,product_title,n/a - not a merge target
C020,IDENTICAL_CONTENT_DIFFERENT_PRODUCTS,sha256:ae70c1537c11d592,136336539964,french-fitness-rubber-coated-hex-dumbbell-55-lbs-single-new,French Fitness Rubber Coated Hex Dumbbell 55 lbs - Single (New),2026-05-02T23:20:59Z,9,product_title|features|other_features|benefits|tech_specs|other_tech_specs|buying_guide|frequently_asked_questions|warranty_info,1,french-fitness-rubber-coated-hex-dumbbell-55-lbs-single-new,ACTIVE,product_title,n/a - not a merge target
C020,IDENTICAL_CONTENT_DIFFERENT_PRODUCTS,sha256:ae70c1537c11d592,136337948988,french-fitness-rubber-coated-hex-dumbbell-60-lbs-single-new,French Fitness Rubber Coated Hex Dumbbell 60 lbs - Single (New),2026-05-02T23:21:00Z,9,product_title|features|other_features|benefits|tech_specs|other_tech_specs|buying_guide|frequently_asked_questions|warranty_info,1,french-fitness-rubber-coated-hex-dumbbell-60-lbs-single-new,ACTIVE,product_title,n/a - not a merge target
C020,IDENTICAL_CONTENT_DIFFERENT_PRODUCTS,sha256:ae70c1537c11d592,136338768188,french-fitness-rubber-coated-hex-dumbbell-65-lbs-single-new,French Fitness Rubber Coated Hex Dumbbell 65 lbs - Single (New),2026-05-02T23:21:00Z,9,product_title|features|other_features|benefits|tech_specs|other_tech_specs|buying_guide|frequently_asked_questions|warranty_info,1,french-fitness-rubber-coated-hex-dumbbell-65-lbs-single-new,ACTIVE,product_title,n/a - not a merge target
C020,IDENTICAL_CONTENT_DIFFERENT_PRODUCTS,sha256:ae70c1537c11d592,136339194172,french-fitness-rubber-coated-hex-dumbbell-7-5-lbs-single-new,French Fitness Rubber Coated Hex Dumbbell 7.5 lbs - Single (New),2026-05-02T23:20:59Z,9,product_title|features|other_features|benefits|tech_specs|other_tech_specs|buying_guide|frequently_asked_questions|warranty_info,1,french-fitness-rubber-coated-hex-dumbbell-7-5-lbs-single-new,ACTIVE,product_title,n/a - not a merge target
C020,IDENTICAL_CONTENT_DIFFERENT_PRODUCTS,sha256:ae70c1537c11d592,136339489084,french-fitness-rubber-coated-hex-dumbbell-70-lbs-single-new,French Fitness Rubber Coated Hex Dumbbell 70 lbs - Single (New),2026-05-02T23:20:59Z,9,product_title|features|other_features|benefits|tech_specs|other_tech_specs|buying_guide|frequently_asked_questions|warranty_info,1,french-fitness-rubber-coated-hex-dumbbell-70-lbs-single-new,ACTIVE,product_title,n/a - not a merge target
C020,IDENTICAL_CONTENT_DIFFERENT_PRODUCTS,sha256:ae70c1537c11d592,136339849532,french-fitness-rubber-coated-hex-dumbbell-75-lbs-single-new,French Fitness Rubber Coated Hex Dumbbell 75 lbs - Single (New),2026-05-02T23:20:59Z,9,product_title|features|other_features|benefits|tech_specs|other_tech_specs|buying_guide|frequently_asked_questions|warranty_info,1,french-fitness-rubber-coated-hex-dumbbell-75-lbs-single-new,ACTIVE,product_title,n/a - not a merge target
C020,IDENTICAL_CONTENT_DIFFERENT_PRODUCTS,sha256:ae70c1537c11d592,136340177212,french-fitness-rubber-coated-hex-dumbbell-80-lbs-single-new,French Fitness Rubber Coated Hex Dumbbell 80 lbs - Single (New),2026-05-02T23:21:00Z,9,product_title|features|other_features|benefits|tech_specs|other_tech_specs|buying_guide|frequently_asked_questions|warranty_info,1,french-fitness-rubber-coated-hex-dumbbell-80-lbs-single-new,ACTIVE,product_title,n/a - not a merge target
C020,IDENTICAL_CONTENT_DIFFERENT_PRODUCTS,sha256:ae70c1537c11d592,136341127484,french-fitness-rubber-coated-hex-dumbbell-85-lbs-single-new,French Fitness Rubber Coated Hex Dumbbell 85 lbs - Single (New),2026-05-02T23:20:59Z,9,product_title|features|other_features|benefits|tech_specs|other_tech_specs|buying_guide|frequently_asked_questions|warranty_info,1,french-fitness-rubber-coated-hex-dumbbell-85-lbs-single-new,ACTIVE,product_title,n/a - not a merge target
C020,IDENTICAL_CONTENT_DIFFERENT_PRODUCTS,sha256:ae70c1537c11d592,136342044988,french-fitness-rubber-coated-hex-dumbbell-90-lbs-single-new,French Fitness Rubber Coated Hex Dumbbell 90 lbs - Single (New),2026-05-02T23:20:59Z,9,product_title|features|other_features|benefits|tech_specs|other_tech_specs|buying_guide|frequently_asked_questions|warranty_info,1,french-fitness-rubber-coated-hex-dumbbell-90-lbs-single-new,ACTIVE,product_title,n/a - not a merge target
C020,IDENTICAL_CONTENT_DIFFERENT_PRODUCTS,sha256:ae70c1537c11d592,136342143292,french-fitness-rubber-coated-hex-dumbbell-95-lbs-single-new,French Fitness Rubber Coated Hex Dumbbell 95 lbs - Single (New),2026-05-02T23:20:59Z,9,product_title|features|other_features|benefits|tech_specs|other_tech_specs|buying_guide|frequently_asked_questions|warranty_info,1,french-fitness-rubber-coated-hex-dumbbell-95-lbs-single-new,ACTIVE,product_title,n/a - not a merge target
C021,IDENTICAL_CONTENT_DIFFERENT_PRODUCTS,sha256:a58cc580a6567060,136261534012,body-solid-gkrt-6-b-optional-kettlebell-shelf-for-gdr-60-new,Body-Solid GKRT6B Optional Kettlebell Shelf for GDR60 (New),2025-03-07T04:57:26Z,3,product_title|features|warranty_info,1,body-solid-gkrt6b-optional-kettlebell-shelf-for-gdr60-new,ACTIVE,product_title,n/a - not a merge target
C021,IDENTICAL_CONTENT_DIFFERENT_PRODUCTS,sha256:a58cc580a6567060,136274018620,body-solid-gmrt-6-b-optional-medicine-ball-shelf-for-gdr-60-new,Body-Solid GMRT6B Optional Medicine Ball Shelf for GDR60 (New),2025-03-07T06:49:30Z,3,product_title|features|warranty_info,1,body-solid-gmrt6b-optional-medicine-ball-shelf-for-gdr60-new,ACTIVE,product_title,n/a - not a merge target
C022,IDENTICAL_CONTENT_DIFFERENT_PRODUCTS,sha256:35baf6fd873fc792,136265728316,body-solid-glra-81-lat-row-attachment-new,Body-Solid GLRA81 Lat Row Attachment (New),2025-10-26T19:37:18Z,2,product_title|warranty_info,1,body-solid-glra81-lat-row-attachment-new,ACTIVE,product_title,n/a - not a merge target
C022,IDENTICAL_CONTENT_DIFFERENT_PRODUCTS,sha256:35baf6fd873fc792,136292991292,body-solid-lsa-50-powerlift-leverage-squat-attachment-new,Body-Solid LSA50 Powerlift Leverage Squat Attachment (New),2025-10-26T19:37:20Z,2,product_title|warranty_info,1,body-solid-lsa50-powerlift-leverage-squat-attachment-new,ACTIVE,product_title,n/a - not a merge target
C023,IDENTICAL_CONTENT_DIFFERENT_PRODUCTS,sha256:99bc19dc073c7440,136281194812,body-solid-gswt-standard-plate-tree-bar-holder-new,Body Solid GSWT Standard Plate Tree & Bar Holder (New),2025-10-26T19:37:20Z,4,product_title|features|tech_specs|warranty_info,1,body-solid-gswt-standard-plate-tree-bar-holder-new,ACTIVE,product_title,n/a - not a merge target
C023,IDENTICAL_CONTENT_DIFFERENT_PRODUCTS,sha256:99bc19dc073c7440,136282177852,body-solid-gswtb-standard-plate-tree-bar-holder-new,Body Solid GSWTB Standard Plate Tree & Bar Holder (New),2025-10-26T19:37:20Z,4,product_title|features|tech_specs|warranty_info,1,body-solid-gswtb-standard-plate-tree-bar-holder-new,ACTIVE,product_title,n/a - not a merge target
C024,IDENTICAL_CONTENT_DIFFERENT_PRODUCTS,sha256:901e20e0306459ff,136294236476,french-fitness-ntr-nylon-tricep-rope-new,French Fitness NTR Nylon Tricep Rope (New),2025-03-07T13:37:19Z,2,product_title|warranty_info,1,french-fitness-ntr-nylon-tricep-rope-new,ARCHIVED,product_title,n/a - not a merge target
C024,IDENTICAL_CONTENT_DIFFERENT_PRODUCTS,sha256:901e20e0306459ff,136294302012,french-fitness-ntr-2-nylon-tricep-rope-new,French Fitness NTR2 Nylon Tricep Rope (New),2025-03-07T13:38:39Z,2,product_title|warranty_info,1,french-fitness-ntr2-nylon-tricep-rope-new,ACTIVE,product_title,n/a - not a merge target
C025,IDENTICAL_CONTENT_DIFFERENT_PRODUCTS,sha256:05d46eefd9015054,136384282940,body-solid-sprback-rack-extension-kit-for-spr-1000-new,Body-Solid SPRBACK Rack Extension Kit for SPR1000 (New),2025-03-08T10:47:55Z,2,product_title|warranty_info,1,body-solid-sprback-rack-extension-kit-for-spr1000-new,ACTIVE,product_title,n/a - not a merge target
C025,IDENTICAL_CONTENT_DIFFERENT_PRODUCTS,sha256:05d46eefd9015054,136384774460,body-solid-sprbp-band-pegs-new,Body-Solid SPRBP Band Pegs (New),2025-03-08T11:00:27Z,2,product_title|warranty_info,1,body-solid-sprbp-band-pegs-new,ACTIVE,product_title,n/a - not a merge target
C025,IDENTICAL_CONTENT_DIFFERENT_PRODUCTS,sha256:05d46eefd9015054,136385036604,body-solid-sprcb-fat-chin-up-crossmember-for-spr-1000-new,Body-Solid SPRCB Fat Chin-Up Crossmember for SPR1000 (New),2025-03-08T11:12:51Z,2,product_title|warranty_info,1,body-solid-sprcb-fat-chin-up-crossmember-for-spr1000-new,ACTIVE,product_title,n/a - not a merge target
C025,IDENTICAL_CONTENT_DIFFERENT_PRODUCTS,sha256:05d46eefd9015054,136386019644,body-solid-sprcu-multi-chin-up-cross-member-new,Body-Solid SPRCU Multi Chin Up Cross Member (New),2025-03-08T11:15:13Z,2,product_title|warranty_info,1,body-solid-sprcu-multi-chin-up-cross-member-new,ACTIVE,product_title,n/a - not a merge target
C025,IDENTICAL_CONTENT_DIFFERENT_PRODUCTS,sha256:05d46eefd9015054,136389132604,body-solid-sprul-u-link-attachment-formerly-sr-ul-new,Body Solid SPRUL U-Link Attachment (formerly SR-UL) (New),2025-03-08T12:19:48Z,2,product_title|warranty_info,1,body-solid-sprul-u-link-attachment-formerly-sr-ul-new,ACTIVE,product_title,n/a - not a merge target
C026,IDENTICAL_CONTENT_DIFFERENT_PRODUCTS,sha256:4f35b3914ef9364b,136384315708,stair-master-boxmaster-pro-quad-new,StairMaster Boxmaster Pro Quad (New),2025-03-08T10:50:16Z,4,product_title|features|tech_specs|warranty_info,0,,,product_title,n/a - not a merge target
C026,IDENTICAL_CONTENT_DIFFERENT_PRODUCTS,sha256:4f35b3914ef9364b,179586367804,throwdown-boxmaster-pro-quad-new,Throwdown Boxmaster Pro Quad (New),2025-09-27T10:43:39Z,4,product_title|features|tech_specs|warranty_info,1,throwdown-boxmaster-pro-quad-new,ACTIVE,product_title,n/a - not a merge target
C027,IDENTICAL_CONTENT_DIFFERENT_PRODUCTS,sha256:ebd9fd0b16c9c663,136516272444,power-block-pro-commercial-axe-handle-5-lb-new,PowerBlock Pro Commercial Axe Handle 5lb (New),2025-03-09T22:02:21Z,2,product_title|tech_specs,1,powerblock-pro-commercial-axe-handle-5lb-new,ARCHIVED,product_title,n/a - not a merge target
C027,IDENTICAL_CONTENT_DIFFERENT_PRODUCTS,sha256:ebd9fd0b16c9c663,136516403516,power-block-pro-commercial-axe-handle-10-lb-new,PowerBlock Pro Commercial Axe Handle 10lb (New),2025-03-09T22:07:29Z,2,product_title|tech_specs,1,powerblock-pro-commercial-axe-handle-10lb-new,ACTIVE,product_title,n/a - not a merge target
C028,IDENTICAL_CONTENT_DIFFERENT_PRODUCTS,sha256:c924728e272edca2,136520171836,power-step-plus-vibration-training-platform-remanufactured,Power Step Plus Vibration Training Platform (Remanufactured),2026-08-19T20:15:55Z,1,product_title,1,power-step-plus-vibration-training-platform-remanufactured,UNLISTED,product_title,n/a - not a merge target
C028,IDENTICAL_CONTENT_DIFFERENT_PRODUCTS,sha256:c924728e272edca2,176448995644,french-fitness-fsr-90-functional-trainer-smith-squat-rack-machine,French Fitness FSR90 Functional Trainer Smith & Squat Rack Machine,2025-09-03T10:27:05Z,1,product_title,0,,,product_title,n/a - not a merge target
C028,IDENTICAL_CONTENT_DIFFERENT_PRODUCTS,sha256:c924728e272edca2,176468525372,french-fitness-tahoe-seated-leg-curl-leg-extension-new-1,French Fitness Tahoe Seated Leg Curl / Leg Extension (New),2025-09-03T14:06:33Z,1,product_title,0,,,product_title,n/a - not a merge target
C028,IDENTICAL_CONTENT_DIFFERENT_PRODUCTS,sha256:c924728e272edca2,176470065468,french-fitness-tahoe-pec-fly-rear-delt-new-1,French Fitness Tahoe Pec Fly / Rear Delt (New),2025-09-03T14:37:12Z,1,product_title,0,,,product_title,n/a - not a merge target
C028,IDENTICAL_CONTENT_DIFFERENT_PRODUCTS,sha256:c924728e272edca2,176471998780,french-fitness-tahoe-prone-leg-curl-leg-extension-new-1,French Fitness Tahoe Prone Leg Curl / Leg Extension (New),2025-09-03T15:08:11Z,1,product_title,0,,,product_title,n/a - not a merge target
C028,IDENTICAL_CONTENT_DIFFERENT_PRODUCTS,sha256:c924728e272edca2,186876395836,french-fitness-onyx-leverage-horizontal-bench-press-plate-loaded-new,French Fitness Onyx Leverage Horizontal Bench Press Plate Loaded (New),2025-10-22T17:14:35Z,1,product_title,0,,,product_title,n/a - not a merge target
C028,IDENTICAL_CONTENT_DIFFERENT_PRODUCTS,sha256:c924728e272edca2,203335827772,french-fitness-48-chrome-olympic-bar-new,"French Fitness 48"" Chrome Olympic Bar (New)",2025-12-03T17:32:53Z,1,product_title,1,french-fitness-48-chrome-olympic-bar-new,UNLISTED,product_title,n/a - not a merge target
C028,IDENTICAL_CONTENT_DIFFERENT_PRODUCTS,sha256:c924728e272edca2,265257058620,french-fitness-gym-package-build-your-own-gym-1,French Fitness Gym Package - Build Your Own Gym,2026-05-27T21:58:44Z,1,product_title,0,,,product_title,n/a - not a merge target
C028,IDENTICAL_CONTENT_DIFFERENT_PRODUCTS,sha256:c924728e272edca2,275975897404,french-fitness-urethane-8-sided-hex-dumbbell-set-5-60-lbs-blank-no-logo-new,"French Fitness Urethane 8 Sided Hex Dumbbell Set, 5-60 lbs - Blank / No Logo (New)",2026-06-30T07:13:03Z,1,product_title,0,,,product_title,n/a - not a merge target
C029,IDENTICAL_CONTENT_DIFFERENT_PRODUCTS,sha256:3423a602ceb12748,136592490812,cybex-vr-3-hip-abduction-outer-thigh-remanufactured,Cybex VR3 Hip Abduction / Outer Thigh (Remanufactured),2025-03-10T11:25:41Z,4,product_title|features|tech_specs|warranty_info,1,cybex-vr3-hip-abduction-outer-thigh-remanufactured,ACTIVE,product_title,n/a - not a merge target
C029,IDENTICAL_CONTENT_DIFFERENT_PRODUCTS,sha256:3423a602ceb12748,136592589116,cybex-vr-3-hip-adduction-inner-thigh-remanufactured,Cybex VR3 Hip Adduction / Inner Thigh (Remanufactured),2025-03-10T11:27:29Z,4,product_title|features|tech_specs|warranty_info,1,cybex-vr3-hip-adduction-inner-thigh-remanufactured,ACTIVE,product_title,n/a - not a merge target
C030,IDENTICAL_CONTENT_DIFFERENT_PRODUCTS,sha256:3aaaa538c7e8aa16,136722153788,power-plate-my-7-series-power-shield-black-new,Power Plate my7/my8 Series Power Shield - Black (New),2025-12-07T18:17:03Z,2,product_title|warranty_info,1,power-plate-my7-series-power-shield-black-new,ACTIVE,product_title,n/a - not a merge target
C030,IDENTICAL_CONTENT_DIFFERENT_PRODUCTS,sha256:3aaaa538c7e8aa16,136723071292,power-plate-my-series-new-power-shield-new,Power Plate My Series New Power Shield (New),2025-03-11T10:02:25Z,2,product_title|warranty_info,1,power-plate-my-series-new-power-shield-new,ACTIVE,product_title,n/a - not a merge target
C030,IDENTICAL_CONTENT_DIFFERENT_PRODUCTS,sha256:3aaaa538c7e8aa16,136723267900,power-plate-pro-7-series-power-shield-graphite-new,Power Plate pro7 Series Power Shield - Graphite (New),2025-03-11T10:06:28Z,2,product_title|warranty_info,1,power-plate-pro7-series-power-shield-graphite-new,ACTIVE,product_title,n/a - not a merge target
C030,IDENTICAL_CONTENT_DIFFERENT_PRODUCTS,sha256:3aaaa538c7e8aa16,136723464508,power-plate-pro-7-series-power-shield-black-new,Power Plate pro7/pro8 Series Power Shield - Black (New),2025-12-07T18:17:25Z,2,product_title|warranty_info,1,power-plate-pro7-series-power-shield-black-new,ACTIVE,product_title,n/a - not a merge target
C030,IDENTICAL_CONTENT_DIFFERENT_PRODUCTS,sha256:3aaaa538c7e8aa16,136723890492,power-plate-cable-accessory-kit-new,Power Plate Cable Accessory Kit (New),2025-03-11T10:16:12Z,2,product_title|warranty_info,1,power-plate-cable-accessory-kit-new,ACTIVE,product_title,n/a - not a merge target
C030,IDENTICAL_CONTENT_DIFFERENT_PRODUCTS,sha256:3aaaa538c7e8aa16,136724054332,power-plate-total-body-cable-accessory-kit-new,Power Plate Total Body Cable Accessory Kit (New),2025-03-11T10:17:06Z,2,product_title|warranty_info,1,power-plate-total-body-cable-accessory-kit-new,ACTIVE,product_title,n/a - not a merge target
C030,IDENTICAL_CONTENT_DIFFERENT_PRODUCTS,sha256:3aaaa538c7e8aa16,136725004604,power-plate-pro-5-power-shield-silver-new,Power Plate pro5 Power Shield - Silver (New),2025-03-11T10:27:19Z,2,product_title|warranty_info,1,power-plate-pro5-power-shield-silver-new,ACTIVE,product_title,n/a - not a merge target
C030,IDENTICAL_CONTENT_DIFFERENT_PRODUCTS,sha256:3aaaa538c7e8aa16,136725102908,power-plate-pro-5-power-shield-black-new,Power Plate pro5 Power Shield - Black (New),2025-03-11T10:28:54Z,2,product_title|warranty_info,1,power-plate-pro5-power-shield-black-new,ACTIVE,product_title,n/a - not a merge target
C030,IDENTICAL_CONTENT_DIFFERENT_PRODUCTS,sha256:3aaaa538c7e8aa16,136725299516,power-plate-personal-stability-bar-new,Power Plate Personal Stability Bar (New),2025-03-11T10:36:59Z,2,product_title|warranty_info,1,power-plate-personal-stability-bar-new,ACTIVE,product_title,n/a - not a merge target
C031,IDENTICAL_CONTENT_DIFFERENT_PRODUCTS,sha256:8ff1e51d9a59f7ad,136723300668,body-solid-bstmb-10-10-lbs-medicine-ball-blue-new,Body Solid BSTMB10 10 lbs. Medicine Ball - Blue (New),2025-03-11T10:07:17Z,3,product_title|features|warranty_info,1,body-solid-bstmb10-10-lbs-medicine-ball-blue-new,ARCHIVED,product_title,n/a - not a merge target
C031,IDENTICAL_CONTENT_DIFFERENT_PRODUCTS,sha256:8ff1e51d9a59f7ad,136723497276,body-solid-bstmb-12-12-lbs-medicine-ball-black-new,Body Solid BSTMB12 12 lbs. Medicine Ball - Black (New),2025-03-11T10:11:05Z,3,product_title|features|warranty_info,1,body-solid-bstmb12-12-lbs-medicine-ball-black-new,ARCHIVED,product_title,n/a - not a merge target
C031,IDENTICAL_CONTENT_DIFFERENT_PRODUCTS,sha256:8ff1e51d9a59f7ad,136723693884,body-solid-bstmb-14-14-lbs-medicine-ball-orange-new,Body Solid BSTMB14 14 lbs. Medicine Ball - Orange (New),2025-03-11T10:14:16Z,3,product_title|features|warranty_info,1,body-solid-bstmb14-14-lbs-medicine-ball-orange-new,ARCHIVED,product_title,n/a - not a merge target
C031,IDENTICAL_CONTENT_DIFFERENT_PRODUCTS,sha256:8ff1e51d9a59f7ad,136723988796,body-solid-bstmb-16-16-lbs-medicine-ball-green-new,Body Solid BSTMB16 16 lbs. Medicine Ball - Green (New),2025-03-11T10:16:53Z,3,product_title|features|warranty_info,1,body-solid-bstmb16-16-lbs-medicine-ball-green-new,ARCHIVED,product_title,n/a - not a merge target
C031,IDENTICAL_CONTENT_DIFFERENT_PRODUCTS,sha256:8ff1e51d9a59f7ad,136724152636,body-solid-bstmb-2-2-lbs-medicine-ball-lt-purple-new,Body Solid BSTMB2 2 lbs. Medicine Ball - Lt. Purple (New),2025-03-11T10:19:23Z,3,product_title|features|warranty_info,1,body-solid-bstmb2-2-lbs-medicine-ball-lt-purple-new,ARCHIVED,product_title,n/a - not a merge target
C031,IDENTICAL_CONTENT_DIFFERENT_PRODUCTS,sha256:8ff1e51d9a59f7ad,136724513084,body-solid-bstmb-20-20-lbs-medicine-ball-blue-new,Body Solid BSTMB20 20 lbs. Medicine Ball - Blue (New),2025-03-11T10:21:57Z,3,product_title|features|warranty_info,1,body-solid-bstmb20-20-lbs-medicine-ball-blue-new,ARCHIVED,product_title,n/a - not a merge target
C031,IDENTICAL_CONTENT_DIFFERENT_PRODUCTS,sha256:8ff1e51d9a59f7ad,136724807996,body-solid-bstmb-25-25-lbs-medicine-ball-black-new,Body Solid BSTMB25 25 lbs. Medicine Ball - Black (New),2025-03-11T10:24:06Z,3,product_title|features|warranty_info,1,body-solid-bstmb25-25-lbs-medicine-ball-black-new,ARCHIVED,product_title,n/a - not a merge target
C031,IDENTICAL_CONTENT_DIFFERENT_PRODUCTS,sha256:8ff1e51d9a59f7ad,136724939068,body-solid-bstmb-30-30-lbs-medicine-ball-black-new,Body Solid BSTMB30 30 lbs. Medicine Ball - Black (New),2025-03-11T10:26:45Z,3,product_title|features|warranty_info,1,body-solid-bstmb30-30-lbs-medicine-ball-black-new,ARCHIVED,product_title,n/a - not a merge target
C031,IDENTICAL_CONTENT_DIFFERENT_PRODUCTS,sha256:8ff1e51d9a59f7ad,136725561660,body-solid-bstmb-4-4-lbs-medicine-ball-yellow-new,Body Solid BSTMB4 4 lbs. Medicine Ball - Yellow (New),2025-03-11T10:43:32Z,3,product_title|features|warranty_info,1,body-solid-bstmb4-4-lbs-medicine-ball-yellow-new,ARCHIVED,product_title,n/a - not a merge target
C032,IDENTICAL_CONTENT_DIFFERENT_PRODUCTS,sha256:a11ffaf479427f86,136726741308,french-fitness-urethane-8-sided-hex-dumbbell-17-5-lbs-single-new,French Fitness Urethane 8 Sided Hex Dumbbell 17.5 lbs - Single (New),2026-03-05T14:40:18Z,5,product_title|features|tech_specs|other_tech_specs|warranty_info,1,french-fitness-urethane-8-sided-hex-dumbbell-17-5-lbs-single-new,ACTIVE,product_title,n/a - not a merge target
C032,IDENTICAL_CONTENT_DIFFERENT_PRODUCTS,sha256:a11ffaf479427f86,136726937916,french-fitness-urethane-8-sided-hex-dumbbell-20-lbs-single-new,French Fitness Urethane 8 Sided Hex Dumbbell 20 lbs - Single (New),2026-03-05T14:41:58Z,5,product_title|features|tech_specs|other_tech_specs|warranty_info,1,french-fitness-urethane-8-sided-hex-dumbbell-20-lbs-single-new,ACTIVE,product_title,n/a - not a merge target
C033,IDENTICAL_CONTENT_DIFFERENT_PRODUCTS,sha256:589e3d60649ac634,136727298364,french-fitness-urethane-8-sided-hex-dumbbell-22-5-lbs-single-new,French Fitness Urethane 8 Sided Hex Dumbbell 22.5 lbs - Single (New),2026-03-05T14:43:29Z,5,product_title|features|tech_specs|other_tech_specs|warranty_info,1,french-fitness-urethane-8-sided-hex-dumbbell-22-5-lbs-single-new,ACTIVE,product_title,n/a - not a merge target
C033,IDENTICAL_CONTENT_DIFFERENT_PRODUCTS,sha256:589e3d60649ac634,136727593276,french-fitness-urethane-8-sided-hex-dumbbell-25-lbs-single-new,French Fitness Urethane 8 Sided Hex Dumbbell 25 lbs - Single (New),2026-03-05T14:44:40Z,5,product_title|features|tech_specs|other_tech_specs|warranty_info,1,french-fitness-urethane-8-sided-hex-dumbbell-25-lbs-single-new,ACTIVE,product_title,n/a - not a merge target
C034,IDENTICAL_CONTENT_DIFFERENT_PRODUCTS,sha256:e05d09bc4f462d29,136788312380,body-solid-kbc-10-10-lbs-premium-kettlebell-new,Body Solid KBC10 10 lbs. Premium Kettlebell (New),2025-03-11T19:20:51Z,3,product_title|features|warranty_info,1,body-solid-kbc10-10-lbs-premium-kettlebell-new,ARCHIVED,product_title,n/a - not a merge target
C034,IDENTICAL_CONTENT_DIFFERENT_PRODUCTS,sha256:e05d09bc4f462d29,136788476220,body-solid-kbc-15-15-lb-premium-kettlebell-new,Body Solid KBC15 15 lb. Premium Kettlebell (New),2025-03-11T19:24:08Z,3,product_title|features|warranty_info,1,body-solid-kbc15-15-lb-premium-kettlebell-new,ARCHIVED,product_title,n/a - not a merge target
C034,IDENTICAL_CONTENT_DIFFERENT_PRODUCTS,sha256:e05d09bc4f462d29,136788607292,body-solid-kbc-20-20-lbs-premium-kettlebell-new,Body Solid KBC20 20 lbs. Premium Kettlebell (New),2025-03-11T19:26:35Z,3,product_title|features|warranty_info,1,body-solid-kbc20-20-lbs-premium-kettlebell-new,ARCHIVED,product_title,n/a - not a merge target
C034,IDENTICAL_CONTENT_DIFFERENT_PRODUCTS,sha256:e05d09bc4f462d29,136788967740,body-solid-kbc-25-25-lbs-premium-kettlebell-new,Body Solid KBC25 25 lbs. Premium Kettlebell (New),2025-03-11T19:33:55Z,3,product_title|features|warranty_info,1,body-solid-kbc25-25-lbs-premium-kettlebell-new,ARCHIVED,product_title,n/a - not a merge target
C034,IDENTICAL_CONTENT_DIFFERENT_PRODUCTS,sha256:e05d09bc4f462d29,136789328188,body-solid-kbc-30-30-lbs-premium-kettlebell-new,Body Solid KBC30 30 lbs. Premium Kettlebell (New),2025-03-11T19:36:34Z,3,product_title|features|warranty_info,1,body-solid-kbc30-30-lbs-premium-kettlebell-new,ARCHIVED,product_title,n/a - not a merge target
C034,IDENTICAL_CONTENT_DIFFERENT_PRODUCTS,sha256:e05d09bc4f462d29,136790180156,body-solid-kbc-45-45-lbs-premium-kettlebell-new,Body Solid KBC45 45 lbs. Premium Kettlebell (New),2025-03-11T19:48:07Z,3,product_title|features|warranty_info,1,body-solid-kbc45-45-lbs-premium-kettlebell-new,ARCHIVED,product_title,n/a - not a merge target
C034,IDENTICAL_CONTENT_DIFFERENT_PRODUCTS,sha256:e05d09bc4f462d29,136790343996,body-solid-kbc-5-5-lbs-premium-kettlebell-new,Body Solid KBC5 5 lbs. Premium Kettlebell (New),2025-03-11T19:50:27Z,3,product_title|features|warranty_info,1,body-solid-kbc5-5-lbs-premium-kettlebell-new,ARCHIVED,product_title,n/a - not a merge target
C034,IDENTICAL_CONTENT_DIFFERENT_PRODUCTS,sha256:e05d09bc4f462d29,136790475068,body-solid-kbc-50-50-lbs-premium-kettlebell-new,Body Solid KBC50 50 lbs. Premium Kettlebell (New),2025-03-11T19:52:33Z,3,product_title|features|warranty_info,1,body-solid-kbc50-50-lbs-premium-kettlebell-new,ARCHIVED,product_title,n/a - not a merge target
C034,IDENTICAL_CONTENT_DIFFERENT_PRODUCTS,sha256:e05d09bc4f462d29,136790573372,body-solid-kbc-55-55-lbs-premium-kettlebell-new,Body Solid KBC55 55 lbs. Premium Kettlebell (New),2025-03-11T19:55:17Z,3,product_title|features|warranty_info,1,body-solid-kbc55-55-lbs-premium-kettlebell-new,ARCHIVED,product_title,n/a - not a merge target
C035,IDENTICAL_CONTENT_DIFFERENT_PRODUCTS,sha256:73da45629e173ddb,138185998652,body-solid-sdp-10-rubber-round-dumbbell-10-lbs-new,Body Solid SDP10 Rubber Round Dumbbell 10 lbs. (New),2025-03-13T02:37:30Z,4,product_title|features|tech_specs|warranty_info,1,body-solid-sdp10-rubber-round-dumbbell-10-lbs-new,ARCHIVED,product_title,n/a - not a merge target
C035,IDENTICAL_CONTENT_DIFFERENT_PRODUCTS,sha256:73da45629e173ddb,138188063036,body-solid-sdp-5-rubber-round-dumbbell-5-lbs-new,Body Solid SDP5 Rubber Round Dumbbell 5 lbs. (New),2025-03-13T02:58:45Z,4,product_title|features|tech_specs|warranty_info,1,body-solid-sdp5-rubber-round-dumbbell-5-lbs-new,ARCHIVED,product_title,n/a - not a merge target
C036,IDENTICAL_CONTENT_DIFFERENT_PRODUCTS,sha256:91e9508acdbbd558,138186162492,body-solid-sdp-15-rubber-round-dumbbell-15-lbs-new,Body Solid SDP15 Rubber Round Dumbbell 15 lbs. (New),2025-03-13T02:40:25Z,4,product_title|features|tech_specs|warranty_info,1,body-solid-sdp15-rubber-round-dumbbell-15-lbs-new,ARCHIVED,product_title,n/a - not a merge target
C036,IDENTICAL_CONTENT_DIFFERENT_PRODUCTS,sha256:91e9508acdbbd558,138186522940,body-solid-sdp-25-rubber-round-dumbbell-25-lbs-new,Body Solid SDP25 Rubber Round Dumbbell 25 lbs. (New),2025-03-13T02:46:33Z,4,product_title|features|tech_specs|warranty_info,1,body-solid-sdp25-rubber-round-dumbbell-25-lbs-new,ARCHIVED,product_title,n/a - not a merge target
C037,IDENTICAL_CONTENT_DIFFERENT_PRODUCTS,sha256:1e6d34cbd1c3fdbd,138191536444,body-solid-sdr-10-rubber-coated-hex-dumbbell-10-lbs-new,Body Solid SDR10 Rubber Coated Hex Dumbbell 10 lbs. (New),2025-03-13T03:50:28Z,2,product_title|warranty_info,1,body-solid-sdr10-rubber-coated-hex-dumbbell-10-lbs-new,ARCHIVED,product_title,n/a - not a merge target
C037,IDENTICAL_CONTENT_DIFFERENT_PRODUCTS,sha256:1e6d34cbd1c3fdbd,138194452796,body-solid-sdr-100-rubber-coated-hex-dumbbell-100-lbs-new,Body Solid SDR100 Rubber Coated Hex Dumbbell 100 lbs. (New),2025-03-13T05:21:32Z,2,product_title|warranty_info,1,body-solid-sdr100-rubber-coated-hex-dumbbell-100-lbs-new,ARCHIVED,product_title,n/a - not a merge target
C037,IDENTICAL_CONTENT_DIFFERENT_PRODUCTS,sha256:1e6d34cbd1c3fdbd,138194551100,body-solid-sdr-105-rubber-coated-hex-dumbbell-105-lbs-new,Body Solid SDR105 Rubber Coated Hex Dumbbell 105 lbs. (New),2025-03-13T05:22:34Z,2,product_title|warranty_info,1,body-solid-sdr105-rubber-coated-hex-dumbbell-105-lbs-new,ARCHIVED,product_title,n/a - not a merge target
C037,IDENTICAL_CONTENT_DIFFERENT_PRODUCTS,sha256:1e6d34cbd1c3fdbd,138194583868,body-solid-sdr-110-rubber-coated-hex-dumbbell-110-lbs-new,Body Solid SDR110 Rubber Coated Hex Dumbbell 110 lbs. (New),2025-03-13T05:23:31Z,2,product_title|warranty_info,1,body-solid-sdr110-rubber-coated-hex-dumbbell-110-lbs-new,ARCHIVED,product_title,n/a - not a merge target
C037,IDENTICAL_CONTENT_DIFFERENT_PRODUCTS,sha256:1e6d34cbd1c3fdbd,138194682172,body-solid-sdr-115-rubber-coated-hex-dumbbell-115-lbs-new,Body Solid SDR115 Rubber Coated Hex Dumbbell 115 lbs. (New),2025-03-13T05:24:41Z,2,product_title|warranty_info,1,body-solid-sdr115-rubber-coated-hex-dumbbell-115-lbs-new,ARCHIVED,product_title,n/a - not a merge target
C037,IDENTICAL_CONTENT_DIFFERENT_PRODUCTS,sha256:1e6d34cbd1c3fdbd,138205692220,body-solid-sdr-12-rubber-coated-hex-dumbbell-12-lbs-new,Body Solid SDR12 Rubber Coated Hex Dumbbell 12 lbs. (New),2025-03-13T08:18:58Z,2,product_title|warranty_info,1,body-solid-sdr12-rubber-coated-hex-dumbbell-12-lbs-new,ARCHIVED,product_title,n/a - not a merge target
C037,IDENTICAL_CONTENT_DIFFERENT_PRODUCTS,sha256:1e6d34cbd1c3fdbd,138205724988,body-solid-sdr-120-rubber-coated-hex-dumbbell-120-lbs-new,Body Solid SDR120 Rubber Coated Hex Dumbbell 120 lbs. (New),2025-03-13T08:19:59Z,2,product_title|warranty_info,1,body-solid-sdr120-rubber-coated-hex-dumbbell-120-lbs-new,ARCHIVED,product_title,n/a - not a merge target
C037,IDENTICAL_CONTENT_DIFFERENT_PRODUCTS,sha256:1e6d34cbd1c3fdbd,138205790524,body-solid-sdr-15-rubber-coated-hex-dumbbell-15-lbs-new,Body Solid SDR15 Rubber Coated Hex Dumbbell 15 lbs. (New),2025-03-13T08:20:50Z,2,product_title|warranty_info,1,body-solid-sdr15-rubber-coated-hex-dumbbell-15-lbs-new,ARCHIVED,product_title,n/a - not a merge target
C037,IDENTICAL_CONTENT_DIFFERENT_PRODUCTS,sha256:1e6d34cbd1c3fdbd,138205823292,body-solid-sdr-20-rubber-coated-hex-dumbbell-20-lbs-new,Body Solid SDR20 Rubber Coated Hex Dumbbell 20 lbs. (New),2025-03-13T08:21:53Z,2,product_title|warranty_info,1,body-solid-sdr20-rubber-coated-hex-dumbbell-20-lbs-new,ARCHIVED,product_title,n/a - not a merge target
C037,IDENTICAL_CONTENT_DIFFERENT_PRODUCTS,sha256:1e6d34cbd1c3fdbd,138205888828,body-solid-sdr-25-rubber-coated-hex-dumbbell-25-lbs-new,Body Solid SDR25 Rubber Coated Hex Dumbbell 25 lbs. (New),2025-03-13T08:23:10Z,2,product_title|warranty_info,1,body-solid-sdr25-rubber-coated-hex-dumbbell-25-lbs-new,ARCHIVED,product_title,n/a - not a merge target
C037,IDENTICAL_CONTENT_DIFFERENT_PRODUCTS,sha256:1e6d34cbd1c3fdbd,138205921596,body-solid-sdr-3-rubber-coated-hex-dumbbell-3-lbs-new,Body Solid SDR3 Rubber Coated Hex Dumbbell 3 lbs. (New),2025-03-13T08:24:10Z,2,product_title|warranty_info,1,body-solid-sdr3-rubber-coated-hex-dumbbell-3-lbs-new,ARCHIVED,product_title,n/a - not a merge target
C037,IDENTICAL_CONTENT_DIFFERENT_PRODUCTS,sha256:1e6d34cbd1c3fdbd,138205954364,body-solid-sdr-30-rubber-coated-hex-dumbbell-30-lbs-new,Body Solid SDR30 Rubber Coated Hex Dumbbell 30 lbs. (New),2025-03-13T08:25:18Z,2,product_title|warranty_info,1,body-solid-sdr30-rubber-coated-hex-dumbbell-30-lbs-new,ARCHIVED,product_title,n/a - not a merge target
C037,IDENTICAL_CONTENT_DIFFERENT_PRODUCTS,sha256:1e6d34cbd1c3fdbd,138205987132,body-solid-sdr-35-rubber-coated-hex-dumbbell-35-lbs-new,Body Solid SDR35 Rubber Coated Hex Dumbbell 35 lbs. (New),2025-03-13T08:27:01Z,2,product_title|warranty_info,1,body-solid-sdr35-rubber-coated-hex-dumbbell-35-lbs-new,ARCHIVED,product_title,n/a - not a merge target
C037,IDENTICAL_CONTENT_DIFFERENT_PRODUCTS,sha256:1e6d34cbd1c3fdbd,138206019900,body-solid-sdr-40-rubber-coated-hex-dumbbell-40-lbs-new,Body Solid SDR40 Rubber Coated Hex Dumbbell 40 lbs. (New),2025-03-13T08:28:08Z,2,product_title|warranty_info,1,body-solid-sdr40-rubber-coated-hex-dumbbell-40-lbs-new,ARCHIVED,product_title,n/a - not a merge target
C037,IDENTICAL_CONTENT_DIFFERENT_PRODUCTS,sha256:1e6d34cbd1c3fdbd,138206150972,body-solid-sdr-45-rubber-coated-hex-dumbbell-45-lbs-new,Body Solid SDR45 Rubber Coated Hex Dumbbell 45 lbs. (New),2025-03-13T08:29:41Z,2,product_title|warranty_info,1,body-solid-sdr45-rubber-coated-hex-dumbbell-45-lbs-new,ARCHIVED,product_title,n/a - not a merge target
C037,IDENTICAL_CONTENT_DIFFERENT_PRODUCTS,sha256:1e6d34cbd1c3fdbd,138206183740,body-solid-sdr-5-rubber-coated-hex-dumbbell-5-lbs-new,Body Solid SDR5 Rubber Coated Hex Dumbbell 5 lbs. (New),2025-03-13T08:30:49Z,2,product_title|warranty_info,1,body-solid-sdr5-rubber-coated-hex-dumbbell-5-lbs-new,ARCHIVED,product_title,n/a - not a merge target
C037,IDENTICAL_CONTENT_DIFFERENT_PRODUCTS,sha256:1e6d34cbd1c3fdbd,138206282044,body-solid-sdr-50-rubber-coated-hex-dumbbell-50-lbs-new,Body Solid SDR50 Rubber Coated Hex Dumbbell 50 lbs. (New),2025-03-13T08:32:43Z,2,product_title|warranty_info,1,body-solid-sdr50-rubber-coated-hex-dumbbell-50-lbs-new,ARCHIVED,product_title,n/a - not a merge target
C037,IDENTICAL_CONTENT_DIFFERENT_PRODUCTS,sha256:1e6d34cbd1c3fdbd,138206347580,body-solid-sdr-55-rubber-coated-hex-dumbbell-55-lbs-new,Body Solid SDR55 Rubber Coated Hex Dumbbell 55 lbs. (New),2025-03-13T08:33:32Z,2,product_title|warranty_info,1,body-solid-sdr55-rubber-coated-hex-dumbbell-55-lbs-new,ARCHIVED,product_title,n/a - not a merge target
C037,IDENTICAL_CONTENT_DIFFERENT_PRODUCTS,sha256:1e6d34cbd1c3fdbd,138206413116,body-solid-sdr-60-rubber-coated-hex-dumbbell-60-lbs-new,Body Solid SDR60 Rubber Coated Hex Dumbbell 60 lbs. (New),2025-03-13T08:34:25Z,2,product_title|warranty_info,1,body-solid-sdr60-rubber-coated-hex-dumbbell-60-lbs-new,ARCHIVED,product_title,n/a - not a merge target
C037,IDENTICAL_CONTENT_DIFFERENT_PRODUCTS,sha256:1e6d34cbd1c3fdbd,138206445884,body-solid-sdr-65-rubber-coated-hex-dumbbell-65-lbs-new,Body Solid SDR65 Rubber Coated Hex Dumbbell 65 lbs. (New),2025-03-13T08:35:37Z,2,product_title|warranty_info,1,body-solid-sdr65-rubber-coated-hex-dumbbell-65-lbs-new,ARCHIVED,product_title,n/a - not a merge target
C037,IDENTICAL_CONTENT_DIFFERENT_PRODUCTS,sha256:1e6d34cbd1c3fdbd,138206478652,body-solid-sdr-70-rubber-coated-hex-dumbbell-70-lbs-new,Body Solid SDR70 Rubber Coated Hex Dumbbell 70 lbs. (New),2025-03-13T08:36:57Z,2,product_title|warranty_info,1,body-solid-sdr70-rubber-coated-hex-dumbbell-70-lbs-new,ARCHIVED,product_title,n/a - not a merge target
C037,IDENTICAL_CONTENT_DIFFERENT_PRODUCTS,sha256:1e6d34cbd1c3fdbd,138206511420,body-solid-sdr-75-rubber-coated-hex-dumbbell-75-lbs-new,Body Solid SDR75 Rubber Coated Hex Dumbbell 75 lbs. (New),2025-03-13T08:37:54Z,2,product_title|warranty_info,1,body-solid-sdr75-rubber-coated-hex-dumbbell-75-lbs-new,ARCHIVED,product_title,n/a - not a merge target
C037,IDENTICAL_CONTENT_DIFFERENT_PRODUCTS,sha256:1e6d34cbd1c3fdbd,138206544188,body-solid-sdr-8-rubber-coated-hex-dumbbell-8-lbs-new,Body Solid SDR8 Rubber Coated Hex Dumbbell 8 lbs. (New),2025-03-13T08:39:14Z,2,product_title|warranty_info,1,body-solid-sdr8-rubber-coated-hex-dumbbell-8-lbs-new,ARCHIVED,product_title,n/a - not a merge target
C037,IDENTICAL_CONTENT_DIFFERENT_PRODUCTS,sha256:1e6d34cbd1c3fdbd,138206609724,body-solid-sdr-80-rubber-coated-hex-dumbbell-80-lbs-new,Body Solid SDR80 Rubber Coated Hex Dumbbell 80 lbs. (New),2025-03-13T08:40:47Z,2,product_title|warranty_info,1,body-solid-sdr80-rubber-coated-hex-dumbbell-80-lbs-new,ARCHIVED,product_title,n/a - not a merge target
C037,IDENTICAL_CONTENT_DIFFERENT_PRODUCTS,sha256:1e6d34cbd1c3fdbd,138206642492,body-solid-sdr-85-rubber-coated-hex-dumbbell-85-lbs-new,Body Solid SDR85 Rubber Coated Hex Dumbbell 85 lbs. (New),2025-03-13T08:42:01Z,2,product_title|warranty_info,1,body-solid-sdr85-rubber-coated-hex-dumbbell-85-lbs-new,ARCHIVED,product_title,n/a - not a merge target
C037,IDENTICAL_CONTENT_DIFFERENT_PRODUCTS,sha256:1e6d34cbd1c3fdbd,138206675260,body-solid-sdr-90-rubber-coated-hex-dumbbell-90-lbs-new,Body Solid SDR90 Rubber Coated Hex Dumbbell 90 lbs. (New),2025-03-13T08:43:18Z,2,product_title|warranty_info,1,body-solid-sdr90-rubber-coated-hex-dumbbell-90-lbs-new,ARCHIVED,product_title,n/a - not a merge target
C037,IDENTICAL_CONTENT_DIFFERENT_PRODUCTS,sha256:1e6d34cbd1c3fdbd,138206773564,body-solid-sdr-95-rubber-coated-hex-dumbbell-95-lbs-new,Body Solid SDR95 Rubber Coated Hex Dumbbell 95 lbs. (New),2025-03-13T08:44:19Z,2,product_title|warranty_info,1,body-solid-sdr95-rubber-coated-hex-dumbbell-95-lbs-new,ARCHIVED,product_title,n/a - not a merge target
C037,IDENTICAL_CONTENT_DIFFERENT_PRODUCTS,sha256:1e6d34cbd1c3fdbd,138220044604,body-solid-sdx-10-hex-dumbbell-10-lbs-sdx-10-new,Body Solid SDX10 Hex Dumbbell 10 lbs. SDX10 (New),2025-03-13T13:39:26Z,2,product_title|warranty_info,1,body-solid-sdx10-hex-dumbbell-10-lbs-sdx10-new,ARCHIVED,product_title,n/a - not a merge target
C037,IDENTICAL_CONTENT_DIFFERENT_PRODUCTS,sha256:1e6d34cbd1c3fdbd,138220208444,body-solid-sdx-12-hex-dumbbell-12-lbs-new,Body Solid SDX12 Hex Dumbbell 12 lbs. (New),2025-03-13T13:40:20Z,2,product_title|warranty_info,1,body-solid-sdx12-hex-dumbbell-12-lbs-new,ARCHIVED,product_title,n/a - not a merge target
C037,IDENTICAL_CONTENT_DIFFERENT_PRODUCTS,sha256:1e6d34cbd1c3fdbd,138220339516,body-solid-sdx-15-hex-dumbbell-15-lbs-new,Body Solid SDX15 Hex Dumbbell 15 lbs. (New),2025-03-13T13:42:15Z,2,product_title|warranty_info,1,body-solid-sdx15-hex-dumbbell-15-lbs-new,ARCHIVED,product_title,n/a - not a merge target
C037,IDENTICAL_CONTENT_DIFFERENT_PRODUCTS,sha256:1e6d34cbd1c3fdbd,138220405052,body-solid-sdx-2-hex-dumbbell-2-lbs-new,Body Solid SDX2 Hex Dumbbell 2 lbs. (New),2025-03-13T13:43:12Z,2,product_title|warranty_info,1,body-solid-sdx2-hex-dumbbell-2-lbs-new,ARCHIVED,product_title,n/a - not a merge target
C037,IDENTICAL_CONTENT_DIFFERENT_PRODUCTS,sha256:1e6d34cbd1c3fdbd,138220437820,body-solid-sdx-20-hex-dumbbell-20-lbs-sdx-20-new,Body Solid SDX20 Hex Dumbbell 20 lbs. SDX20 (New),2025-03-13T13:44:41Z,2,product_title|warranty_info,1,body-solid-sdx20-hex-dumbbell-20-lbs-sdx20-new,ARCHIVED,product_title,n/a - not a merge target
C037,IDENTICAL_CONTENT_DIFFERENT_PRODUCTS,sha256:1e6d34cbd1c3fdbd,138220699964,body-solid-sdx-25-hex-dumbbell-25-lbs-sdx-25-new,Body Solid SDX25 Hex Dumbbell 25 lbs. SDX25 (New),2025-03-13T13:49:24Z,2,product_title|warranty_info,1,body-solid-sdx25-hex-dumbbell-25-lbs-sdx25-new,ARCHIVED,product_title,n/a - not a merge target
C037,IDENTICAL_CONTENT_DIFFERENT_PRODUCTS,sha256:1e6d34cbd1c3fdbd,138220765500,body-solid-sdx-3-hex-dumbbell-3-lbs-new,Body Solid SDX3 Hex Dumbbell 3 lbs. (New),2025-03-13T13:51:31Z,2,product_title|warranty_info,1,body-solid-sdx3-hex-dumbbell-3-lbs-new,ARCHIVED,product_title,n/a - not a merge target
C037,IDENTICAL_CONTENT_DIFFERENT_PRODUCTS,sha256:1e6d34cbd1c3fdbd,138220962108,body-solid-sdx-5-hex-dumbbell-5-lbs-sdx-5-new,Body Solid SDX5 Hex Dumbbell 5 lbs. SDX5 (New),2025-03-13T13:53:48Z,2,product_title|warranty_info,1,body-solid-sdx5-hex-dumbbell-5-lbs-sdx5-new,ARCHIVED,product_title,n/a - not a merge target
C037,IDENTICAL_CONTENT_DIFFERENT_PRODUCTS,sha256:1e6d34cbd1c3fdbd,138220994876,body-solid-sdx-8-hex-dumbbell-8-lbs-new,Body Solid SDX8 Hex Dumbbell 8 lbs. (New),2025-03-13T13:54:43Z,2,product_title|warranty_info,1,body-solid-sdx8-hex-dumbbell-8-lbs-new,ARCHIVED,product_title,n/a - not a merge target
C038,IDENTICAL_CONTENT_DIFFERENT_PRODUCTS,sha256:a8537105fce7ec5a,138199826748,body-solid-obpb-10-olympic-rubber-bumper-plate-10-lbs-new,Body Solid OBPB10 Olympic Rubber Bumper Plate - 10 lbs. (New),2025-03-13T06:18:48Z,4,product_title|features|tech_specs|warranty_info,1,body-solid-obpb10-olympic-rubber-bumper-plate-10-lbs-new,ARCHIVED,product_title,n/a - not a merge target
C038,IDENTICAL_CONTENT_DIFFERENT_PRODUCTS,sha256:a8537105fce7ec5a,138200613180,body-solid-obpb-25-olympic-rubber-bumper-plate-25-lbs-new,Body Solid OBPB25 Olympic Rubber Bumper Plate - 25 lbs. (New),2025-03-13T06:28:01Z,4,product_title|features|tech_specs|warranty_info,1,body-solid-obpb25-olympic-rubber-bumper-plate-25-lbs-new,ARCHIVED,product_title,n/a - not a merge target
C038,IDENTICAL_CONTENT_DIFFERENT_PRODUCTS,sha256:a8537105fce7ec5a,138200645948,body-solid-obpb-35-olympic-rubber-bumper-plate-35-lbs-new,Body Solid OBPB35 Olympic Rubber Bumper Plate - 35 lbs. (New),2025-03-13T06:30:59Z,4,product_title|features|tech_specs|warranty_info,1,body-solid-obpb35-olympic-rubber-bumper-plate-35-lbs-new,ARCHIVED,product_title,n/a - not a merge target
C038,IDENTICAL_CONTENT_DIFFERENT_PRODUCTS,sha256:a8537105fce7ec5a,138200711484,body-solid-obpb-45-olympic-rubber-bumper-plate-45-lbs-new,Body Solid OBPB45 Olympic Rubber Bumper Plate - 45 lbs. (New),2025-03-13T06:33:17Z,4,product_title|features|tech_specs|warranty_info,1,body-solid-obpb45-olympic-rubber-bumper-plate-45-lbs-new,ARCHIVED,product_title,n/a - not a merge target
C039,IDENTICAL_CONTENT_DIFFERENT_PRODUCTS,sha256:93ea9a1571d3ea13,138221945148,body-solid-bsthrb-40-40-lbs-heavy-rubber-ball-green-new,Body-Solid BSTHRB40 40 lbs. Heavy Rubber Ball - Green (New),2025-03-13T14:09:56Z,4,product_title|features|tech_specs|warranty_info,1,body-solid-bsthrb40-40-lbs-heavy-rubber-ball-green-new,ACTIVE,product_title,n/a - not a merge target
C039,IDENTICAL_CONTENT_DIFFERENT_PRODUCTS,sha256:93ea9a1571d3ea13,138222240060,body-solid-bsthrb-50-50-lbs-heavy-rubber-ball-red-new,Body-Solid BSTHRB50 50 lbs. Heavy Rubber Ball - Red (New),2025-03-13T14:12:20Z,4,product_title|features|tech_specs|warranty_info,1,body-solid-bsthrb50-50-lbs-heavy-rubber-ball-red-new,ACTIVE,product_title,n/a - not a merge target
C040,IDENTICAL_CONTENT_DIFFERENT_PRODUCTS,sha256:c97cb220eafff92e,138222305596,body-solid-bsthrb-60-60-lbs-heavy-rubber-ball-blue-new,Body-Solid BSTHRB60 60 lbs. Heavy Rubber Ball - Blue (New),2025-03-13T14:13:56Z,4,product_title|features|tech_specs|warranty_info,1,body-solid-bsthrb60-60-lbs-heavy-rubber-ball-blue-new,ARCHIVED,product_title,n/a - not a merge target
C040,IDENTICAL_CONTENT_DIFFERENT_PRODUCTS,sha256:c97cb220eafff92e,138222469436,body-solid-bsthrb-70-70-lbs-heavy-rubber-ball-gray-new,Body-Solid BSTHRB70 70 lbs. Heavy Rubber Ball - Gray (New),2025-03-13T14:17:13Z,4,product_title|features|tech_specs|warranty_info,1,body-solid-bsthrb70-70-lbs-heavy-rubber-ball-gray-new,ARCHIVED,product_title,n/a - not a merge target
C041,IDENTICAL_CONTENT_DIFFERENT_PRODUCTS,sha256:919ec55f3072631a,149477163324,french-fitness-urethane-round-pro-style-dumbbell-v2-10-lbs-single-new,French Fitness Urethane Round Pro Style Dumbbell V2 10 lbs - Single (New),2026-03-04T14:22:54Z,4,product_title|features|other_tech_specs|warranty_info,1,french-fitness-urethane-round-pro-style-dumbbell-v2-10-lbs-single-new,ACTIVE,product_title,n/a - not a merge target
C041,IDENTICAL_CONTENT_DIFFERENT_PRODUCTS,sha256:919ec55f3072631a,149492957500,french-fitness-urethane-round-pro-style-dumbbell-v2-15-lbs-single-new,French Fitness Urethane Round Pro Style Dumbbell V2 15 lbs - Single (New),2026-03-05T13:37:29Z,4,product_title|features|other_tech_specs|warranty_info,1,french-fitness-urethane-round-pro-style-dumbbell-v2-15-lbs-single-new,ACTIVE,product_title,n/a - not a merge target
C041,IDENTICAL_CONTENT_DIFFERENT_PRODUCTS,sha256:919ec55f3072631a,149889220924,french-fitness-urethane-round-pro-style-dumbbell-v2-20-lbs-single-new,French Fitness Urethane Round Pro Style Dumbbell V2 20 lbs - Single (New),2026-03-05T13:39:33Z,4,product_title|features|other_tech_specs|warranty_info,1,french-fitness-urethane-round-pro-style-dumbbell-v2-20-lbs-single-new,ACTIVE,product_title,n/a - not a merge target
C041,IDENTICAL_CONTENT_DIFFERENT_PRODUCTS,sha256:919ec55f3072631a,149892432188,french-fitness-urethane-round-pro-style-dumbbell-v2-25-lbs-single-new,French Fitness Urethane Round Pro Style Dumbbell V2 25 lbs - Single (New),2026-03-05T13:41:07Z,4,product_title|features|other_tech_specs|warranty_info,1,french-fitness-urethane-round-pro-style-dumbbell-v2-25-lbs-single-new,ACTIVE,product_title,n/a - not a merge target
C041,IDENTICAL_CONTENT_DIFFERENT_PRODUCTS,sha256:919ec55f3072631a,149895545148,french-fitness-urethane-round-pro-style-dumbbell-v2-30-lbs-single-new,French Fitness Urethane Round Pro Style Dumbbell V2 30 lbs - Single (New),2026-03-05T13:43:07Z,4,product_title|features|other_tech_specs|warranty_info,1,french-fitness-urethane-round-pro-style-dumbbell-v2-30-lbs-single-new,ACTIVE,product_title,n/a - not a merge target
C041,IDENTICAL_CONTENT_DIFFERENT_PRODUCTS,sha256:919ec55f3072631a,149909602620,french-fitness-urethane-round-pro-style-dumbbell-v2-35-lbs-single-new,French Fitness Urethane Round Pro Style Dumbbell V2 35 lbs - Single (New),2026-03-05T13:45:22Z,4,product_title|features|other_tech_specs|warranty_info,1,french-fitness-urethane-round-pro-style-dumbbell-v2-35-lbs-single-new,ACTIVE,product_title,n/a - not a merge target
C041,IDENTICAL_CONTENT_DIFFERENT_PRODUCTS,sha256:919ec55f3072631a,149936865596,french-fitness-urethane-round-pro-style-dumbbell-v2-40-lbs-single-new,French Fitness Urethane Round Pro Style Dumbbell V2 40 lbs - Single (New),2026-03-05T13:47:21Z,4,product_title|features|other_tech_specs|warranty_info,1,french-fitness-urethane-round-pro-style-dumbbell-v2-40-lbs-single-new,ACTIVE,product_title,n/a - not a merge target
C041,IDENTICAL_CONTENT_DIFFERENT_PRODUCTS,sha256:919ec55f3072631a,149948105020,french-fitness-urethane-round-pro-style-dumbbell-v2-45-lbs-single-new,French Fitness Urethane Round Pro Style Dumbbell V2 45 lbs - Single (New),2026-03-05T13:49:06Z,4,product_title|features|other_tech_specs|warranty_info,1,french-fitness-urethane-round-pro-style-dumbbell-v2-45-lbs-single-new,ACTIVE,product_title,n/a - not a merge target
C041,IDENTICAL_CONTENT_DIFFERENT_PRODUCTS,sha256:919ec55f3072631a,149969535292,french-fitness-urethane-round-pro-style-dumbbell-v2-50-lbs-single-new,French Fitness Urethane Round Pro Style Dumbbell V2 50 lbs - Single (New),2026-03-05T13:51:32Z,4,product_title|features|other_tech_specs|warranty_info,1,french-fitness-urethane-round-pro-style-dumbbell-v2-50-lbs-single-new,ACTIVE,product_title,n/a - not a merge target
C041,IDENTICAL_CONTENT_DIFFERENT_PRODUCTS,sha256:919ec55f3072631a,150225060156,french-fitness-urethane-round-pro-style-dumbbell-v2-55-lbs-single-new,French Fitness Urethane Round Pro Style Dumbbell V2 55 lbs - Single (New),2026-03-05T13:53:19Z,4,product_title|features|other_tech_specs|warranty_info,1,french-fitness-urethane-round-pro-style-dumbbell-v2-55-lbs-single-new,ACTIVE,product_title,n/a - not a merge target
C041,IDENTICAL_CONTENT_DIFFERENT_PRODUCTS,sha256:919ec55f3072631a,150226141500,french-fitness-urethane-round-pro-style-dumbbell-v2-60-lbs-single-new,French Fitness Urethane Round Pro Style Dumbbell V2 60 lbs - Single (New),2026-03-05T13:55:46Z,4,product_title|features|other_tech_specs|warranty_info,1,french-fitness-urethane-round-pro-style-dumbbell-v2-60-lbs-single-new,ACTIVE,product_title,n/a - not a merge target
C041,IDENTICAL_CONTENT_DIFFERENT_PRODUCTS,sha256:919ec55f3072631a,150591930684,french-fitness-urethane-round-pro-style-dumbbell-v2-65-lbs-single-new,French Fitness Urethane Round Pro Style Dumbbell V2 65 lbs - Single (New),2026-03-05T13:57:52Z,4,product_title|features|other_tech_specs|warranty_info,1,french-fitness-urethane-round-pro-style-dumbbell-v2-65-lbs-single-new,ACTIVE,product_title,n/a - not a merge target
C041,IDENTICAL_CONTENT_DIFFERENT_PRODUCTS,sha256:919ec55f3072631a,150592323900,french-fitness-urethane-round-pro-style-dumbbell-v2-70-lbs-single-new,French Fitness Urethane Round Pro Style Dumbbell V2 70 lbs - Single (New),2026-03-05T14:00:26Z,4,product_title|features|other_tech_specs|warranty_info,1,french-fitness-urethane-round-pro-style-dumbbell-v2-70-lbs-single-new,ACTIVE,product_title,n/a - not a merge target
C041,IDENTICAL_CONTENT_DIFFERENT_PRODUCTS,sha256:919ec55f3072631a,150593274172,french-fitness-urethane-round-pro-style-dumbbell-v2-75-lbs-single-new,French Fitness Urethane Round Pro Style Dumbbell V2 75 lbs - Single (New),2026-03-05T14:01:58Z,4,product_title|features|other_tech_specs|warranty_info,1,french-fitness-urethane-round-pro-style-dumbbell-v2-75-lbs-single-new,ACTIVE,product_title,n/a - not a merge target
C041,IDENTICAL_CONTENT_DIFFERENT_PRODUCTS,sha256:919ec55f3072631a,150594027836,french-fitness-urethane-round-pro-style-dumbbell-v2-80-bs-single-new,French Fitness Urethane Round Pro Style Dumbbell V2 80 lbs - Single (New),2026-03-05T14:03:52Z,4,product_title|features|other_tech_specs|warranty_info,1,french-fitness-urethane-round-pro-style-dumbbell-v2-80-bs-single-new,ACTIVE,product_title,n/a - not a merge target
C041,IDENTICAL_CONTENT_DIFFERENT_PRODUCTS,sha256:919ec55f3072631a,150598680892,french-fitness-urethane-round-pro-style-dumbbell-v2-85-lbs-single-new,French Fitness Urethane Round Pro Style Dumbbell V2 85 lbs - Single (New),2026-03-05T14:05:01Z,4,product_title|features|other_tech_specs|warranty_info,1,french-fitness-urethane-round-pro-style-dumbbell-v2-85-lbs-single-new,ACTIVE,product_title,n/a - not a merge target
C041,IDENTICAL_CONTENT_DIFFERENT_PRODUCTS,sha256:919ec55f3072631a,150599729468,french-fitness-urethane-round-pro-style-dumbbell-v2-90-bs-single-new,French Fitness Urethane Round Pro Style Dumbbell V2 90 lbs - Single (New),2026-03-05T14:08:10Z,4,product_title|features|other_tech_specs|warranty_info,1,french-fitness-urethane-round-pro-style-dumbbell-v2-90-bs-single-new,ACTIVE,product_title,n/a - not a merge target
C041,IDENTICAL_CONTENT_DIFFERENT_PRODUCTS,sha256:919ec55f3072631a,150602154300,french-fitness-urethane-round-pro-style-dumbbell-v2-95-lbs-single-new,French Fitness Urethane Round Pro Style Dumbbell V2 95 lbs - Single (New),2026-03-05T14:12:36Z,4,product_title|features|other_tech_specs|warranty_info,1,french-fitness-urethane-round-pro-style-dumbbell-v2-95-lbs-single-new,ACTIVE,product_title,n/a - not a merge target
C041,IDENTICAL_CONTENT_DIFFERENT_PRODUCTS,sha256:919ec55f3072631a,150630629692,french-fitness-urethane-round-pro-style-dumbbell-v2-100-lbs-single-new,French Fitness Urethane Round Pro Style Dumbbell V2 100 lbs - Single (New),2026-03-05T14:16:04Z,4,product_title|features|other_tech_specs|warranty_info,1,french-fitness-urethane-round-pro-style-dumbbell-v2-100-lbs-single-new,ACTIVE,product_title,n/a - not a merge target
C042,IDENTICAL_CONTENT_DIFFERENT_PRODUCTS,sha256:fd80487aefcacb22,150632759612,french-fitness-urethane-round-pro-style-dumbbell-v2-105-lbs-single-new,French Fitness Urethane Round Pro Style Dumbbell V2 105 lbs - Single (New),2026-02-05T02:10:29Z,4,product_title|features|other_tech_specs|warranty_info,1,french-fitness-urethane-round-pro-style-dumbbell-v2-105-lbs-single-new,UNLISTED,product_title,n/a - not a merge target
C042,IDENTICAL_CONTENT_DIFFERENT_PRODUCTS,sha256:fd80487aefcacb22,150634430780,french-fitness-urethane-round-pro-style-dumbbell-v2-110-lbs-single-new,French Fitness Urethane Round Pro Style Dumbbell V2 110 lbs - Single (New),2026-02-05T02:10:30Z,4,product_title|features|other_tech_specs|warranty_info,1,french-fitness-urethane-round-pro-style-dumbbell-v2-110-lbs-single-new,UNLISTED,product_title,n/a - not a merge target
C042,IDENTICAL_CONTENT_DIFFERENT_PRODUCTS,sha256:fd80487aefcacb22,150636888380,french-fitness-urethane-round-pro-style-dumbbell-v2-115-lbs-single-new,French Fitness Urethane Round Pro Style Dumbbell V2 115 lbs - Single (New),2026-02-05T02:10:31Z,4,product_title|features|other_tech_specs|warranty_info,1,french-fitness-urethane-round-pro-style-dumbbell-v2-115-lbs-single-new,UNLISTED,product_title,n/a - not a merge target
C042,IDENTICAL_CONTENT_DIFFERENT_PRODUCTS,sha256:fd80487aefcacb22,150638002492,french-fitness-urethane-round-pro-style-dumbbell-v-2-120-lbs-single-new,French Fitness Urethane Round Pro Style Dumbbell V2 120 lbs - Single (New),2026-02-05T02:10:32Z,4,product_title|features|other_tech_specs|warranty_info,1,french-fitness-urethane-round-pro-style-dumbbell-v2-120-lbs-single-new,UNLISTED,product_title,n/a - not a merge target
C042,IDENTICAL_CONTENT_DIFFERENT_PRODUCTS,sha256:fd80487aefcacb22,150692069692,french-fitness-urethane-round-pro-style-dumbbell-v-2-125-lbs-single-new,French Fitness Urethane Round Pro Style Dumbbell V2 125 lbs - Single (New),2026-02-05T02:10:33Z,4,product_title|features|other_tech_specs|warranty_info,1,french-fitness-urethane-round-pro-style-dumbbell-v2-125-lbs-single-new,UNLISTED,product_title,n/a - not a merge target
C042,IDENTICAL_CONTENT_DIFFERENT_PRODUCTS,sha256:fd80487aefcacb22,150693609788,french-fitness-urethane-round-pro-style-dumbbell-v-2-130-lbs-single-new,French Fitness Urethane Round Pro Style Dumbbell V2 130 lbs - Single (New),2026-02-05T02:10:34Z,4,product_title|features|other_tech_specs|warranty_info,1,french-fitness-urethane-round-pro-style-dumbbell-v2-130-lbs-single-new,UNLISTED,product_title,n/a - not a merge target
C043,IDENTICAL_CONTENT_DIFFERENT_PRODUCTS,sha256:bbd025ffd6e45b26,150651371836,french-fitness-47-rack-rig-ball-tier-tray-attachment-new,"French Fitness 47"" Rack & Rig Ball Tier/Tray Attachment (New)",2025-10-26T19:37:26Z,4,product_title|features|tech_specs|warranty_info,1,french-fitness-47-rack-rig-ball-tier-tray-attachment-new,UNLISTED,product_title,n/a - not a merge target
C043,IDENTICAL_CONTENT_DIFFERENT_PRODUCTS,sha256:bbd025ffd6e45b26,150655074620,french-fitness-47-rack-rig-dumbbell-tier-tray-attachment-new,"French Fitness 47"" Rack & Rig Dumbbell Tier/Tray Attachment (New)",2025-10-26T19:37:27Z,4,product_title|features|tech_specs|warranty_info,1,french-fitness-47-rack-rig-dumbbell-tier-tray-attachment-new,UNLISTED,product_title,n/a - not a merge target
C043,IDENTICAL_CONTENT_DIFFERENT_PRODUCTS,sha256:bbd025ffd6e45b26,150656024892,french-fitness-47-rack-rig-kettlebell-tier-tray-attachment-new,"French Fitness 47"" Rack & Rig Kettlebell Tier/Tray Attachment (New)",2025-10-26T19:37:27Z,4,product_title|features|tech_specs|warranty_info,1,french-fitness-47-rack-rig-kettlebell-tier-tray-attachment-new,UNLISTED,product_title,n/a - not a merge target
C044,IDENTICAL_CONTENT_DIFFERENT_PRODUCTS,sha256:857468412c38eaef,150661038396,french-fitness-monster-universal-storage-system-ff-mss-123-new,French Fitness Monster Universal Storage System FF-MSS-123 (New),2025-10-26T19:37:27Z,6,product_title|features|other_features|tech_specs|warranty_info|set_includes,1,french-fitness-monster-universal-storage-system-ff-mss-123-new,ARCHIVED,product_title,n/a - not a merge target
C044,IDENTICAL_CONTENT_DIFFERENT_PRODUCTS,sha256:857468412c38eaef,150662086972,french-fitness-monster-universal-storage-system-ff-mss-151-new,French Fitness Monster Universal Storage System FF-MSS-151 (New),2025-10-26T19:37:28Z,6,product_title|features|other_features|tech_specs|warranty_info|set_includes,1,french-fitness-monster-universal-storage-system-ff-mss-151-new,ARCHIVED,product_title,n/a - not a merge target
C045,IDENTICAL_CONTENT_DIFFERENT_PRODUCTS,sha256:a1b879a28bfb15cf,161760936252,golden-designs-gdi-6106-01-elite-barcelona-select-elite-1-2-person-near-zero-far-infrared-sauna-new,Golden Designs GDI-6106-01 Elite Barcelona Select Elite 1-2 Person Near Zero Far Infrared Sauna (New),2025-06-25T22:01:30Z,4,product_title|features|tech_specs|warranty_info,1,golden-designs-gdi-6106-01-elite-barcelona-select-elite-1-2-person-near-zero-far-infrared-sauna-new,ARCHIVED,product_title,n/a - not a merge target
C045,IDENTICAL_CONTENT_DIFFERENT_PRODUCTS,sha256:a1b879a28bfb15cf,161771487548,golden-designs-gdi-6154-01-near-zero-emf-far-ir-sauna-new,GoldenDesigns GDI-6154-01 Near Zero EMF Far IR Sauna (New),2025-06-26T01:43:18Z,4,product_title|features|tech_specs|warranty_info,1,goldendesigns-gdi-6154-01-near-zero-emf-far-ir-sauna-new,ARCHIVED,product_title,n/a - not a merge target
C046,IDENTICAL_CONTENT_DIFFERENT_PRODUCTS,sha256:19f815ec52575f78,173610959164,star-trac-6-series-6-tr-treadmill-w-24-embedded-display-black-new,"Star Trac 6 Series 6TR Treadmill w/16"" Embedded Display - Black (New)",2025-10-07T12:25:52Z,5,product_title|features|other_features|tech_specs|warranty_info,0,,,product_title,n/a - not a merge target
C046,IDENTICAL_CONTENT_DIFFERENT_PRODUCTS,sha256:19f815ec52575f78,182391243068,star-trac-6-series-6-tr-treadmill-w-led-black-new,Star Trac 6 Series 6TR Treadmill w/LED - Black (New),2026-02-05T02:12:16Z,5,product_title|features|other_features|tech_specs|warranty_info,1,star-trac-6-series-6tr-treadmill-w-led-black-new,ACTIVE,product_title,n/a - not a merge target
