product_id,product_gid,handle,title,status,vendor,product_type,created_at,updated_at,publication_id,publication_name,published
9875864715580,gid://shopify/Product/9875864715580,cybex-610a-arc-trainer-remanufactured,Cybex 610a Arc Trainer (Remanufactured),ACTIVE,Cybex,Product Index,2025-01-13T08:48:33Z,2026-08-22T01:01:06Z,266740007228,Google & YouTube,TRUE
9875868123452,gid://shopify/Product/9875868123452,french-fitness-fsr100-commercial-functional-smith-rack-system-new,French Fitness FSR100 Commercial Functional Smith Rack System (New),ACTIVE,French Fitness,Product Index,2025-01-13T08:50:13Z,2026-08-27T01:15:06Z,266740007228,Google & YouTube,TRUE
9875904364860,gid://shopify/Product/9875904364860,life-fitness-95t-inspire-treadmill-remanufactured,Life Fitness 95T Inspire Treadmill (Remanufactured),ACTIVE,Life Fitness,Product Index,2025-01-13T09:06:14Z,2026-08-22T23:01:43Z,266740007228,Google & YouTube,TRUE
9875912786236,gid://shopify/Product/9875912786236,french-fitness-ffb-black-4-stack-multi-jungle-gym-new,French Fitness FFB Black 4 Stack Multi Jungle Gym (New),ACTIVE,French Fitness,Product Index,2025-01-13T09:09:38Z,2026-08-21T21:00:11Z,266740007228,Google & YouTube,TRUE
9878150218044,gid://shopify/Product/9878150218044,french-fitness-fsr90-functional-trainer-smith-squat-rack-machine-new,"French Fitness FSR90 All-in-One Smith Machine, Functional Trainer & Squat Rack (New)",ACTIVE,French Fitness,Product Index,2025-01-14T08:53:01Z,2026-08-26T12:37:03Z,266740007228,Google & YouTube,TRUE
9878461481276,gid://shopify/Product/9878461481276,stairmaster-1650-le-crossrobics-remanufactured,Stairmaster 1650 LE CrossRobics (Remanufactured),ACTIVE,Stairmaster,Product Index,2025-01-14T13:02:22Z,2026-07-29T21:05:03Z,266740007228,Google & YouTube,TRUE
9878462038332,gid://shopify/Product/9878462038332,cybex-350a-home-arc-trainer-remanufactured,Cybex 350a Home Arc Trainer (Remanufactured),ACTIVE,Cybex,Product Index,2025-01-14T13:03:21Z,2026-08-04T11:07:58Z,266740007228,Google & YouTube,TRUE
9878462333244,gid://shopify/Product/9878462333244,cybex-360a-arc-trainer-remanufactured,Cybex 360a Arc Trainer (Remanufactured),ACTIVE,Cybex,Product Index,2025-01-14T13:03:51Z,2026-08-04T11:09:11Z,266740007228,Google & YouTube,TRUE
9878462628156,gid://shopify/Product/9878462628156,stairmaster-4200pt-stepper-remanufactured,Stairmaster 4200PT Stepper (Remanufactured),ACTIVE,Stairmaster,Product Index,2025-01-14T13:04:21Z,2026-08-22T23:44:21Z,266740007228,Google & YouTube,TRUE
9878463086908,gid://shopify/Product/9878463086908,cybex-425a-arc-trainer-remanufactured,Cybex 425a Arc Trainer (Remanufactured),ACTIVE,Cybex,Product Index,2025-01-14T13:05:11Z,2026-08-26T23:33:41Z,266740007228,Google & YouTube,TRUE
9878463152444,gid://shopify/Product/9878463152444,french-fitness-ff-hdr-3-tier-hex-dumbbell-rack-new,French Fitness FF-HDR 3 Tier Hex Dumbbell Rack (New),ACTIVE,French Fitness,Product Index,2025-01-14T13:05:17Z,2026-08-22T23:44:18Z,266740007228,Google & YouTube,TRUE
9878463709500,gid://shopify/Product/9878463709500,stairmaster-4400cl-stair-stepper-w-black-console-remanufactured,Stairmaster 4400CL Stair Stepper w/ Black Console (Remanufactured),ACTIVE,Stairmaster,Product Index,2025-01-14T13:05:58Z,2026-07-29T21:05:02Z,266740007228,Google & YouTube,TRUE
9878463938876,gid://shopify/Product/9878463938876,french-fitness-45-degree-back-hyperextension-he450-new,French Fitness 45 Degree Back Hyperextension HE450 (New),ACTIVE,French Fitness,Product Index,2025-01-14T13:06:03Z,2026-08-22T23:01:42Z,266740007228,Google & YouTube,TRUE
9878463971644,gid://shopify/Product/9878463971644,french-fitness-diablo-biceps-arm-curl-plate-loaded-new,French Fitness Diablo Biceps Arm Curl Plate Loaded (New),ACTIVE,French Fitness,Product Index,2025-01-14T13:06:12Z,2026-08-11T17:58:10Z,266740007228,Google & YouTube,TRUE
9878464201020,gid://shopify/Product/9878464201020,stairmaster-4400pt-stair-stepper-w-black-console-remanufactured,Stairmaster 4400PT Stair Stepper w/ Black Console (Remanufactured),ACTIVE,Stairmaster,Product Index,2025-01-14T13:06:24Z,2026-08-22T23:44:18Z,266740007228,Google & YouTube,TRUE
9878464725308,gid://shopify/Product/9878464725308,cybex-450t-treadmill-remanufactured,Cybex 450T Treadmill (Remanufactured),ACTIVE,Cybex,Product Index,2025-01-14T13:06:53Z,2026-08-04T11:01:16Z,266740007228,Google & YouTube,TRUE
9878464954684,gid://shopify/Product/9878464954684,nautilus-impact-vertical-row-9na-s3301-60ags-new,Nautilus Impact Vertical Row 9NA-S3301-60AGS (New),ACTIVE,Nautilus,Product Index,2025-01-14T13:07:17Z,2026-07-29T21:05:03Z,266740007228,Google & YouTube,TRUE
9878465118524,gid://shopify/Product/9878465118524,stairmaster-free-climber-4600cl-stepper-w-blue-console-remanufactured,Stairmaster Free Climber 4600CL Stepper w/ Blue Console (Remanufactured),ACTIVE,Stairmaster,Product Index,2025-01-14T13:07:24Z,2026-07-29T21:05:04Z,266740007228,Google & YouTube,TRUE
9878465282364,gid://shopify/Product/9878465282364,french-fitness-ff-htb20-hip-thrust-bench-platform-new,French Fitness FF-HTB20 Hip Thrust Bench Platform (New),ACTIVE,French Fitness,Product Index,2025-01-14T13:07:34Z,2026-08-22T23:44:22Z,266740007228,Google & YouTube,TRUE
9878465511740,gid://shopify/Product/9878465511740,stairmaster-4600cl-stepper-w-silver-console-remanufactured,Stairmaster 4600CL Stepper w/ Silver Console (Remanufactured),ACTIVE,Stairmaster,Product Index,2025-01-14T13:07:51Z,2026-07-29T21:05:02Z,266740007228,Google & YouTube,TRUE
9878465610044,gid://shopify/Product/9878465610044,nautilus-impact-low-back-9na-s3302-60ags-new,Nautilus Impact Low Back 9NA-S3302-60AGS (New),ACTIVE,Nautilus,Product Index,2025-01-14T13:07:54Z,2026-07-29T21:05:03Z,266740007228,Google & YouTube,TRUE
9878465675580,gid://shopify/Product/9878465675580,french-fitness-diablo-decline-chest-press-plate-loaded-new,French Fitness Diablo Decline Chest Press Plate Loaded (New),ACTIVE,French Fitness,Product Index,2025-01-14T13:08:02Z,2026-08-11T17:58:10Z,266740007228,Google & YouTube,TRUE
9878465806652,gid://shopify/Product/9878465806652,french-fitness-colorful-hex-vinyl-dumbbell-set-of-1-to-10-lbs-new,French Fitness Colorful Hex Vinyl Dumbbell Set of 1 to 10 lbs (New),ACTIVE,French Fitness,Product Index,2025-01-14T13:08:03Z,2026-08-06T18:53:05Z,266740007228,Google & YouTube,TRUE
9878466134332,gid://shopify/Product/9878466134332,stairmaster-free-climber-4600pt-stepper-w-blue-console-remanufactured,Stairmaster Free Climber 4600PT Stepper w/ Blue Console (Remanufactured),ACTIVE,Stairmaster,Product Index,2025-01-14T13:08:18Z,2026-07-29T21:05:04Z,266740007228,Google & YouTube,TRUE
9878466167100,gid://shopify/Product/9878466167100,nautilus-impact-fixed-lat-pull-down-9na-s3303-60ags-new,Nautilus Impact Fixed Lat Pull Down 9NA-S3303-60AGS (New),ACTIVE,Nautilus,Product Index,2025-01-14T13:08:22Z,2026-07-29T21:05:04Z,266740007228,Google & YouTube,TRUE
9878466625852,gid://shopify/Product/9878466625852,stairmaster-free-climber-4600pt-stepper-w-black-console-remanufactured,Stairmaster Free Climber 4600PT Stepper w/ Black Console (Remanufactured),ACTIVE,Stairmaster,Product Index,2025-01-14T13:08:48Z,2026-07-29T21:05:03Z,266740007228,Google & YouTube,TRUE
9878466724156,gid://shopify/Product/9878466724156,nautilus-impact-lat-pull-down-9na-s3305-60ags-new,Nautilus Impact Lat Pull Down 9NA-S3305-60AGS (New),ACTIVE,Nautilus,Product Index,2025-01-14T13:08:49Z,2026-07-29T21:05:03Z,266740007228,Google & YouTube,TRUE
9878466887996,gid://shopify/Product/9878466887996,french-fitness-diablo-iso-lateral-front-pulldown-plate-loaded-new,French Fitness Diablo Iso Lateral Front Pulldown Plate Loaded (New),ACTIVE,French Fitness,Product Index,2025-01-14T13:08:59Z,2026-08-11T17:56:59Z,266740007228,Google & YouTube,TRUE
9878466953532,gid://shopify/Product/9878466953532,french-fitness-colorful-hex-vinyl-dumbbell-set-1-to-10-lbs-w-rack-new,French Fitness Colorful Hex Vinyl Dumbbell Set 1 to 10 lbs w/Rack (New),ACTIVE,French Fitness,Product Index,2025-01-14T13:09:00Z,2026-08-06T18:53:05Z,266740007228,Google & YouTube,TRUE
9878467117372,gid://shopify/Product/9878467117372,nautilus-impact-low-row-9na-s3306-60ags-new,Nautilus Impact Low Row 9NA-S3306-60AGS (New),ACTIVE,Nautilus,Product Index,2025-01-14T13:09:17Z,2026-07-29T21:05:03Z,266740007228,Google & YouTube,TRUE
9878467182908,gid://shopify/Product/9878467182908,cybex-525r-recumbent-bike-remanufactured,Cybex 525r Recumbent Bike (Remanufactured),ACTIVE,Cybex,Product Index,2025-01-14T13:09:18Z,2026-07-29T21:05:04Z,266740007228,Google & YouTube,TRUE
9878467248444,gid://shopify/Product/9878467248444,french-fitness-diablo-iso-lateral-high-row-plate-loaded-new,French Fitness Diablo Iso Lateral High Row Plate Loaded (New),ACTIVE,French Fitness,Product Index,2025-01-14T13:09:27Z,2026-08-12T11:08:05Z,266740007228,Google & YouTube,TRUE
9878467445052,gid://shopify/Product/9878467445052,french-fitness-colorful-hex-vinyl-dumbbell-set-of-1-to-15-lbs-new,French Fitness Colorful Hex Vinyl Dumbbell Set of 1 to 15 lbs (New),ACTIVE,French Fitness,Product Index,2025-01-14T13:09:31Z,2026-08-06T18:53:05Z,266740007228,Google & YouTube,TRUE
9878467707196,gid://shopify/Product/9878467707196,nautilus-impact-chest-press-9na-s4301-60ags-new,Nautilus Impact Chest Press 9NA-S4301-60AGS (New),ACTIVE,Nautilus,Product Index,2025-01-14T13:09:45Z,2026-07-29T21:05:03Z,266740007228,Google & YouTube,TRUE
9878467772732,gid://shopify/Product/9878467772732,cybex-sigma-c-530c-upright-stationary-bike-remanufactured,Cybex Sigma C 530C Upright Stationary Bike (Remanufactured),ACTIVE,Cybex,Product Index,2025-01-14T13:09:46Z,2026-07-29T21:05:02Z,266740007228,Google & YouTube,TRUE
9878467903804,gid://shopify/Product/9878467903804,french-fitness-diablo-iso-lateral-kneeling-leg-curl-plate-loaded-new,French Fitness Diablo Iso Lateral Kneeling Leg Curl Plate Loaded (New),ACTIVE,French Fitness,Product Index,2025-01-14T13:09:55Z,2026-08-25T08:50:44Z,266740007228,Google & YouTube,TRUE
9878468133180,gid://shopify/Product/9878468133180,nautilus-impact-deltoid-raise-9na-s4302-60ags-new,Nautilus Impact Deltoid Raise 9NA-S4302-60AGS (New),ACTIVE,Nautilus,Product Index,2025-01-14T13:10:12Z,2026-07-29T21:05:04Z,266740007228,Google & YouTube,TRUE
9878468165948,gid://shopify/Product/9878468165948,cybex-cyclone-530r-recumbent-bike-remanufactured,Cybex Cyclone 530r Recumbent Bike (Remanufactured),ACTIVE,Cybex,Product Index,2025-01-14T13:10:12Z,2026-07-29T21:05:04Z,266740007228,Google & YouTube,TRUE
9878468526396,gid://shopify/Product/9878468526396,french-fitness-diablo-iso-lateral-leg-extension-plate-loaded-new,French Fitness Diablo Iso Lateral Leg Extension Plate Loaded (New),ACTIVE,French Fitness,Product Index,2025-01-14T13:10:24Z,2026-08-11T17:59:01Z,266740007228,Google & YouTube,TRUE
9878468723004,gid://shopify/Product/9878468723004,cybex-530t-pro-plus-stableflex-treadmill-remanufactured,Cybex 530T Pro Plus Stableflex Treadmill (Remanufactured),ACTIVE,Cybex,Product Index,2025-01-14T13:10:38Z,2026-08-04T11:01:16Z,266740007228,Google & YouTube,TRUE
9878468788540,gid://shopify/Product/9878468788540,nautilus-impact-deltoid-fly-9na-s4304-60ags-new,Nautilus Impact Deltoid Fly 9NA-S4304-60AGS (New),ACTIVE,Nautilus,Product Index,2025-01-14T13:10:40Z,2026-07-29T21:05:03Z,266740007228,Google & YouTube,TRUE
9878468985148,gid://shopify/Product/9878468985148,french-fitness-diablo-seated-low-row-plate-loaded-new,French Fitness Diablo Seated Low Row Plate Loaded (New),ACTIVE,French Fitness,Product Index,2025-01-14T13:10:52Z,2026-08-22T23:01:40Z,266740007228,Google & YouTube,TRUE
9878469345596,gid://shopify/Product/9878469345596,nautilus-impact-shoulder-press-9na-s4307-60ags-new,Nautilus Impact Shoulder Press 9NA-S4307-60AGS (New),ACTIVE,Nautilus,Product Index,2025-01-14T13:11:08Z,2026-07-29T21:05:03Z,266740007228,Google & YouTube,TRUE
9878469378364,gid://shopify/Product/9878469378364,precor-efx-546-v1-elliptical-cross-trainer-remanufactured,Precor EFX 546 v1 Elliptical Cross-Trainer (Remanufactured),ACTIVE,Precor,Product Index,2025-01-14T13:11:09Z,2026-08-22T23:44:22Z,266740007228,Google & YouTube,TRUE
9878469607740,gid://shopify/Product/9878469607740,french-fitness-diablo-shoulder-overhead-press-plate-loaded-new,French Fitness Diablo Shoulder-Overhead Press Plate Loaded (New),ACTIVE,French Fitness,Product Index,2025-01-14T13:11:20Z,2026-08-24T20:23:55Z,266740007228,Google & YouTube,TRUE
9878470033724,gid://shopify/Product/9878470033724,nautilus-impact-biceps-curl-9na-s5301-60ags-new,Nautilus Impact Biceps Curl 9NA-S5301-60AGS (New),ACTIVE,Nautilus,Product Index,2025-01-14T13:11:36Z,2026-07-29T21:05:03Z,266740007228,Google & YouTube,TRUE
9878470099260,gid://shopify/Product/9878470099260,precor-efx-546hr-version-2-elliptical-cross-trainer-remanufactured,Precor EFX 546HR Version 2 Elliptical Cross-Trainer (Remanufactured),ACTIVE,Precor,Product Index,2025-01-14T13:11:38Z,2026-08-02T11:15:27Z,266740007228,Google & YouTube,TRUE
9878470230332,gid://shopify/Product/9878470230332,french-fitness-diablo-seated-tricep-dip-press-plate-loaded-new,French Fitness Diablo Seated Tricep Dip / Press Plate Loaded (New),ACTIVE,French Fitness,Product Index,2025-01-14T13:11:48Z,2026-08-11T17:59:02Z,266740007228,Google & YouTube,TRUE
9878470459708,gid://shopify/Product/9878470459708,nautilus-impact-triceps-extension-9na-s5302-60ags-new,Nautilus Impact Triceps Extension 9NA-S5302-60AGS (New),ACTIVE,Nautilus,Product Index,2025-01-14T13:12:03Z,2026-07-29T21:05:03Z,266740007228,Google & YouTube,TRUE
9878470558012,gid://shopify/Product/9878470558012,precor-efx-546-hr-version-3-cordless-elliptical-remanufactured,Precor EFX 546 HR Version 3 Cordless Elliptical (Remanufactured),ACTIVE,Precor,Product Index,2025-01-14T13:12:07Z,2026-08-22T23:44:21Z,266740007228,Google & YouTube,TRUE
9878471082300,gid://shopify/Product/9878471082300,nautilus-impact-dip-machine-9na-s5303-60ags-new,Nautilus Impact Dip Machine 9NA-S5303-60AGS (New),ACTIVE,Nautilus,Product Index,2025-01-14T13:12:32Z,2026-07-29T21:05:04Z,266740007228,Google & YouTube,TRUE
9878471115068,gid://shopify/Product/9878471115068,cybex-550t-treadmill-remanufactured,Cybex 550T Treadmill (Remanufactured),ACTIVE,Cybex,Product Index,2025-01-14T13:12:34Z,2026-08-04T11:01:16Z,266740007228,Google & YouTube,TRUE
9878471278908,gid://shopify/Product/9878471278908,french-fitness-marin-arm-bicep-curl-bench-new,French Fitness Marin Arm / Bicep Curl Bench (New),ACTIVE,French Fitness,Product Index,2025-01-14T13:12:43Z,2026-08-21T07:25:49Z,266740007228,Google & YouTube,TRUE
9878471573820,gid://shopify/Product/9878471573820,nautilus-impact-abdominal-9na-s6301-60ags-new,Nautilus Impact Abdominal 9NA-S6301-60AGS (New),ACTIVE,Nautilus,Product Index,2025-01-14T13:13:00Z,2026-07-29T21:05:06Z,266740007228,Google & YouTube,TRUE
9878471704892,gid://shopify/Product/9878471704892,precor-efx-556i-elliptical-cross-trainer-remanufactured,Precor EFX 556i Elliptical Cross-Trainer (Remanufactured),ACTIVE,Precor,Product Index,2025-01-14T13:13:06Z,2026-08-04T11:07:29Z,266740007228,Google & YouTube,TRUE
9878472065340,gid://shopify/Product/9878472065340,nautilus-impact-chin-dip-assist-9na-s6334-60ags-new,Nautilus Impact Chin Dip Assist 9NA-S6334-60AGS (New),ACTIVE,Nautilus,Product Index,2025-01-14T13:13:28Z,2026-07-29T21:05:04Z,266740007228,Google & YouTube,TRUE
9878472360252,gid://shopify/Product/9878472360252,precor-efx-576i-experience-series-elliptical-remanufactured,Precor EFX 576i Experience Series Elliptical (Remanufactured),ACTIVE,Precor,Product Index,2025-01-14T13:13:36Z,2026-08-22T23:44:22Z,266740007228,Google & YouTube,TRUE
9878472393020,gid://shopify/Product/9878472393020,french-fitness-marin-accessory-handle-3-bar-storage-rack-new,"French Fitness Marin Accessory, Handle, & 3 Bar Storage Rack (New)",ACTIVE,French Fitness,Product Index,2025-01-14T13:13:42Z,2026-07-29T21:05:03Z,266740007228,Google & YouTube,TRUE
9878472655164,gid://shopify/Product/9878472655164,nautilus-instinct-dual-leg-press-calf-raise-9nl-d1013-60ars-new,Nautilus Instinct Dual Leg Press / Calf Raise 9NL-D1013-60ARS (New),ACTIVE,Nautilus,Product Index,2025-01-14T13:13:56Z,2026-08-13T19:25:18Z,266740007228,Google & YouTube,TRUE
9878472819004,gid://shopify/Product/9878472819004,french-fitness-marin-accessory-handle-5-bar-storage-rack,"French Fitness Marin Accessory, Handle, & 5 Bar Storage Rack (New)",ACTIVE,French Fitness,Product Index,2025-01-14T13:14:03Z,2026-08-20T04:12:01Z,266740007228,Google & YouTube,TRUE
9878473244988,gid://shopify/Product/9878473244988,cybex-600a-arc-trainer-remanufactured,Cybex 600a Arc Trainer (Remanufactured),ACTIVE,Cybex,Product Index,2025-01-14T13:14:20Z,2026-08-22T01:01:06Z,266740007228,Google & YouTube,TRUE
9878473277756,gid://shopify/Product/9878473277756,french-fitness-marin-angled-squat-press-plate-loaded-new,French Fitness Marin Angled Squat Press Plate Loaded (New),ACTIVE,French Fitness,Product Index,2025-01-14T13:14:23Z,2026-08-21T09:33:32Z,266740007228,Google & YouTube,TRUE
9878473310524,gid://shopify/Product/9878473310524,nautilus-instinct-dual-leg-extension-leg-curl-9nl-d1014-60ars-new,Nautilus Instinct Dual Leg Extension / Leg Curl 9NL-D1014-60ARS (New),ACTIVE,Nautilus,Product Index,2025-01-14T13:14:24Z,2026-07-29T21:05:03Z,266740007228,Google & YouTube,TRUE
9878473834812,gid://shopify/Product/9878473834812,nautilus-instinct-dual-inner-outer-thigh-9nl-d1015-60ars-new,Nautilus Instinct Dual Inner / Outer Thigh 9NL-D1015-60ARS (New),ACTIVE,Nautilus,Product Index,2025-01-14T13:14:50Z,2026-07-29T21:05:04Z,266740007228,Google & YouTube,TRUE
9878474031420,gid://shopify/Product/9878474031420,french-fitness-monster-compact-leg-press-sled-new,French Fitness Monster Compact Plate Loaded Leg Press Sled (New),ACTIVE,French Fitness,Product Index,2025-01-14T13:14:52Z,2026-08-26T12:35:58Z,266740007228,Google & YouTube,TRUE
9878474064188,gid://shopify/Product/9878474064188,power-plate-pro5-airdaptive-vibration-trainer-remanufactured,Power Plate Pro5 Airdaptive Vibration Trainer (Remanufactured),ACTIVE,Power Plate,Product Index,2025-01-14T13:14:52Z,2026-08-22T23:01:40Z,266740007228,Google & YouTube,TRUE
9878474457404,gid://shopify/Product/9878474457404,french-fitness-jute-climbing-rope-1-5-in-x-30-ft-new,French Fitness Jute Climbing Rope 1.5 in x 30 ft (New),ACTIVE,French Fitness,Product Index,2025-01-14T13:15:13Z,2026-08-11T18:32:24Z,266740007228,Google & YouTube,TRUE
9878474654012,gid://shopify/Product/9878474654012,french-fitness-marin-combo-twist-plate-loaded-new,French Fitness Marin Combo Twist Plate Loaded (New),ACTIVE,French Fitness,Product Index,2025-01-14T13:15:22Z,2026-08-11T17:56:34Z,266740007228,Google & YouTube,TRUE
9878475243836,gid://shopify/Product/9878475243836,french-fitness-marin-ground-base-jammer-plate-loaded-new,French Fitness Marin Ground Base Jammer Plate Loaded (New),ACTIVE,French Fitness,Product Index,2025-01-14T13:15:50Z,2026-08-23T20:00:25Z,266740007228,Google & YouTube,TRUE
9878475407676,gid://shopify/Product/9878475407676,french-fitness-jute-tow-rope-1-5-in-x-30-ft-new,French Fitness Jute Tow Rope 1.5 in x 30 ft (New),ACTIVE,French Fitness,Product Index,2025-01-14T13:15:53Z,2026-08-06T18:52:59Z,266740007228,Google & YouTube,TRUE
9878476390716,gid://shopify/Product/9878476390716,power-plate-pro5-vibration-trainer-remanufactured,Power Plate Pro5 Vibration Trainer (Remanufactured),ACTIVE,Power Plate,Product Index,2025-01-14T13:16:11Z,2026-08-22T23:01:42Z,266740007228,Google & YouTube,TRUE
9878476652860,gid://shopify/Product/9878476652860,french-fitness-marin-iso-lateral-prone-leg-curl-plate-loaded-new,French Fitness Marin Iso-Lateral Prone Leg Curl Plate Loaded (New),ACTIVE,French Fitness,Product Index,2025-01-14T13:16:19Z,2026-08-11T17:57:26Z,266740007228,Google & YouTube,TRUE
9878477078844,gid://shopify/Product/9878477078844,french-fitness-marin-iso-lateral-super-incline-press-plate-loaded-new,French Fitness Marin Iso-Lateral Super Incline Press Plate Loaded (New),ACTIVE,French Fitness,Product Index,2025-01-14T13:16:47Z,2026-08-21T08:58:21Z,266740007228,Google & YouTube,TRUE
9878477242684,gid://shopify/Product/9878477242684,cybex-620a-arc-trainer-remanufactured,Cybex 620a Arc Trainer (Remanufactured),ACTIVE,Cybex,Product Index,2025-01-14T13:16:52Z,2026-08-22T23:44:22Z,266740007228,Google & YouTube,TRUE
9878477603132,gid://shopify/Product/9878477603132,french-fitness-monster-lat-pulldown-low-row-new,French Fitness Monster Lat Pulldown / Low Row (New),ACTIVE,French Fitness,Product Index,2025-01-14T13:17:13Z,2026-07-29T21:05:03Z,266740007228,Google & YouTube,TRUE
9878477701436,gid://shopify/Product/9878477701436,cybex-625a-arc-trainer-w-standard-console-remanufactured,Cybex 625a Arc Trainer w/Standard Console (Remanufactured),ACTIVE,Cybex,Product Index,2025-01-14T13:17:19Z,2026-08-04T11:04:01Z,266740007228,Google & YouTube,TRUE
9878477865276,gid://shopify/Product/9878477865276,nautilus-instinct-dual-pectoral-fly-rear-deltoid-9nl-d2110-60ars-new,Nautilus Instinct Dual Pectoral Fly / Rear Deltoid 9NL-D2110-60ARS (New),ACTIVE,Nautilus,Product Index,2025-01-14T13:17:28Z,2026-08-25T20:34:07Z,266740007228,Google & YouTube,TRUE
9878478225724,gid://shopify/Product/9878478225724,cybex-625at-arc-trainer-w-e3-console-remanufactured,Cybex 625AT Arc Trainer w/ E3 Console (Remanufactured),ACTIVE,Cybex,Product Index,2025-01-14T13:17:47Z,2026-08-22T23:44:22Z,266740007228,Google & YouTube,TRUE
9878478291260,gid://shopify/Product/9878478291260,french-fitness-marin-olympic-incline-bench-w-weight-storage-new,French Fitness Marin Olympic Incline Bench w/Weight Storage (New),ACTIVE,French Fitness,Product Index,2025-01-14T13:17:49Z,2026-08-18T10:53:47Z,266740007228,Google & YouTube,TRUE
9878478356796,gid://shopify/Product/9878478356796,nautilus-instinct-dual-multi-press-9nl-d2120-60ars-new,Nautilus Instinct Dual Multi-Press 9NL-D2120-60ARS (New),ACTIVE,Nautilus,Product Index,2025-01-14T13:17:55Z,2026-08-22T23:44:19Z,266740007228,Google & YouTube,TRUE
9878478487868,gid://shopify/Product/9878478487868,french-fitness-multi-functional-t-bar-landmine-system-new,French Fitness Multi Functional T-Bar Landmine System (New),ACTIVE,French Fitness,Product Index,2025-01-14T13:18:00Z,2026-08-06T18:52:59Z,266740007228,Google & YouTube,TRUE
9878479175996,gid://shopify/Product/9878479175996,cybex-630a-arc-trainer-remanufactured,Cybex 630a Arc Trainer (Remanufactured),ACTIVE,Cybex,Product Index,2025-01-14T13:18:21Z,2026-08-22T23:01:42Z,266740007228,Google & YouTube,TRUE
9878479241532,gid://shopify/Product/9878479241532,nautilus-instinct-dual-lat-pull-down-vertical-row-9nl-d3340-60ars-new,Nautilus Instinct Dual Lat Pull Down / Vertical Row 9NL-D3340-60ARS (New),ACTIVE,Nautilus,Product Index,2025-01-14T13:18:22Z,2026-07-29T21:05:03Z,266740007228,Google & YouTube,TRUE
9878479274300,gid://shopify/Product/9878479274300,french-fitness-marin-seated-bicep-curl-plate-loaded-new,French Fitness Marin Seated Bicep Curl Plate Loaded (New),ACTIVE,French Fitness,Product Index,2025-01-14T13:18:22Z,2026-08-26T21:35:43Z,266740007228,Google & YouTube,TRUE
9878479307068,gid://shopify/Product/9878479307068,french-fitness-lma20-t-bar-row-landmine-combo-new,French Fitness LMA20 T-Bar Row & Landmine Combo (New),ACTIVE,French Fitness,Product Index,2025-01-14T13:18:22Z,2026-08-06T18:52:58Z,266740007228,Google & YouTube,TRUE
9878480027964,gid://shopify/Product/9878480027964,stairmaster-7000pt-stepmill-w-blue-console-remanufactured,Stairmaster 7000PT Stepmill w/ Blue Console (Remanufactured),ACTIVE,Stairmaster,Product Index,2025-01-14T13:18:48Z,2026-08-22T23:44:22Z,266740007228,Google & YouTube,TRUE
9878480126268,gid://shopify/Product/9878480126268,nautilus-instinct-dual-biceps-curl-triceps-extension-9nl-d5120-60ars-new,Nautilus Instinct Dual Biceps Curl / Triceps Extension 9NL-D5120-60ARS (New),ACTIVE,Nautilus,Product Index,2025-01-14T13:18:49Z,2026-07-29T21:05:04Z,266740007228,Google & YouTube,TRUE
9878480191804,gid://shopify/Product/9878480191804,french-fitness-marin-4-way-neck-plate-loaded-new,French Fitness Marin 4-Way Neck Plate Loaded (New),ACTIVE,French Fitness,Product Index,2025-01-14T13:18:54Z,2026-08-22T23:44:21Z,266740007228,Google & YouTube,TRUE
9878480519484,gid://shopify/Product/9878480519484,nautilus-instinct-dual-abdominal-lower-back-9nl-d6330-60ars-new,Nautilus Instinct Dual Abdominal / Lower Back 9NL-D6330-60ARS (New),ACTIVE,Nautilus,Product Index,2025-01-14T13:19:16Z,2026-07-29T21:05:04Z,266740007228,Google & YouTube,TRUE
9878480552252,gid://shopify/Product/9878480552252,stairmaster-7000pt-stepmill-w-black-console-remanufactured,Stairmaster 7000PT Stepmill w/ Black Console (Remanufactured),ACTIVE,Stairmaster,Product Index,2025-01-14T13:19:17Z,2026-08-22T23:44:22Z,266740007228,Google & YouTube,TRUE
9878480585020,gid://shopify/Product/9878480585020,french-fitness-marin-abdominal-oblique-crunch-plate-loaded-new,French Fitness Marin Abdominal Oblique Crunch Plate Loaded (New),ACTIVE,French Fitness,Product Index,2025-01-14T13:19:23Z,2026-08-11T17:55:43Z,266740007228,Google & YouTube,TRUE
9878480748860,gid://shopify/Product/9878480748860,nautilus-instinct-leg-extension-9nl-s1010-60ars-new,Nautilus Instinct Leg Extension 9NL-S1010-60ARS (New),ACTIVE,Nautilus,Product Index,2025-01-14T13:19:43Z,2026-07-29T21:05:03Z,266740007228,Google & YouTube,TRUE
9878480814396,gid://shopify/Product/9878480814396,stairmaster-7000pt-stepmill-w-silver-console-remanufactured,Stairmaster 7000PT Stepmill w/ Silver Console (Remanufactured),ACTIVE,Stairmaster,Product Index,2025-01-14T13:19:46Z,2026-08-22T23:44:21Z,266740007228,Google & YouTube,TRUE
9878480879932,gid://shopify/Product/9878480879932,french-fitness-marin-iso-lateral-chest-back-combo-plate-loaded-new,French Fitness Marin Iso-Lateral Chest/Back Combo Plate Loaded (New),ACTIVE,French Fitness,Product Index,2025-01-14T13:19:53Z,2026-08-22T01:01:06Z,266740007228,Google & YouTube,TRUE
9878481174844,gid://shopify/Product/9878481174844,nautilus-instinct-leg-curl-9nl-s1011-60ars-new,Nautilus Instinct Leg Curl 9NL-S1011-60ARS (New),ACTIVE,Nautilus,Product Index,2025-01-14T13:20:11Z,2026-07-29T21:05:04Z,266740007228,Google & YouTube,TRUE
9878481273148,gid://shopify/Product/9878481273148,cybex-750a-lower-body-arc-trainer-remanufactured,Cybex 750a Lower Body Arc Trainer (Remanufactured),ACTIVE,Cybex,Product Index,2025-01-14T13:20:16Z,2026-08-22T01:01:06Z,266740007228,Google & YouTube,TRUE
9878481305916,gid://shopify/Product/9878481305916,french-fitness-marin-iso-lateral-decline-chest-press-plate-loaded-new,French Fitness Marin Iso-Lateral Decline Chest Press Plate Loaded (New),ACTIVE,French Fitness,Product Index,2025-01-14T13:20:22Z,2026-08-21T07:05:59Z,266740007228,Google & YouTube,TRUE
9878481404220,gid://shopify/Product/9878481404220,french-fitness-ff-lssm20-leg-split-stretcher-machine-new,French Fitness FF-LSSM20 Leg Split Stretcher Machine (New),ACTIVE,French Fitness,Product Index,2025-01-14T13:20:33Z,2026-08-22T21:05:09Z,266740007228,Google & YouTube,TRUE
9878481535292,gid://shopify/Product/9878481535292,nautilus-instinct-glute-press-9nl-s1012-60ars-new,Nautilus Instinct Glute Press 9NL-S1012-60ARS (New),ACTIVE,Nautilus,Product Index,2025-01-14T13:20:38Z,2026-07-29T21:05:04Z,266740007228,Google & YouTube,TRUE
9878481699132,gid://shopify/Product/9878481699132,cybex-750at-total-body-arc-trainer-remanufactured,Cybex 750AT Total Body Arc Trainer (Remanufactured),ACTIVE,Cybex,Product Index,2025-01-14T13:20:46Z,2026-08-22T23:01:41Z,266740007228,Google & YouTube,TRUE
9878481764668,gid://shopify/Product/9878481764668,french-fitness-marin-iso-lateral-d-y-row-plate-loaded-new,French Fitness Marin Iso-Lateral D.Y. Row Plate Loaded (New),ACTIVE,French Fitness,Product Index,2025-01-14T13:20:50Z,2026-08-24T18:09:54Z,266740007228,Google & YouTube,TRUE
9878481928508,gid://shopify/Product/9878481928508,nautilus-instinct-chest-press-9nl-s2100-60ars-new,Nautilus Instinct Chest Press 9NL-S2100-60ARS (New),ACTIVE,Nautilus,Product Index,2025-01-14T13:21:05Z,2026-08-25T20:34:08Z,266740007228,Google & YouTube,TRUE
9878482059580,gid://shopify/Product/9878482059580,cybex-750r-recumbent-bike-remanufactured,Cybex 750R Recumbent Bike (Remanufactured),ACTIVE,Cybex,Product Index,2025-01-14T13:21:15Z,2026-08-22T23:44:21Z,266740007228,Google & YouTube,TRUE
9878482125116,gid://shopify/Product/9878482125116,french-fitness-multi-adjustable-bench-w-ab-rollers-new,French Fitness Multi Adjustable Bench w/Ab Rollers (New),ACTIVE,French Fitness,Product Index,2025-01-14T13:21:18Z,2026-08-06T18:52:57Z,266740007228,Google & YouTube,TRUE
9878482157884,gid://shopify/Product/9878482157884,french-fitness-marin-iso-lateral-flat-chest-bench-press-plate-loaded-new,French Fitness Marin Iso-Lateral Flat Chest Bench Press Plate Loaded (New),ACTIVE,French Fitness,Product Index,2025-01-14T13:21:20Z,2026-08-22T23:44:21Z,266740007228,Google & YouTube,TRUE
9878482354492,gid://shopify/Product/9878482354492,nautilus-instinct-lat-pull-down-9nl-s3310-60ars-new,Nautilus Instinct Lat Pull Down 9NL-S3310-60ARS (New),ACTIVE,Nautilus,Product Index,2025-01-14T13:21:32Z,2026-07-29T21:05:05Z,266740007228,Google & YouTube,TRUE
9878482452796,gid://shopify/Product/9878482452796,french-fitness-mab30-multi-adjustable-bench-new,French Fitness MAB30 Multi Adjustable Bench (New),ACTIVE,French Fitness,Product Index,2025-01-14T13:21:44Z,2026-08-20T17:00:45Z,266740007228,Google & YouTube,TRUE
9878482485564,gid://shopify/Product/9878482485564,cybex-750t-treadmill-remanufactured,Cybex 750T Treadmill (Remanufactured),ACTIVE,Cybex,Product Index,2025-01-14T13:21:45Z,2026-08-04T10:54:52Z,266740007228,Google & YouTube,TRUE
9878482583868,gid://shopify/Product/9878482583868,french-fitness-marin-iso-lateral-front-lat-pulldown-plate-loaded-new,French Fitness Marin Iso-Lateral Front Lat Pulldown Plate Loaded (New),ACTIVE,French Fitness,Product Index,2025-01-14T13:21:48Z,2026-08-24T08:23:55Z,266740007228,Google & YouTube,TRUE
9878482682172,gid://shopify/Product/9878482682172,nautilus-instinct-vertical-row-9nl-s3320-60ars-new,Nautilus Instinct Vertical Row 9NL-S3320-60ARS (New),ACTIVE,Nautilus,Product Index,2025-01-14T13:22:00Z,2026-07-29T21:05:03Z,266740007228,Google & YouTube,TRUE
9878483009852,gid://shopify/Product/9878483009852,cybex-770a-arc-trainer-w-standard-console-remanufactured,Cybex 770a Arc Trainer w/Standard Console (Remanufactured),ACTIVE,Cybex,Product Index,2025-01-14T13:22:18Z,2026-08-22T23:44:22Z,266740007228,Google & YouTube,TRUE
9878483108156,gid://shopify/Product/9878483108156,nautilus-instinct-shoulder-press-9nl-s4100-60ars-new,Nautilus Instinct Shoulder Press 9NL-S4100-60ARS (New),ACTIVE,Nautilus,Product Index,2025-01-14T13:22:28Z,2026-07-29T21:05:03Z,266740007228,Google & YouTube,TRUE
9878483435836,gid://shopify/Product/9878483435836,cybex-770a-lower-body-arc-trainer-w-e3-console-remanufactured,Cybex 770a Lower Body Arc Trainer w/E3 Console (Remanufactured),ACTIVE,Cybex,Product Index,2025-01-14T13:22:46Z,2026-08-04T11:04:02Z,266740007228,Google & YouTube,TRUE
9878483730748,gid://shopify/Product/9878483730748,french-fitness-marin-iso-lateral-horizontal-leg-press-plate-loaded-new,French Fitness Marin Iso-Lateral Horizontal Leg Press Plate Loaded (New),ACTIVE,French Fitness,Product Index,2025-01-14T13:23:09Z,2026-08-11T17:55:19Z,266740007228,Google & YouTube,TRUE
9878483763516,gid://shopify/Product/9878483763516,cybex-770at-arc-trainer-w-standard-console-remanufactured,Cybex 770AT Arc Trainer w/Standard Console (Remanufactured),ACTIVE,Cybex,Product Index,2025-01-14T13:23:15Z,2026-08-22T01:01:06Z,266740007228,Google & YouTube,TRUE
9878483927356,gid://shopify/Product/9878483927356,nautilus-instinct-triceps-extension-9nl-s5110-60ars-new,Nautilus Instinct Triceps Extension 9NL-S5110-60ARS (New),ACTIVE,Nautilus,Product Index,2025-01-14T13:23:23Z,2026-07-29T21:05:03Z,266740007228,Google & YouTube,TRUE
9878484025660,gid://shopify/Product/9878484025660,french-fitness-3-tier-medicine-slam-ball-rack-new,French Fitness 3 Tier Medicine & Slam Ball Rack (New),ACTIVE,French Fitness,Product Index,2025-01-14T13:23:33Z,2026-08-19T16:34:39Z,266740007228,Google & YouTube,TRUE
9878484091196,gid://shopify/Product/9878484091196,french-fitness-monster-p-l-hack-squat-leg-press-new,French Fitness Monster P/L Hack Squat Leg Press (New),ACTIVE,French Fitness,Product Index,2025-01-14T13:23:37Z,2026-08-25T20:34:07Z,266740007228,Google & YouTube,TRUE
9878484255036,gid://shopify/Product/9878484255036,cybex-770at-total-body-arc-trainer-w-e3-console-remanufactured,Cybex 770AT Total Body Arc Trainer w/E3 Console (Remanufactured),ACTIVE,Cybex,Product Index,2025-01-14T13:23:43Z,2026-08-22T01:01:06Z,266740007228,Google & YouTube,TRUE
9878484353340,gid://shopify/Product/9878484353340,nautilus-instinct-rotary-torso-9nl-s6300-60ars-new,Nautilus Instinct Rotary Torso 9NL-S6300-60ARS (New),ACTIVE,Nautilus,Product Index,2025-01-14T13:23:50Z,2026-07-29T21:05:04Z,266740007228,Google & YouTube,TRUE
9878484517180,gid://shopify/Product/9878484517180,french-fitness-circular-12-pair-mobile-medicine-ball-rack-new,French Fitness Circular 12 Pair Mobile Medicine Ball Rack (New),ACTIVE,French Fitness,Product Index,2025-01-14T13:23:56Z,2026-08-22T23:44:18Z,266740007228,Google & YouTube,TRUE
9878484779324,gid://shopify/Product/9878484779324,french-fitness-marin-iso-lateral-incline-chest-press-plate-loaded-new,French Fitness Marin Iso-Lateral Incline Chest Press Plate Loaded (New),ACTIVE,French Fitness,Product Index,2025-01-14T13:24:08Z,2026-08-19T00:08:30Z,266740007228,Google & YouTube,TRUE
9878484844860,gid://shopify/Product/9878484844860,cybex-770r-recumbent-bike-remanufactured,Cybex 770R Recumbent Bike (Remanufactured),ACTIVE,Cybex,Product Index,2025-01-14T13:24:13Z,2026-07-29T21:05:04Z,266740007228,Google & YouTube,TRUE
9878485238076,gid://shopify/Product/9878485238076,french-fitness-marin-iso-lateral-high-row-plate-loaded-new,French Fitness Marin Iso-Lateral High Row Plate Loaded (New),ACTIVE,French Fitness,Product Index,2025-01-14T13:24:37Z,2026-08-25T07:34:27Z,266740007228,Google & YouTube,TRUE
9878485270844,gid://shopify/Product/9878485270844,cybex-770r-recumbent-bike-w-e3-console-remanufactured,Cybex 770R Recumbent Bike w/E3 Console (Remanufactured),ACTIVE,Cybex,Product Index,2025-01-14T13:24:40Z,2026-07-29T21:05:05Z,266740007228,Google & YouTube,TRUE
9878485303612,gid://shopify/Product/9878485303612,french-fitness-mbr500-medicine-ball-rebounder-new,French Fitness MBR500 Medicine Ball Rebounder (New),ACTIVE,French Fitness,Product Index,2025-01-14T13:24:41Z,2026-08-06T18:52:55Z,266740007228,Google & YouTube,TRUE
9878485401916,gid://shopify/Product/9878485401916,nautilus-instinct-olympic-incline-bench-9nn-b7201-60ars-new,Nautilus Instinct Olympic Incline Bench 9NN-B7201-60ARS (New),ACTIVE,Nautilus,Product Index,2025-01-14T13:24:45Z,2026-07-29T21:05:05Z,266740007228,Google & YouTube,TRUE
9878485729596,gid://shopify/Product/9878485729596,french-fitness-marin-iso-lateral-kneeling-standing-leg-curl-plate-loaded-new,French Fitness Marin Iso-Lateral Kneeling / Standing Leg Curl Plate Loaded (New),ACTIVE,French Fitness,Product Index,2025-01-14T13:25:04Z,2026-08-21T07:40:53Z,266740007228,Google & YouTube,TRUE
9878485827900,gid://shopify/Product/9878485827900,cybex-770t-treadmill-remanufactured,Cybex 770T Treadmill (Remanufactured),ACTIVE,Cybex,Product Index,2025-01-14T13:25:11Z,2026-08-04T10:54:21Z,266740007228,Google & YouTube,TRUE
9878486122812,gid://shopify/Product/9878486122812,french-fitness-marin-iso-lateral-leg-extension-plate-loaded-new,French Fitness Marin Iso-Lateral Leg Extension Plate Loaded (New),ACTIVE,French Fitness,Product Index,2025-01-14T13:25:32Z,2026-08-11T17:56:11Z,266740007228,Google & YouTube,TRUE
9878486417724,gid://shopify/Product/9878486417724,french-fitness-multi-functional-adjustable-bench-v2-w-arm-curl-leg-ext-new,French Fitness Multi Functional Adjustable Bench V2 w/Arm Curl + Leg Ext (New),ACTIVE,French Fitness,Product Index,2025-01-14T13:25:41Z,2026-08-25T06:05:06Z,266740007228,Google & YouTube,TRUE
9878486450492,gid://shopify/Product/9878486450492,cybex-770t-treadmill-w-e3-console-remanufactured,Cybex 770T Treadmill w/E3 Console (Remanufactured),ACTIVE,Cybex,Product Index,2025-01-14T13:25:44Z,2026-08-04T10:54:21Z,266740007228,Google & YouTube,TRUE
9878486647100,gid://shopify/Product/9878486647100,french-fitness-marin-lateral-raise-plate-loaded-new,French Fitness Marin Lateral Lat Raise Plate Loaded (New),ACTIVE,French Fitness,Product Index,2025-01-14T13:26:00Z,2026-08-25T07:35:14Z,266740007228,Google & YouTube,TRUE
9878486876476,gid://shopify/Product/9878486876476,cybex-771a-arc-trainer-remanufactured,Cybex 771a Arc Trainer (Remanufactured),ACTIVE,Cybex,Product Index,2025-01-14T13:26:13Z,2026-08-04T11:04:27Z,266740007228,Google & YouTube,TRUE
9878487073084,gid://shopify/Product/9878487073084,french-fitness-multi-grip-lat-pulldown-bar-attachment-new,French Fitness Multi Grip Lat Pulldown Bar Attachment (New),ACTIVE,French Fitness,Product Index,2025-01-14T13:26:27Z,2026-08-06T18:52:54Z,266740007228,Google & YouTube,TRUE
9878487105852,gid://shopify/Product/9878487105852,french-fitness-marin-pullover-plate-loaded-new,French Fitness Marin Pullover Plate Loaded (New),ACTIVE,French Fitness,Product Index,2025-01-14T13:26:28Z,2026-08-21T07:26:02Z,266740007228,Google & YouTube,TRUE
9878487400764,gid://shopify/Product/9878487400764,french-fitness-marin-iso-lateral-rowing-low-row-plate-loaded-new,French Fitness Marin Iso-Lateral Rowing Low Row Plate Loaded (New),ACTIVE,French Fitness,Product Index,2025-01-14T13:26:56Z,2026-08-19T02:34:34Z,266740007228,Google & YouTube,TRUE
9878487466300,gid://shopify/Product/9878487466300,cybex-771at-arc-trainer-remanufactured,Cybex 771AT Arc Trainer (Remanufactured),ACTIVE,Cybex,Product Index,2025-01-14T13:26:58Z,2026-08-04T11:04:28Z,266740007228,Google & YouTube,TRUE
9878487761212,gid://shopify/Product/9878487761212,french-fitness-marin-super-horizontal-calf-plate-loaded-new,French Fitness Marin Super Horizontal Calf Plate Loaded (New),ACTIVE,French Fitness,Product Index,2025-01-14T13:27:25Z,2026-08-11T17:58:11Z,266740007228,Google & YouTube,TRUE
9878487859516,gid://shopify/Product/9878487859516,cybex-772a-lower-body-arc-trainer-remanufactured,Cybex 772a Lower Body Arc Trainer (Remanufactured),ACTIVE,Cybex,Product Index,2025-01-14T13:27:29Z,2026-08-04T11:04:27Z,266740007228,Google & YouTube,TRUE
9878488187196,gid://shopify/Product/9878488187196,french-fitness-mic20-indoor-cycle-w-led-console-new,French Fitness MIC20 Indoor Cycle w/LED Console (New),ACTIVE,French Fitness,Product Index,2025-01-14T13:27:50Z,2026-08-21T21:00:13Z,266740007228,Google & YouTube,TRUE
9878488285500,gid://shopify/Product/9878488285500,nautilus-instinct-dumbbell-rack-10-pair-3-tier-9nn-r8002-60ars-new,Nautilus Instinct Dumbbell Rack 10-Pair 3 Tier 9NN-R8002-60ARS (New),ACTIVE,Nautilus,Product Index,2025-01-14T13:27:53Z,2026-07-29T21:05:05Z,266740007228,Google & YouTube,TRUE
9878488318268,gid://shopify/Product/9878488318268,french-fitness-marin-squat-lunge-plate-loaded-new,French Fitness Marin Squat Lunge Plate Loaded (New),ACTIVE,French Fitness,Product Index,2025-01-14T13:27:53Z,2026-08-11T17:57:01Z,266740007228,Google & YouTube,TRUE
9878488351036,gid://shopify/Product/9878488351036,cybex-772at-arc-trainer-remanufactured,Cybex 772AT Arc Trainer (Remanufactured),ACTIVE,Cybex,Product Index,2025-01-14T13:28:02Z,2026-08-04T11:04:01Z,266740007228,Google & YouTube,TRUE
9878488613180,gid://shopify/Product/9878488613180,french-fitness-marin-seated-leg-curl-plate-loaded-new,French Fitness Marin Seated Leg Curl Plate Loaded (New),ACTIVE,French Fitness,Product Index,2025-01-14T13:28:21Z,2026-08-11T17:57:01Z,266740007228,Google & YouTube,TRUE
9878488678716,gid://shopify/Product/9878488678716,precor-c776i-stair-stepper-remanufactured,Precor C776i Stair Stepper (Remanufactured),ACTIVE,Precor,Product Index,2025-01-14T13:28:31Z,2026-07-29T21:05:04Z,266740007228,Google & YouTube,TRUE
9878488711484,gid://shopify/Product/9878488711484,french-fitness-mic21-indoor-cycle-w-21-5-touch-console-new,"French Fitness MIC21 Indoor Cycle w/21.5"" Touch Console (New)",ACTIVE,French Fitness,Product Index,2025-01-14T13:28:31Z,2026-07-29T21:05:04Z,266740007228,Google & YouTube,TRUE
9878489039164,gid://shopify/Product/9878489039164,precor-c776i-experience-stair-stepper-remanufactured,Precor c776i Experience Stair Stepper (Remanufactured),ACTIVE,Precor,Product Index,2025-01-14T13:28:58Z,2026-07-29T21:05:05Z,266740007228,Google & YouTube,TRUE
9878489104700,gid://shopify/Product/9878489104700,french-fitness-mic3-magnetic-commercial-indoor-cycle-new,French Fitness MIC3 Magnetic Commercial Indoor Cycle (New),ACTIVE,French Fitness,Product Index,2025-01-14T13:28:58Z,2026-08-24T07:50:17Z,266740007228,Google & YouTube,TRUE
9878489203004,gid://shopify/Product/9878489203004,nautilus-inspiration-multi-adjustable-bench-9np-b7506-60bzs-new,Nautilus Inspiration Multi-Adjustable Bench 9NP-B7506-60BZS (New),ACTIVE,Nautilus,Product Index,2025-01-14T13:29:14Z,2026-07-29T21:05:03Z,266740007228,Google & YouTube,TRUE
9878489268540,gid://shopify/Product/9878489268540,french-fitness-marin-iso-lateral-shoulder-press-plate-loaded-new,French Fitness Marin Iso-Lateral Shoulder Press Plate Loaded (New),ACTIVE,French Fitness,Product Index,2025-01-14T13:29:16Z,2026-08-25T06:51:02Z,266740007228,Google & YouTube,TRUE
9878489334076,gid://shopify/Product/9878489334076,french-fitness-mic4-magnetic-indoor-commercial-cycle-new,French Fitness MIC4 Magnetic Indoor Commercial Cycle (New),ACTIVE,French Fitness,Product Index,2025-01-14T13:29:25Z,2026-08-12T11:51:20Z,266740007228,Google & YouTube,TRUE
9878489366844,gid://shopify/Product/9878489366844,cybex-790t-treadmill-w-e3-console-remanufactured,Cybex 790T Treadmill w/E3 Console (Remanufactured),ACTIVE,Cybex,Product Index,2025-01-14T13:29:27Z,2026-07-29T21:05:05Z,266740007228,Google & YouTube,TRUE
9878489628988,gid://shopify/Product/9878489628988,nautilus-plate-loaded-hack-squat-9np-l1130-60bzs-new,Nautilus Plate Loaded Hack Squat 9NP-L1130-60BZS (New),ACTIVE,Nautilus,Product Index,2025-01-14T13:29:42Z,2026-07-29T21:05:04Z,266740007228,Google & YouTube,TRUE
9878489661756,gid://shopify/Product/9878489661756,french-fitness-marin-seated-dip-tricep-press-plate-loaded-new,French Fitness Marin Seated Dip / Tricep Press Plate Loaded (New),ACTIVE,French Fitness,Product Index,2025-01-14T13:29:45Z,2026-08-24T07:29:27Z,266740007228,Google & YouTube,TRUE
9878489891132,gid://shopify/Product/9878489891132,monark-818e-ergomedic-fitness-bike-remanufactured,Monark 818E Ergomedic Fitness Bike (Remanufactured),ACTIVE,Monark,Product Index,2025-01-14T13:29:57Z,2026-08-22T23:44:21Z,266740007228,Google & YouTube,TRUE
9878490054972,gid://shopify/Product/9878490054972,nautilus-plate-loaded-glute-drive-9np-l1131-60bzs-new,Nautilus Plate Loaded Glute Drive 9NP-L1131-60BZS (New),ACTIVE,Nautilus,Product Index,2025-01-14T13:30:12Z,2026-08-22T18:34:27Z,266740007228,Google & YouTube,TRUE
9878490120508,gid://shopify/Product/9878490120508,french-fitness-multi-grip-olympic-swiss-bar-v2-new,French Fitness Multi Grip Olympic Swiss Bar V2 (New),ACTIVE,French Fitness,Product Index,2025-01-14T13:30:13Z,2026-08-06T18:52:52Z,266740007228,Google & YouTube,TRUE
9878490153276,gid://shopify/Product/9878490153276,french-fitness-marin-tibia-dorsi-flexion-plate-loaded-new,French Fitness Marin Tibia Dorsi Flexion Plate Loaded (New),ACTIVE,French Fitness,Product Index,2025-01-14T13:30:13Z,2026-08-11T17:57:22Z,266740007228,Google & YouTube,TRUE
9878490317116,gid://shopify/Product/9878490317116,monark-exercise-ab-827e-exercise-bike-remanufactured,Monark Exercise AB 827E Exercise Bike (Remanufactured),ACTIVE,Monark,Product Index,2025-01-14T13:30:24Z,2026-07-29T21:05:05Z,266740007228,Google & YouTube,TRUE
9878490546492,gid://shopify/Product/9878490546492,french-fitness-marin-iso-lateral-wide-chest-plate-loaded-new,French Fitness Marin Iso-Lateral Wide Chest Plate Loaded (New),ACTIVE,French Fitness,Product Index,2025-01-14T13:30:43Z,2026-08-24T08:26:34Z,266740007228,Google & YouTube,TRUE
9878490644796,gid://shopify/Product/9878490644796,monark-exercise-ab-828e-ergomedic-exercise-bike-remanufactured,Monark Exercise AB 828E Ergomedic Exercise Bike (Remanufactured),ACTIVE,Monark,Product Index,2025-01-14T13:30:50Z,2026-07-29T21:05:04Z,266740007228,Google & YouTube,TRUE
9878491038012,gid://shopify/Product/9878491038012,french-fitness-marin-wrist-curl-machine-plate-loaded-new,French Fitness Marin Forearm / Wrist Curl Machine Plate Loaded (New),ACTIVE,French Fitness,Product Index,2025-01-14T13:31:11Z,2026-08-24T20:08:39Z,266740007228,Google & YouTube,TRUE
9878491103548,gid://shopify/Product/9878491103548,nautilus-leverage-chest-press-9np-l2002-60bzss-new,Nautilus Leverage Chest Press 9NP-L2002-60BZSS (New),ACTIVE,Nautilus,Product Index,2025-01-14T13:31:15Z,2026-08-22T23:44:22Z,266740007228,Google & YouTube,TRUE
9878491169084,gid://shopify/Product/9878491169084,monark-828e-ergomedic-microfit-robobike-bike-remanufactured,Monark 828E Ergomedic Microfit Robobike Bike (Remanufactured),ACTIVE,Monark,Product Index,2025-01-14T13:31:18Z,2026-07-29T21:05:03Z,266740007228,Google & YouTube,TRUE
9878491496764,gid://shopify/Product/9878491496764,french-fitness-marin-iso-lateral-wide-pulldown-plate-loaded-new,French Fitness Marin Iso-Lateral Wide Pulldown Plate Loaded (New),ACTIVE,French Fitness,Product Index,2025-01-14T13:31:40Z,2026-08-25T06:16:18Z,266740007228,Google & YouTube,TRUE
9878491529532,gid://shopify/Product/9878491529532,monark-839e-electronic-test-bike-w-o-console-remanufactured,Monark 839E Electronic Test Bike w/o Console (Remanufactured),ACTIVE,Monark,Product Index,2025-01-14T13:31:46Z,2026-07-29T21:05:05Z,266740007228,Google & YouTube,TRUE
9878491627836,gid://shopify/Product/9878491627836,nautilus-leverage-incline-press-9np-l2003-60bzs-new,Nautilus Leverage Incline Press 9NP-L2003-60BZS (New),ACTIVE,Nautilus,Product Index,2025-01-14T13:31:50Z,2026-07-29T21:05:05Z,266740007228,Google & YouTube,TRUE
9878491660604,gid://shopify/Product/9878491660604,french-fitness-multi-storage-accessory-tower-rack-new,French Fitness Multi-Storage Accessory Tower Rack (New),ACTIVE,French Fitness,Product Index,2025-01-14T13:31:55Z,2026-07-28T19:07:12Z,266740007228,Google & YouTube,TRUE
9878491857212,gid://shopify/Product/9878491857212,french-fitness-r30-monster-power-rack-new,French Fitness R30 Monster Power Rack (New),ACTIVE,French Fitness,Product Index,2025-01-14T13:32:09Z,2026-08-03T13:34:26Z,266740007228,Google & YouTube,TRUE
9878491988284,gid://shopify/Product/9878491988284,monark-exercise-874e-ergomedic-exercise-bike-remanufactured,Monark Exercise 874E Ergomedic Exercise Bike (Remanufactured),ACTIVE,Monark,Product Index,2025-01-14T13:32:14Z,2026-07-29T21:05:03Z,266740007228,Google & YouTube,TRUE
9878492152124,gid://shopify/Product/9878492152124,nautilus-leverage-decline-press-9np-l2004-60bzs-new,Nautilus Leverage Decline Press 9NP-L2004-60BZS (New),ACTIVE,Nautilus,Product Index,2025-01-14T13:32:22Z,2026-07-29T21:05:05Z,266740007228,Google & YouTube,TRUE
9878492381500,gid://shopify/Product/9878492381500,monark-881e-arm-ergometer-rehab-trainer-remanufactured,Monark 881E Arm Ergometer Rehab Trainer (Remanufactured),ACTIVE,Monark,Product Index,2025-01-14T13:32:41Z,2026-07-29T21:05:05Z,266740007228,Google & YouTube,TRUE
9878492610876,gid://shopify/Product/9878492610876,nautilus-leverage-lat-pull-down-9np-l3003-60bzs-new,Nautilus Leverage Lat Pull Down 9NP-L3003-60BZS (New),ACTIVE,Nautilus,Product Index,2025-01-14T13:32:54Z,2026-07-29T21:05:04Z,266740007228,Google & YouTube,TRUE
9878492709180,gid://shopify/Product/9878492709180,monark-894e-anaerobic-wingate-ergometer-remanufactured,Monark 894E Anaerobic Wingate Ergometer (Remanufactured),ACTIVE,Monark,Product Index,2025-01-14T13:33:08Z,2026-07-29T21:05:05Z,266740007228,Google & YouTube,TRUE
9878492905788,gid://shopify/Product/9878492905788,nautilus-leverage-low-row-9np-l3004-60bzs-new,Nautilus Leverage Low Row 9NP-L3004-60BZS (New),ACTIVE,Nautilus,Product Index,2025-01-14T13:33:26Z,2026-07-29T21:05:07Z,266740007228,Google & YouTube,TRUE
9878493462844,gid://shopify/Product/9878493462844,nautilus-leverage-high-row-9np-l3005-60bzs-new,Nautilus Leverage High Row 9NP-L3005-60BZS (New),ACTIVE,Nautilus,Product Index,2025-01-14T13:33:59Z,2026-07-29T21:05:03Z,266740007228,Google & YouTube,TRUE
9878493495612,gid://shopify/Product/9878493495612,life-fitness-90x-elliptical-cross-trainer-remanufactured,Life Fitness 90x Elliptical Cross-Trainer (Remanufactured),ACTIVE,Life Fitness,Product Index,2025-01-14T13:33:59Z,2026-08-04T11:07:56Z,266740007228,Google & YouTube,TRUE
9878493856060,gid://shopify/Product/9878493856060,life-fitness-91ti-treadmill-remanufactured,Life Fitness 91ti Treadmill (Remanufactured),ACTIVE,Life Fitness,Product Index,2025-01-14T13:34:26Z,2026-08-04T11:01:17Z,266740007228,Google & YouTube,TRUE
9878493954364,gid://shopify/Product/9878493954364,nautilus-leverage-deadlift-shrug-9np-l3006-60aas-new,Nautilus Leverage Deadlift Shrug 9NP-L3006-60AAS (New),ACTIVE,Nautilus,Product Index,2025-01-14T13:34:30Z,2026-07-29T21:05:04Z,266740007228,Google & YouTube,TRUE
9878494478652,gid://shopify/Product/9878494478652,life-fitness-91x-elliptical-cross-trainer-remanufactured,Life Fitness 91x Elliptical Cross-Trainer (Remanufactured),ACTIVE,Life Fitness,Product Index,2025-01-14T13:34:56Z,2026-08-04T11:09:12Z,266740007228,Google & YouTube,TRUE
9878494609724,gid://shopify/Product/9878494609724,nautilus-leverage-shoulder-press-9np-l4002-60bzs-new,Nautilus Leverage Shoulder Press 9NP-L4002-60BZS (New),ACTIVE,Nautilus,Product Index,2025-01-14T13:35:02Z,2026-07-29T21:05:05Z,266740007228,Google & YouTube,TRUE
9878494806332,gid://shopify/Product/9878494806332,life-fitness-91xi-elliptical-cross-trainer-remanufactured,Life Fitness 91xi Elliptical Cross-Trainer (Remanufactured),ACTIVE,Life Fitness,Product Index,2025-01-14T13:35:23Z,2026-08-22T23:01:41Z,266740007228,Google & YouTube,TRUE
9878495101244,gid://shopify/Product/9878495101244,nautilus-leverage-biceps-curl-9np-l5002-60bzs-new,Nautilus Leverage Biceps Curl 9NP-L5002-60BZS (New),ACTIVE,Nautilus,Product Index,2025-01-14T13:35:32Z,2026-07-29T21:05:04Z,266740007228,Google & YouTube,TRUE
9878495265084,gid://shopify/Product/9878495265084,precor-9-31-premium-series-treadmill-remanufactured,Precor 9.31 Premium Series Treadmill (Remanufactured),ACTIVE,Precor,Product Index,2025-01-14T13:35:50Z,2026-08-04T11:01:17Z,266740007228,Google & YouTube,TRUE
9878495559996,gid://shopify/Product/9878495559996,nautilus-leverage-abdominal-crunch-9np-l5003-60bzs-new,Nautilus Leverage & Abdominal Crunch 9NP-L5003-60BZS (New),ACTIVE,Nautilus,Product Index,2025-01-14T13:36:04Z,2026-07-29T21:05:06Z,266740007228,Google & YouTube,TRUE
9878495887676,gid://shopify/Product/9878495887676,precor-9-33-premium-series-treadmill-remanufactured,Precor 9.33 Premium Series Treadmill (Remanufactured),ACTIVE,Precor,Product Index,2025-01-14T13:36:20Z,2026-08-04T11:01:17Z,266740007228,Google & YouTube,TRUE
9878496379196,gid://shopify/Product/9878496379196,precor-9-35-premium-series-treadmill-remanufactured,Precor 9.35 Premium Series Treadmill (Remanufactured),ACTIVE,Precor,Product Index,2025-01-14T13:36:50Z,2026-08-04T11:01:15Z,266740007228,Google & YouTube,TRUE
9878496543036,gid://shopify/Product/9878496543036,nautilus-beauty-bell-rack-3-tier-9np-r8014-60aas-new,Nautilus Beauty Bell Rack 3 Tier 9NP-R8014-60AAS (New),ACTIVE,Nautilus,Product Index,2025-01-14T13:37:00Z,2026-07-29T21:05:05Z,266740007228,Google & YouTube,TRUE
9878496706876,gid://shopify/Product/9878496706876,life-fitness-93c-upright-bike-remanufactured,Life Fitness 93c Upright Bike (Remanufactured),ACTIVE,Life Fitness,Product Index,2025-01-14T13:37:20Z,2026-08-23T00:31:41Z,266740007228,Google & YouTube,TRUE
9878496805180,gid://shopify/Product/9878496805180,nautilus-half-rack-w-sva-platform-bamboo-ii-new,Nautilus Half Rack w/SVA Platform Bamboo II (New),ACTIVE,Nautilus,Product Index,2025-01-14T13:37:26Z,2026-07-29T21:05:05Z,266740007228,Google & YouTube,TRUE
9878497165628,gid://shopify/Product/9878497165628,life-fitness-93r-recumbent-bike-remanufactured,Life Fitness 93r Recumbent Bike (Remanufactured),ACTIVE,Life Fitness,Product Index,2025-01-14T13:37:46Z,2026-07-29T21:05:06Z,266740007228,Google & YouTube,TRUE
9878497689916,gid://shopify/Product/9878497689916,life-fitness-93t-classic-treadmill-remanufactured,Life Fitness 93T Classic Treadmill (Remanufactured),ACTIVE,Life Fitness,Product Index,2025-01-14T13:38:13Z,2026-08-04T11:00:16Z,266740007228,Google & YouTube,TRUE
9878498115900,gid://shopify/Product/9878498115900,life-fitness-93x-elliptical-cross-trainer-remanufactured,Life Fitness 93x Elliptical Cross-Trainer (Remanufactured),ACTIVE,Life Fitness,Product Index,2025-01-14T13:38:42Z,2026-08-04T11:07:56Z,266740007228,Google & YouTube,TRUE
9878498672956,gid://shopify/Product/9878498672956,life-fitness-ct9500hr-classic-style-elliptical-remanufactured,Life Fitness CT9500HR Classic Style Elliptical (Remanufactured),ACTIVE,Life Fitness,Product Index,2025-01-14T13:39:10Z,2026-08-04T11:09:08Z,266740007228,Google & YouTube,TRUE
9878498804028,gid://shopify/Product/9878498804028,nautilus-4-bamboo-platform-ii-9-hdp4-bb2-new,Nautilus 4' Bamboo Platform II 9-HDP4-BB2 (New),ACTIVE,Nautilus,Product Index,2025-01-14T13:39:18Z,2026-07-29T21:05:06Z,266740007228,Google & YouTube,TRUE
9878499197244,gid://shopify/Product/9878499197244,life-fitness-9500hr-next-generation-elliptical-remanufactured,Life Fitness 9500HR Next Generation Elliptical (Remanufactured),ACTIVE,Life Fitness,Product Index,2025-01-14T13:39:36Z,2026-08-23T00:31:42Z,266740007228,Google & YouTube,TRUE
9878499295548,gid://shopify/Product/9878499295548,nautilus-4-bamboo-sva-platform-9-hdp4d-bb2-new,Nautilus 4' Bamboo SVA Platform 9-HDP4D-BB2 (New),ACTIVE,Nautilus,Product Index,2025-01-14T13:39:45Z,2026-07-29T21:05:04Z,266740007228,Google & YouTube,TRUE
9878499623228,gid://shopify/Product/9878499623228,life-fitness-9500hr-next-generation-upright-bike-remanufactured,Life Fitness 9500HR Next Generation Upright Bike (Remanufactured),ACTIVE,Life Fitness,Product Index,2025-01-14T13:40:03Z,2026-07-29T21:05:07Z,266740007228,Google & YouTube,TRUE
9878499721532,gid://shopify/Product/9878499721532,nautilus-4-stand-alone-bamboo-sva-9-hdp4d-bb2-sa-new,Nautilus 4' Stand Alone Bamboo SVA 9-HDP4D-BB2-SA (New),ACTIVE,Nautilus,Product Index,2025-01-14T13:40:09Z,2026-07-29T21:05:04Z,266740007228,Google & YouTube,TRUE
9878500016444,gid://shopify/Product/9878500016444,life-fitness-9500hr-next-generation-recumbent-bike-remanufactured,Life Fitness 9500HR Next Generation Recumbent Bike (Remanufactured),ACTIVE,Life Fitness,Product Index,2025-01-14T13:40:30Z,2026-07-29T21:05:07Z,266740007228,Google & YouTube,TRUE
9878500081980,gid://shopify/Product/9878500081980,nautilus-6-bamboo-platform-ii-9-hdp6-bb2-new,Nautilus 6' Bamboo Platform II 9-HDP6-BB2 (New),ACTIVE,Nautilus,Product Index,2025-01-14T13:40:34Z,2026-07-29T21:05:05Z,266740007228,Google & YouTube,TRUE
9878500507964,gid://shopify/Product/9878500507964,life-fitness-9500hr-recumbent-bike-remanufactured,Life Fitness 9500HR Recumbent Bike (Remanufactured),ACTIVE,Life Fitness,Product Index,2025-01-14T13:40:57Z,2026-07-29T21:05:05Z,266740007228,Google & YouTube,TRUE
9878500540732,gid://shopify/Product/9878500540732,nautilus-stand-alone-sva-platform-bamboo-ii-9-hdp6d-bb2-sa-new,Nautilus Stand Alone SVA Platform Bamboo II 9-HDP6D-BB2-SA (New),ACTIVE,Nautilus,Product Index,2025-01-14T13:40:58Z,2026-07-29T21:05:06Z,266740007228,Google & YouTube,TRUE
9878500999484,gid://shopify/Product/9878500999484,nautilus-hd-sva-platform-6-lf-half-rack-new,"Nautilus HD SVA Platform 6', LF Half Rack (New)",ACTIVE,Nautilus,Product Index,2025-01-14T13:41:22Z,2026-07-29T21:05:04Z,266740007228,Google & YouTube,TRUE
9878501065020,gid://shopify/Product/9878501065020,life-fitness-9500hr-next-gen-stair-stepper-remanufactured,Life Fitness 9500HR Next Gen Stair Stepper (Remanufactured),ACTIVE,Life Fitness,Product Index,2025-01-14T13:41:24Z,2026-07-29T21:05:05Z,266740007228,Google & YouTube,TRUE
9878501359932,gid://shopify/Product/9878501359932,nautilus-inspiration-deltoid-raise-ipdr3-60bz-new,Nautilus Inspiration Deltoid Raise IPDR3-60BZ (New),ACTIVE,Nautilus,Product Index,2025-01-14T13:41:47Z,2026-07-29T21:05:04Z,266740007228,Google & YouTube,TRUE
9878501491004,gid://shopify/Product/9878501491004,life-fitness-9500hr-next-generation-treadmill-remanufactured,Life Fitness 9500HR Next Generation Treadmill (Remanufactured),ACTIVE,Life Fitness,Product Index,2025-01-14T13:41:51Z,2026-08-04T11:00:12Z,266740007228,Google & YouTube,TRUE
9878501851452,gid://shopify/Product/9878501851452,nautilus-inspiration-dual-adjustable-pulley-np-d9302-new,Nautilus Inspiration Dual Adjustable Pulley NP-D9302 (New),ACTIVE,Nautilus,Product Index,2025-01-14T13:42:17Z,2026-07-29T21:05:06Z,266740007228,Google & YouTube,TRUE
9878502015292,gid://shopify/Product/9878502015292,life-fitness-9500hr-upright-bike-remanufactured,Life Fitness 9500HR Upright Bike (Remanufactured),ACTIVE,Life Fitness,Product Index,2025-01-14T13:42:21Z,2026-08-23T00:31:45Z,266740007228,Google & YouTube,TRUE
9878502506812,gid://shopify/Product/9878502506812,life-fitness-95t-achieve-treadmill-remanufactured,Life Fitness 95T Achieve Treadmill (Remanufactured),ACTIVE,Life Fitness,Product Index,2025-01-14T13:42:49Z,2026-08-07T10:02:36Z,266740007228,Google & YouTube,TRUE
9878503227708,gid://shopify/Product/9878503227708,life-fitness-95c-achieve-upright-bike-remanufactured,Life Fitness 95C Achieve Upright Bike (Remanufactured),ACTIVE,Life Fitness,Product Index,2025-01-14T13:43:21Z,2026-07-29T21:05:04Z,266740007228,Google & YouTube,TRUE
9878503391548,gid://shopify/Product/9878503391548,french-fitness-45-rack-rig-upright-new,"French Fitness 45"" Rack & Rig Upright (New)",ACTIVE,French Fitness,Product Index,2025-01-14T13:43:31Z,2026-08-06T18:52:50Z,266740007228,Google & YouTube,TRUE
9878503620924,gid://shopify/Product/9878503620924,nautilus-freedom-rack-np-l8507-new,Nautilus Freedom Rack NP-L8507 (New),ACTIVE,Nautilus,Product Index,2025-01-14T13:43:49Z,2026-07-29T21:05:04Z,266740007228,Google & YouTube,TRUE
9878503653692,gid://shopify/Product/9878503653692,life-fitness-95ce-upright-bike-remanufactured,Life Fitness 95CE Upright Bike (Remanufactured),ACTIVE,Life Fitness,Product Index,2025-01-14T13:43:50Z,2026-07-29T21:05:05Z,266740007228,Google & YouTube,TRUE
9878503817532,gid://shopify/Product/9878503817532,french-fitness-soft-medicine-wall-ball-set-of-10-6-to-25-lbs-w-rack-new,French Fitness Soft Medicine Wall Ball Set of 10 (6 to 25 lbs) w/Rack (New),ACTIVE,French Fitness,Product Index,2025-01-14T13:44:00Z,2026-08-20T02:57:25Z,266740007228,Google & YouTube,TRUE
9878504636732,gid://shopify/Product/9878504636732,life-fitness-95c-engage-upright-bike-remanufactured,Life Fitness 95C Engage Upright Bike (Remanufactured),ACTIVE,Life Fitness,Product Index,2025-01-14T13:44:17Z,2026-07-29T21:05:04Z,266740007228,Google & YouTube,TRUE
9878505062716,gid://shopify/Product/9878505062716,life-fitness-95ci-upright-bike-remanufactured,Life Fitness 95ci Upright Bike (Remanufactured),ACTIVE,Life Fitness,Product Index,2025-01-14T13:44:47Z,2026-07-29T21:05:04Z,266740007228,Google & YouTube,TRUE
9878505128252,gid://shopify/Product/9878505128252,nautilus-one-hip-abduction-adduction-s6aa250-1-new,Nautilus One Hip Abduction / Adduction S6AA250-1 (New),ACTIVE,Nautilus,Product Index,2025-01-14T13:44:48Z,2026-07-29T21:05:05Z,266740007228,Google & YouTube,TRUE
9878505455932,gid://shopify/Product/9878505455932,life-fitness-95c-inspire-upright-bike-remanufactured,Life Fitness 95C Inspire Upright Bike (Remanufactured),ACTIVE,Life Fitness,Product Index,2025-01-14T13:45:14Z,2026-08-23T00:31:42Z,266740007228,Google & YouTube,TRUE
9878505947452,gid://shopify/Product/9878505947452,life-fitness-95le-summit-trainer-remanufactured,Life Fitness 95le Summit Trainer (Remanufactured),ACTIVE,Life Fitness,Product Index,2025-01-14T13:45:47Z,2026-07-29T21:05:05Z,266740007228,Google & YouTube,TRUE
9878506635580,gid://shopify/Product/9878506635580,life-fitness-95li-summit-trainer-remanufactured,Life Fitness 95li Summit Trainer (Remanufactured),ACTIVE,Life Fitness,Product Index,2025-01-14T13:46:13Z,2026-07-29T21:05:06Z,266740007228,Google & YouTube,TRUE
9878506733884,gid://shopify/Product/9878506733884,nautilus-one-bicep-curl-s6bc250-1-new,Nautilus One Bicep Curl S6BC250-1 (New),ACTIVE,Nautilus,Product Index,2025-01-14T13:46:18Z,2026-07-29T21:05:07Z,266740007228,Google & YouTube,TRUE
9878507258172,gid://shopify/Product/9878507258172,life-fitness-95r-achieve-recumbent-bike-remanufactured,Life Fitness 95R Achieve Recumbent Bike (Remanufactured),ACTIVE,Life Fitness,Product Index,2025-01-14T13:46:41Z,2026-08-23T00:31:42Z,266740007228,Google & YouTube,TRUE
9878508503356,gid://shopify/Product/9878508503356,life-fitness-95re-recumbent-bike-remanufactured,Life Fitness 95RE Recumbent Bike (Remanufactured),ACTIVE,Life Fitness,Product Index,2025-01-14T13:47:28Z,2026-08-23T00:31:42Z,266740007228,Google & YouTube,TRUE
9878508831036,gid://shopify/Product/9878508831036,nautilus-one-lat-pulldown-s6latp250-1-new,Nautilus One Lat Pulldown S6LATP250-1 (New),ACTIVE,Nautilus,Product Index,2025-01-14T13:47:45Z,2026-07-29T21:05:06Z,266740007228,Google & YouTube,TRUE
9878509158716,gid://shopify/Product/9878509158716,life-fitness-95r-engage-recumbent-bike-remanufactured,Life Fitness 95R Engage Recumbent Bike (Remanufactured),ACTIVE,Life Fitness,Product Index,2025-01-14T13:47:56Z,2026-07-29T21:05:07Z,266740007228,Google & YouTube,TRUE
9878509388092,gid://shopify/Product/9878509388092,french-fitness-olympic-bumper-plate-set-190-lbs-crumb-rubber-new,French Fitness Olympic Bumper Plate Set 190 lbs - Crumb Rubber (New),ACTIVE,French Fitness,Product Index,2025-01-14T13:48:08Z,2026-08-23T00:31:46Z,266740007228,Google & YouTube,TRUE
9878509420860,gid://shopify/Product/9878509420860,french-fitness-r30-commercial-power-rack-bench-combo-new,French Fitness R30 Commercial Power Rack / Bench Combo (New),ACTIVE,French Fitness,Product Index,2025-01-14T13:48:09Z,2026-08-22T21:05:09Z,266740007228,Google & YouTube,TRUE
9878509781308,gid://shopify/Product/9878509781308,life-fitness-95ri-recumbent-bike-remanufactured,Life Fitness 95ri Recumbent Bike (Remanufactured),ACTIVE,Life Fitness,Product Index,2025-01-14T13:48:27Z,2026-08-23T00:31:45Z,266740007228,Google & YouTube,TRUE
9878510436668,gid://shopify/Product/9878510436668,life-fitness-95r-inspire-recumbent-bike-remanufactured,Life Fitness 95R Inspire Recumbent Bike (Remanufactured),ACTIVE,Life Fitness,Product Index,2025-01-14T13:48:55Z,2026-08-22T23:01:41Z,266740007228,Google & YouTube,TRUE
9878510862652,gid://shopify/Product/9878510862652,nautilus-one-leg-extension-s6le250-1-new,Nautilus One Leg Extension S6LE250-1 (New),ACTIVE,Nautilus,Product Index,2025-01-14T13:49:11Z,2026-07-29T21:05:06Z,266740007228,Google & YouTube,TRUE
9878511223100,gid://shopify/Product/9878511223100,life-fitness-95se-stair-stepper-remanufactured,Life Fitness 95SE Stair Stepper (Remanufactured),ACTIVE,Life Fitness,Product Index,2025-01-14T13:49:30Z,2026-07-29T21:05:05Z,266740007228,Google & YouTube,TRUE
9878511747388,gid://shopify/Product/9878511747388,life-fitness-95si-stair-stepper-remanufactured,Life Fitness 95Si Stair Stepper (Remanufactured),ACTIVE,Life Fitness,Product Index,2025-01-14T13:49:57Z,2026-07-29T21:05:04Z,266740007228,Google & YouTube,TRUE
9878512140604,gid://shopify/Product/9878512140604,life-fitness-95te-treadmill-remanufactured,Life Fitness 95TE Treadmill (Remanufactured),ACTIVE,Life Fitness,Product Index,2025-01-14T13:50:24Z,2026-08-04T11:01:16Z,266740007228,Google & YouTube,TRUE
9878512304444,gid://shopify/Product/9878512304444,nautilus-one-rotary-torso-s6rt250-1-new,Nautilus One Rotary Torso S6RT250-1 (New),ACTIVE,Nautilus,Product Index,2025-01-14T13:50:32Z,2026-07-29T21:05:04Z,266740007228,Google & YouTube,TRUE
9878512632124,gid://shopify/Product/9878512632124,french-fitness-olympic-bumper-plate-set-w-7-ft-olympic-bar-235-lbs-crumb-rubber-new,French Fitness Olympic Bumper Plate Set w/7 ft Olympic Bar 235 lbs - Crumb Rubber (New),ACTIVE,French Fitness,Product Index,2025-01-14T13:50:51Z,2026-08-06T18:52:48Z,266740007228,Google & YouTube,TRUE
9878512697660,gid://shopify/Product/9878512697660,life-fitness-95t-engage-treadmill-remanufactured,Life Fitness 95T Engage Treadmill (Remanufactured),ACTIVE,Life Fitness,Product Index,2025-01-14T13:50:54Z,2026-08-23T00:31:46Z,266740007228,Google & YouTube,TRUE
9878513385788,gid://shopify/Product/9878513385788,life-fitness-95ti-treadmill-remanufactured,Life Fitness 95Ti Treadmill (Remanufactured),ACTIVE,Life Fitness,Product Index,2025-01-14T13:51:25Z,2026-08-22T23:01:42Z,266740007228,Google & YouTube,TRUE
9878513451324,gid://shopify/Product/9878513451324,french-fitness-olympic-bumper-plate-set-w-7-ft-olympic-bar-235-lbs-bench-crumb-rubber-new,French Fitness Olympic Bumper Plate Set w/7 ft Olympic Bar 235 lbs + Bench - Crumb Rubber (New),ACTIVE,French Fitness,Product Index,2025-01-14T13:51:27Z,2026-07-29T21:05:05Z,266740007228,Google & YouTube,TRUE
9878513516860,gid://shopify/Product/9878513516860,nautilus-one-tricep-press-s6tp250-1-new,Nautilus One Tricep Press S6TP250-1 (New),ACTIVE,Nautilus,Product Index,2025-01-14T13:51:29Z,2026-07-29T21:05:04Z,266740007228,Google & YouTube,TRUE
9878513779004,gid://shopify/Product/9878513779004,french-fitness-r30-re-monster-power-rack-new,French Fitness R30-RE Monster Power Rack (New),ACTIVE,French Fitness,Product Index,2025-01-14T13:51:45Z,2026-08-22T21:05:09Z,266740007228,Google & YouTube,TRUE
9878513942844,gid://shopify/Product/9878513942844,life-fitness-95x-achieve-elliptical-cross-trainer-remanufactured,Life Fitness 95x Achieve Elliptical Cross-Trainer (Remanufactured),ACTIVE,Life Fitness,Product Index,2025-01-14T13:51:55Z,2026-08-22T23:01:41Z,266740007228,Google & YouTube,TRUE
9878514336060,gid://shopify/Product/9878514336060,nautilus-half-rack-9-hdhr2-new,Nautilus Half Rack 9-HDHR2 (New),ACTIVE,Nautilus,Product Index,2025-01-14T13:52:02Z,2026-07-29T21:05:04Z,266740007228,Google & YouTube,TRUE
9878514368828,gid://shopify/Product/9878514368828,french-fitness-olympic-bumper-plate-set-240-lbs-crumb-rubber-new,French Fitness Olympic Bumper Plate Set 240 lbs - Crumb Rubber (New),ACTIVE,French Fitness,Product Index,2025-01-14T13:52:04Z,2026-08-06T18:52:47Z,266740007228,Google & YouTube,TRUE
9878514729276,gid://shopify/Product/9878514729276,life-fitness-95xe-elliptical-cross-trainer-remanufactured,Life Fitness 95Xe Elliptical Cross-Trainer (Remanufactured),ACTIVE,Life Fitness,Product Index,2025-01-14T13:52:25Z,2026-08-04T11:09:12Z,266740007228,Google & YouTube,TRUE
9878515286332,gid://shopify/Product/9878515286332,life-fitness-95x-engage-elliptical-cross-trainer-remanufactured,Life Fitness 95x Engage Elliptical Cross-Trainer (Remanufactured),ACTIVE,Life Fitness,Product Index,2025-01-14T13:52:54Z,2026-08-02T11:15:27Z,266740007228,Google & YouTube,TRUE
9878515614012,gid://shopify/Product/9878515614012,french-fitness-olympic-bumper-plate-set-260-lbs-crumb-rubber-new,French Fitness Olympic Bumper Plate Set 260 lbs - Crumb Rubber (New),ACTIVE,French Fitness,Product Index,2025-01-14T13:53:05Z,2026-08-06T18:52:47Z,266740007228,Google & YouTube,TRUE
9878515908924,gid://shopify/Product/9878515908924,life-fitness-95xi-elliptical-cross-trainer-remanufactured,Life Fitness 95xi Elliptical Cross-Trainer (Remanufactured),ACTIVE,Life Fitness,Product Index,2025-01-14T13:53:23Z,2026-08-04T11:07:26Z,266740007228,Google & YouTube,TRUE
9878516105532,gid://shopify/Product/9878516105532,nautilus-e916-elliptical-remanufactured,Nautilus E916 Elliptical (Remanufactured),ACTIVE,Nautilus,Product Index,2025-01-14T13:53:28Z,2026-08-04T11:09:09Z,266740007228,Google & YouTube,TRUE
9878516400444,gid://shopify/Product/9878516400444,french-fitness-olympic-bumper-plate-set-280-lbs-crumb-rubber-new,French Fitness Olympic Bumper Plate Set 280 lbs - Crumb Rubber (New),ACTIVE,French Fitness,Product Index,2025-01-14T13:53:44Z,2026-07-29T21:05:05Z,266740007228,Google & YouTube,TRUE
9878516597052,gid://shopify/Product/9878516597052,life-fitness-95x-inspire-elliptical-cross-trainer-remanufactured,Life Fitness 95X Inspire Elliptical Cross-Trainer (Remanufactured),ACTIVE,Life Fitness,Product Index,2025-01-14T13:53:53Z,2026-08-22T01:01:06Z,266740007228,Google & YouTube,TRUE
9878516662588,gid://shopify/Product/9878516662588,nautilus-nitro-f2ft-freedom-trainer-remanufactured,Nautilus Nitro F2FT Freedom Trainer (Remanufactured),ACTIVE,Nautilus,Product Index,2025-01-14T13:53:56Z,2026-07-29T21:05:07Z,266740007228,Google & YouTube,TRUE
9878517285180,gid://shopify/Product/9878517285180,french-fitness-olympic-bumper-plates-set-w-7-ft-olympic-bar-285-lbs-crumb-rubber-new,French Fitness Olympic Bumper Plates Set w/7 ft Olympic Bar 285 lbs - Crumb Rubber (New),ACTIVE,French Fitness,Product Index,2025-01-14T13:54:21Z,2026-07-29T21:05:08Z,266740007228,Google & YouTube,TRUE
9878517350716,gid://shopify/Product/9878517350716,life-fitness-9700hr-next-generation-treadmill-remanufactured,Life Fitness 9700HR Next Generation Treadmill (Remanufactured),ACTIVE,Life Fitness,Product Index,2025-01-14T13:54:25Z,2026-08-04T11:01:07Z,266740007228,Google & YouTube,TRUE
9878517842236,gid://shopify/Product/9878517842236,life-fitness-97te-treadmill-remanufactured,Life Fitness 97te Treadmill (Remanufactured),ACTIVE,Life Fitness,Product Index,2025-01-14T13:54:54Z,2026-08-04T11:01:06Z,266740007228,Google & YouTube,TRUE
9878517973308,gid://shopify/Product/9878517973308,french-fitness-olympic-bumper-plate-set-w-7-ft-olympic-bar-325-lbs-crumb-rubber-new,French Fitness Olympic Bumper Plate Set w/7 ft Olympic Bar 325 lbs - Crumb Rubber (New),ACTIVE,French Fitness,Product Index,2025-01-14T13:54:57Z,2026-07-29T21:05:06Z,266740007228,Google & YouTube,TRUE
9878518464828,gid://shopify/Product/9878518464828,life-fitness-97ti-treadmill-remanufactured,Life Fitness 97ti Treadmill (Remanufactured),ACTIVE,Life Fitness,Product Index,2025-01-14T13:55:24Z,2026-08-04T10:54:50Z,266740007228,Google & YouTube,TRUE
9878518497596,gid://shopify/Product/9878518497596,nautilus-nitro-gravitron-weight-assisted-chin-dip-remanufactured,Nautilus Nitro Gravitron Weight Assisted Chin-Dip (Remanufactured),ACTIVE,Nautilus,Product Index,2025-01-14T13:55:26Z,2026-08-22T21:05:18Z,266740007228,Google & YouTube,TRUE
9878518530364,gid://shopify/Product/9878518530364,french-fitness-r30-re-commercial-power-rack-w-lat-pulldown-low-row-new,French Fitness R30-RE Commercial Power Rack w/Lat Pulldown / Low Row (New),ACTIVE,French Fitness,Product Index,2025-01-14T13:55:27Z,2026-07-29T21:05:05Z,266740007228,Google & YouTube,TRUE
9878518694204,gid://shopify/Product/9878518694204,french-fitness-olympic-bumper-plate-set-w-7-ft-olympic-bar-325-lbs-bench-crumb-rubber-new,French Fitness Olympic Bumper Plate Set w/7 ft Olympic Bar 325 lbs + Bench - Crumb Rubber (New),ACTIVE,French Fitness,Product Index,2025-01-14T13:55:35Z,2026-07-29T21:05:07Z,266740007228,Google & YouTube,TRUE
9878519513404,gid://shopify/Product/9878519513404,abs-company-abcoaster-cs3000-remanufactured,Abs Company AbCoaster CS3000 (Remanufactured),ACTIVE,AbSolo,Product Index,2025-01-14T13:56:10Z,2026-08-04T09:13:23Z,266740007228,Google & YouTube,TRUE
9878519775548,gid://shopify/Product/9878519775548,power-plate-next-generation-acceleration-trainer-remanufactured,Power Plate Next Generation Acceleration Trainer (Remanufactured),ACTIVE,Power Plate,Product Index,2025-01-14T13:56:21Z,2026-08-22T01:01:06Z,266740007228,Google & YouTube,TRUE
9878520004924,gid://shopify/Product/9878520004924,french-fitness-olympic-bumper-plate-set-380-lbs-crumb-rubber-new,French Fitness Olympic Bumper Plate Set 380 lbs - Crumb Rubber (New),ACTIVE,French Fitness,Product Index,2025-01-14T13:56:33Z,2026-07-29T21:05:07Z,266740007228,Google & YouTube,TRUE
9878520791356,gid://shopify/Product/9878520791356,french-fitness-olympic-bumper-plate-set-w-7-ft-olympic-bar-415-lbs-crumb-rubber-new,French Fitness Olympic Bumper Plate Set w/7 ft Olympic Bar 415 lbs - Crumb Rubber (New),ACTIVE,French Fitness,Product Index,2025-01-14T13:57:12Z,2026-07-29T21:05:06Z,266740007228,Google & YouTube,TRUE
9878521184572,gid://shopify/Product/9878521184572,life-fitness-activate-series-ost-treadmill-remanufactured,Life Fitness Activate Series OST Treadmill (Remanufactured),ACTIVE,Life Fitness,Product Index,2025-01-14T13:57:29Z,2026-08-04T11:01:06Z,266740007228,Google & YouTube,TRUE
9878521577788,gid://shopify/Product/9878521577788,french-fitness-olympic-bumper-plate-set-w-7-ft-olympic-bar-415-lbs-bench-crumb-rubber-new,French Fitness Olympic Bumper Plate Set w/7 ft Olympic Bar 415 lbs + Bench - Crumb Rubber (New),ACTIVE,French Fitness,Product Index,2025-01-14T13:57:49Z,2026-07-29T21:05:06Z,266740007228,Google & YouTube,TRUE
9878521708860,gid://shopify/Product/9878521708860,nordictrack-9600-incline-trainer-treadmill-remanufactured,Nordictrack 9600 Incline Trainer Treadmill (Remanufactured),ACTIVE,Nordictrack,Product Index,2025-01-14T13:57:54Z,2026-08-04T11:01:06Z,266740007228,Google & YouTube,TRUE
9878522233148,gid://shopify/Product/9878522233148,octane-xride-xr6000s-recumbent-seated-elliptical-w-smart-console-remanufactured,Octane xRide XR6000s Recumbent Seated Elliptical w/Smart Console (Remanufactured),ACTIVE,Octane Fitness,Product Index,2025-01-14T13:58:23Z,2026-08-20T06:25:32Z,266740007228,Google & YouTube,TRUE
9878522265916,gid://shopify/Product/9878522265916,french-fitness-olympic-bumper-plates-set-w-7-ft-olympic-bar-425-lbs-crumb-rubber-new,French Fitness Olympic Bumper Plates Set w/7 ft Olympic Bar 425 lbs - Crumb Rubber (New),ACTIVE,French Fitness,Product Index,2025-01-14T13:58:26Z,2026-07-29T21:05:04Z,266740007228,Google & YouTube,TRUE
9878522921276,gid://shopify/Product/9878522921276,octane-xride-xr6000s-recumbent-seated-elliptical-w-standard-console-remanufactured,Octane xRide XR6000s Recumbent Seated Elliptical w/Standard Console (Remanufactured),ACTIVE,Octane Fitness,Product Index,2025-01-14T13:58:53Z,2026-08-04T11:07:26Z,266740007228,Google & YouTube,TRUE
9878523117884,gid://shopify/Product/9878523117884,french-fitness-marin-rear-kick-back-glute-new,French Fitness Marin Rear Kick Back Glute (New),ACTIVE,French Fitness,Product Index,2025-01-14T13:59:01Z,2026-08-17T11:49:56Z,266740007228,Google & YouTube,TRUE
9878523576636,gid://shopify/Product/9878523576636,balanced-body-allegro-sport-pilates-reformer-remanufactured,Balanced Body Allegro Sport Pilates Reformer (Remanufactured),ACTIVE,Balanced Body,Product Index,2025-01-14T13:59:23Z,2026-08-03T08:27:14Z,266740007228,Google & YouTube,TRUE
9878523642172,gid://shopify/Product/9878523642172,french-fitness-tahoe-selectorized-back-extension-new,French Fitness Tahoe Selectorized Back Extension (New),ACTIVE,French Fitness,Product Index,2025-01-14T13:59:24Z,2026-08-11T17:58:11Z,266740007228,Google & YouTube,TRUE
9878523674940,gid://shopify/Product/9878523674940,french-fitness-olympic-bumper-plate-set-470-lbs-crumb-rubber-new,French Fitness Olympic Bumper Plate Set 470 lbs - Crumb Rubber (New),ACTIVE,French Fitness,Product Index,2025-01-14T13:59:25Z,2026-07-29T21:05:05Z,266740007228,Google & YouTube,TRUE
9878524231996,gid://shopify/Product/9878524231996,french-fitness-tahoe-selectorized-horizontal-calf-new,French Fitness Tahoe Selectorized Horizontal Calf (New),ACTIVE,French Fitness,Product Index,2025-01-14T13:59:55Z,2026-08-11T17:58:11Z,266740007228,Google & YouTube,TRUE
9878524428604,gid://shopify/Product/9878524428604,french-fitness-olympic-bumper-plate-55-lbs-crumb-rubber-new,French Fitness Olympic Bumper Plate 55 lbs - Crumb Rubber (New),ACTIVE,French Fitness,Product Index,2025-01-14T14:00:02Z,2026-08-13T12:37:21Z,266740007228,Google & YouTube,TRUE
9878524821820,gid://shopify/Product/9878524821820,french-fitness-tahoe-selectorized-horizontal-leg-press-new,French Fitness Tahoe Selectorized Horizontal Leg Press (New),ACTIVE,French Fitness,Product Index,2025-01-14T14:00:24Z,2026-08-11T17:56:10Z,266740007228,Google & YouTube,TRUE
9878524854588,gid://shopify/Product/9878524854588,french-fitness-olympic-camber-bar-new,French Fitness Olympic Camber Bar (New),ACTIVE,French Fitness,Product Index,2025-01-14T14:00:24Z,2026-08-06T18:52:45Z,266740007228,Google & YouTube,TRUE
9878525215036,gid://shopify/Product/9878525215036,octane-xride-xr6xi-seated-elliptical-remanufactured,Octane xRide xR6xi Seated Elliptical (Remanufactured),ACTIVE,Octane Fitness,Product Index,2025-01-14T14:00:49Z,2026-08-04T11:09:11Z,266740007228,Google & YouTube,TRUE
9878525247804,gid://shopify/Product/9878525247804,french-fitness-60-olympic-ez-curl-bar-700-lb-capacity-new,"French Fitness 60"" Olympic EZ Curl Bar - 700 lb Capacity (New)",ACTIVE,French Fitness,Product Index,2025-01-14T14:00:51Z,2026-08-27T01:15:06Z,266740007228,Google & YouTube,TRUE
9878525378876,gid://shopify/Product/9878525378876,french-fitness-marin-smith-machine-plate-loaded-new,French Fitness Marin Smith Machine Plate Loaded (New),ACTIVE,French Fitness,Product Index,2025-01-14T14:00:54Z,2026-08-19T15:53:17Z,266740007228,Google & YouTube,TRUE
9878525870396,gid://shopify/Product/9878525870396,french-fitness-olympic-cambered-bench-press-row-bar-new,French Fitness Olympic Cambered Bench Press / Row Bar (New),ACTIVE,French Fitness,Product Index,2025-01-14T14:01:17Z,2026-08-22T01:01:06Z,266740007228,Google & YouTube,TRUE
9878526034236,gid://shopify/Product/9878526034236,french-fitness-marin-seal-row-bench-new,French Fitness Marin Seal Row Bench (New),ACTIVE,French Fitness,Product Index,2025-01-14T14:01:22Z,2026-08-11T17:58:10Z,266740007228,Google & YouTube,TRUE
9878526492988,gid://shopify/Product/9878526492988,octane-pro-3500-elliptical-remanufactured,Octane Pro 3500 Elliptical (Remanufactured),ACTIVE,Octane Fitness,Product Index,2025-01-14T14:01:44Z,2026-08-04T11:08:00Z,266740007228,Google & YouTube,TRUE
9878526525756,gid://shopify/Product/9878526525756,french-fitness-open-hex-olympic-trap-shrug-bar-new,French Fitness Open Hex Olympic Trap Shrug Bar (New),ACTIVE,French Fitness,Product Index,2025-01-14T14:01:45Z,2026-08-24T08:52:31Z,266740007228,Google & YouTube,TRUE
9878526722364,gid://shopify/Product/9878526722364,french-fitness-marin-seated-standing-shrug-plate-loaded-new,French Fitness Marin Seated/Standing Shrug Plate Loaded (New),ACTIVE,French Fitness,Product Index,2025-01-14T14:01:54Z,2026-08-11T17:58:11Z,266740007228,Google & YouTube,TRUE
9878527115580,gid://shopify/Product/9878527115580,octane-pro-3700-elliptical-remanufactured,Octane Pro 3700 Elliptical (Remanufactured),ACTIVE,Octane Fitness,Product Index,2025-01-14T14:02:14Z,2026-08-04T11:04:01Z,266740007228,Google & YouTube,TRUE
9878527377724,gid://shopify/Product/9878527377724,french-fitness-marin-vertical-leg-press-plate-loaded-new,French Fitness Marin Vertical Leg Press Plate Loaded (New),ACTIVE,French Fitness,Product Index,2025-01-14T14:02:23Z,2026-08-11T17:56:10Z,266740007228,Google & YouTube,TRUE
9878528753980,gid://shopify/Product/9878528753980,octane-pro-450-elliptical-remanufactured,Octane Pro 450 Elliptical (Remanufactured),ACTIVE,Octane Fitness,Product Index,2025-01-14T14:03:24Z,2026-08-04T11:09:09Z,266740007228,Google & YouTube,TRUE
9878528786748,gid://shopify/Product/9878528786748,french-fitness-newport-3d-dual-action-smith-machine-new,French Fitness Newport 3D Dual Action Smith Machine (New),ACTIVE,French Fitness,Product Index,2025-01-14T14:03:25Z,2026-08-24T18:58:45Z,266740007228,Google & YouTube,TRUE
9878528852284,gid://shopify/Product/9878528852284,precor-amt-100i-adaptive-motion-trainer-remanufactured,Precor AMT 100i Adaptive Motion Trainer (Remanufactured),ACTIVE,Precor,Product Index,2025-01-14T14:03:28Z,2026-08-23T00:31:46Z,266740007228,Google & YouTube,TRUE
9878529343804,gid://shopify/Product/9878529343804,octane-fitness-pro-4700-elliptical-remanufactured,Octane Fitness Pro 4700 Elliptical (Remanufactured),ACTIVE,Octane Fitness,Product Index,2025-01-14T14:03:52Z,2026-08-23T00:31:46Z,266740007228,Google & YouTube,TRUE
9878529442108,gid://shopify/Product/9878529442108,french-fitness-napa-arm-bicep-curl-bench-new,French Fitness Napa Arm / Bicep Curl Bench (New),ACTIVE,French Fitness,Product Index,2025-01-14T14:03:55Z,2026-08-25T20:45:12Z,266740007228,Google & YouTube,TRUE
9878529474876,gid://shopify/Product/9878529474876,precor-amt-835-w-p30-console-w-o-open-stride-remanufactured,"Precor AMT 835 w/P30 Console, w/o Open Stride (Remanufactured)",ACTIVE,Precor,Product Index,2025-01-14T14:03:55Z,2026-08-04T11:03:01Z,266740007228,Google & YouTube,TRUE
9878529966396,gid://shopify/Product/9878529966396,octane-fitness-pro-4700-elliptical-w-touch-screen-remanufactured,Octane Fitness Pro 4700 Elliptical w/Touch Screen (Remanufactured),ACTIVE,Octane Fitness,Product Index,2025-01-14T14:04:19Z,2026-08-04T11:04:03Z,266740007228,Google & YouTube,TRUE
9878530031932,gid://shopify/Product/9878530031932,french-fitness-napa-accessory-handle-3-bar-storage-rack-new,"French Fitness Napa Accessory, Handle, & 3 Bar Storage Rack (New)",ACTIVE,French Fitness,Product Index,2025-01-14T14:04:21Z,2026-07-29T21:05:05Z,266740007228,Google & YouTube,TRUE
9878530097468,gid://shopify/Product/9878530097468,precor-amt-835-with-open-stride-w-p30-console-remanufactured,Precor AMT 835 with Open Stride w/P30 Console (Remanufactured),ACTIVE,Precor,Product Index,2025-01-14T14:04:26Z,2026-08-22T01:01:06Z,266740007228,Google & YouTube,TRUE
9878530163004,gid://shopify/Product/9878530163004,french-fitness-owt20-olympic-weight-plate-tree-new,French Fitness OWT20 Olympic Weight Plate Tree (New),ACTIVE,French Fitness,Product Index,2025-01-14T14:04:30Z,2026-08-23T00:31:46Z,266740007228,Google & YouTube,TRUE
9878530392380,gid://shopify/Product/9878530392380,french-fitness-napa-accessory-handle-5-bar-storage-rack,"French Fitness Napa Accessory, Handle, & 5 Bar Storage Rack (New)",ACTIVE,French Fitness,Product Index,2025-01-14T14:04:43Z,2026-07-29T21:05:05Z,266740007228,Google & YouTube,TRUE
9878530523452,gid://shopify/Product/9878530523452,octane-fitness-pro-350-elliptical-remanufactured,Octane Fitness Pro 350 Elliptical (Remanufactured),ACTIVE,Octane Fitness,Product Index,2025-01-14T14:04:49Z,2026-08-04T11:07:56Z,266740007228,Google & YouTube,TRUE
9878530687292,gid://shopify/Product/9878530687292,french-fitness-owt30-olympic-weight-tree-storage-rack-new,French Fitness OWT30 Olympic Weight Tree Storage Rack (New),ACTIVE,French Fitness,Product Index,2025-01-14T14:04:52Z,2026-08-26T22:29:46Z,266740007228,Google & YouTube,TRUE
9878530785596,gid://shopify/Product/9878530785596,precor-amt-865-adaptive-motion-trainer-w-open-stride-p62-console-remanufactured,Precor AMT 865 Adaptive Motion Trainer w/Open Stride + p62 Console (Remanufactured),ACTIVE,Precor,Product Index,2025-01-14T14:04:57Z,2026-08-04T11:02:36Z,266740007228,Google & YouTube,TRUE
9878530883900,gid://shopify/Product/9878530883900,french-fitness-napa-angled-squat-press-plate-loaded-new,French Fitness Napa Angled Squat Press Plate Loaded (New),ACTIVE,French Fitness,Product Index,2025-01-14T14:05:03Z,2026-08-11T17:57:24Z,266740007228,Google & YouTube,TRUE
9878531146044,gid://shopify/Product/9878531146044,octane-fitness-elliptical-pro-3500-xl-remanufactured,Octane Fitness Elliptical Pro 3500 XL (Remanufactured),ACTIVE,Octane Fitness,Product Index,2025-01-14T14:05:16Z,2026-08-04T11:09:12Z,266740007228,Google & YouTube,TRUE
9878531178812,gid://shopify/Product/9878531178812,french-fitness-owtbh5-olympic-weight-tree-rack-bar-holder-new,French Fitness Olympic Weight Plate Tree Rack & Bar Holder (New),ACTIVE,French Fitness,Product Index,2025-01-14T14:05:17Z,2026-08-23T00:31:46Z,266740007228,Google & YouTube,TRUE
9878531408188,gid://shopify/Product/9878531408188,precor-amt-885-with-open-stride-w-p80-console-remanufactured,Precor AMT 885 with Open Stride w/P80 Console (Remanufactured),ACTIVE,Precor,Product Index,2025-01-14T14:05:29Z,2026-08-22T23:01:41Z,266740007228,Google & YouTube,TRUE
9878531604796,gid://shopify/Product/9878531604796,french-fitness-napa-combo-twist-plate-loaded-new,French Fitness Napa Combo Twist Plate Loaded (New),ACTIVE,French Fitness,Product Index,2025-01-14T14:05:31Z,2026-08-25T20:45:08Z,266740007228,Google & YouTube,TRUE
9878531801404,gid://shopify/Product/9878531801404,french-fitness-push-pull-weight-sled-new,French Fitness Push / Pull Weight Sled (New),ACTIVE,French Fitness,Product Index,2025-01-14T14:05:43Z,2026-08-26T22:59:11Z,266740007228,Google & YouTube,TRUE
9878531866940,gid://shopify/Product/9878531866940,octane-fitness-xt4700-elliptical-w-smart-console-remanufactured,Octane Fitness XT4700 Elliptical w/Smart Console (Remanufactured),ACTIVE,Octane Fitness,Product Index,2025-01-14T14:05:45Z,2026-08-04T11:04:02Z,266740007228,Google & YouTube,TRUE
9878532063548,gid://shopify/Product/9878532063548,precor-amt-885-w-p80-console-w-o-open-stride-remanufactured,"Precor AMT 885 w/P80 Console, w/o Open Stride (Remanufactured)",ACTIVE,Precor,Product Index,2025-01-14T14:05:59Z,2026-08-04T11:07:26Z,266740007228,Google & YouTube,TRUE
9878532161852,gid://shopify/Product/9878532161852,french-fitness-newport-3-way-flat-incline-decline-olympic-bench-new,French Fitness Newport 3 Way Flat Incline Decline Olympic Bench (New),ACTIVE,French Fitness,Product Index,2025-01-14T14:06:00Z,2026-08-19T03:02:05Z,266740007228,Google & YouTube,TRUE
9878532718908,gid://shopify/Product/9878532718908,precor-amt-885-with-open-stride-w-p82-console-remanufactured,Precor AMT 885 with Open Stride w/P82 Console (Remanufactured),ACTIVE,Precor,Product Index,2025-01-14T14:06:29Z,2026-08-22T23:01:41Z,266740007228,Google & YouTube,TRUE
9878532817212,gid://shopify/Product/9878532817212,french-fitness-napa-ground-base-jammer-plate-loaded-new,French Fitness Napa Ground Base Jammer Plate Loaded (New),ACTIVE,French Fitness,Product Index,2025-01-14T14:06:30Z,2026-08-11T17:58:10Z,266740007228,Google & YouTube,TRUE
9878532948284,gid://shopify/Product/9878532948284,octane-fitness-q35x-elliptical-remanufactured,Octane Fitness Q35X Elliptical (Remanufactured),ACTIVE,Octane Fitness,Product Index,2025-01-14T14:06:38Z,2026-08-04T11:09:11Z,266740007228,Google & YouTube,TRUE
9878533341500,gid://shopify/Product/9878533341500,french-fitness-napa-hd-elite-half-rack-new,French Fitness Napa HD Elite Half Rack (New),ACTIVE,French Fitness,Product Index,2025-01-14T14:06:58Z,2026-08-11T17:58:10Z,266740007228,Google & YouTube,TRUE
9878533505340,gid://shopify/Product/9878533505340,french-fitness-push-pull-weight-sled-v2-new,French Fitness Push / Pull Weight Sled V2 (New),ACTIVE,French Fitness,Product Index,2025-01-14T14:07:01Z,2026-08-06T18:52:41Z,266740007228,Google & YouTube,TRUE
9878533636412,gid://shopify/Product/9878533636412,octane-fitness-q37c-elliptical-cross-trainer-remanufactured,Octane Fitness q37c Elliptical Cross Trainer (Remanufactured),ACTIVE,Octane Fitness,Product Index,2025-01-14T14:07:11Z,2026-08-04T11:07:26Z,266740007228,Google & YouTube,TRUE
9878533996860,gid://shopify/Product/9878533996860,french-fitness-napa-iso-lateral-prone-leg-curl-plate-loaded-new,French Fitness Napa Iso-Lateral Prone Leg Curl Plate Loaded (New),ACTIVE,French Fitness,Product Index,2025-01-14T14:07:30Z,2026-08-11T17:58:11Z,266740007228,Google & YouTube,TRUE
9878534488380,gid://shopify/Product/9878534488380,french-fitness-portable-bumper-plate-stacker-rack-w-wheels-new,French Fitness Portable Bumper Plate Stacker Rack w/Wheels (New),ACTIVE,French Fitness,Product Index,2025-01-14T14:07:53Z,2026-08-23T00:31:46Z,266740007228,Google & YouTube,TRUE
9878534586684,gid://shopify/Product/9878534586684,french-fitness-napa-iso-lateral-super-incline-press-plate-loaded-new,French Fitness Napa Iso-Lateral Super Incline Press Plate Loaded (New),ACTIVE,French Fitness,Product Index,2025-01-14T14:07:58Z,2026-08-25T08:44:03Z,266740007228,Google & YouTube,TRUE
9878535110972,gid://shopify/Product/9878535110972,french-fitness-napa-olympic-incline-bench-w-weight-storage-new,French Fitness Napa Olympic Incline Bench w/Weight Storage (New),ACTIVE,French Fitness,Product Index,2025-01-14T14:08:27Z,2026-08-16T14:48:19Z,266740007228,Google & YouTube,TRUE
9878535176508,gid://shopify/Product/9878535176508,paramount-adductor-abductor-strength-remanufactured,Paramount Adductor Abductor Strength (Remanufactured),ACTIVE,Paramount Fitness,Product Index,2025-01-14T14:08:30Z,2026-08-05T07:36:18Z,266740007228,Google & YouTube,TRUE
9878535864636,gid://shopify/Product/9878535864636,french-fitness-napa-seated-bicep-curl-plate-loaded-new,French Fitness Napa Seated Bicep Curl Plate Loaded (New),ACTIVE,French Fitness,Product Index,2025-01-14T14:08:59Z,2026-08-16T16:41:31Z,266740007228,Google & YouTube,TRUE
9878535930172,gid://shopify/Product/9878535930172,paramount-xfw-5300-abdominal-decline-bench-remanufactured,Paramount XFW-5300 Abdominal Decline Bench (Remanufactured),ACTIVE,Paramount Fitness,Product Index,2025-01-14T14:09:01Z,2026-07-29T21:05:05Z,266740007228,Google & YouTube,TRUE
9878536126780,gid://shopify/Product/9878536126780,french-fitness-belt-squat-training-platform-plate-loaded-new,French Fitness Belt Squat Training Platform Plate Loaded (New),ACTIVE,French Fitness,Product Index,2025-01-14T14:09:12Z,2026-07-29T21:05:06Z,266740007228,Google & YouTube,TRUE
9878536421692,gid://shopify/Product/9878536421692,french-fitness-napa-4-way-neck-plate-loaded-new,French Fitness Napa 4-Way Neck Plate Loaded (New),ACTIVE,French Fitness,Product Index,2025-01-14T14:09:26Z,2026-08-11T17:58:11Z,266740007228,Google & YouTube,TRUE
9878536945980,gid://shopify/Product/9878536945980,french-fitness-napa-abdominal-oblique-crunch-plate-loaded-new,French Fitness Napa Abdominal Oblique Crunch Plate Loaded (New),ACTIVE,French Fitness,Product Index,2025-01-14T14:09:56Z,2026-08-25T20:45:08Z,266740007228,Google & YouTube,TRUE
9878537077052,gid://shopify/Product/9878537077052,paramount-leg-extension-horizontal-curl-sf-1900-remanufactured,Paramount Leg Extension/Horizontal Curl SF-1900 (Remanufactured),ACTIVE,Paramount Fitness,Product Index,2025-01-14T14:09:57Z,2026-07-29T21:05:37Z,266740007228,Google & YouTube,TRUE
9878537732412,gid://shopify/Product/9878537732412,french-fitness-napa-iso-lateral-chest-back-combo-plate-loaded-new,French Fitness Napa Iso-Lateral Chest/Back Combo Plate Loaded (New),ACTIVE,French Fitness,Product Index,2025-01-14T14:10:24Z,2026-08-23T00:31:43Z,266740007228,Google & YouTube,TRUE
9878537797948,gid://shopify/Product/9878537797948,paramount-pl-4000-standing-chin-dip-assist-remanufactured,Paramount PL 4000 Standing Chin / Dip Assist (Remanufactured),ACTIVE,Paramount Fitness,Product Index,2025-01-14T14:10:27Z,2026-07-29T21:05:40Z,266740007228,Google & YouTube,TRUE
9878538322236,gid://shopify/Product/9878538322236,french-fitness-napa-iso-lateral-decline-chest-press-plate-loaded-new,French Fitness Napa Iso-Lateral Decline Chest Press Plate Loaded (New),ACTIVE,French Fitness,Product Index,2025-01-14T14:10:52Z,2026-08-24T08:30:45Z,266740007228,Google & YouTube,TRUE
9878538387772,gid://shopify/Product/9878538387772,paramount-7-55t-treadmill-remanufactured,Paramount 7.55T Treadmill (Remanufactured),ACTIVE,Paramount Fitness,Product Index,2025-01-14T14:10:56Z,2026-08-04T11:00:13Z,266740007228,Google & YouTube,TRUE
9878538617148,gid://shopify/Product/9878538617148,french-fitness-lat-pulldown-low-row-plate-loaded-new,French Fitness Lat Pulldown / Low Row Plate Loaded (New),ACTIVE,French Fitness,Product Index,2025-01-14T14:11:07Z,2026-08-23T00:31:45Z,266740007228,Google & YouTube,TRUE
9878538912060,gid://shopify/Product/9878538912060,french-fitness-napa-iso-lateral-d-y-row-plate-loaded-new,French Fitness Napa Iso-Lateral D.Y. Row Plate Loaded (New),ACTIVE,French Fitness,Product Index,2025-01-14T14:11:20Z,2026-08-11T17:57:21Z,266740007228,Google & YouTube,TRUE
9878539665724,gid://shopify/Product/9878539665724,french-fitness-napa-iso-lateral-flat-chest-bench-press-plate-loaded-new,French Fitness Napa Iso-Lateral Flat Chest Bench Press Plate Loaded (New),ACTIVE,French Fitness,Product Index,2025-01-14T14:11:50Z,2026-08-11T17:57:25Z,266740007228,Google & YouTube,TRUE
9878539895100,gid://shopify/Product/9878539895100,french-fitness-power-smith-dual-system-converging-bench-press-combo-plate-loaded-new,French Fitness Power Smith Dual System Converging Bench Press Combo Plate Loaded (New),ACTIVE,French Fitness,Product Index,2025-01-14T14:12:02Z,2026-08-23T00:31:45Z,266740007228,Google & YouTube,TRUE
9878540255548,gid://shopify/Product/9878540255548,french-fitness-napa-iso-lateral-front-lat-pulldown-plate-loaded-new,French Fitness Napa Iso-Lateral Front Lat Pulldown Plate Loaded (New),ACTIVE,French Fitness,Product Index,2025-01-14T14:12:18Z,2026-08-25T07:08:52Z,266740007228,Google & YouTube,TRUE
9878540484924,gid://shopify/Product/9878540484924,french-fitness-professional-barbell-rack-new,French Fitness Professional Barbell Rack (New),ACTIVE,French Fitness,Product Index,2025-01-14T14:12:36Z,2026-08-06T18:52:39Z,266740007228,Google & YouTube,TRUE
9878541074748,gid://shopify/Product/9878541074748,french-fitness-ps50-pit-shark-belt-squat-machine-new,French Fitness PS50 Pit Shark Belt Squat Machine (New),ACTIVE,French Fitness,Product Index,2025-01-14T14:13:00Z,2026-08-22T21:05:09Z,266740007228,Google & YouTube,TRUE
9878541959484,gid://shopify/Product/9878541959484,french-fitness-napa-iso-lateral-horizontal-leg-press-plate-loaded-new,French Fitness Napa Iso-Lateral Horizontal Leg Press Plate Loaded (New),ACTIVE,French Fitness,Product Index,2025-01-14T14:13:40Z,2026-08-11T17:57:46Z,266740007228,Google & YouTube,TRUE
9878542156092,gid://shopify/Product/9878542156092,french-fitness-6-60-plyo-stackable-soft-jump-boxes-set-of-4-new,French Fitness 6-60 Plyo Stackable Soft Jump Boxes - Set of 4 (New),ACTIVE,French Fitness,Product Index,2025-01-14T14:13:47Z,2026-08-24T19:18:58Z,266740007228,Google & YouTube,TRUE
9878542582076,gid://shopify/Product/9878542582076,french-fitness-napa-iso-lateral-incline-chest-press-plate-loaded-new,French Fitness Napa Iso-Lateral Incline Chest Press Plate Loaded (New),ACTIVE,French Fitness,Product Index,2025-01-14T14:14:08Z,2026-08-25T08:53:12Z,266740007228,Google & YouTube,TRUE
9878543171900,gid://shopify/Product/9878543171900,french-fitness-napa-iso-lateral-high-row-plate-loaded-new,French Fitness Napa Iso-Lateral High Row Plate Loaded (New),ACTIVE,French Fitness,Product Index,2025-01-14T14:14:36Z,2026-08-23T00:31:46Z,266740007228,Google & YouTube,TRUE
9878543663420,gid://shopify/Product/9878543663420,french-fitness-napa-iso-lateral-kneeling-standing-leg-curl-plate-loaded-new,French Fitness Napa Iso-Lateral Kneeling / Standing Leg Curl Plate Loaded (New),ACTIVE,French Fitness,Product Index,2025-01-14T14:15:04Z,2026-08-11T17:57:25Z,266740007228,Google & YouTube,TRUE
9878544449852,gid://shopify/Product/9878544449852,french-fitness-napa-iso-lateral-leg-extension-plate-loaded-new,French Fitness Napa Iso-Lateral Leg Extension Plate Loaded (New),ACTIVE,French Fitness,Product Index,2025-01-14T14:15:32Z,2026-08-11T17:56:31Z,266740007228,Google & YouTube,TRUE
9878544580924,gid://shopify/Product/9878544580924,powerblock-pro-125-commercial-set-new,PowerBlock Pro 125 Commercial Set (New),ACTIVE,PowerBlock,Product Index,2025-01-14T14:15:42Z,2026-08-04T06:32:42Z,266740007228,Google & YouTube,TRUE
9878545006908,gid://shopify/Product/9878545006908,french-fitness-napa-lateral-raise-plate-loaded-new,French Fitness Napa Lateral Lat Raise Plate Loaded (New),ACTIVE,French Fitness,Product Index,2025-01-14T14:16:01Z,2026-08-11T17:57:21Z,266740007228,Google & YouTube,TRUE
9878545662268,gid://shopify/Product/9878545662268,french-fitness-napa-pullover-plate-loaded-new,French Fitness Napa Pullover Plate Loaded (New),ACTIVE,French Fitness,Product Index,2025-01-14T14:16:29Z,2026-08-11T17:57:26Z,266740007228,Google & YouTube,TRUE
9878545891644,gid://shopify/Product/9878545891644,powerblock-pro-175-commercial-set-new,PowerBlock Pro 175 Commercial Set (New),ACTIVE,PowerBlock,Product Index,2025-01-14T14:16:43Z,2026-08-04T06:28:26Z,266740007228,Google & YouTube,TRUE
9878545924412,gid://shopify/Product/9878545924412,french-fitness-r1-dual-adjustable-squat-stand-rack-new,French Fitness R1 Dual Adjustable Squat Stand / Rack (New),ACTIVE,French Fitness,Product Index,2025-01-14T14:16:45Z,2026-08-06T18:52:36Z,266740007228,Google & YouTube,TRUE
9878546284860,gid://shopify/Product/9878546284860,french-fitness-napa-iso-lateral-rowing-low-row-plate-loaded-new,French Fitness Napa Iso-Lateral Rowing Low Row Plate Loaded (New),ACTIVE,French Fitness,Product Index,2025-01-14T14:16:58Z,2026-08-19T06:37:00Z,266740007228,Google & YouTube,TRUE
9878546514236,gid://shopify/Product/9878546514236,french-fitness-r10-cross-training-squat-stand-new,French Fitness R10 Cross Training Squat Stand (New),ACTIVE,French Fitness,Product Index,2025-01-14T14:17:11Z,2026-08-06T18:52:36Z,266740007228,Google & YouTube,TRUE
9878546940220,gid://shopify/Product/9878546940220,french-fitness-napa-super-horizontal-calf-plate-loaded-new,French Fitness Napa Super Horizontal Calf Plate Loaded (New),ACTIVE,French Fitness,Product Index,2025-01-14T14:17:27Z,2026-08-11T17:57:46Z,266740007228,Google & YouTube,TRUE
9878547530044,gid://shopify/Product/9878547530044,french-fitness-napa-squat-lunge-plate-loaded-new,French Fitness Napa Squat Lunge Plate Loaded (New),ACTIVE,French Fitness,Product Index,2025-01-14T14:17:55Z,2026-08-25T20:45:09Z,266740007228,Google & YouTube,TRUE
9878547661116,gid://shopify/Product/9878547661116,french-fitness-r20-full-squat-rack-power-cage-w-bar-new,French Fitness R20 Full Squat Rack / Power Cage w/Bar (New),ACTIVE,French Fitness,Product Index,2025-01-14T14:17:58Z,2026-07-29T21:05:38Z,266740007228,Google & YouTube,TRUE
9878548087100,gid://shopify/Product/9878548087100,french-fitness-napa-seated-leg-curl-plate-loaded-new,French Fitness Napa Seated Leg Curl Plate Loaded (New),ACTIVE,French Fitness,Product Index,2025-01-14T14:18:22Z,2026-08-11T17:56:31Z,266740007228,Google & YouTube,TRUE
9878548840764,gid://shopify/Product/9878548840764,french-fitness-r4-half-rack-new,French Fitness R4 Half Rack (New),ACTIVE,French Fitness,Product Index,2025-01-14T14:18:59Z,2026-08-22T23:01:41Z,266740007228,Google & YouTube,TRUE
9878549004604,gid://shopify/Product/9878549004604,french-fitness-napa-iso-lateral-shoulder-press-plate-loaded-new,French Fitness Napa Iso-Lateral Shoulder Press Plate Loaded (New),ACTIVE,French Fitness,Product Index,2025-01-14T14:19:14Z,2026-08-11T17:58:36Z,266740007228,Google & YouTube,TRUE
9878549299516,gid://shopify/Product/9878549299516,french-fitness-r5-half-rack-new,French Fitness R5 Half Rack (New),ACTIVE,French Fitness,Product Index,2025-01-14T14:19:23Z,2026-08-06T18:52:35Z,266740007228,Google & YouTube,TRUE
9878549627196,gid://shopify/Product/9878549627196,french-fitness-napa-seated-dip-tricep-press-plate-loaded-new,French Fitness Napa Seated Dip / Tricep Press Plate Loaded (New),ACTIVE,French Fitness,Product Index,2025-01-14T14:19:42Z,2026-08-11T17:56:31Z,266740007228,Google & YouTube,TRUE
9878549791036,gid://shopify/Product/9878549791036,powerblock-pro-100-commercial-set-new,PowerBlock Pro 100 Commercial Set (New),ACTIVE,PowerBlock,Product Index,2025-01-14T14:19:48Z,2026-08-04T06:34:16Z,266740007228,Google & YouTube,TRUE
9878549823804,gid://shopify/Product/9878549823804,french-fitness-r6-cross-training-squat-stand-new,French Fitness R6 Cross Training Squat Stand (New),ACTIVE,French Fitness,Product Index,2025-01-14T14:19:49Z,2026-08-25T07:03:55Z,266740007228,Google & YouTube,TRUE
9878550217020,gid://shopify/Product/9878550217020,french-fitness-napa-tibia-dorsi-flexion-plate-loaded-new,French Fitness Napa Tibia Dorsi Flexion Plate Loaded (New),ACTIVE,French Fitness,Product Index,2025-01-14T14:20:11Z,2026-08-25T20:45:08Z,266740007228,Google & YouTube,TRUE
9878550282556,gid://shopify/Product/9878550282556,french-fitness-r8-half-cage-squat-rack-new,French Fitness R8 Half Cage / Squat Rack (New),ACTIVE,French Fitness,Product Index,2025-01-14T14:20:21Z,2026-08-24T08:43:19Z,266740007228,Google & YouTube,TRUE
9878550643004,gid://shopify/Product/9878550643004,french-fitness-napa-iso-lateral-wide-chest-plate-loaded-new,French Fitness Napa Iso-Lateral Wide Chest Plate Loaded (New),ACTIVE,French Fitness,Product Index,2025-01-14T14:20:41Z,2026-08-11T17:57:27Z,266740007228,Google & YouTube,TRUE
9878550708540,gid://shopify/Product/9878550708540,power-plate-personal-vibration-trainer-remanufactured,Power Plate Personal Vibration Trainer (Remanufactured),ACTIVE,Power Plate,Product Index,2025-01-14T14:20:42Z,2026-08-03T08:26:57Z,266740007228,Google & YouTube,TRUE
9878550970684,gid://shopify/Product/9878550970684,french-fitness-rb200-commercial-recumbent-bike-new,French Fitness RB200 Commercial Recumbent Bike (New),ACTIVE,French Fitness,Product Index,2025-01-14T14:20:51Z,2026-08-19T20:17:37Z,266740007228,Google & YouTube,TRUE
9878551331132,gid://shopify/Product/9878551331132,french-fitness-napa-wrist-curl-machine-plate-loaded-new,French Fitness Napa Wrist Curl Machine Plate Loaded (New),ACTIVE,French Fitness,Product Index,2025-01-14T14:21:09Z,2026-08-25T20:45:09Z,266740007228,Google & YouTube,TRUE
9878551429436,gid://shopify/Product/9878551429436,precor-icarian-smith-machine-remanufactured,Precor Icarian Smith Machine (Remanufactured),ACTIVE,Precor,Product Index,2025-01-14T14:21:13Z,2026-07-29T21:05:39Z,266740007228,Google & YouTube,TRUE
9878551888188,gid://shopify/Product/9878551888188,french-fitness-napa-iso-lateral-wide-pulldown-plate-loaded-new,French Fitness Napa Iso-Lateral Wide Pulldown Plate Loaded (New),ACTIVE,French Fitness,Product Index,2025-01-14T14:21:39Z,2026-08-11T17:57:26Z,266740007228,Google & YouTube,TRUE
9878552576316,gid://shopify/Product/9878552576316,french-fitness-napa-rear-kick-back-glute-new,French Fitness Napa Rear Kick Back Glute (New),ACTIVE,French Fitness,Product Index,2025-01-14T14:22:06Z,2026-08-25T20:45:09Z,266740007228,Google & YouTube,TRUE
9878553035068,gid://shopify/Product/9878553035068,french-fitness-shasta-selectorized-back-extension-new,French Fitness Shasta Selectorized Back Extension (New),ACTIVE,French Fitness,Product Index,2025-01-14T14:22:30Z,2026-08-11T17:58:11Z,266740007228,Google & YouTube,TRUE
9878553231676,gid://shopify/Product/9878553231676,paramount-fitness-pft-200-2-stack-functional-trainer-remanufactured,Paramount Fitness PFT-200 2 Stack Functional Trainer (Remanufactured),ACTIVE,Paramount Fitness,Product Index,2025-01-14T14:22:38Z,2026-07-29T21:05:37Z,266740007228,Google & YouTube,TRUE
9878553624892,gid://shopify/Product/9878553624892,french-fitness-shasta-selectorized-horizontal-calf-new,French Fitness Shasta Selectorized Horizontal Calf (New),ACTIVE,French Fitness,Product Index,2025-01-14T14:22:58Z,2026-08-11T17:58:11Z,266740007228,Google & YouTube,TRUE
9878554411324,gid://shopify/Product/9878554411324,french-fitness-shasta-selectorized-horizontal-leg-press-new,French Fitness Shasta Selectorized Horizontal Leg Press (New),ACTIVE,French Fitness,Product Index,2025-01-14T14:23:28Z,2026-08-24T07:12:45Z,266740007228,Google & YouTube,TRUE
9878555033916,gid://shopify/Product/9878555033916,french-fitness-napa-smith-machine-plate-loaded-new,French Fitness Napa Smith Machine Plate Loaded (New),ACTIVE,French Fitness,Product Index,2025-01-14T14:23:59Z,2026-08-11T17:58:36Z,266740007228,Google & YouTube,TRUE
9878555164988,gid://shopify/Product/9878555164988,pneuback-chair-w-chair-unweighting-remanufactured,Pneuback Chair w/Chair Unweighting (Remanufactured),ACTIVE,Pneumex,Product Index,2025-01-14T14:24:09Z,2026-08-22T21:05:18Z,266740007228,Google & YouTube,TRUE
9878555459900,gid://shopify/Product/9878555459900,french-fitness-napa-seal-row-bench-new,French Fitness Napa Seal Row Bench (New),ACTIVE,French Fitness,Product Index,2025-01-14T14:24:27Z,2026-08-11T17:58:10Z,266740007228,Google & YouTube,TRUE
9878555885884,gid://shopify/Product/9878555885884,pneumap-posture-gauge-remanufactured,PneuMAP Posture Gauge (Remanufactured),ACTIVE,Pneumex,Product Index,2025-01-14T14:24:38Z,2026-08-22T21:05:18Z,266740007228,Google & YouTube,TRUE
9878556311868,gid://shopify/Product/9878556311868,french-fitness-napa-seated-standing-shrug-plate-loaded-new,French Fitness Napa Seated/Standing Shrug Plate Loaded (New),ACTIVE,French Fitness,Product Index,2025-01-14T14:25:00Z,2026-08-11T17:58:10Z,266740007228,Google & YouTube,TRUE
9878556410172,gid://shopify/Product/9878556410172,pneuweight-single-unweighting-exercise-system-w-2-vests-compressor-remanufactured,PneuWeight Single Unweighting Exercise System w/2 Vests & Compressor (Remanufactured),ACTIVE,Pneumex,Product Index,2025-01-14T14:25:06Z,2026-08-02T08:10:47Z,266740007228,Google & YouTube,TRUE
9878557131068,gid://shopify/Product/9878557131068,french-fitness-napa-vertical-leg-press-plate-loaded-new,French Fitness Napa Vertical Leg Press Plate Loaded (New),ACTIVE,French Fitness,Product Index,2025-01-14T14:25:30Z,2026-08-25T20:45:09Z,266740007228,Google & YouTube,TRUE
9878557688124,gid://shopify/Product/9878557688124,pneuweight-double-unweighting-exercise-system-remanufactured,PneuWeight Double Unweighting Exercise System (Remanufactured),ACTIVE,Pneumex,Product Index,2025-01-14T14:25:54Z,2026-08-02T08:12:58Z,266740007228,Google & YouTube,TRUE
9878558015804,gid://shopify/Product/9878558015804,french-fitness-newport-selectorized-abdominal-crunch-new,French Fitness Newport Selectorized Abdominal Crunch (New),ACTIVE,French Fitness,Product Index,2025-01-14T14:26:02Z,2026-07-29T21:05:41Z,266740007228,Google & YouTube,TRUE
9878558671164,gid://shopify/Product/9878558671164,french-fitness-newport-dual-cable-cross-new,French Fitness Newport Dual Cable Crossover Functional Trainer (New),ACTIVE,French Fitness,Product Index,2025-01-14T14:26:26Z,2026-08-22T01:01:06Z,266740007228,Google & YouTube,TRUE
9878559392060,gid://shopify/Product/9878559392060,sportsart-c5150-recumbent-bike-remanufactured,SportsArt C5150 Recumbent Bike (Remanufactured),ACTIVE,SportsArt,Product Index,2025-01-14T14:27:06Z,2026-07-29T21:05:39Z,266740007228,Google & YouTube,TRUE
9878560080188,gid://shopify/Product/9878560080188,sportsart-c52r-recumbent-bike-remanufactured,SportsArt c52r Recumbent Bike (Remanufactured),ACTIVE,SportsArt,Product Index,2025-01-14T14:27:33Z,2026-07-29T21:05:42Z,266740007228,Google & YouTube,TRUE
9878560866620,gid://shopify/Product/9878560866620,french-fitness-newport-selectorized-glute-machine-new,French Fitness Newport Selectorized Glute Machine (New),ACTIVE,French Fitness,Product Index,2025-01-14T14:27:59Z,2026-08-05T08:40:56Z,266740007228,Google & YouTube,TRUE
9878560899388,gid://shopify/Product/9878560899388,sportsart-c530r-recumbent-bike-remanufactured,SportsArt C530R Recumbent Bike (Remanufactured),ACTIVE,SportsArt,Product Index,2025-01-14T14:28:01Z,2026-07-29T21:05:39Z,266740007228,Google & YouTube,TRUE
9878561325372,gid://shopify/Product/9878561325372,french-fitness-newport-selectorized-triceps-press-new,French Fitness Newport Selectorized Triceps Press (New),ACTIVE,French Fitness,Product Index,2025-01-14T14:28:23Z,2026-07-29T21:05:38Z,266740007228,Google & YouTube,TRUE
9878561521980,gid://shopify/Product/9878561521980,sportsart-c570r-recumbent-bike-remanufactured,SportsArt C570R Recumbent Bike (Remanufactured),ACTIVE,SportsArt,Product Index,2025-01-14T14:28:27Z,2026-07-29T21:05:40Z,266740007228,Google & YouTube,TRUE
9878562079036,gid://shopify/Product/9878562079036,precor-c846i-recumbent-exercise-bike-remanufactured,Precor c846i Recumbent Exercise Bike (Remanufactured),ACTIVE,Precor,Product Index,2025-01-14T14:28:54Z,2026-08-23T00:31:45Z,266740007228,Google & YouTube,TRUE
9878562406716,gid://shopify/Product/9878562406716,french-fitness-phoenix-commercial-flat-decline-incline-bench-new,French Fitness Phoenix Commercial Flat / Decline / Incline Bench (New),ACTIVE,French Fitness,Product Index,2025-01-14T14:29:11Z,2026-07-29T21:05:39Z,266740007228,Google & YouTube,TRUE
9878562537788,gid://shopify/Product/9878562537788,precor-c846i-upright-exercise-bike-remanufactured,Precor c846i Upright Exercise Bike (Remanufactured),ACTIVE,Precor,Product Index,2025-01-14T14:29:21Z,2026-07-29T21:05:40Z,266740007228,Google & YouTube,TRUE
9878562865468,gid://shopify/Product/9878562865468,french-fitness-phoenix-dual-cable-cross-silver-new,French Fitness Phoenix Dual Cable Cross - Silver (New),ACTIVE,French Fitness,Product Index,2025-01-14T14:29:39Z,2026-08-24T07:27:25Z,266740007228,Google & YouTube,TRUE
9878563488060,gid://shopify/Product/9878563488060,precor-c936i-treadmill-remanufactured,Precor C936i Treadmill (Remanufactured),ACTIVE,Precor,Product Index,2025-01-14T14:30:11Z,2026-08-23T00:31:47Z,266740007228,Google & YouTube,TRUE
9878564077884,gid://shopify/Product/9878564077884,precor-c954i-treadmill-remanufactured,Precor C954i Treadmill (Remanufactured),ACTIVE,Precor,Product Index,2025-01-14T14:30:41Z,2026-08-04T10:55:19Z,266740007228,Google & YouTube,TRUE
9878564569404,gid://shopify/Product/9878564569404,precor-c956-treadmill-remanufactured,Precor c956 Treadmill (Remanufactured),ACTIVE,Precor,Product Index,2025-01-14T14:31:11Z,2026-08-04T10:55:21Z,266740007228,Google & YouTube,TRUE
9878564733244,gid://shopify/Product/9878564733244,french-fitness-phoenix-plate-loaded-pro-power-squat-new,French Fitness Phoenix Plate Loaded Pro Power Squat (New),ACTIVE,French Fitness,Product Index,2025-01-14T14:31:19Z,2026-08-25T08:45:41Z,266740007228,Google & YouTube,TRUE
9878565093692,gid://shopify/Product/9878565093692,precor-c956i-commercial-treadmill-remanufactured,Precor c956i Commercial Treadmill (Remanufactured),ACTIVE,Precor,Product Index,2025-01-14T14:31:41Z,2026-08-04T10:55:19Z,266740007228,Google & YouTube,TRUE
9878565224764,gid://shopify/Product/9878565224764,french-fitness-phoenix-rotary-torso-rotation-new,French Fitness Phoenix Rotary Torso Rotation (New),ACTIVE,French Fitness,Product Index,2025-01-14T14:31:46Z,2026-08-25T08:21:33Z,266740007228,Google & YouTube,TRUE
9878565683516,gid://shopify/Product/9878565683516,precor-c966-treadmill-remanufactured,Precor c966 Treadmill (Remanufactured),ACTIVE,Precor,Product Index,2025-01-14T14:32:11Z,2026-08-04T10:55:21Z,266740007228,Google & YouTube,TRUE
9878565814588,gid://shopify/Product/9878565814588,french-fitness-phoenix-total-abdominal-crunch-new,French Fitness Phoenix Total Abdominal Crunch (New),ACTIVE,French Fitness,Product Index,2025-01-14T14:32:14Z,2026-08-23T19:36:25Z,266740007228,Google & YouTube,TRUE
9878566207804,gid://shopify/Product/9878566207804,precor-commercial-c966i-treadmill-remanufactured,Precor Commercial c966i Treadmill (Remanufactured),ACTIVE,Precor,Product Index,2025-01-14T14:32:41Z,2026-08-26T08:58:47Z,266740007228,Google & YouTube,TRUE
9878566240572,gid://shopify/Product/9878566240572,french-fitness-red-7-86-45-lb-cerakote-olympic-bar-1500-lb-new,"French Fitness Red 7"" (86"") 45 lb Cerakote Olympic Bar - 1500 lb (New)",ACTIVE,French Fitness,Product Index,2025-01-14T14:32:43Z,2026-08-22T21:05:10Z,266740007228,Google & YouTube,TRUE
9878566863164,gid://shopify/Product/9878566863164,freemotion-cable-cross-machine-gzfm60063-remanufactured,FreeMotion Cable Cross Machine GZFM60063 (Remanufactured),ACTIVE,FreeMotion,Product Index,2025-01-14T14:33:11Z,2026-07-29T21:05:38Z,266740007228,Google & YouTube,TRUE
9878567616828,gid://shopify/Product/9878567616828,power-plate-my3-acceleration-trainer-new,Power Plate My3 Acceleration Trainer (New),ACTIVE,Power Plate,Product Index,2025-01-14T14:33:57Z,2026-08-04T06:09:13Z,266740007228,Google & YouTube,TRUE
9878568403260,gid://shopify/Product/9878568403260,power-plate-my5-vibration-platform-new,Power Plate My5 Vibration Platform (New),ACTIVE,Power Plate,Product Index,2025-01-14T14:34:39Z,2026-08-05T10:10:26Z,266740007228,Google & YouTube,TRUE
9878568698172,gid://shopify/Product/9878568698172,balanced-body-trapeze-table-cadillac-remanufactured,Balanced Body Trapeze Table (Cadillac) (Remanufactured),ACTIVE,Balanced Body,Product Index,2025-01-14T14:34:55Z,2026-08-23T00:31:46Z,266740007228,Google & YouTube,TRUE
9878569353532,gid://shopify/Product/9878569353532,cardiogym-cg6-remanufactured,CardioGym CG6 (Remanufactured),ACTIVE,CardioGym,Product Index,2025-01-14T14:35:24Z,2026-08-04T07:49:22Z,266740007228,Google & YouTube,TRUE
9878569746748,gid://shopify/Product/9878569746748,power-plate-my7-matte-black-new,Power Plate My7 - Matte Black (New),ACTIVE,Power Plate,Product Index,2025-01-14T14:35:42Z,2026-08-23T00:31:46Z,266740007228,Google & YouTube,TRUE
9878570041660,gid://shopify/Product/9878570041660,versaclimber-cl-108a-stair-climber-remanufactured,Versaclimber CL-108A Stair Climber (Remanufactured),ACTIVE,Versaclimber,Product Index,2025-01-14T14:35:54Z,2026-07-29T21:05:39Z,266740007228,Google & YouTube,TRUE
9878570271036,gid://shopify/Product/9878570271036,french-fitness-ffs-silver-360t-energy-group-training-system-new,French Fitness FFS Silver 360T Energy Group Training System (New),ACTIVE,French Fitness,Product Index,2025-01-14T14:36:10Z,2026-08-11T17:57:21Z,266740007228,Google & YouTube,TRUE
9878570991932,gid://shopify/Product/9878570991932,power-plate-personal-new,Power Plate Personal (New),ACTIVE,Power Plate,Product Index,2025-01-14T14:36:44Z,2026-08-02T06:06:54Z,266740007228,Google & YouTube,TRUE
9878571680060,gid://shopify/Product/9878571680060,versaclimber-cl-108cm-club-model-remanufactured,Versaclimber CL-108CM Club Model (Remanufactured),ACTIVE,Versaclimber,Product Index,2025-01-14T14:37:17Z,2026-07-29T21:05:41Z,266740007228,Google & YouTube,TRUE
9878572237116,gid://shopify/Product/9878572237116,french-fitness-ffs-silver-360xl-energy-group-training-system-new,French Fitness FFS Silver 360XL Energy Group Training System (New),ACTIVE,French Fitness,Product Index,2025-01-14T14:37:43Z,2026-08-11T17:57:21Z,266740007228,Google & YouTube,TRUE
9878572794172,gid://shopify/Product/9878572794172,power-plate-pro5-vibration-trainer-matte-black-new,Power Plate Pro5 Vibration Trainer - Matte Black (New),ACTIVE,Power Plate,Product Index,2025-01-14T14:38:09Z,2026-08-05T09:08:06Z,266740007228,Google & YouTube,TRUE
9878574170428,gid://shopify/Product/9878574170428,power-plate-pro7-matte-black-new,Power Plate pro7- Matte Black (New),ACTIVE,Power Plate,Product Index,2025-01-14T14:39:09Z,2026-08-05T09:38:08Z,266740007228,Google & YouTube,TRUE
9878574399804,gid://shopify/Product/9878574399804,french-fitness-ffs-silver-360xs-energy-group-training-system-new,French Fitness FFS Silver 360XS Energy Group Training System (New),ACTIVE,French Fitness,Product Index,2025-01-14T14:39:18Z,2026-08-11T17:57:46Z,266740007228,Google & YouTube,TRUE
9878575219004,gid://shopify/Product/9878575219004,french-fitness-rubber-hex-dumbbell-set-5-100-lbs-w-2-3-tier-dumbbell-racks-new,French Fitness Rubber Hex Dumbbell Set 5-100 lbs w/(2) 3 Tier Dumbbell Racks (New),ACTIVE,French Fitness,Product Index,2025-01-14T14:39:59Z,2026-08-26T21:16:15Z,266740007228,Google & YouTube,TRUE
9878575612220,gid://shopify/Product/9878575612220,french-fitness-rubber-hex-dumbbell-set-5-to-100-lbs-w-bench-2-3-tier-dumbbell-racks-new,French Fitness Rubber Hex Dumbbell Set 5 to 100 lbs w/Bench + (2) 3 Tier Dumbbell Racks (New),ACTIVE,French Fitness,Product Index,2025-01-14T14:40:23Z,2026-08-26T21:16:15Z,266740007228,Google & YouTube,TRUE
9878575776060,gid://shopify/Product/9878575776060,power-plate-pro7hc-remanufactured,Power Plate pro7HC (Remanufactured),ACTIVE,Power Plate,Product Index,2025-01-14T14:40:26Z,2026-08-03T08:26:58Z,266740007228,Google & YouTube,TRUE
9878576300348,gid://shopify/Product/9878576300348,french-fitness-ffs-silver-45-degree-hyperextension-back-extension-new,French Fitness FFS Silver 45 Degree Hyperextension Back Extension (New),ACTIVE,French Fitness,Product Index,2025-01-14T14:40:52Z,2026-08-11T17:57:48Z,266740007228,Google & YouTube,TRUE
9878576595260,gid://shopify/Product/9878576595260,power-plate-rev-new,Power Plate REV (New),ACTIVE,Power Plate,Product Index,2025-01-14T14:41:00Z,2026-08-04T07:02:32Z,266740007228,Google & YouTube,TRUE
9878576955708,gid://shopify/Product/9878576955708,french-fitness-rubber-hex-dumbbell-set-5-to-50-lbs-w-rack-new,French Fitness Rubber Hex Dumbbell Set 5 to 50 lbs. w/Rack (New),ACTIVE,French Fitness,Product Index,2025-01-14T14:41:09Z,2026-08-26T21:16:15Z,266740007228,Google & YouTube,TRUE
9878577119548,gid://shopify/Product/9878577119548,french-fitness-ffs-silver-45-degree-linear-leg-press-new,French Fitness FFS Silver 45 Degree Linear Leg Press (New),ACTIVE,French Fitness,Product Index,2025-01-14T14:41:17Z,2026-08-22T23:01:41Z,266740007228,Google & YouTube,TRUE
9878577250620,gid://shopify/Product/9878577250620,versaclimber-cl-108o-versa-climber-remanufactured,Versaclimber CL-108O Versa Climber (Remanufactured),ACTIVE,Versaclimber,Product Index,2025-01-14T14:41:22Z,2026-07-29T21:05:41Z,266740007228,Google & YouTube,TRUE
9878577578300,gid://shopify/Product/9878577578300,french-fitness-rubber-hex-dumbbell-set-5-to-50-lbs-w-bench-rack-new,French Fitness Rubber Hex Dumbbell Set 5 to 50 lbs w/Bench + Rack (New),ACTIVE,French Fitness,Product Index,2025-01-14T14:41:35Z,2026-08-26T21:16:15Z,266740007228,Google & YouTube,TRUE
9878577709372,gid://shopify/Product/9878577709372,power-plate-rev-wood-finish-new,Power Plate REV - Wood Finish (New),ACTIVE,Power Plate,Product Index,2025-01-14T14:41:38Z,2026-08-04T07:04:21Z,266740007228,Google & YouTube,TRUE
9878578594108,gid://shopify/Product/9878578594108,versaclimber-cl-108sm-sport-model-remanufactured,Versaclimber CL-108SM Sport Model (Remanufactured),ACTIVE,Versaclimber,Product Index,2025-01-14T14:42:02Z,2026-08-22T23:01:41Z,266740007228,Google & YouTube,TRUE
9878578626876,gid://shopify/Product/9878578626876,french-fitness-rubber-coated-hex-dumbbell-set-5-70-lbs-w-rack-new,French Fitness Rubber Coated Hex Dumbbell Set 5-70 lbs w/Rack (New),ACTIVE,French Fitness,Product Index,2025-01-14T14:42:03Z,2026-08-26T21:16:15Z,266740007228,Google & YouTube,TRUE
9878578659644,gid://shopify/Product/9878578659644,french-fitness-ffs-silver-4-stack-multi-jungle-gym-new,French Fitness FFS Silver 4 Stack Multi Jungle Gym (New),ACTIVE,French Fitness,Product Index,2025-01-14T14:42:03Z,2026-08-25T20:06:07Z,266740007228,Google & YouTube,TRUE
9878578790716,gid://shopify/Product/9878578790716,power-plate-classic-machine-remanufactured,Power Plate Classic Machine (Remanufactured),ACTIVE,Power Plate,Product Index,2025-01-14T14:42:07Z,2026-08-03T08:26:58Z,266740007228,Google & YouTube,TRUE
9878579380540,gid://shopify/Product/9878579380540,power-plate-move-silver-remanufactured,Power Plate Move - Silver (Remanufactured),ACTIVE,Power Plate,Product Index,2025-01-14T14:42:36Z,2026-08-05T10:03:51Z,266740007228,Google & YouTube,TRUE
9878579609916,gid://shopify/Product/9878579609916,versaclimber-cl-109o-versa-climber-remanufactured,Versaclimber CL-109O Versa Climber (Remanufactured),ACTIVE,Versaclimber,Product Index,2025-01-14T14:42:49Z,2026-08-23T00:31:45Z,266740007228,Google & YouTube,TRUE
9878579708220,gid://shopify/Product/9878579708220,french-fitness-ffs-silver-5-stack-multi-jungle-gym-new,French Fitness FFS Silver 5 Stack Multi Jungle Gym (New),ACTIVE,French Fitness,Product Index,2025-01-14T14:42:53Z,2026-08-23T00:31:46Z,266740007228,Google & YouTube,TRUE
9878580527420,gid://shopify/Product/9878580527420,french-fitness-rubber-hex-dumbbell-set-5-to-75-lbs-w-3-tier-dumbbell-rack-new,French Fitness Rubber Hex Dumbbell Set 5 to 75 lbs w/3 Tier Dumbbell Rack (New),ACTIVE,French Fitness,Product Index,2025-01-14T14:43:32Z,2026-08-26T21:16:15Z,266740007228,Google & YouTube,TRUE
9878580691260,gid://shopify/Product/9878580691260,cybex-classic-hip-abduction-outer-thigh-remanufactured,Cybex Classic Hip Abduction / Outer Thigh (Remanufactured),ACTIVE,Cybex,Product Index,2025-01-14T14:43:36Z,2026-07-29T21:05:40Z,266740007228,Google & YouTube,TRUE
9878580789564,gid://shopify/Product/9878580789564,french-fitness-ffs-silver-8-stack-multi-jungle-gym-new,French Fitness FFS Silver 8 Stack Multi Jungle Gym (New),ACTIVE,French Fitness,Product Index,2025-01-14T14:43:42Z,2026-08-20T21:39:02Z,266740007228,Google & YouTube,TRUE
9878581051708,gid://shopify/Product/9878581051708,french-fitness-rubber-hex-dumbbell-set-5-to-75-lbs-w-bench-3-tier-dumbbell-rack-new,French Fitness Rubber Hex Dumbbell Set 5 to 75 lbs w/Bench + 3 Tier Dumbbell Rack (New),ACTIVE,French Fitness,Product Index,2025-01-14T14:43:55Z,2026-08-26T21:16:15Z,266740007228,Google & YouTube,TRUE
9878581412156,gid://shopify/Product/9878581412156,cybex-classic-hip-adduction-inner-thigh-remanufactured,Cybex Classic Hip Adduction / Inner Thigh (Remanufactured),ACTIVE,Cybex,Product Index,2025-01-14T14:44:10Z,2026-07-29T21:05:43Z,266740007228,Google & YouTube,TRUE
9878581674300,gid://shopify/Product/9878581674300,power-plate-move-matte-black-new,Power Plate Move - Matte Black (New),ACTIVE,Power Plate,Product Index,2025-01-14T14:44:22Z,2026-08-05T10:01:41Z,266740007228,Google & YouTube,TRUE
9878581870908,gid://shopify/Product/9878581870908,french-fitness-ffs-silver-abdominal-adj-decline-bench-new,French Fitness FFS Silver Abdominal / Adj Decline Bench (New),ACTIVE,French Fitness,Product Index,2025-01-14T14:44:30Z,2026-08-11T17:55:46Z,266740007228,Google & YouTube,TRUE
9878582165820,gid://shopify/Product/9878582165820,cybex-classic-bicep-curl-remanufactured,Cybex Classic Bicep Curl (Remanufactured),ACTIVE,Cybex,Product Index,2025-01-14T14:44:45Z,2026-07-29T21:05:39Z,266740007228,Google & YouTube,TRUE
9878582427964,gid://shopify/Product/9878582427964,french-fitness-ffs-silver-ab-crunch-bench-new,French Fitness FFS Silver Ab Crunch Bench (New),ACTIVE,French Fitness,Product Index,2025-01-14T14:44:55Z,2026-08-11T17:57:01Z,266740007228,Google & YouTube,TRUE
9878582460732,gid://shopify/Product/9878582460732,power-plate-move-red-new,Power Plate Move - Red (New),ACTIVE,Power Plate,Product Index,2025-01-14T14:44:57Z,2026-08-05T10:04:56Z,266740007228,Google & YouTube,TRUE
9878582853948,gid://shopify/Product/9878582853948,cybex-classic-chest-press-remanufactured,Cybex Classic Chest Press (Remanufactured),ACTIVE,Cybex,Product Index,2025-01-14T14:45:19Z,2026-07-29T21:05:42Z,266740007228,Google & YouTube,TRUE
9878582886716,gid://shopify/Product/9878582886716,french-fitness-ffs-silver-adjustable-cable-crossover-new,French Fitness FFS Silver Adjustable Cable Crossover (New),ACTIVE,French Fitness,Product Index,2025-01-14T14:45:20Z,2026-08-23T00:31:46Z,266740007228,Google & YouTube,TRUE
9878583148860,gid://shopify/Product/9878583148860,power-plate-move-silver-new,Power Plate Move - Silver (New),ACTIVE,Power Plate,Product Index,2025-01-14T14:45:32Z,2026-08-05T10:05:46Z,266740007228,Google & YouTube,TRUE
9878583542076,gid://shopify/Product/9878583542076,cybex-classic-fly-press-remanufactured,Cybex Classic Fly Press (Remanufactured),ACTIVE,Cybex,Product Index,2025-01-14T14:45:55Z,2026-07-29T21:05:43Z,266740007228,Google & YouTube,TRUE
9878583869756,gid://shopify/Product/9878583869756,power-plate-move-wood-finish-new,Power Plate Move - Wood Finish (New),ACTIVE,Power Plate,Product Index,2025-01-14T14:46:06Z,2026-08-05T10:02:51Z,266740007228,Google & YouTube,TRUE
9878584262972,gid://shopify/Product/9878584262972,cybex-classic-shoulder-press-remanufactured,Cybex Classic Shoulder Press (Remanufactured),ACTIVE,Cybex,Product Index,2025-01-14T14:46:30Z,2026-07-29T21:05:39Z,266740007228,Google & YouTube,TRUE
9878584787260,gid://shopify/Product/9878584787260,french-fitness-shasta-assisted-chin-dip-new,French Fitness Shasta Assisted Chin Dip (New),ACTIVE,French Fitness,Product Index,2025-01-14T14:46:52Z,2026-08-18T18:28:51Z,266740007228,Google & YouTube,TRUE
9878585049404,gid://shopify/Product/9878585049404,precor-clm-835-stair-stepper-w-p30-console-remanufactured,Precor CLM 835 Stair Stepper w/ P30 Console (Remanufactured),ACTIVE,Precor,Product Index,2025-01-14T14:47:04Z,2026-07-29T21:05:44Z,266740007228,Google & YouTube,TRUE
9878585344316,gid://shopify/Product/9878585344316,french-fitness-shasta-abdominal-crunch-lower-back-new,French Fitness Shasta Abdominal Crunch / Lower Back (New),ACTIVE,French Fitness,Product Index,2025-01-14T14:47:21Z,2026-08-25T20:45:08Z,266740007228,Google & YouTube,TRUE
9878585606460,gid://shopify/Product/9878585606460,precor-efx-833-elliptical-w-converging-crossramp-p31-console-remanufactured,Precor EFX 833 Elliptical w/Converging Crossramp + p31 Console (Remanufactured),ACTIVE,Precor,Product Index,2025-01-14T14:47:28Z,2026-08-22T21:05:18Z,266740007228,Google & YouTube,TRUE
9878585671996,gid://shopify/Product/9878585671996,life-fitness-club-series-elliptical-cross-trainer-remanufactured,Life Fitness Club Series Elliptical Cross-Trainer (Remanufactured),ACTIVE,Life Fitness,Product Index,2025-01-14T14:47:34Z,2026-08-04T11:09:11Z,266740007228,Google & YouTube,TRUE
9878586425660,gid://shopify/Product/9878586425660,french-fitness-silver-arc-elliptical-trainer-new,French Fitness Silver Arc Elliptical Trainer (New),ACTIVE,French Fitness,Product Index,2025-01-14T14:48:05Z,2026-08-24T07:52:09Z,266740007228,Google & YouTube,TRUE
9878586818876,gid://shopify/Product/9878586818876,french-fitness-shasta-bicep-arm-curl-new,French Fitness Shasta Bicep Arm Curl (New),ACTIVE,French Fitness,Product Index,2025-01-14T14:48:31Z,2026-08-11T17:57:46Z,266740007228,Google & YouTube,TRUE
9878587507004,gid://shopify/Product/9878587507004,french-fitness-ffs-silver-cable-column-new,French Fitness FFS Silver Cable Column (New),ACTIVE,French Fitness,Product Index,2025-01-14T14:49:01Z,2026-08-11T17:56:31Z,266740007228,Google & YouTube,TRUE
9878589342012,gid://shopify/Product/9878589342012,precor-discovery-series-selectorized-biceps-curl-remanufactured,Precor DSL0204 Discovery Series Selectorized Biceps Curl (Remanufactured),ACTIVE,Precor,Product Index,2025-01-14T14:50:18Z,2026-07-29T21:05:40Z,266740007228,Google & YouTube,TRUE
9878589571388,gid://shopify/Product/9878589571388,french-fitness-shasta-cable-lat-pulldown-new,French Fitness Shasta Cable Lat Pulldown (New),ACTIVE,French Fitness,Product Index,2025-01-14T14:50:28Z,2026-08-11T17:56:31Z,266740007228,Google & YouTube,TRUE
9878591570236,gid://shopify/Product/9878591570236,precor-discovery-series-selectorized-triceps-extension-remanufactured,Precor DSL0208 Discovery Series Selectorized Triceps Extension (Remanufactured),ACTIVE,Precor,Product Index,2025-01-14T14:50:49Z,2026-07-29T21:05:44Z,266740007228,Google & YouTube,TRUE
9878592651580,gid://shopify/Product/9878592651580,french-fitness-shasta-chest-press-new,French Fitness Shasta Chest Press (New),ACTIVE,French Fitness,Product Index,2025-01-14T14:51:05Z,2026-08-20T18:44:49Z,266740007228,Google & YouTube,TRUE
9878593634620,gid://shopify/Product/9878593634620,precor-discovery-series-selectorized-back-extension-remanufactured,Precor DSL0313 Discovery Series Selectorized Back Extension (Remanufactured),ACTIVE,Precor,Product Index,2025-01-14T14:51:20Z,2026-08-05T06:14:42Z,266740007228,Google & YouTube,TRUE
9878594650428,gid://shopify/Product/9878594650428,french-fitness-shasta-chest-shoulder-multi-press-new,French Fitness Shasta Chest/Shoulder Multi Press (New),ACTIVE,French Fitness,Product Index,2025-01-14T14:51:48Z,2026-08-11T17:57:46Z,266740007228,Google & YouTube,TRUE
9878594683196,gid://shopify/Product/9878594683196,life-fitness-ct-9100-elliptical-cross-trainer-remanufactured,Life Fitness CT-9100 Elliptical Cross-Trainer (Remanufactured),ACTIVE,Life Fitness,Product Index,2025-01-14T14:51:50Z,2026-08-04T11:09:14Z,266740007228,Google & YouTube,TRUE
9878594715964,gid://shopify/Product/9878594715964,precor-discovery-series-selectorized-diverging-lat-pulldown-remanufactured,Precor DSL0314 Discovery Series Selectorized Diverging Lat Pulldown (Remanufactured),ACTIVE,Precor,Product Index,2025-01-14T14:51:50Z,2026-07-29T21:05:43Z,266740007228,Google & YouTube,TRUE
9878595240252,gid://shopify/Product/9878595240252,cybex-cx-445t-treadmill-remanufactured,Cybex CX-445T Treadmill (Remanufactured),ACTIVE,Cybex,Product Index,2025-01-14T14:52:17Z,2026-08-04T10:54:52Z,266740007228,Google & YouTube,TRUE
9878595338556,gid://shopify/Product/9878595338556,french-fitness-rubber-grip-olympic-weight-plate-set-100-lbs-new,French Fitness Rubber Grip Olympic Weight Plate Set 100 lbs (New),ACTIVE,French Fitness,Product Index,2025-01-14T14:52:20Z,2026-08-06T18:52:25Z,266740007228,Google & YouTube,TRUE
9878595535164,gid://shopify/Product/9878595535164,precor-discovery-series-selectorized-chest-press-remanufactured,Precor DSL0414 Discovery Series Selectorized Converging Chest Press (Remanufactured),ACTIVE,Precor,Product Index,2025-01-14T14:52:28Z,2026-07-29T21:05:41Z,266740007228,Google & YouTube,TRUE
9878595567932,gid://shopify/Product/9878595567932,french-fitness-ffs-silver-dual-adjustable-pulley-new,French Fitness FFS Silver Dual Adjustable Pulley (New),ACTIVE,French Fitness,Product Index,2025-01-14T14:52:31Z,2026-08-22T01:01:06Z,266740007228,Google & YouTube,TRUE
9878596026684,gid://shopify/Product/9878596026684,cybex-530s-cyclone-stepper-remanufactured,Cybex 530S Cyclone Stepper (Remanufactured),ACTIVE,Cybex,Product Index,2025-01-14T14:52:48Z,2026-07-29T21:05:41Z,266740007228,Google & YouTube,TRUE
9878596190524,gid://shopify/Product/9878596190524,precor-discovery-series-selectorized-shoulder-press-remanufactured,Precor DSL0515 Discovery Series Selectorized Converging Shoulder Press (Remanufactured),ACTIVE,Precor,Product Index,2025-01-14T14:52:59Z,2026-07-29T21:05:39Z,266740007228,Google & YouTube,TRUE
9878596485436,gid://shopify/Product/9878596485436,cybex-utility-bench-remanufactured,Cybex Utility Bench (Remanufactured),ACTIVE,Cybex,Product Index,2025-01-14T14:53:16Z,2026-07-29T21:05:38Z,266740007228,Google & YouTube,TRUE
9878596813116,gid://shopify/Product/9878596813116,precor-discovery-series-selectorized-prone-leg-curl-remanufactured,Precor DSL0606 Discovery Series Selectorized Prone Leg Curl (Remanufactured),ACTIVE,Precor,Product Index,2025-01-14T14:53:29Z,2026-07-29T21:05:45Z,266740007228,Google & YouTube,TRUE
9878596911420,gid://shopify/Product/9878596911420,french-fitness-rubber-grip-olympic-weight-plate-set-120-lbs-new,French Fitness Rubber Grip Olympic Weight Plate Set 120 lbs (New),ACTIVE,French Fitness,Product Index,2025-01-14T14:53:35Z,2026-08-06T18:52:24Z,266740007228,Google & YouTube,TRUE
9878597108028,gid://shopify/Product/9878597108028,cybex-625a-arc-trainer-w-e3-console-remanufactured,Cybex 625A Arc Trainer w/E3 Console (Remanufactured),ACTIVE,Cybex,Product Index,2025-01-14T14:53:45Z,2026-08-04T11:09:09Z,266740007228,Google & YouTube,TRUE
9878597435708,gid://shopify/Product/9878597435708,french-fitness-shasta-biceps-curl-triceps-extension-new,French Fitness Shasta Dual Bicep Curl / Tricep (New),ACTIVE,French Fitness,Product Index,2025-01-14T14:53:58Z,2026-08-19T08:04:03Z,266740007228,Google & YouTube,TRUE
9878597501244,gid://shopify/Product/9878597501244,precor-discovery-series-selectorized-glute-extension-remanufactured,Precor Discovery Series Selectorized Glute Extension (Remanufactured),ACTIVE,Precor,Product Index,2025-01-14T14:54:00Z,2026-07-29T21:05:39Z,266740007228,Google & YouTube,TRUE
9878597763388,gid://shopify/Product/9878597763388,french-fitness-rubber-grip-olympic-weight-plate-set-140-lbs-new,French Fitness Rubber Grip Olympic Weight Plate Set 140 lbs (New),ACTIVE,French Fitness,Product Index,2025-01-14T14:54:12Z,2026-08-06T18:52:24Z,266740007228,Google & YouTube,TRUE
9878597894460,gid://shopify/Product/9878597894460,cybex-625c-upright-bike-w-e3-console-remanufactured,Cybex 625C Upright Bike w/E3 Console (Remanufactured),ACTIVE,Cybex,Product Index,2025-01-14T14:54:16Z,2026-07-29T21:05:39Z,266740007228,Google & YouTube,TRUE
9878598156604,gid://shopify/Product/9878598156604,precor-discovery-series-selectorized-seated-leg-curl-remanufactured,Precor DSL0619 Discovery Series Selectorized Seated Leg Curl (Remanufactured),ACTIVE,Precor,Product Index,2025-01-14T14:54:31Z,2026-07-29T21:05:40Z,266740007228,Google & YouTube,TRUE
9878598484284,gid://shopify/Product/9878598484284,cybex-625r-recumbent-bike-w-e3-console-remanufactured,Cybex 625R Recumbent Bike w/E3 Console (Remanufactured),ACTIVE,Cybex,Product Index,2025-01-14T14:54:46Z,2026-07-29T21:05:40Z,266740007228,Google & YouTube,TRUE
9878598615356,gid://shopify/Product/9878598615356,french-fitness-ffs-silver-elite-smith-machine-new,French Fitness FFS Silver Elite Smith Machine (New),ACTIVE,French Fitness,Product Index,2025-01-14T14:54:50Z,2026-08-21T07:52:13Z,266740007228,Google & YouTube,TRUE
9878598648124,gid://shopify/Product/9878598648124,french-fitness-rubber-grip-olympic-weight-plate-set-170-lbs-new,French Fitness Rubber Grip Olympic Weight Plate Set 170 lbs (New),ACTIVE,French Fitness,Product Index,2025-01-14T14:54:50Z,2026-08-06T18:52:24Z,266740007228,Google & YouTube,TRUE
9878598877500,gid://shopify/Product/9878598877500,precor-efx-835-elliptical-w-converging-crossramp-p31-console-remanufactured,Precor EFX 835 Elliptical w/Converging Crossramp + p31 Console (Remanufactured),ACTIVE,Precor,Product Index,2025-01-14T14:55:01Z,2026-08-22T21:05:18Z,266740007228,Google & YouTube,TRUE
9878599237948,gid://shopify/Product/9878599237948,cybex-750c-upright-fitness-bike-remanufactured,Cybex 750C Upright Fitness Bike (Remanufactured),ACTIVE,Cybex,Product Index,2025-01-14T14:55:17Z,2026-07-29T21:05:39Z,266740007228,Google & YouTube,TRUE
9878599336252,gid://shopify/Product/9878599336252,french-fitness-shasta-fixed-lat-pulldown-new,French Fitness Shasta Fixed Lat Pulldown (New),ACTIVE,French Fitness,Product Index,2025-01-14T14:55:19Z,2026-08-17T15:04:07Z,266740007228,Google & YouTube,TRUE
9878599467324,gid://shopify/Product/9878599467324,french-fitness-rubber-grip-olympic-weight-plate-set-190-lbs-new,French Fitness Rubber Grip Olympic Weight Plate Set 190 lbs (New),ACTIVE,French Fitness,Product Index,2025-01-14T14:55:29Z,2026-08-06T18:52:23Z,266740007228,Google & YouTube,TRUE
9878599532860,gid://shopify/Product/9878599532860,precor-icarian-chin-dip-assist-remanufactured,Precor Icarian Chin Dip Assist (Remanufactured),ACTIVE,Precor,Product Index,2025-01-14T14:55:30Z,2026-07-29T21:05:39Z,266740007228,Google & YouTube,TRUE
9878599827772,gid://shopify/Product/9878599827772,french-fitness-ffs-silver-glute-machine-new,French Fitness FFS Silver Glute Machine (New),ACTIVE,French Fitness,Product Index,2025-01-14T14:55:46Z,2026-08-25T20:45:08Z,266740007228,Google & YouTube,TRUE
9878599860540,gid://shopify/Product/9878599860540,cybex-770c-upright-fitness-bike-remanufactured,Cybex 770C Upright Fitness Bike (Remanufactured),ACTIVE,Cybex,Product Index,2025-01-14T14:55:47Z,2026-07-29T21:05:45Z,266740007228,Google & YouTube,TRUE
9878600122684,gid://shopify/Product/9878600122684,precor-icarian-super-squat-624-remanufactured,Precor Icarian Super Squat 624 (Remanufactured),ACTIVE,Precor,Product Index,2025-01-14T14:56:04Z,2026-07-29T21:05:42Z,266740007228,Google & YouTube,TRUE
9878600253756,gid://shopify/Product/9878600253756,french-fitness-rubber-grip-weight-plate-set-w-7-ft-olympic-bar-235-lbs-new,French Fitness Rubber Grip Weight Plate Set w/7 ft Olympic Bar 235 lbs (New),ACTIVE,French Fitness,Product Index,2025-01-14T14:56:07Z,2026-08-06T18:52:23Z,266740007228,Google & YouTube,TRUE
9878600319292,gid://shopify/Product/9878600319292,french-fitness-shasta-inner-outer-thigh-machine-new,French Fitness Shasta Hip Abductor / Adductor Inner & Outer Thigh Machine (New),ACTIVE,French Fitness,Product Index,2025-01-14T14:56:13Z,2026-08-26T12:57:02Z,266740007228,Google & YouTube,TRUE
9878600384828,gid://shopify/Product/9878600384828,cybex-770c-upright-bike-w-e3-console-remanufactured,Cybex 770C Upright Bike w/ E3 Console (Remanufactured),ACTIVE,Cybex,Product Index,2025-01-14T14:56:16Z,2026-07-29T21:05:38Z,266740007228,Google & YouTube,TRUE
9878600581436,gid://shopify/Product/9878600581436,precor-trm-781-treadmill-w-p82-console-remanufactured,Precor TRM 781 Treadmill w/p82 Console (Remanufactured),ACTIVE,Precor,Product Index,2025-01-14T14:56:33Z,2026-08-26T08:45:46Z,266740007228,Google & YouTube,TRUE
9878600712508,gid://shopify/Product/9878600712508,french-fitness-rubber-grip-weight-plate-set-w-7-ft-olympic-bar-235-lbs-bench-new,French Fitness Rubber Grip Weight Plate Set w/7 ft Olympic Bar 235 lbs + Bench (New),ACTIVE,French Fitness,Product Index,2025-01-14T14:56:41Z,2026-07-29T21:05:44Z,266740007228,Google & YouTube,TRUE
9878600778044,gid://shopify/Product/9878600778044,french-fitness-shasta-hip-adductor-inner-thigh-new,French Fitness Shasta Hip Adductor (Inner Thigh) (New),ACTIVE,French Fitness,Product Index,2025-01-14T14:56:44Z,2026-08-11T17:58:58Z,266740007228,Google & YouTube,TRUE
9878600810812,gid://shopify/Product/9878600810812,cybex-adjustable-bench-w-0-80-degree-incline-remanufactured,Cybex Adjustable Bench w/ 0-80 Degree Incline (Remanufactured),ACTIVE,Cybex,Product Index,2025-01-14T14:56:46Z,2026-07-29T21:05:43Z,266740007228,Google & YouTube,TRUE
9878601302332,gid://shopify/Product/9878601302332,french-fitness-shasta-hip-abductor-outer-thigh-new,French Fitness Shasta Hip Abductor (Outer Thigh) (New),ACTIVE,French Fitness,Product Index,2025-01-14T14:57:11Z,2026-08-11T17:58:34Z,266740007228,Google & YouTube,TRUE
9878601498940,gid://shopify/Product/9878601498940,cybex-bent-leg-abdominal-board-remanufactured,Cybex Bent Leg Abdominal Board (Remanufactured),ACTIVE,Cybex,Product Index,2025-01-14T14:57:15Z,2026-07-29T21:05:39Z,266740007228,Google & YouTube,TRUE
9878601531708,gid://shopify/Product/9878601531708,precor-trm-833-treadmill-w-p30-console-remanufactured,Precor TRM 833 Treadmill w/P30 Console (Remanufactured),ACTIVE,Precor,Product Index,2025-01-14T14:57:20Z,2026-08-26T09:30:18Z,266740007228,Google & YouTube,TRUE
9878601924924,gid://shopify/Product/9878601924924,french-fitness-ffs-silver-half-ball-captains-chair-leg-raise-vkr-new,French Fitness FFS Silver Half Ball Captain's Chair Leg Raise VKR (New),ACTIVE,French Fitness,Product Index,2025-01-14T14:57:39Z,2026-08-23T01:04:51Z,266740007228,Google & YouTube,TRUE
9878602088764,gid://shopify/Product/9878602088764,french-fitness-rubber-grip-olympic-weight-plate-set-260-lbs-new,French Fitness Rubber Grip Olympic Weight Plate Set 260 lbs (New),ACTIVE,French Fitness,Product Index,2025-01-14T14:57:46Z,2026-08-23T01:04:51Z,266740007228,Google & YouTube,TRUE
9878602318140,gid://shopify/Product/9878602318140,precor-trm-835-v2-treadmill-w-p30-console-remanufactured,Precor TRM 835 V2 Treadmill w/P30 Console (Remanufactured),ACTIVE,Precor,Product Index,2025-01-14T14:57:52Z,2026-08-26T08:22:03Z,266740007228,Google & YouTube,TRUE
9878602580284,gid://shopify/Product/9878602580284,french-fitness-ffs-silver-leverage-horizontal-bench-press-plate-loaded-new,French Fitness FFS Silver Leverage Horizontal Bench Press Plate Loaded (New),ACTIVE,French Fitness,Product Index,2025-01-14T14:58:05Z,2026-08-11T17:57:45Z,266740007228,Google & YouTube,TRUE
9878602776892,gid://shopify/Product/9878602776892,cybex-800s-ct-stepper-remanufactured,Cybex 800S-CT Stepper (Remanufactured),ACTIVE,Cybex,Product Index,2025-01-14T14:58:15Z,2026-08-23T01:04:51Z,266740007228,Google & YouTube,TRUE
9878603039036,gid://shopify/Product/9878603039036,precor-trm-865-v2-treadmill-w-p62-console-remanufactured,Precor TRM 865 V2 Treadmill w/p62 Console (Remanufactured),ACTIVE,Precor,Product Index,2025-01-14T14:58:24Z,2026-08-26T08:22:03Z,266740007228,Google & YouTube,TRUE
9878603235644,gid://shopify/Product/9878603235644,french-fitness-silver-ffs-linear-hack-squat-new,French Fitness Silver FFS Linear Hack Squat (New),ACTIVE,French Fitness,Product Index,2025-01-14T14:58:34Z,2026-08-24T07:40:16Z,266740007228,Google & YouTube,TRUE
9878603628860,gid://shopify/Product/9878603628860,french-fitness-rubber-grip-weight-plate-set-w-7-ft-olympic-bar-305-lbs-new,French Fitness Rubber Grip Weight Plate Set w/7 ft Olympic Bar 305 lbs (New),ACTIVE,French Fitness,Product Index,2025-01-14T14:58:48Z,2026-07-29T21:05:42Z,266740007228,Google & YouTube,TRUE
9878603661628,gid://shopify/Product/9878603661628,precor-trm-885-v1-treadmill-w-p80-console-remanufactured,Precor TRM 885 V1 Treadmill w/P80 Console (Remanufactured),ACTIVE,Precor,Product Index,2025-01-14T14:58:54Z,2026-08-26T08:44:54Z,266740007228,Google & YouTube,TRUE
9878603956540,gid://shopify/Product/9878603956540,french-fitness-shasta-lat-pulldown-low-row-new,French Fitness Shasta Lat Pulldown / Low Row Selectorized Machine (New),ACTIVE,French Fitness,Product Index,2025-01-14T14:59:01Z,2026-08-26T12:54:21Z,266740007228,Google & YouTube,TRUE
9878603989308,gid://shopify/Product/9878603989308,tectrix-by-cybex-bike-max-r-bmr-recumbent-bike-remanufactured-1,Tectrix (by Cybex) Bike Max-R BMR Recumbent Bike (Remanufactured),ACTIVE,Cybex,Product Index,2025-01-14T14:59:02Z,2026-08-22T21:05:09Z,266740007228,Google & YouTube,TRUE
9878604448060,gid://shopify/Product/9878604448060,precor-trm-885-treadmill-w-p82-console-remanufactured,Precor TRM 885 Treadmill w/P82 Console (Remanufactured),ACTIVE,Precor,Product Index,2025-01-14T14:59:24Z,2026-08-26T08:32:47Z,266740007228,Google & YouTube,TRUE
9878604677436,gid://shopify/Product/9878604677436,cybex-eagle-nx-arm-extension-20080-remanufactured,Cybex Eagle NX Arm Extension 20080 (Remanufactured),ACTIVE,Cybex,Product Index,2025-01-14T14:59:33Z,2026-08-04T09:29:50Z,266740007228,Google & YouTube,TRUE
9878604972348,gid://shopify/Product/9878604972348,french-fitness-rubber-grip-olympic-weight-plate-set-350-lbs-new,French Fitness Rubber Grip Olympic Weight Plate Set 350 lbs (New),ACTIVE,French Fitness,Product Index,2025-01-14T14:59:46Z,2026-08-21T21:00:13Z,266740007228,Google & YouTube,TRUE
9878605300028,gid://shopify/Product/9878605300028,cybex-prestige-strength-vrs-chest-press-remanufactured,Cybex Prestige Strength VRS Chest Press (Remanufactured),ACTIVE,Cybex,Product Index,2025-01-14T15:00:04Z,2026-08-04T08:45:42Z,266740007228,Google & YouTube,TRUE
9878605431100,gid://shopify/Product/9878605431100,precor-trm-885-v2-treadmill-w-p80-console-remanufactured,Precor TRM 885 V2 Treadmill w/P80 Console (Remanufactured),ACTIVE,Precor,Product Index,2025-01-14T15:00:13Z,2026-08-26T08:23:32Z,266740007228,Google & YouTube,TRUE
9878606184764,gid://shopify/Product/9878606184764,french-fitness-rubber-grip-weight-plate-set-w-7-ft-olympic-bar-395-lbs-new,French Fitness Rubber Grip Weight Plate Set w/7 ft Olympic Bar 395 lbs (New),ACTIVE,French Fitness,Product Index,2025-01-14T15:00:25Z,2026-08-23T01:04:52Z,266740007228,Google & YouTube,TRUE
9878606381372,gid://shopify/Product/9878606381372,cybex-prestige-strength-vrs-overhead-press-remanufactured,Cybex Prestige Strength VRS Overhead Press (Remanufactured),ACTIVE,Cybex,Product Index,2025-01-14T15:00:35Z,2026-08-05T10:15:26Z,266740007228,Google & YouTube,TRUE
9878606610748,gid://shopify/Product/9878606610748,french-fitness-shasta-lateral-raise-new,French Fitness Shasta Lateral Lat Raise (New),ACTIVE,French Fitness,Product Index,2025-01-14T15:00:39Z,2026-08-11T17:58:36Z,266740007228,Google & YouTube,TRUE
9878607003964,gid://shopify/Product/9878607003964,french-fitness-rubber-grip-weight-plate-set-w-7-ft-olympic-bar-395-lbs-bench-new,French Fitness Rubber Grip Weight Plate Set w/7 ft Olympic Bar 395 lbs + Bench (New),ACTIVE,French Fitness,Product Index,2025-01-14T15:00:59Z,2026-07-29T21:05:39Z,266740007228,Google & YouTube,TRUE
9878607102268,gid://shopify/Product/9878607102268,cybex-r-series-70t-lower-body-arc-trainer-remanufactured,Cybex R Series 70T Lower Body Arc Trainer (Remanufactured),ACTIVE,Cybex,Product Index,2025-01-14T15:01:06Z,2026-08-04T11:08:50Z,266740007228,Google & YouTube,TRUE
9878607397180,gid://shopify/Product/9878607397180,french-fitness-ffs-silver-mab-multi-adjustable-bench-new,French Fitness FFS Silver MAB Multi Adjustable Bench (New),ACTIVE,French Fitness,Product Index,2025-01-14T15:01:23Z,2026-08-24T08:58:04Z,266740007228,Google & YouTube,TRUE
9878607692092,gid://shopify/Product/9878607692092,cybex-r-series-70t-recumbent-bike-remanufactured,Cybex R Series 70T Recumbent Bike (Remanufactured),ACTIVE,Cybex,Product Index,2025-01-14T15:01:38Z,2026-07-29T21:05:42Z,266740007228,Google & YouTube,TRUE
9878607954236,gid://shopify/Product/9878607954236,french-fitness-shasta-multi-hip-and-glute-new,French Fitness Shasta Multi Hip and Glute (New),ACTIVE,French Fitness,Product Index,2025-01-14T15:01:50Z,2026-08-11T17:55:46Z,266740007228,Google & YouTube,TRUE
9878608249148,gid://shopify/Product/9878608249148,precor-946i-commercial-experience-treadmill-remanufactured,Precor 946i Commercial Experience Treadmill (Remanufactured),ACTIVE,Precor,Product Index,2025-01-14T15:02:03Z,2026-08-04T10:54:51Z,266740007228,Google & YouTube,TRUE
9878608314684,gid://shopify/Product/9878608314684,french-fitness-rubber-grip-olympic-weight-plate-set-450-lbs-new,French Fitness Rubber Grip Olympic Weight Plate Set 450 lbs (New),ACTIVE,French Fitness,Product Index,2025-01-14T15:02:04Z,2026-08-22T23:01:41Z,266740007228,Google & YouTube,TRUE
9878608511292,gid://shopify/Product/9878608511292,cybex-r-series-70t-treadmill-remanufactured,Cybex R Series 70T Treadmill (Remanufactured),ACTIVE,Cybex,Product Index,2025-01-14T15:02:13Z,2026-07-29T21:05:39Z,266740007228,Google & YouTube,TRUE
9878608675132,gid://shopify/Product/9878608675132,french-fitness-ffs-silver-olympic-decline-bench-new,French Fitness FFS Silver Olympic Decline Bench (New),ACTIVE,French Fitness,Product Index,2025-01-14T15:02:21Z,2026-08-16T21:27:17Z,266740007228,Google & YouTube,TRUE
9878608871740,gid://shopify/Product/9878608871740,precor-ab100p-abench-pro-remanufactured,Precor Ab100p Abench Pro (Remanufactured),ACTIVE,Precor,Product Index,2025-01-14T15:02:35Z,2026-07-29T21:05:41Z,266740007228,Google & YouTube,TRUE
9878609199420,gid://shopify/Product/9878609199420,cybex-vr-lat-pulldown-remanufactured,Cybex VR Lat Pulldown (Remanufactured),ACTIVE,Cybex,Product Index,2025-01-14T15:02:47Z,2026-07-29T21:05:39Z,266740007228,Google & YouTube,TRUE
9878609297724,gid://shopify/Product/9878609297724,french-fitness-ffs-silver-olympic-flat-bench-press-new,French Fitness FFS Silver Olympic Flat Bench Press (New),ACTIVE,French Fitness,Product Index,2025-01-14T15:02:52Z,2026-08-11T17:58:37Z,266740007228,Google & YouTube,TRUE
9878609559868,gid://shopify/Product/9878609559868,precor-ab102-ab-bench-remanufactured,Precor AB102 Ab Bench (Remanufactured),ACTIVE,Precor,Product Index,2025-01-14T15:03:05Z,2026-07-29T21:05:39Z,266740007228,Google & YouTube,TRUE
9878610018620,gid://shopify/Product/9878610018620,french-fitness-ffs-silver-olympic-flat-bench-w-weight-horns-new,French Fitness FFS Silver Olympic Flat Bench w/Weight Horns (New),ACTIVE,French Fitness,Product Index,2025-01-14T15:03:23Z,2026-08-21T21:00:12Z,266740007228,Google & YouTube,TRUE
9878610051388,gid://shopify/Product/9878610051388,cybex-eagle-chest-press-11000-remanufactured,Cybex Eagle Chest Press 11000 (Remanufactured),ACTIVE,Cybex,Product Index,2025-01-14T15:03:26Z,2026-07-29T21:05:39Z,266740007228,Google & YouTube,TRUE
9878610247996,gid://shopify/Product/9878610247996,precor-discovery-adjustable-decline-ab-bench-remanufactured,Precor Discovery Adjustable Decline Ab Bench (Remanufactured),ACTIVE,Precor,Product Index,2025-01-14T15:03:35Z,2026-07-29T21:05:42Z,266740007228,Google & YouTube,TRUE
9878610346300,gid://shopify/Product/9878610346300,french-fitness-rubber-grip-olympic-weight-plate-set-70-lbs-new,French Fitness Rubber Grip Olympic Weight Plate Set 70 lbs (New),ACTIVE,French Fitness,Product Index,2025-01-14T15:03:43Z,2026-08-15T04:36:52Z,266740007228,Google & YouTube,TRUE
9878610542908,gid://shopify/Product/9878610542908,french-fitness-ffs-silver-olympic-incline-bench-new,French Fitness FFS Silver Olympic Incline Bench (New),ACTIVE,French Fitness,Product Index,2025-01-14T15:03:54Z,2026-08-21T21:00:12Z,266740007228,Google & YouTube,TRUE
9878610608444,gid://shopify/Product/9878610608444,cybex-eagle-incline-pull-11020-remanufactured,Cybex Eagle Incline Pull 11020 (Remanufactured),ACTIVE,Cybex,Product Index,2025-01-14T15:03:55Z,2026-07-29T21:05:40Z,266740007228,Google & YouTube,TRUE
9878610870588,gid://shopify/Product/9878610870588,precor-vitality-series-chest-press-remanufactured,Precor Vitality Series Chest Press (Remanufactured),ACTIVE,Precor,Product Index,2025-01-14T15:04:06Z,2026-07-29T21:05:44Z,266740007228,Google & YouTube,TRUE
9878611231036,gid://shopify/Product/9878611231036,cybex-eagle-arm-tricep-extension-11080-remanufactured,Cybex Eagle Arm Tricep Extension 11080 (Remanufactured),ACTIVE,Cybex,Product Index,2025-01-14T15:04:25Z,2026-07-29T21:05:40Z,266740007228,Google & YouTube,TRUE
9878611296572,gid://shopify/Product/9878611296572,french-fitness-ffs-silver-olympic-military-bench-new,French Fitness FFS Silver Olympic Military Bench (New),ACTIVE,French Fitness,Product Index,2025-01-14T15:04:26Z,2026-08-25T20:45:09Z,266740007228,Google & YouTube,TRUE
9878611394876,gid://shopify/Product/9878611394876,precor-vitality-series-lat-pulldown-remanufactured,Precor Vitality Series Lat Pulldown (Remanufactured),ACTIVE,Precor,Product Index,2025-01-14T15:04:35Z,2026-07-29T21:05:39Z,266740007228,Google & YouTube,TRUE
9878611951932,gid://shopify/Product/9878611951932,cybex-eagle-ab-abdominal-crunch-11090-remanufactured,Cybex Eagle Ab Abdominal Crunch 11090 (Remanufactured),ACTIVE,Cybex,Product Index,2025-01-14T15:04:55Z,2026-07-29T21:05:42Z,266740007228,Google & YouTube,TRUE
9878611984700,gid://shopify/Product/9878611984700,french-fitness-rh80-reverse-hyperextension-donkey-kick-new,French Fitness RH80 Reverse Hyperextension Donkey Kick (New),ACTIVE,French Fitness,Product Index,2025-01-14T15:04:59Z,2026-08-03T13:28:46Z,266740007228,Google & YouTube,TRUE
9878612214076,gid://shopify/Product/9878612214076,precor-vitality-series-leg-extension-remanufactured,Precor Vitality Series Leg Extension (Remanufactured),ACTIVE,Precor,Product Index,2025-01-14T15:05:13Z,2026-07-29T21:05:40Z,266740007228,Google & YouTube,TRUE
9878612312380,gid://shopify/Product/9878612312380,french-fitness-ffs-silver-olympic-squat-rack-new,French Fitness FFS Silver Olympic Squat Rack (New),ACTIVE,French Fitness,Product Index,2025-01-14T15:05:15Z,2026-08-11T17:57:46Z,266740007228,Google & YouTube,TRUE
9878612705596,gid://shopify/Product/9878612705596,bodyguard-t460xc-treadmill-remanufactured,Bodyguard T460XC Treadmill (Remanufactured),ACTIVE,Bodyguard,Product Index,2025-01-14T15:05:24Z,2026-08-23T01:04:51Z,266740007228,Google & YouTube,TRUE
9878612738364,gid://shopify/Product/9878612738364,french-fitness-wall-mount-rig-rack-system-1-new,French Fitness Wall Mount Rig & Rack System 1 (New),ACTIVE,French Fitness,Product Index,2025-01-14T15:05:24Z,2026-08-25T06:00:05Z,266740007228,Google & YouTube,TRUE
9878612836668,gid://shopify/Product/9878612836668,cybex-eagle-lateral-raise-11160-remanufactured,Cybex Eagle Lateral Raise 11160 (Remanufactured),ACTIVE,Cybex,Product Index,2025-01-14T15:05:25Z,2026-07-29T21:05:39Z,266740007228,Google & YouTube,TRUE
9878613295420,gid://shopify/Product/9878613295420,precor-vitality-series-seated-leg-curl-remanufactured,Precor Vitality Series Seated Leg Curl (Remanufactured),ACTIVE,Precor,Product Index,2025-01-14T15:05:42Z,2026-07-29T21:05:42Z,266740007228,Google & YouTube,TRUE
9878613492028,gid://shopify/Product/9878613492028,french-fitness-ffs-silver-pectoral-pec-fly-new,French Fitness FFS Silver Pectoral Pec Fly (New),ACTIVE,French Fitness,Product Index,2025-01-14T15:05:48Z,2026-08-11T17:56:31Z,266740007228,Google & YouTube,TRUE
9878613655868,gid://shopify/Product/9878613655868,bh-fitness-vibration-platform-remanufactured,BH Fitness Vibration Platform (Remanufactured),ACTIVE,BH Fitness,Product Index,2025-01-14T15:05:53Z,2026-08-03T08:26:59Z,266740007228,Google & YouTube,TRUE
9878613688636,gid://shopify/Product/9878613688636,cybex-vr3-bicep-arm-curl-12070-remanufactured,Cybex VR3 Bicep / Arm Curl 12070 (Remanufactured),ACTIVE,Cybex,Product Index,2025-01-14T15:05:55Z,2026-07-29T21:05:40Z,266740007228,Google & YouTube,TRUE
9878614180156,gid://shopify/Product/9878614180156,precor-c010es-vitality-leg-press-calf-extension-remanufactured,Precor C010ES Vitality Leg Press / Calf Extension (Remanufactured),ACTIVE,Precor,Product Index,2025-01-14T15:06:11Z,2026-07-29T21:05:39Z,266740007228,Google & YouTube,TRUE
9878614245692,gid://shopify/Product/9878614245692,french-fitness-shasta-pec-fly-rear-delt-new,French Fitness Shasta Pec Fly / Rear Delt (New),ACTIVE,French Fitness,Product Index,2025-01-14T15:06:15Z,2026-08-25T11:57:17Z,266740007228,Google & YouTube,TRUE
9878614573372,gid://shopify/Product/9878614573372,cybex-bent-leg-abdominal-board-16171-remanufactured,Cybex Bent Leg Abdominal Board 16171 (Remanufactured),ACTIVE,Cybex,Product Index,2025-01-14T15:06:24Z,2026-07-29T21:05:41Z,266740007228,Google & YouTube,TRUE
9878614606140,gid://shopify/Product/9878614606140,biodex-950-120-semi-recumbent-cycle-remanufactured,Biodex 950-120 Semi-Recumbent Cycle (Remanufactured),ACTIVE,Biodex,Product Index,2025-01-14T15:06:27Z,2026-07-29T21:05:39Z,266740007228,Google & YouTube,TRUE
9878615687484,gid://shopify/Product/9878615687484,precor-vitality-series-shoulder-press-remanufactured,Precor Vitality Series Shoulder Press (Remanufactured),ACTIVE,Precor,Product Index,2025-01-14T15:06:40Z,2026-07-29T21:05:40Z,266740007228,Google & YouTube,TRUE
9878615785788,gid://shopify/Product/9878615785788,french-fitness-shasta-prone-leg-curl-new,French Fitness Shasta Prone Leg Curl (New),ACTIVE,French Fitness,Product Index,2025-01-14T15:06:44Z,2026-08-11T17:58:33Z,266740007228,Google & YouTube,TRUE
9878616015164,gid://shopify/Product/9878616015164,cybex-prestige-series-leg-raise-chair-16180-remanufactured,Cybex Prestige Series Leg Raise Chair 16180 (Remanufactured),ACTIVE,Cybex,Product Index,2025-01-14T15:06:55Z,2026-07-29T21:05:42Z,266740007228,Google & YouTube,TRUE
9878616080700,gid://shopify/Product/9878616080700,biodex-medical-945-130-upper-body-cycle-ube-remanufactured,Biodex Medical 945-130 Upper Body Cycle UBE (Remanufactured),ACTIVE,Biodex,Product Index,2025-01-14T15:06:56Z,2026-07-29T21:05:43Z,266740007228,Google & YouTube,TRUE
9878616408380,gid://shopify/Product/9878616408380,precor-vitality-c027es-leg-extension-leg-curl-remanufactured,Precor Vitality C027ES Leg Extension / Leg Curl (Remanufactured),ACTIVE,Precor,Product Index,2025-01-14T15:07:10Z,2026-07-29T21:05:39Z,266740007228,Google & YouTube,TRUE
9878616637756,gid://shopify/Product/9878616637756,french-fitness-shasta-prone-leg-curl-leg-extension-new,French Fitness Shasta Prone Leg Curl / Leg Extension (New),ACTIVE,French Fitness,Product Index,2025-01-14T15:07:14Z,2026-08-22T01:01:06Z,266740007228,Google & YouTube,TRUE
9878616965436,gid://shopify/Product/9878616965436,biodex-biostep-semi-recumbent-elliptical-remanufactured,Biodex BioStep Semi-Recumbent Elliptical (Remanufactured),ACTIVE,Biodex,Product Index,2025-01-14T15:07:23Z,2026-08-04T11:08:51Z,266740007228,Google & YouTube,TRUE
9878616998204,gid://shopify/Product/9878616998204,cybex-eagle-nx-leg-extension-20050-51-remanufactured,Cybex Eagle NX Leg Extension 20050/51 (Remanufactured),ACTIVE,Cybex,Product Index,2025-01-14T15:07:26Z,2026-07-29T21:05:41Z,266740007228,Google & YouTube,TRUE
9878617227580,gid://shopify/Product/9878617227580,precor-icarian-cw-408-flat-olympic-bench-remanufactured,Precor Icarian CW-408 Flat Olympic Bench (Remanufactured),ACTIVE,Precor,Product Index,2025-01-14T15:07:39Z,2026-07-29T21:05:40Z,266740007228,Google & YouTube,TRUE
9878617489724,gid://shopify/Product/9878617489724,biodex-biostep-2-950-240-semi-recumbent-elliptical-remanufactured,Biodex BioStep 2 950-240 Semi-Recumbent Elliptical (Remanufactured),ACTIVE,Biodex,Product Index,2025-01-14T15:07:51Z,2026-08-04T11:09:12Z,266740007228,Google & YouTube,TRUE
9878617522492,gid://shopify/Product/9878617522492,cybex-eagle-nx-abdominal-20090-remanufactured,Cybex Eagle NX Abdominal 20090 (Remanufactured),ACTIVE,Cybex,Product Index,2025-01-14T15:07:55Z,2026-07-29T21:05:40Z,266740007228,Google & YouTube,TRUE
9878617817404,gid://shopify/Product/9878617817404,french-fitness-ffs-silver-seated-calf-raise-plate-loaded-new,French Fitness FFS Silver Seated Calf Raise Plate Loaded (New),ACTIVE,French Fitness,Product Index,2025-01-14T15:08:01Z,2026-08-11T17:57:45Z,266740007228,Google & YouTube,TRUE
9878618014012,gid://shopify/Product/9878618014012,precor-icarian-cw-702-vkr-vertical-knee-raise-remanufactured,Precor Icarian CW-702 VKR Vertical Knee Raise (Remanufactured),ACTIVE,Precor,Product Index,2025-01-14T15:08:09Z,2026-07-29T21:05:42Z,266740007228,Google & YouTube,TRUE
9878618341692,gid://shopify/Product/9878618341692,cybex-prestige-strength-vrs-standing-calf-raise-21110-remanufactured,Cybex Prestige Strength VRS Standing Calf Raise 21110 (Remanufactured),ACTIVE,Cybex,Product Index,2025-01-14T15:08:24Z,2026-08-04T06:17:42Z,266740007228,Google & YouTube,TRUE
9878618538300,gid://shopify/Product/9878618538300,french-fitness-ffs-silver-super-v-squat-plate-loaded-new,French Fitness FFS Silver Super V-Squat Plate Loaded (New),ACTIVE,French Fitness,Product Index,2025-01-14T15:08:30Z,2026-08-19T09:35:37Z,266740007228,Google & YouTube,TRUE
9878618702140,gid://shopify/Product/9878618702140,bodymasters-decline-portable-bench-remanufactured,BodyMasters Decline Portable Bench (Remanufactured),ACTIVE,BodyMasters,Product Index,2025-01-14T15:08:36Z,2026-07-29T21:05:40Z,266740007228,Google & YouTube,TRUE
9878618865980,gid://shopify/Product/9878618865980,precor-icarian-5-stack-cw2200-multi-station-gym-remanufactured,Precor Icarian 5 Stack CW2200 Multi Station Gym (Remanufactured),ACTIVE,Precor,Product Index,2025-01-14T15:08:39Z,2026-07-29T21:05:43Z,266740007228,Google & YouTube,TRUE
9878619160892,gid://shopify/Product/9878619160892,cybex-prestige-total-access-seated-leg-curl-21461-remanufactured,Cybex Prestige Total Access Seated Leg Curl 21461 (Remanufactured),ACTIVE,Cybex,Product Index,2025-01-14T15:08:55Z,2026-07-29T21:05:46Z,266740007228,Google & YouTube,TRUE
9878619193660,gid://shopify/Product/9878619193660,french-fitness-silver-ffs-pull-up-vertical-knee-raise-vkr-new,French Fitness Silver FFS Pull Up / Vertical Knee Raise VKR (New),ACTIVE,French Fitness,Product Index,2025-01-14T15:08:56Z,2026-08-11T17:58:10Z,266740007228,Google & YouTube,TRUE
9878619357500,gid://shopify/Product/9878619357500,bodymasters-prone-leg-curl-remanufactured,BodyMasters MD111 Prone Leg Curl (Remanufactured),ACTIVE,BodyMasters,Product Index,2025-01-14T15:09:06Z,2026-07-29T21:05:40Z,266740007228,Google & YouTube,TRUE
9878619717948,gid://shopify/Product/9878619717948,french-fitness-ffs-silver-selectorized-abdominal-crunch-new,French Fitness FFS Silver Selectorized Abdominal Crunch (New),ACTIVE,French Fitness,Product Index,2025-01-14T15:09:21Z,2026-08-19T00:00:49Z,266740007228,Google & YouTube,TRUE
9878619914556,gid://shopify/Product/9878619914556,cybex-classic-4100-horizontal-leg-press-remanufactured,Cybex Classic 4100 Horizontal Leg Press (Remanufactured),ACTIVE,Cybex,Product Index,2025-01-14T15:09:25Z,2026-07-29T21:05:42Z,266740007228,Google & YouTube,TRUE
9878619947324,gid://shopify/Product/9878619947324,french-fitness-free-standing-rig-rack-system-10-new,French Fitness Free Standing Rig & Rack System 10 (New),ACTIVE,French Fitness,Product Index,2025-01-14T15:09:30Z,2026-07-29T21:05:39Z,266740007228,Google & YouTube,TRUE
9878620143932,gid://shopify/Product/9878620143932,bodymasters-plate-loaded-leverage-t-bar-row-remanufactured,Bodymasters Plate-Loaded Leverage T-Bar Row (Remanufactured),ACTIVE,BodyMasters,Product Index,2025-01-14T15:09:37Z,2026-07-29T21:05:43Z,266740007228,Google & YouTube,TRUE
9878620340540,gid://shopify/Product/9878620340540,french-fitness-shasta-selectorized-horizontal-ab-crunch-new,French Fitness Shasta Selectorized Horizontal Ab Crunch (New),ACTIVE,French Fitness,Product Index,2025-01-14T15:09:52Z,2026-08-11T17:56:07Z,266740007228,Google & YouTube,TRUE
9878620635452,gid://shopify/Product/9878620635452,cybex-prestige-45-degree-back-hyperextension-remanufactured,Cybex Prestige 45 Degree Back Hyperextension (Remanufactured),ACTIVE,Cybex,Product Index,2025-01-14T15:09:59Z,2026-07-29T21:05:44Z,266740007228,Google & YouTube,TRUE
9878620668220,gid://shopify/Product/9878620668220,precor-discovery-squat-machine-dpl0624-plate-loaded-remanufactured,Precor Discovery Squat Machine DPL0624 Plate Loaded (Remanufactured),ACTIVE,Precor,Product Index,2025-01-14T15:09:59Z,2026-08-22T21:05:18Z,266740007228,Google & YouTube,TRUE
9878620832060,gid://shopify/Product/9878620832060,bodymasters-smith-machine-remanufactured,BodyMasters Smith Machine (Remanufactured),ACTIVE,BodyMasters,Product Index,2025-01-14T15:10:11Z,2026-07-29T21:05:41Z,266740007228,Google & YouTube,TRUE
9878620963132,gid://shopify/Product/9878620963132,french-fitness-shasta-seated-leg-curl-new,French Fitness Shasta Seated Leg Curl (New),ACTIVE,French Fitness,Product Index,2025-01-14T15:10:19Z,2026-08-21T07:40:46Z,266740007228,Google & YouTube,TRUE
9878621159740,gid://shopify/Product/9878621159740,cybex-sparc-trainer-50a1-elliptical-remanufactured,Cybex SPARC Trainer 50A1 Elliptical (Remanufactured),ACTIVE,Cybex,Product Index,2025-01-14T15:10:29Z,2026-08-20T06:13:11Z,266740007228,Google & YouTube,TRUE
9878621225276,gid://shopify/Product/9878621225276,precor-efx-524-elliptical-remanufactured,Precor EFX 524 Elliptical (Remanufactured),ACTIVE,Precor,Product Index,2025-01-14T15:10:30Z,2026-08-04T11:07:26Z,266740007228,Google & YouTube,TRUE
9878621749564,gid://shopify/Product/9878621749564,french-fitness-shasta-seated-leg-curl-leg-extension-new,French Fitness Shasta Seated Leg Curl / Leg Extension (New),ACTIVE,French Fitness,Product Index,2025-01-14T15:10:50Z,2026-08-25T17:56:16Z,266740007228,Google & YouTube,TRUE
9878621880636,gid://shopify/Product/9878621880636,precor-icarian-2-tier-saddle-dumbbell-rack-10-pairs-remanufactured,"Precor Icarian 2 Tier Saddle Dumbbell Rack, 10 Pairs (Remanufactured)",ACTIVE,Precor,Product Index,2025-01-14T15:10:57Z,2026-07-29T21:05:40Z,266740007228,Google & YouTube,TRUE
9878621946172,gid://shopify/Product/9878621946172,cybex-525at-arc-trainer-remanufactured,Cybex 525AT Arc Trainer (Remanufactured),ACTIVE,Cybex,Product Index,2025-01-14T15:11:00Z,2026-08-04T11:08:47Z,266740007228,Google & YouTube,TRUE
9878622241084,gid://shopify/Product/9878622241084,french-fitness-shasta-seated-leg-extension-new,French Fitness Shasta Seated Leg Extension (New),ACTIVE,French Fitness,Product Index,2025-01-14T15:11:17Z,2026-08-25T20:45:08Z,266740007228,Google & YouTube,TRUE
9878622437692,gid://shopify/Product/9878622437692,precor-icarian-adjustable-cable-crossover-remanufactured,Precor Icarian Adjustable Cable Crossover (Remanufactured),ACTIVE,Precor,Product Index,2025-01-14T15:11:24Z,2026-07-29T21:05:42Z,266740007228,Google & YouTube,TRUE
9878622601532,gid://shopify/Product/9878622601532,cybex-525t-treadmill-remanufactured,Cybex 525T Treadmill (Remanufactured),ACTIVE,Cybex,Product Index,2025-01-14T15:11:29Z,2026-07-29T21:05:40Z,266740007228,Google & YouTube,TRUE
9878623027516,gid://shopify/Product/9878623027516,french-fitness-ffs-silver-seated-leg-press-new,French Fitness FFS Silver Seated Leg Press (New),ACTIVE,French Fitness,Product Index,2025-01-14T15:11:47Z,2026-08-23T18:45:51Z,266740007228,Google & YouTube,TRUE
9878623191356,gid://shopify/Product/9878623191356,cybex-525t-treadmill-w-e3-console-remanufactured,Cybex 525T Treadmill w/E3 Console (Remanufactured),ACTIVE,Cybex,Product Index,2025-01-14T15:11:58Z,2026-07-29T21:05:44Z,266740007228,Google & YouTube,TRUE
9878623486268,gid://shopify/Product/9878623486268,french-fitness-sm200-silver-stairmill-new,French Fitness SM200 Silver Stairmill (New),ACTIVE,French Fitness,Product Index,2025-01-14T15:12:15Z,2026-08-23T01:04:51Z,266740007228,Google & YouTube,TRUE
9878623781180,gid://shopify/Product/9878623781180,cybex-plate-loaded-smith-press-machine-5341-remanufactured,Cybex Plate Loaded Smith Press Machine 5341 (Remanufactured),ACTIVE,Cybex,Product Index,2025-01-14T15:12:29Z,2026-07-29T21:05:40Z,266740007228,Google & YouTube,TRUE
9878623912252,gid://shopify/Product/9878623912252,french-fitness-shasta-shoulder-press-new,French Fitness Shasta Shoulder Press (New),ACTIVE,French Fitness,Product Index,2025-01-14T15:12:41Z,2026-08-11T17:57:45Z,266740007228,Google & YouTube,TRUE
9878624076092,gid://shopify/Product/9878624076092,precor-icarian-45-degree-back-extension-remanufactured,Precor Icarian 45 Degree Back Extension (Remanufactured),ACTIVE,Precor,Product Index,2025-01-14T15:12:56Z,2026-07-29T21:05:45Z,266740007228,Google & YouTube,TRUE
9878624371004,gid://shopify/Product/9878624371004,french-fitness-shasta-seated-row-new,French Fitness Shasta Seated Row (New),ACTIVE,French Fitness,Product Index,2025-01-14T15:13:11Z,2026-08-23T19:55:28Z,266740007228,Google & YouTube,TRUE
9878624600380,gid://shopify/Product/9878624600380,precor-icarian-lateral-raise-remanufactured,Precor Icarian Lateral Raise (Remanufactured),ACTIVE,Precor,Product Index,2025-01-14T15:13:25Z,2026-07-29T21:05:39Z,266740007228,Google & YouTube,TRUE
9878624731452,gid://shopify/Product/9878624731452,french-fitness-free-standing-rig-rack-system-11-new,French Fitness Free Standing Rig & Rack System 11 (New),ACTIVE,French Fitness,Product Index,2025-01-14T15:13:28Z,2026-07-29T21:05:42Z,266740007228,Google & YouTube,TRUE
9878624862524,gid://shopify/Product/9878624862524,french-fitness-shasta-selectorized-standing-calf-raise-new,French Fitness Shasta Selectorized Standing Calf Raise (New),ACTIVE,French Fitness,Product Index,2025-01-14T15:13:41Z,2026-08-24T19:50:38Z,266740007228,Google & YouTube,TRUE
9878625124668,gid://shopify/Product/9878625124668,precor-icarian-seated-calf-raise-remanufactured,Precor Icarian Seated Calf Raise (Remanufactured),ACTIVE,Precor,Product Index,2025-01-14T15:13:55Z,2026-07-29T21:05:42Z,266740007228,Google & YouTube,TRUE
9878625354044,gid://shopify/Product/9878625354044,french-fitness-shasta-tricep-arm-extension-new,French Fitness Shasta Tricep Arm Extension (New),ACTIVE,French Fitness,Product Index,2025-01-14T15:14:11Z,2026-08-11T17:58:36Z,266740007228,Google & YouTube,TRUE
9878625485116,gid://shopify/Product/9878625485116,cybex-625at-arc-trainer-w-standard-console-remanufactured,Cybex 625AT Arc Trainer w/Standard Console (Remanufactured),ACTIVE,Cybex,Product Index,2025-01-14T15:14:18Z,2026-08-04T11:04:27Z,266740007228,Google & YouTube,TRUE
9878625714492,gid://shopify/Product/9878625714492,precor-icarian-seated-preacher-curl-remanufactured,Precor Icarian Seated Preacher Curl (Remanufactured),ACTIVE,Precor,Product Index,2025-01-14T15:14:27Z,2026-07-29T21:05:45Z,266740007228,Google & YouTube,TRUE
9878625845564,gid://shopify/Product/9878625845564,french-fitness-ffs-silver-triceps-press-seated-dip-new,French Fitness FFS Silver Triceps Press Seated Dip (New),ACTIVE,French Fitness,Product Index,2025-01-14T15:14:40Z,2026-08-11T17:56:57Z,266740007228,Google & YouTube,TRUE
9878625878332,gid://shopify/Product/9878625878332,cybex-625t-treadmill-w-e3-console-remanufactured,Cybex 625T Treadmill w/E3 Console (Remanufactured),ACTIVE,Cybex,Product Index,2025-01-14T15:14:45Z,2026-07-29T21:05:40Z,266740007228,Google & YouTube,TRUE
9878626140476,gid://shopify/Product/9878626140476,precor-experience-c-line-leg-press-remanufactured,Precor Experience C Line Leg Press (Remanufactured),ACTIVE,Precor,Product Index,2025-01-14T15:14:57Z,2026-07-29T21:05:42Z,266740007228,Google & YouTube,TRUE
9878626468156,gid://shopify/Product/9878626468156,tectrix-by-cybex-bikemax-recumbent-bike-remanufactured,Tectrix (by Cybex) BikeMax Recumbent Bike (Remanufactured),ACTIVE,Cybex,Product Index,2025-01-14T15:15:15Z,2026-07-29T21:05:40Z,266740007228,Google & YouTube,TRUE
9878626664764,gid://shopify/Product/9878626664764,precor-icarian-angled-45-degree-plate-loaded-leg-press-remanufactured,Precor Icarian Angled 45 Degree Plate Loaded Leg Press (Remanufactured),ACTIVE,Precor,Product Index,2025-01-14T15:15:28Z,2026-07-29T21:05:41Z,266740007228,Google & YouTube,TRUE
9878627025212,gid://shopify/Product/9878627025212,french-fitness-ffs-silver-utility-bench-new,French Fitness FFS Silver Utility Bench (New),ACTIVE,French Fitness,Product Index,2025-01-14T15:15:50Z,2026-08-11T17:57:01Z,266740007228,Google & YouTube,TRUE
9878627090748,gid://shopify/Product/9878627090748,precor-icarian-leg-sled-seated-602-leg-press-remanufactured,Precor Icarian Leg Sled Seated 602 Leg Press (Remanufactured),ACTIVE,Precor,Product Index,2025-01-14T15:16:00Z,2026-07-29T21:05:43Z,266740007228,Google & YouTube,TRUE
9878627320124,gid://shopify/Product/9878627320124,french-fitness-ffs-silver-universal-storage-rack-system-new,French Fitness FFS Silver Universal Storage Rack System (New),ACTIVE,French Fitness,Product Index,2025-01-14T15:16:16Z,2026-08-11T17:58:35Z,266740007228,Google & YouTube,TRUE
9878627582268,gid://shopify/Product/9878627582268,precor-icarian-multi-purpose-utility-bench-remanufactured,Precor Icarian Multi Purpose Utility Bench (Remanufactured),ACTIVE,Precor,Product Index,2025-01-14T15:16:29Z,2026-07-29T21:05:39Z,266740007228,Google & YouTube,TRUE
9878627844412,gid://shopify/Product/9878627844412,precor-rbk-815-recumbent-bike-w-experience-console-remanufactured,Precor RBK 815 Recumbent Bike w/Experience Console (Remanufactured),ACTIVE,Precor,Product Index,2025-01-14T15:16:59Z,2026-07-29T21:05:41Z,266740007228,Google & YouTube,TRUE
9878628368700,gid://shopify/Product/9878628368700,precor-icarian-plate-loaded-t-bar-incline-lever-row-remanufactured,Precor Icarian Plate Loaded T Bar Incline Lever Row (Remanufactured),ACTIVE,Precor,Product Index,2025-01-14T15:17:31Z,2026-07-29T21:05:40Z,266740007228,Google & YouTube,TRUE
9878628860220,gid://shopify/Product/9878628860220,precor-trm-823-treadmill-w-p20-console-remanufactured,Precor TRM 823 Treadmill w/ P20 Console (Remanufactured),ACTIVE,Precor,Product Index,2025-01-14T15:18:03Z,2026-08-26T08:29:55Z,266740007228,Google & YouTube,TRUE
9878629089596,gid://shopify/Product/9878629089596,cybex-standing-chin-dip-assist-modular-on-extended-frame-remanufactured,Cybex Standing Chin Dip Assist Modular (On Extended Frame) (Remanufactured),ACTIVE,Cybex,Product Index,2025-01-14T15:18:16Z,2026-07-29T21:05:40Z,266740007228,Google & YouTube,TRUE
9878630367548,gid://shopify/Product/9878630367548,precor-ubk-815-upright-bike-w-experience-console-remanufactured,Precor UBK 815 Upright Bike w/Experience Console (Remanufactured),ACTIVE,Precor,Product Index,2025-01-14T15:18:37Z,2026-07-29T21:05:40Z,266740007228,Google & YouTube,TRUE
9878630400316,gid://shopify/Product/9878630400316,french-fitness-tahoe-assisted-chin-dip-new,French Fitness Tahoe Assisted Chin Dip (New),ACTIVE,French Fitness,Product Index,2025-01-14T15:18:37Z,2026-08-26T14:29:41Z,266740007228,Google & YouTube,TRUE
9878630990140,gid://shopify/Product/9878630990140,french-fitness-tahoe-abdominal-crunch-lower-back-new,French Fitness Tahoe Abdominal Crunch / Lower Back (New),ACTIVE,French Fitness,Product Index,2025-01-14T15:19:07Z,2026-08-19T14:39:38Z,266740007228,Google & YouTube,TRUE
9878631317820,gid://shopify/Product/9878631317820,precor-efx-225-elliptical-remanufactured,Precor EFX 225 Elliptical (Remanufactured),ACTIVE,Precor,Product Index,2025-01-14T15:19:09Z,2026-08-04T11:07:26Z,266740007228,Google & YouTube,TRUE
9878631481660,gid://shopify/Product/9878631481660,cybex-eagle-arm-bicep-curl-11070-remanufactured,Cybex Eagle Arm / Bicep Curl 11070 (Remanufactured),ACTIVE,Cybex,Product Index,2025-01-14T15:19:10Z,2026-07-29T21:05:41Z,266740007228,Google & YouTube,TRUE
9878632300860,gid://shopify/Product/9878632300860,french-fitness-tahoe-bicep-arm-curl-new,French Fitness Tahoe Bicep Arm Curl (New),ACTIVE,French Fitness,Product Index,2025-01-14T15:19:35Z,2026-08-11T17:56:11Z,266740007228,Google & YouTube,TRUE
9878632333628,gid://shopify/Product/9878632333628,precor-efx-425-elliptical-remanufactured,Precor EFX 425 Elliptical (Remanufactured),ACTIVE,Precor,Product Index,2025-01-14T15:19:39Z,2026-08-02T11:15:26Z,266740007228,Google & YouTube,TRUE
9878632366396,gid://shopify/Product/9878632366396,cybex-eagle-back-extension-11101-remanufactured,Cybex Eagle Back Extension 11101 (Remanufactured),ACTIVE,Cybex,Product Index,2025-01-14T15:19:40Z,2026-07-29T21:05:47Z,266740007228,Google & YouTube,TRUE
9878632661308,gid://shopify/Product/9878632661308,french-fitness-tahoe-cable-lat-pulldown-new,French Fitness Tahoe Cable Lat Pulldown (New),ACTIVE,French Fitness,Product Index,2025-01-14T15:20:05Z,2026-08-11T17:56:08Z,266740007228,Google & YouTube,TRUE
9878632759612,gid://shopify/Product/9878632759612,cybex-bravo-pro-functional-trainer-remanufactured,Cybex Bravo Pro Functional Trainer (Remanufactured),ACTIVE,Cybex,Product Index,2025-01-14T15:20:10Z,2026-07-29T21:05:41Z,266740007228,Google & YouTube,TRUE
9878632792380,gid://shopify/Product/9878632792380,precor-efx-635-elliptical-w-crossramp-p31-console-remanufactured,Precor EFX 635 Elliptical w/CrossRamp + p31 Console (Remanufactured),ACTIVE,Precor,Product Index,2025-01-14T15:20:10Z,2026-08-22T21:05:18Z,266740007228,Google & YouTube,TRUE
9878633120060,gid://shopify/Product/9878633120060,precor-efx-833-elliptical-w-converging-crossramp-p30-console-remanufactured,Precor EFX 833 Elliptical w/Converging Crossramp + p30 Console (Remanufactured),ACTIVE,Precor,Product Index,2025-01-14T15:20:42Z,2026-08-04T11:02:37Z,266740007228,Google & YouTube,TRUE
9878633152828,gid://shopify/Product/9878633152828,french-fitness-tahoe-chest-press-new,French Fitness Tahoe Chest Press (New),ACTIVE,French Fitness,Product Index,2025-01-14T15:20:43Z,2026-08-27T02:24:48Z,266740007228,Google & YouTube,TRUE
9878633644348,gid://shopify/Product/9878633644348,french-fitness-tahoe-chest-shoulder-multi-press-new,French Fitness Tahoe Chest/Shoulder Multi Press (New),ACTIVE,French Fitness,Product Index,2025-01-14T15:21:13Z,2026-08-25T20:34:09Z,266740007228,Google & YouTube,TRUE
9878633709884,gid://shopify/Product/9878633709884,french-fitness-free-standing-rig-rack-system-2-new,French Fitness Free Standing Rig & Rack System 2 (New),ACTIVE,French Fitness,Product Index,2025-01-14T15:21:19Z,2026-07-29T21:05:42Z,266740007228,Google & YouTube,TRUE
9878633742652,gid://shopify/Product/9878633742652,precor-efx-835-elliptical-w-converging-crossramp-p30-console-remanufactured,Precor EFX 835 Elliptical w/Converging Crossramp + p30 Console (Remanufactured),ACTIVE,Precor,Product Index,2025-01-14T15:21:29Z,2026-08-23T01:04:51Z,266740007228,Google & YouTube,TRUE
9878634004796,gid://shopify/Product/9878634004796,cybex-eagle-calf-raise-11120-remanufactured,Cybex Eagle Calf Raise 11120 (Remanufactured),ACTIVE,Cybex,Product Index,2025-01-14T15:21:43Z,2026-07-29T21:05:40Z,266740007228,Google & YouTube,TRUE
9878634070332,gid://shopify/Product/9878634070332,french-fitness-tahoe-biceps-curl-triceps-extension-new,French Fitness Tahoe Dual Bicep Curl / Tricep (New),ACTIVE,French Fitness,Product Index,2025-01-14T15:21:43Z,2026-08-22T23:01:41Z,266740007228,Google & YouTube,TRUE
9878634594620,gid://shopify/Product/9878634594620,french-fitness-tahoe-fixed-lat-pulldown-new,French Fitness Tahoe Fixed Lat Pulldown (New),ACTIVE,French Fitness,Product Index,2025-01-14T15:22:12Z,2026-08-20T20:09:51Z,266740007228,Google & YouTube,TRUE
9878634627388,gid://shopify/Product/9878634627388,cybex-classic-abdominal-machine-remanufactured,Cybex Classic Abdominal Machine (Remanufactured),ACTIVE,Cybex,Product Index,2025-01-14T15:22:13Z,2026-07-29T21:05:43Z,266740007228,Google & YouTube,TRUE
9878634725692,gid://shopify/Product/9878634725692,precor-efx-883-elliptical-w-converging-crossramp-p82-console-remanufactured,Precor EFX 883 Elliptical w/Converging Crossramp + p82 Console (Remanufactured),ACTIVE,Precor,Product Index,2025-01-14T15:22:17Z,2026-08-22T23:01:41Z,266740007228,Google & YouTube,TRUE
9878635020604,gid://shopify/Product/9878635020604,french-fitness-tahoe-hip-abduction-adduction-new,French Fitness Tahoe Hip Abduction / Adduction (New),ACTIVE,French Fitness,Product Index,2025-01-14T15:22:40Z,2026-08-25T20:34:08Z,266740007228,Google & YouTube,TRUE
9878635086140,gid://shopify/Product/9878635086140,cybex-classic-back-extension-remanufactured,Cybex Classic Back Extension (Remanufactured),ACTIVE,Cybex,Product Index,2025-01-14T15:22:48Z,2026-07-29T21:05:41Z,266740007228,Google & YouTube,TRUE
9878635544892,gid://shopify/Product/9878635544892,precor-efx-885-elliptical-w-converging-crossramp-p82-console-remanufactured,Precor EFX 885 Elliptical w/Converging Crossramp + p82 Console (Remanufactured),ACTIVE,Precor,Product Index,2025-01-14T15:23:10Z,2026-08-23T01:04:52Z,266740007228,Google & YouTube,TRUE
9878635577660,gid://shopify/Product/9878635577660,french-fitness-tahoe-hip-adductor-inner-thigh-new,French Fitness Tahoe Hip Adductor (Inner Thigh) (New),ACTIVE,French Fitness,Product Index,2025-01-14T15:23:10Z,2026-08-19T09:52:11Z,266740007228,Google & YouTube,TRUE
9878635741500,gid://shopify/Product/9878635741500,cybex-classic-leg-press-remanufactured,Cybex Classic Leg Press (Remanufactured),ACTIVE,Cybex,Product Index,2025-01-14T15:23:23Z,2026-07-29T21:05:42Z,266740007228,Google & YouTube,TRUE
9878635807036,gid://shopify/Product/9878635807036,french-fitness-tahoe-hip-abductor-outer-thigh-new,French Fitness Tahoe Hip Abductor (Outer Thigh) (New),ACTIVE,French Fitness,Product Index,2025-01-14T15:23:37Z,2026-08-19T09:17:40Z,266740007228,Google & YouTube,TRUE
9878636101948,gid://shopify/Product/9878636101948,life-fitness-pro-pro1-ab-crunch-remanufactured,Life Fitness Pro / Pro1 Ab Crunch (Remanufactured),ACTIVE,Life Fitness,Product Index,2025-01-14T15:23:56Z,2026-07-29T21:05:41Z,266740007228,Google & YouTube,TRUE
9878636134716,gid://shopify/Product/9878636134716,cybex-classic-multi-hip-remanufactured,Cybex Classic Multi Hip (Remanufactured),ACTIVE,Cybex,Product Index,2025-01-14T15:23:58Z,2026-07-29T21:05:43Z,266740007228,Google & YouTube,TRUE
9878636200252,gid://shopify/Product/9878636200252,french-fitness-tahoe-half-cage-rack-new,French Fitness Tahoe Half Cage / Rack (New),ACTIVE,French Fitness,Product Index,2025-01-14T15:24:05Z,2026-08-11T17:57:01Z,266740007228,Google & YouTube,TRUE
9878636691772,gid://shopify/Product/9878636691772,life-fitness-pro-pro1-tricep-arm-extension-remanufactured,Life Fitness Pro / Pro1 Tricep Arm Extension (Remanufactured),ACTIVE,Life Fitness,Product Index,2025-01-14T15:24:31Z,2026-07-29T21:05:44Z,266740007228,Google & YouTube,TRUE
9878636724540,gid://shopify/Product/9878636724540,cybex-eagle-pec-fly-rear-delt-remanufactured,Cybex Eagle Pec Fly/Rear Delt (Remanufactured),ACTIVE,Cybex,Product Index,2025-01-14T15:24:32Z,2026-07-29T21:05:39Z,266740007228,Google & YouTube,TRUE
9878636790076,gid://shopify/Product/9878636790076,french-fitness-tahoe-lat-pulldown-low-row-new,French Fitness Tahoe Lat Pulldown / Low Row (New),ACTIVE,French Fitness,Product Index,2025-01-14T15:24:36Z,2026-08-22T23:01:41Z,266740007228,Google & YouTube,TRUE
9878637117756,gid://shopify/Product/9878637117756,cybex-free-standing-dip-chin-assist-remanufactured,Cybex Free Standing Dip / Chin Assist (Remanufactured),ACTIVE,Cybex,Product Index,2025-01-14T15:25:01Z,2026-08-23T01:04:51Z,266740007228,Google & YouTube,TRUE
9878637183292,gid://shopify/Product/9878637183292,life-fitness-pro-pro1-back-extension-remanufactured,Life Fitness Pro / Pro1 Back Extension (Remanufactured),ACTIVE,Life Fitness,Product Index,2025-01-14T15:25:06Z,2026-07-29T21:05:43Z,266740007228,Google & YouTube,TRUE
9878637281596,gid://shopify/Product/9878637281596,french-fitness-tahoe-lateral-raise-new,French Fitness Tahoe Lateral Lat Raise (New),ACTIVE,French Fitness,Product Index,2025-01-14T15:25:14Z,2026-08-19T00:11:58Z,266740007228,Google & YouTube,TRUE
9878637510972,gid://shopify/Product/9878637510972,cybex-ft-360-functional-trainer-remanufactured,Cybex FT-360 Functional Trainer (Remanufactured),ACTIVE,Cybex,Product Index,2025-01-14T15:25:30Z,2026-07-29T21:06:12Z,266740007228,Google & YouTube,TRUE
9878637707580,gid://shopify/Product/9878637707580,life-fitness-pro-pro1-chest-press-remanufactured,Life Fitness Pro / Pro1 Chest Press (Remanufactured),ACTIVE,Life Fitness,Product Index,2025-01-14T15:25:41Z,2026-07-29T21:06:12Z,266740007228,Google & YouTube,TRUE
9878637871420,gid://shopify/Product/9878637871420,french-fitness-tahoe-multi-hip-and-glute-new,French Fitness Tahoe Multi Hip and Glute (New),ACTIVE,French Fitness,Product Index,2025-01-14T15:25:57Z,2026-08-18T23:45:35Z,266740007228,Google & YouTube,TRUE
9878638035260,gid://shopify/Product/9878638035260,french-fitness-free-standing-rig-rack-system-20-new,French Fitness Free Standing Rig & Rack System 20 (New),ACTIVE,French Fitness,Product Index,2025-01-14T15:26:12Z,2026-08-03T13:43:16Z,266740007228,Google & YouTube,TRUE
9878638264636,gid://shopify/Product/9878638264636,french-fitness-tahoe-power-cage-full-rack-new,French Fitness Tahoe Power Cage / Full Rack (New),ACTIVE,French Fitness,Product Index,2025-01-14T15:26:27Z,2026-08-24T06:50:32Z,266740007228,Google & YouTube,TRUE
9878638362940,gid://shopify/Product/9878638362940,life-fitness-pro-pro1-seated-dip-remanufactured,Life Fitness Pro / Pro1 Seated Dip (Remanufactured),ACTIVE,Life Fitness,Product Index,2025-01-14T15:26:35Z,2026-07-29T21:06:11Z,266740007228,Google & YouTube,TRUE
9878638821692,gid://shopify/Product/9878638821692,cybex-ft-450-bravo-advanced-tall-8810-90-functional-trainer-remanufactured,Cybex FT-450 Bravo Advanced Tall 8810-90 Functional Trainer (Remanufactured),ACTIVE,Cybex,Product Index,2025-01-14T15:26:59Z,2026-07-29T21:06:12Z,266740007228,Google & YouTube,TRUE
9878638919996,gid://shopify/Product/9878638919996,life-fitness-pro-pro1-pec-fly-remanufactured,Life Fitness Pro / Pro1 Pec Fly (Remanufactured),ACTIVE,Life Fitness,Product Index,2025-01-14T15:27:10Z,2026-07-29T21:06:09Z,266740007228,Google & YouTube,TRUE
9878639378748,gid://shopify/Product/9878639378748,life-fitness-pro-pro1-hip-abduction-outer-thigh-remanufactured,Life Fitness Pro / Pro1 Hip Abduction / Outer Thigh (Remanufactured),ACTIVE,Life Fitness,Product Index,2025-01-14T15:27:45Z,2026-07-29T21:06:11Z,266740007228,Google & YouTube,TRUE
9878639608124,gid://shopify/Product/9878639608124,french-fitness-tahoe-pec-fly-rear-delt-new,French Fitness Tahoe Pec Fly / Rear Delt (New),ACTIVE,French Fitness,Product Index,2025-01-14T15:28:04Z,2026-08-22T07:34:42Z,266740007228,Google & YouTube,TRUE
9878639870268,gid://shopify/Product/9878639870268,life-fitness-pro-pro1-hip-adduction-inner-thigh-remanufactured,Life Fitness Pro / Pro1 Hip Adduction / Inner Thigh (Remanufactured),ACTIVE,Life Fitness,Product Index,2025-01-14T15:28:19Z,2026-07-29T21:06:12Z,266740007228,Google & YouTube,TRUE
9878640066876,gid://shopify/Product/9878640066876,cybex-galileo-hip-abduction-adduction-remanufactured,Cybex Galileo Hip Abduction/Adduction (Remanufactured),ACTIVE,Cybex,Product Index,2025-01-14T15:28:32Z,2026-07-29T21:06:13Z,266740007228,Google & YouTube,TRUE
9878640132412,gid://shopify/Product/9878640132412,french-fitness-tahoe-biceps-arm-curl-plate-loaded-new,French Fitness Tahoe Biceps Arm Curl Plate Loaded (New),ACTIVE,French Fitness,Product Index,2025-01-14T15:28:35Z,2026-08-11T17:57:46Z,266740007228,Google & YouTube,TRUE
9878640329020,gid://shopify/Product/9878640329020,life-fitness-pro-pro1-horizontal-leg-press-remanufactured,Life Fitness Pro / Pro1 Horizontal Leg Press (Remanufactured),ACTIVE,Life Fitness,Product Index,2025-01-14T15:28:53Z,2026-07-29T21:06:11Z,266740007228,Google & YouTube,TRUE
9878640525628,gid://shopify/Product/9878640525628,cybex-eagle-glute-11170-remanufactured,Cybex Eagle Glute 11170 (Remanufactured),ACTIVE,Cybex,Product Index,2025-01-14T15:29:01Z,2026-07-29T21:06:12Z,266740007228,Google & YouTube,TRUE
9878640558396,gid://shopify/Product/9878640558396,french-fitness-tahoe-prone-leg-curl-new,French Fitness Tahoe Prone Leg Curl (New),ACTIVE,French Fitness,Product Index,2025-01-14T15:29:02Z,2026-08-19T20:14:13Z,266740007228,Google & YouTube,TRUE
9878640853308,gid://shopify/Product/9878640853308,life-fitness-pro-pro1-lat-pulldown-remanufactured,Life Fitness Pro / Pro1 Lat Pulldown (Remanufactured),ACTIVE,Life Fitness,Product Index,2025-01-14T15:29:27Z,2026-07-29T21:06:12Z,266740007228,Google & YouTube,TRUE
9878640886076,gid://shopify/Product/9878640886076,cybex-eagle-hip-abduction-adduction-11181-remanufactured,Cybex Eagle Hip Abduction/Adduction 11181 (Remanufactured),ACTIVE,Cybex,Product Index,2025-01-14T15:29:30Z,2026-08-22T23:01:41Z,266740007228,Google & YouTube,TRUE
9878640951612,gid://shopify/Product/9878640951612,french-fitness-tahoe-prone-leg-curl-leg-extension-new,French Fitness Tahoe Prone Leg Curl / Leg Extension (New),ACTIVE,French Fitness,Product Index,2025-01-14T15:29:34Z,2026-08-25T20:34:08Z,266740007228,Google & YouTube,TRUE
9878641443132,gid://shopify/Product/9878641443132,cybex-eagle-lat-pulldown-11130-remanufactured,Cybex Eagle Lat Pulldown 11130 (Remanufactured),ACTIVE,Cybex,Product Index,2025-01-14T15:30:00Z,2026-07-29T21:06:12Z,266740007228,Google & YouTube,TRUE
9878641574204,gid://shopify/Product/9878641574204,life-fitness-pro-pro1-lateral-raise-remanufactured,Life Fitness Pro / Pro1 Lateral Raise (Remanufactured),ACTIVE,Life Fitness,Product Index,2025-01-14T15:30:10Z,2026-07-29T21:06:12Z,266740007228,Google & YouTube,TRUE
9878641672508,gid://shopify/Product/9878641672508,french-fitness-tahoe-chest-press-plate-loaded-new,French Fitness Tahoe Chest Press Plate Loaded (New),ACTIVE,French Fitness,Product Index,2025-01-14T15:30:11Z,2026-08-11T17:57:46Z,266740007228,Google & YouTube,TRUE
9878641934652,gid://shopify/Product/9878641934652,cybex-eagle-leg-press-11040-remanufactured,Cybex Eagle Leg Press 11040 (Remanufactured),ACTIVE,Cybex,Product Index,2025-01-14T15:30:29Z,2026-08-05T08:30:01Z,266740007228,Google & YouTube,TRUE
9878642098492,gid://shopify/Product/9878642098492,french-fitness-tahoe-decline-chest-press-plate-loaded-new,French Fitness Tahoe Decline Chest Press Plate Loaded (New),ACTIVE,French Fitness,Product Index,2025-01-14T15:30:38Z,2026-08-11T17:57:46Z,266740007228,Google & YouTube,TRUE
9878642164028,gid://shopify/Product/9878642164028,life-fitness-pro-pro1-seated-leg-curl-remanufactured,Life Fitness Pro / Pro1 Seated Leg Curl (Remanufactured),ACTIVE,Life Fitness,Product Index,2025-01-14T15:30:44Z,2026-07-29T21:06:13Z,266740007228,Google & YouTube,TRUE
9878642426172,gid://shopify/Product/9878642426172,cybex-eagle-nx-leg-press-20040-remanufactured,Cybex Eagle NX Leg Press 20040 (Remanufactured),ACTIVE,Cybex,Product Index,2025-01-14T15:30:59Z,2026-07-29T21:06:12Z,266740007228,Google & YouTube,TRUE
9878642491708,gid://shopify/Product/9878642491708,french-fitness-free-standing-rig-rack-system-21-new,French Fitness Free Standing Rig & Rack System 21 (New),ACTIVE,French Fitness,Product Index,2025-01-14T15:31:06Z,2026-07-29T21:06:11Z,266740007228,Google & YouTube,TRUE
9878642688316,gid://shopify/Product/9878642688316,life-fitness-pro-pro1-leg-extension-remanufactured,Life Fitness Pro / Pro1 Leg Extension (Remanufactured),ACTIVE,Life Fitness,Product Index,2025-01-14T15:31:19Z,2026-07-29T21:06:13Z,266740007228,Google & YouTube,TRUE
9878642819388,gid://shopify/Product/9878642819388,cybex-eagle-leg-extension-11050-w-rom-remanufactured,Cybex Eagle Leg Extension 11050 w/ROM (Remanufactured),ACTIVE,Cybex,Product Index,2025-01-14T15:31:29Z,2026-07-29T21:06:12Z,266740007228,Google & YouTube,TRUE
9878642983228,gid://shopify/Product/9878642983228,french-fitness-tahoe-iso-lateral-kneeling-leg-curl-plate-loaded-new,French Fitness Tahoe Iso Lateral Kneeling Leg Curl Plate Loaded (New),ACTIVE,French Fitness,Product Index,2025-01-14T15:31:33Z,2026-08-11T17:57:21Z,266740007228,Google & YouTube,TRUE
9878643147068,gid://shopify/Product/9878643147068,life-fitness-pro-pro1-prone-leg-curl-remanufactured,Life Fitness Pro / Pro1 Prone Leg Curl (Remanufactured),ACTIVE,Life Fitness,Product Index,2025-01-14T15:31:54Z,2026-07-29T21:06:13Z,266740007228,Google & YouTube,TRUE
9878643245372,gid://shopify/Product/9878643245372,cybex-eagle-prone-leg-curl-11141-w-rld-remanufactured,Cybex Eagle Prone Leg Curl 11141 w/RLD (Remanufactured),ACTIVE,Cybex,Product Index,2025-01-14T15:31:58Z,2026-07-29T21:06:12Z,266740007228,Google & YouTube,TRUE
9878643310908,gid://shopify/Product/9878643310908,french-fitness-tahoe-iso-lateral-leg-extension-plate-loaded-new,French Fitness Tahoe Iso Lateral Leg Extension Plate Loaded (New),ACTIVE,French Fitness,Product Index,2025-01-14T15:32:01Z,2026-08-11T17:56:07Z,266740007228,Google & YouTube,TRUE
9878643671356,gid://shopify/Product/9878643671356,cybex-vkr-leg-raise-chair-dip-remanufactured,Cybex VKR Leg Raise Chair / Dip (Remanufactured),ACTIVE,Cybex,Product Index,2025-01-14T15:32:28Z,2026-07-29T21:06:09Z,266740007228,Google & YouTube,TRUE
9878643736892,gid://shopify/Product/9878643736892,life-fitness-pro-pro1-pullover-remanufactured,Life Fitness Pro / Pro1 Pullover (Remanufactured),ACTIVE,Life Fitness,Product Index,2025-01-14T15:32:28Z,2026-07-29T21:06:12Z,266740007228,Google & YouTube,TRUE
9878644392252,gid://shopify/Product/9878644392252,french-fitness-tahoe-shoulder-overhead-press-plate-loaded-new,French Fitness Tahoe Shoulder-Overhead Press Plate Loaded (New),ACTIVE,French Fitness,Product Index,2025-01-14T15:32:57Z,2026-08-25T06:57:42Z,266740007228,Google & YouTube,TRUE
9878644457788,gid://shopify/Product/9878644457788,cybex-eagle-seated-leg-curl-11061-remanufactured,Cybex Eagle Seated Leg Curl 11061 (Remanufactured),ACTIVE,Cybex,Product Index,2025-01-14T15:32:59Z,2026-07-29T21:06:12Z,266740007228,Google & YouTube,TRUE
9878644588860,gid://shopify/Product/9878644588860,life-fitness-pro-pro1-rear-deltoid-pectoral-fly-remanufactured,Life Fitness Pro / Pro1 Rear Deltoid / Pectoral Fly (Remanufactured),ACTIVE,Life Fitness,Product Index,2025-01-14T15:33:03Z,2026-07-29T21:06:12Z,266740007228,Google & YouTube,TRUE
9878645145916,gid://shopify/Product/9878645145916,french-fitness-tahoe-v2-seated-tricep-dip-press-plate-loaded-new,French Fitness Tahoe V2 Seated Tricep Dip / Press Plate Loaded (New),ACTIVE,French Fitness,Product Index,2025-01-14T15:33:25Z,2026-08-11T17:59:06Z,266740007228,Google & YouTube,TRUE
9878645276988,gid://shopify/Product/9878645276988,cybex-mg-500-3-stack-multi-station-gym-remanufactured,Cybex MG-500 3 Stack Multi Station Gym (Remanufactured),ACTIVE,Cybex,Product Index,2025-01-14T15:33:30Z,2026-07-29T21:06:13Z,266740007228,Google & YouTube,TRUE
9878645571900,gid://shopify/Product/9878645571900,life-fitness-pro-pro1-seated-row-remanufactured,Life Fitness Pro / Pro1 Seated Row (Remanufactured),ACTIVE,Life Fitness,Product Index,2025-01-14T15:33:38Z,2026-07-29T21:06:11Z,266740007228,Google & YouTube,TRUE
9878645834044,gid://shopify/Product/9878645834044,french-fitness-tahoe-selectorized-horizontal-ab-crunch-new,French Fitness Tahoe Selectorized Horizontal Ab Crunch (New),ACTIVE,French Fitness,Product Index,2025-01-14T15:33:52Z,2026-08-25T08:19:21Z,266740007228,Google & YouTube,TRUE
9878646325564,gid://shopify/Product/9878646325564,life-fitness-pro-pro1-shoulder-press-remanufactured,Life Fitness Pro / Pro1 Shoulder Press (Remanufactured),ACTIVE,Life Fitness,Product Index,2025-01-14T15:34:12Z,2026-07-29T21:06:12Z,266740007228,Google & YouTube,TRUE
9878646489404,gid://shopify/Product/9878646489404,french-fitness-tahoe-seated-leg-curl-new,French Fitness Tahoe Seated Leg Curl (New),ACTIVE,French Fitness,Product Index,2025-01-14T15:34:19Z,2026-08-19T03:37:28Z,266740007228,Google & YouTube,TRUE
9878646915388,gid://shopify/Product/9878646915388,cybex-eagle-overhead-press-11010-remanufactured,Cybex Eagle Overhead Press 11010 (Remanufactured),ACTIVE,Cybex,Product Index,2025-01-14T15:34:39Z,2026-07-29T21:06:12Z,266740007228,Google & YouTube,TRUE
9878647079228,gid://shopify/Product/9878647079228,life-fitness-pro2-se-arm-bicep-curl-remanufactured,Life Fitness Pro2 SE Arm/Bicep Curl (Remanufactured),ACTIVE,Life Fitness,Product Index,2025-01-14T15:34:47Z,2026-07-29T21:06:09Z,266740007228,Google & YouTube,TRUE
9878647144764,gid://shopify/Product/9878647144764,french-fitness-tahoe-seated-leg-curl-leg-extension-new,French Fitness Tahoe Seated Leg Curl / Leg Extension (New),ACTIVE,French Fitness,Product Index,2025-01-14T15:34:49Z,2026-08-22T01:01:07Z,266740007228,Google & YouTube,TRUE
9878647537980,gid://shopify/Product/9878647537980,cybex-plate-loaded-45-degree-leg-press-remanufactured,Cybex Plate Loaded 45 Degree Leg Press (Remanufactured),ACTIVE,Cybex,Product Index,2025-01-14T15:35:09Z,2026-07-29T21:06:12Z,266740007228,Google & YouTube,TRUE
9878647669052,gid://shopify/Product/9878647669052,french-fitness-tahoe-seated-leg-extension-new,French Fitness Tahoe Seated Leg Extension (New),ACTIVE,French Fitness,Product Index,2025-01-14T15:35:16Z,2026-08-19T01:42:52Z,266740007228,Google & YouTube,TRUE
9878647734588,gid://shopify/Product/9878647734588,life-fitness-pro2-se-hip-abduction-outer-thigh-remanufactured,Life Fitness Pro2 SE Hip Abduction / Outer Thigh (Remanufactured),ACTIVE,Life Fitness,Product Index,2025-01-14T15:35:22Z,2026-07-29T21:06:10Z,266740007228,Google & YouTube,TRUE
9878648029500,gid://shopify/Product/9878648029500,cybex-plate-loaded-45-degree-leg-press-newer-style-remanufactured,Cybex Plate Loaded 45 Degree Leg Press (Newer Style) (Remanufactured),ACTIVE,Cybex,Product Index,2025-01-14T15:35:40Z,2026-07-29T21:06:10Z,266740007228,Google & YouTube,TRUE
9878648062268,gid://shopify/Product/9878648062268,french-fitness-tahoe-shoulder-press-new,French Fitness Tahoe Shoulder Press (New),ACTIVE,French Fitness,Product Index,2025-01-14T15:35:46Z,2026-08-11T17:56:07Z,266740007228,Google & YouTube,TRUE
9878648193340,gid://shopify/Product/9878648193340,life-fitness-pro2-select-abdominal-remanufactured,Life Fitness Pro2 Select Abdominal (Remanufactured),ACTIVE,Life Fitness,Product Index,2025-01-14T15:35:57Z,2026-07-29T21:06:13Z,266740007228,Google & YouTube,TRUE
9878648324412,gid://shopify/Product/9878648324412,french-fitness-free-standing-rig-rack-system-3-new,French Fitness Free Standing Rig & Rack System 3 (New),ACTIVE,French Fitness,Product Index,2025-01-14T15:36:01Z,2026-08-20T16:59:37Z,266740007228,Google & YouTube,TRUE
9878648553788,gid://shopify/Product/9878648553788,cybex-plate-loaded-smith-press-remanufactured,Cybex Plate Loaded Smith Press (Remanufactured),ACTIVE,Cybex,Product Index,2025-01-14T15:36:14Z,2026-07-29T21:06:12Z,266740007228,Google & YouTube,TRUE
9878648619324,gid://shopify/Product/9878648619324,french-fitness-tahoe-seated-row-new,French Fitness Tahoe Seated Row (New),ACTIVE,French Fitness,Product Index,2025-01-14T15:36:17Z,2026-08-18T15:44:16Z,266740007228,Google & YouTube,TRUE
9878648783164,gid://shopify/Product/9878648783164,life-fitness-pro2-se-abdominal-crunch-remanufactured,Life Fitness Pro2 SE Abdominal Crunch (Remanufactured),ACTIVE,Life Fitness,Product Index,2025-01-14T15:36:31Z,2026-07-29T21:06:13Z,266740007228,Google & YouTube,TRUE
9878648947004,gid://shopify/Product/9878648947004,french-fitness-tahoe-selectorized-standing-calf-raise-new,French Fitness Tahoe Selectorized Standing Calf Raise (New),ACTIVE,French Fitness,Product Index,2025-01-14T15:36:48Z,2026-08-25T08:17:27Z,266740007228,Google & YouTube,TRUE
9878649110844,gid://shopify/Product/9878649110844,cybex-plate-loaded-squat-press-remanufactured,Cybex Plate Loaded Squat Press (Remanufactured),ACTIVE,Cybex,Product Index,2025-01-14T15:36:51Z,2026-08-23T01:04:52Z,266740007228,Google & YouTube,TRUE
9878649209148,gid://shopify/Product/9878649209148,life-fitness-pro2-se-hip-adduction-inner-thigh-remanufactured,Life Fitness Pro2 SE Hip Adduction / Inner Thigh (Remanufactured),ACTIVE,Life Fitness,Product Index,2025-01-14T15:37:05Z,2026-07-29T21:06:14Z,266740007228,Google & YouTube,TRUE
9878649405756,gid://shopify/Product/9878649405756,french-fitness-tahoe-tricep-arm-extension-new,French Fitness Tahoe Tricep Arm Extension (New),ACTIVE,French Fitness,Product Index,2025-01-14T15:37:18Z,2026-08-24T08:35:20Z,266740007228,Google & YouTube,TRUE
9878649504060,gid://shopify/Product/9878649504060,cybex-leverage-squat-press-plate-loaded-newer-style-remanufactured,Cybex Leverage Squat Press Plate Loaded (Newer Style) (Remanufactured),ACTIVE,Cybex,Product Index,2025-01-14T15:37:25Z,2026-07-29T21:06:11Z,266740007228,Google & YouTube,TRUE
9878649831740,gid://shopify/Product/9878649831740,life-fitness-pro2-se-back-extension-remanufactured,Life Fitness Pro2 SE Back Extension (Remanufactured),ACTIVE,Life Fitness,Product Index,2025-01-14T15:37:40Z,2026-07-29T21:06:13Z,266740007228,Google & YouTube,TRUE
9878649995580,gid://shopify/Product/9878649995580,french-fitness-venice-3d-dual-action-smith-machine-new,French Fitness Venice 3D Dual Action Smith Machine (New),ACTIVE,French Fitness,Product Index,2025-01-14T15:37:48Z,2026-07-29T21:06:13Z,266740007228,Google & YouTube,TRUE
9878650093884,gid://shopify/Product/9878650093884,cybex-eagle-row-11030-remanufactured,Cybex Eagle Row 11030 (Remanufactured),ACTIVE,Cybex,Product Index,2025-01-14T15:37:57Z,2026-07-29T21:06:11Z,266740007228,Google & YouTube,TRUE
9878651011388,gid://shopify/Product/9878651011388,life-fitness-pro2-se-chest-press-remanufactured,Life Fitness Pro2 SE Chest Press (Remanufactured),ACTIVE,Life Fitness,Product Index,2025-01-14T15:38:15Z,2026-07-29T21:06:13Z,266740007228,Google & YouTube,TRUE
9878651076924,gid://shopify/Product/9878651076924,french-fitness-venice-dual-cable-cross-new,French Fitness Venice Dual Cable Crossover Functional Trainer (New),ACTIVE,French Fitness,Product Index,2025-01-14T15:38:19Z,2026-08-03T13:22:20Z,266740007228,Google & YouTube,TRUE
9878651142460,gid://shopify/Product/9878651142460,cybex-eagle-nx-row-20030-remanufactured,Cybex Eagle NX Row 20030 (Remanufactured),ACTIVE,Cybex,Product Index,2025-01-14T15:38:26Z,2026-07-29T21:06:10Z,266740007228,Google & YouTube,TRUE
9878651339068,gid://shopify/Product/9878651339068,life-fitness-pro2-se-lat-pulldown-remanufactured,Life Fitness Pro2 SE Lat Pulldown (Remanufactured),ACTIVE,Life Fitness,Product Index,2025-01-14T15:38:50Z,2026-07-29T21:06:12Z,266740007228,Google & YouTube,TRUE
9878651470140,gid://shopify/Product/9878651470140,cybex-r-series-total-body-arc-trainer-w-50l-led-console-remanufactured,Cybex R Series Total Body Arc Trainer w/50L LED Console (Remanufactured),ACTIVE,Cybex,Product Index,2025-01-14T15:38:57Z,2026-08-04T11:08:51Z,266740007228,Google & YouTube,TRUE
9878652158268,gid://shopify/Product/9878652158268,cybex-r-series-70t-arc-trainer-total-body-remanufactured,Cybex R Series 70T Arc Trainer - Total Body (Remanufactured),ACTIVE,Cybex,Product Index,2025-01-14T15:39:30Z,2026-08-04T11:04:01Z,266740007228,Google & YouTube,TRUE
9878652191036,gid://shopify/Product/9878652191036,life-fitness-pro2-se-leg-extension-remanufactured,Life Fitness Pro2 SE Leg Extension (Remanufactured),ACTIVE,Life Fitness,Product Index,2025-01-14T15:39:32Z,2026-07-29T21:06:12Z,266740007228,Google & YouTube,TRUE
9878652420412,gid://shopify/Product/9878652420412,french-fitness-venice-3-way-flat-incline-decline-olympic-bench-new,French Fitness Venice 3 Way Flat Incline Decline Olympic Bench (New),ACTIVE,French Fitness,Product Index,2025-01-14T15:39:54Z,2026-08-22T21:05:10Z,266740007228,Google & YouTube,TRUE
9878652584252,gid://shopify/Product/9878652584252,cybex-625t-treadmill-remanufactured,Cybex 625T Treadmill (Remanufactured),ACTIVE,Cybex,Product Index,2025-01-14T15:40:02Z,2026-07-29T21:06:13Z,266740007228,Google & YouTube,TRUE
9878652780860,gid://shopify/Product/9878652780860,life-fitness-pro2-prone-leg-curl-remanufactured,Life Fitness Pro2 Prone Leg Curl (Remanufactured),ACTIVE,Life Fitness,Product Index,2025-01-14T15:40:07Z,2026-07-29T21:06:12Z,266740007228,Google & YouTube,TRUE
9878653632828,gid://shopify/Product/9878653632828,cybex-free-weight-scott-arm-curl-bench-remanufactured,Cybex Free Weight Scott Arm Curl Bench (Remanufactured),ACTIVE,Cybex,Product Index,2025-01-14T15:40:32Z,2026-07-29T21:06:13Z,266740007228,Google & YouTube,TRUE
9878653796668,gid://shopify/Product/9878653796668,life-fitness-pro2-se-seated-leg-curl-remanufactured,Life Fitness Pro2 SE Seated Leg Curl (Remanufactured),ACTIVE,Life Fitness,Product Index,2025-01-14T15:40:42Z,2026-07-29T21:06:12Z,266740007228,Google & YouTube,TRUE
9878653894972,gid://shopify/Product/9878653894972,life-fitness-fit3-fit-3-multi-gym-remanufactured,Life Fitness Fit3 Fit 3 Multi-Gym (Remanufactured),ACTIVE,Life Fitness,Product Index,2025-01-14T15:40:44Z,2026-07-29T21:06:13Z,266740007228,Google & YouTube,TRUE
9878654320956,gid://shopify/Product/9878654320956,cybex-eagle-torso-rotation-11190-remanufactured,Cybex Eagle Torso Rotation 11190 (Remanufactured),ACTIVE,Cybex,Product Index,2025-01-14T15:41:01Z,2026-07-29T21:06:13Z,266740007228,Google & YouTube,TRUE
9878654583100,gid://shopify/Product/9878654583100,life-fitness-pro2-se-tricep-arm-extension-remanufactured,Life Fitness Pro2 SE Tricep Arm Extension (Remanufactured),ACTIVE,Life Fitness,Product Index,2025-01-14T15:41:16Z,2026-07-29T21:06:12Z,266740007228,Google & YouTube,TRUE
9878654976316,gid://shopify/Product/9878654976316,cybex-vr1-dual-abdominal-back-extension-remanufactured,Cybex VR1 Dual Abdominal/Back Extension (Remanufactured),ACTIVE,Cybex,Product Index,2025-01-14T15:41:31Z,2026-08-23T01:04:52Z,266740007228,Google & YouTube,TRUE
9878655598908,gid://shopify/Product/9878655598908,life-fitness-pro2-shoulder-press-remanufactured,Life Fitness Pro2 Shoulder Press (Remanufactured),ACTIVE,Life Fitness,Product Index,2025-01-14T15:41:51Z,2026-07-29T21:06:12Z,266740007228,Google & YouTube,TRUE
9878655992124,gid://shopify/Product/9878655992124,cybex-vr1-dual-purpose-lat-row-13250-remanufactured,Cybex VR1 Dual Purpose Lat/Row 13250 (Remanufactured),ACTIVE,Cybex,Product Index,2025-01-14T15:42:02Z,2026-07-29T21:06:13Z,266740007228,Google & YouTube,TRUE
9878656483644,gid://shopify/Product/9878656483644,life-fitness-fit-series-bicep-tricep-curl-remanufactured,Life Fitness Fit Series Bicep/ Tricep Curl (Remanufactured),ACTIVE,Life Fitness,Product Index,2025-01-14T15:42:22Z,2026-07-29T21:06:12Z,266740007228,Google & YouTube,TRUE
9878656647484,gid://shopify/Product/9878656647484,power-plate-pro5-hp-matte-black-new,Power Plate Pro5 HP - Matte Black (New),ACTIVE,Power Plate,Product Index,2025-01-14T15:42:27Z,2026-08-05T06:44:17Z,266740007228,Google & YouTube,TRUE
9878657204540,gid://shopify/Product/9878657204540,cybex-vr1-dual-purpose-leg-ext-seated-leg-curl-13260-remanufactured,Cybex VR1 Dual Purpose Leg Ext/Seated Leg Curl 13260 (Remanufactured),ACTIVE,Cybex,Product Index,2025-01-14T15:42:49Z,2026-07-29T21:06:11Z,266740007228,Google & YouTube,TRUE
9878657302844,gid://shopify/Product/9878657302844,life-fitness-fit-series-lat-pulldown-low-row-remanufactured,Life Fitness Fit Series Lat Pulldown/Low Row (Remanufactured),ACTIVE,Life Fitness,Product Index,2025-01-14T15:42:51Z,2026-07-29T21:06:12Z,266740007228,Google & YouTube,TRUE
9878657564988,gid://shopify/Product/9878657564988,power-plate-pro5-airdaptive-hp-remanufactured,Power Plate pro5 Airdaptive HP (Remanufactured),ACTIVE,Power Plate,Product Index,2025-01-14T15:43:04Z,2026-08-03T08:26:58Z,266740007228,Google & YouTube,TRUE
9878657597756,gid://shopify/Product/9878657597756,french-fitness-free-standing-rig-rack-system-5-new,French Fitness Free Standing Rig & Rack System 5 (New),ACTIVE,French Fitness,Product Index,2025-01-14T15:43:08Z,2026-08-23T01:04:51Z,266740007228,Google & YouTube,TRUE
9878658089276,gid://shopify/Product/9878658089276,freemotion-genesis-dual-cable-cross-f624-remanufactured,FreeMotion Genesis Dual Cable Cross F624 (Remanufactured),ACTIVE,FreeMotion,Product Index,2025-01-14T15:43:30Z,2026-07-29T21:06:13Z,266740007228,Google & YouTube,TRUE
9878658318652,gid://shopify/Product/9878658318652,cybex-vr1-dual-purpose-multi-press-13240-remanufactured,Cybex VR1 Dual Purpose Multi-Press 13240 (Remanufactured),ACTIVE,Cybex,Product Index,2025-01-14T15:43:37Z,2026-07-29T21:06:13Z,266740007228,Google & YouTube,TRUE
9878658351420,gid://shopify/Product/9878658351420,power-plate-pro6-with-promotion-remanufactured,Power Plate pro6 with proMOTION (Remanufactured),ACTIVE,Power Plate,Product Index,2025-01-14T15:43:39Z,2026-08-23T01:04:52Z,266740007228,Google & YouTube,TRUE
9878659334460,gid://shopify/Product/9878659334460,cybex-vr1-seated-leg-press-remanufactured,Cybex VR1 Seated Leg Press (Remanufactured),ACTIVE,Cybex,Product Index,2025-01-14T15:44:35Z,2026-07-29T21:06:13Z,266740007228,Google & YouTube,TRUE
9878659432764,gid://shopify/Product/9878659432764,power-plate-pro7-remanufactured,Power Plate pro7 (Remanufactured),ACTIVE,Power Plate,Product Index,2025-01-14T15:44:40Z,2026-08-03T11:18:52Z,266740007228,Google & YouTube,TRUE
9878659891516,gid://shopify/Product/9878659891516,freemotion-i10-9b-incline-trainer-remanufactured,Freemotion i10.9b Incline Trainer (Remanufactured),ACTIVE,FreeMotion,Product Index,2025-01-14T15:45:02Z,2026-08-04T11:01:06Z,266740007228,Google & YouTube,TRUE
9878659957052,gid://shopify/Product/9878659957052,cybex-vr2-ab-crunch-remanufactured,Cybex VR2 Ab Crunch (Remanufactured),ACTIVE,Cybex,Product Index,2025-01-14T15:45:04Z,2026-07-29T21:06:14Z,266740007228,Google & YouTube,TRUE
9878660645180,gid://shopify/Product/9878660645180,freemotion-i11-9-incline-trainer-w-10-hd-capacitive-touch-display-remanufactured,"Freemotion i11.9 Incline Trainer w/10"" HD Capacitive Touch Display (Remanufactured)",ACTIVE,FreeMotion,Product Index,2025-01-14T15:45:34Z,2026-08-04T11:01:06Z,266740007228,Google & YouTube,TRUE
9878660710716,gid://shopify/Product/9878660710716,cybex-vr2-bicep-arm-curl-remanufactured,Cybex VR2 Bicep Arm Curl (Remanufactured),ACTIVE,Cybex,Product Index,2025-01-14T15:45:39Z,2026-07-29T21:06:13Z,266740007228,Google & YouTube,TRUE
9878661202236,gid://shopify/Product/9878661202236,freemotion-i22-9-incline-trainer-w-touch-screen-remanufactured,Freemotion i22.9 Incline Trainer w/Touch Screen (Remanufactured),ACTIVE,FreeMotion,Product Index,2025-01-14T15:46:08Z,2026-08-06T14:42:51Z,266740007228,Google & YouTube,TRUE
9878661366076,gid://shopify/Product/9878661366076,promaxima-horizontal-leg-press-remanufactured,ProMaxima Horizontal Leg Press (Remanufactured),ACTIVE,ProMaxima,Product Index,2025-01-14T15:46:11Z,2026-07-29T21:06:13Z,266740007228,Google & YouTube,TRUE
9878661497148,gid://shopify/Product/9878661497148,cybex-vr2-tricep-arm-extension-remanufactured,Cybex VR2 Tricep Arm Extension (Remanufactured),ACTIVE,Cybex,Product Index,2025-01-14T15:46:14Z,2026-07-29T21:06:12Z,266740007228,Google & YouTube,TRUE
9878662119740,gid://shopify/Product/9878662119740,french-fitness-free-standing-rig-rack-system-6-new,French Fitness Free Standing Rig & Rack System 6 (New),ACTIVE,French Fitness,Product Index,2025-01-14T15:46:42Z,2026-07-29T21:06:12Z,266740007228,Google & YouTube,TRUE
9878662152508,gid://shopify/Product/9878662152508,cybex-vr2-back-extension-remanufactured,Cybex VR2 Back Extension (Remanufactured),ACTIVE,Cybex,Product Index,2025-01-14T15:46:48Z,2026-07-29T21:06:13Z,266740007228,Google & YouTube,TRUE
9878662447420,gid://shopify/Product/9878662447420,octane-fitness-q35-elliptical-remanufactured,Octane Fitness q35 Elliptical (Remanufactured),ACTIVE,Octane Fitness,Product Index,2025-01-14T15:46:56Z,2026-08-04T11:07:26Z,266740007228,Google & YouTube,TRUE
9878662775100,gid://shopify/Product/9878662775100,freemotion-t10-9b-reflex-treadmill-remanufactured,Freemotion t10.9b Reflex Treadmill (Remanufactured),ACTIVE,FreeMotion,Product Index,2025-01-14T15:47:09Z,2026-08-08T17:06:08Z,266740007228,Google & YouTube,TRUE
9878663037244,gid://shopify/Product/9878663037244,cybex-vr2-chest-press-remanufactured,Cybex VR2 Chest Press (Remanufactured),ACTIVE,Cybex,Product Index,2025-01-14T15:47:23Z,2026-08-23T01:04:51Z,266740007228,Google & YouTube,TRUE
9878663102780,gid://shopify/Product/9878663102780,octane-fitness-q35e-elliptical-trainer-remanufactured,Octane Fitness q35e Elliptical Trainer (Remanufactured),ACTIVE,Octane Fitness,Product Index,2025-01-14T15:47:26Z,2026-08-04T11:07:26Z,266740007228,Google & YouTube,TRUE
9878663528764,gid://shopify/Product/9878663528764,freemotion-abdominal-gzfm60113-remanufactured,FreeMotion Abdominal GZFM60113 (Remanufactured),ACTIVE,FreeMotion,Product Index,2025-01-14T15:47:41Z,2026-07-29T21:06:12Z,266740007228,Google & YouTube,TRUE
9878663790908,gid://shopify/Product/9878663790908,octane-fitness-q37e-elliptical-cross-trainer-remanufactured,Octane Fitness q37e Elliptical Cross Trainer (Remanufactured),ACTIVE,Octane Fitness,Product Index,2025-01-14T15:47:56Z,2026-08-23T01:04:51Z,266740007228,Google & YouTube,TRUE
9878664216892,gid://shopify/Product/9878664216892,freemotion-epic-hip-adduction-abduction-f809-remanufactured,FreeMotion Epic Hip Adduction/Abduction F809 (Remanufactured),ACTIVE,FreeMotion,Product Index,2025-01-14T15:48:10Z,2026-07-29T21:06:13Z,266740007228,Google & YouTube,TRUE
9878664249660,gid://shopify/Product/9878664249660,cybex-vr2-pec-fly-machine-4545-remanufactured,Cybex VR2 Pec Fly Machine 4545 (Remanufactured),ACTIVE,Cybex,Product Index,2025-01-14T15:48:12Z,2026-07-29T21:06:13Z,266740007228,Google & YouTube,TRUE
9878664511804,gid://shopify/Product/9878664511804,octane-fitness-q45-elliptical-trainer-remanufactured,Octane Fitness q45 Elliptical Trainer (Remanufactured),ACTIVE,Octane Fitness,Product Index,2025-01-14T15:48:25Z,2026-08-04T11:07:27Z,266740007228,Google & YouTube,TRUE
9878664905020,gid://shopify/Product/9878664905020,freemotion-epic-bicep-curl-f810-remanufactured,FreeMotion Epic Bicep Curl F810 (Remanufactured),ACTIVE,FreeMotion,Product Index,2025-01-14T15:48:40Z,2026-07-29T21:06:12Z,266740007228,Google & YouTube,TRUE
9878665036092,gid://shopify/Product/9878665036092,cybex-vr2-glute-machine-remanufactured,Cybex VR2 Glute Machine (Remanufactured),ACTIVE,Cybex,Product Index,2025-01-14T15:48:46Z,2026-07-29T21:06:14Z,266740007228,Google & YouTube,TRUE
9878665232700,gid://shopify/Product/9878665232700,octane-fitness-q45e-elliptical-crosstrainer-remanufactured,Octane Fitness q45e Elliptical CrossTrainer (Remanufactured),ACTIVE,Octane Fitness,Product Index,2025-01-14T15:48:55Z,2026-08-04T11:07:26Z,266740007228,Google & YouTube,TRUE
9878665494844,gid://shopify/Product/9878665494844,freemotion-bicep-gzfm6002-remanufactured,FreeMotion Bicep GZFM6002 (Remanufactured),ACTIVE,FreeMotion,Product Index,2025-01-14T15:49:10Z,2026-07-29T21:06:14Z,266740007228,Google & YouTube,TRUE
9878665625916,gid://shopify/Product/9878665625916,cybex-vr2-hip-abduction-outer-thigh-remanufactured,Cybex VR2 Hip Abduction / Outer Thigh (Remanufactured),ACTIVE,Cybex,Product Index,2025-01-14T15:49:20Z,2026-07-29T21:06:13Z,266740007228,Google & YouTube,TRUE
9878665822524,gid://shopify/Product/9878665822524,octane-fitness-q47c-elliptical-trainer-remanufactured,Octane Fitness q47c Elliptical Trainer (Remanufactured),ACTIVE,Octane Fitness,Product Index,2025-01-14T15:49:27Z,2026-08-04T11:07:28Z,266740007228,Google & YouTube,TRUE
9878666051900,gid://shopify/Product/9878666051900,freemotion-epic-chest-f800-remanufactured,FreeMotion Epic Chest F800 (Remanufactured),ACTIVE,FreeMotion,Product Index,2025-01-14T15:49:39Z,2026-07-29T21:06:15Z,266740007228,Google & YouTube,TRUE
9878666379580,gid://shopify/Product/9878666379580,cybex-vr2-hip-adduction-inner-thigh-4640-remanufactured,Cybex VR2 Hip Adduction / Inner Thigh 4640 (Remanufactured),ACTIVE,Cybex,Product Index,2025-01-14T15:49:54Z,2026-07-29T21:06:10Z,266740007228,Google & YouTube,TRUE
9878666543420,gid://shopify/Product/9878666543420,octane-fitness-q47ce-elliptical-trainer-remanufactured,Octane Fitness q47ce Elliptical Trainer (Remanufactured),ACTIVE,Octane Fitness,Product Index,2025-01-14T15:50:03Z,2026-08-04T11:07:27Z,266740007228,Google & YouTube,TRUE
9878666707260,gid://shopify/Product/9878666707260,freemotion-chest-gzfm6000-remanufactured,FreeMotion Chest GZFM6000 (Remanufactured),ACTIVE,FreeMotion,Product Index,2025-01-14T15:50:08Z,2026-07-29T21:06:12Z,266740007228,Google & YouTube,TRUE
9878666838332,gid://shopify/Product/9878666838332,french-fitness-wall-mounted-rig-rack-system-7-new,French Fitness Wall Mounted Rig & Rack System 7 (New),ACTIVE,French Fitness,Product Index,2025-01-14T15:50:10Z,2026-07-29T21:06:14Z,266740007228,Google & YouTube,TRUE
9878667100476,gid://shopify/Product/9878667100476,cybex-vr2-lat-pulldown-remanufactured,Cybex VR2 Lat Pulldown (Remanufactured),ACTIVE,Cybex,Product Index,2025-01-14T15:50:29Z,2026-07-29T21:06:13Z,266740007228,Google & YouTube,TRUE
9878667133244,gid://shopify/Product/9878667133244,octane-fitness-q47ci-adjustable-stride-elliptical-remanufactured,Octane Fitness Q47Ci Adjustable Stride Elliptical (Remanufactured),ACTIVE,Octane Fitness,Product Index,2025-01-14T15:50:30Z,2026-08-04T11:04:27Z,266740007228,Google & YouTube,TRUE
9878667297084,gid://shopify/Product/9878667297084,freemotion-dvrs-comm-incline-trainer-fmtk7506p-0-remanufactured,FreeMotion DVRS Comm. Incline Trainer FMTK7506P.0 (Remanufactured),ACTIVE,FreeMotion,Product Index,2025-01-14T15:50:38Z,2026-08-23T01:04:51Z,266740007228,Google & YouTube,TRUE
9878667919676,gid://shopify/Product/9878667919676,octane-fitness-q47e-elliptical-trainer-remanufactured,Octane Fitness q47e Elliptical Trainer (Remanufactured),ACTIVE,Octane Fitness,Product Index,2025-01-14T15:51:00Z,2026-08-04T11:07:26Z,266740007228,Google & YouTube,TRUE
9878667952444,gid://shopify/Product/9878667952444,cybex-vr2-seated-leg-curl-remanufactured,Cybex VR2 Seated Leg Curl (Remanufactured),ACTIVE,Cybex,Product Index,2025-01-14T15:51:03Z,2026-07-29T21:06:13Z,266740007228,Google & YouTube,TRUE
9878668083516,gid://shopify/Product/9878668083516,freemotion-dvrs-incline-trainer-fmtk7259-remanufactured,Freemotion DVRS Incline Trainer FMTK7259 (Remanufactured),ACTIVE,FreeMotion,Product Index,2025-01-14T15:51:08Z,2026-08-04T10:54:51Z,266740007228,Google & YouTube,TRUE
9878668542268,gid://shopify/Product/9878668542268,octane-fitness-q47xi-elliptical-trainer-remanufactured,Octane Fitness q47xi Elliptical Trainer (Remanufactured),ACTIVE,Octane Fitness,Product Index,2025-01-14T15:51:29Z,2026-08-04T11:04:30Z,266740007228,Google & YouTube,TRUE
9878668607804,gid://shopify/Product/9878668607804,cybex-vr2-leg-extension-remanufactured,Cybex VR2 Leg Extension (Remanufactured),ACTIVE,Cybex,Product Index,2025-01-14T15:51:38Z,2026-07-29T21:06:12Z,266740007228,Google & YouTube,TRUE
9878668640572,gid://shopify/Product/9878668640572,freemotion-ext-dual-cable-cross-gzfm6024-remanufactured,FreeMotion EXT Dual Cable Cross GZFM6024 (Remanufactured),ACTIVE,FreeMotion,Product Index,2025-01-14T15:51:38Z,2026-07-29T21:06:13Z,266740007228,Google & YouTube,TRUE
9878669033788,gid://shopify/Product/9878669033788,life-fitness-r1-recumbent-bike-w-basic-console-remanufactured,Life Fitness R1 Recumbent Bike w/Basic Console (Remanufactured),ACTIVE,Life Fitness,Product Index,2025-01-14T15:52:01Z,2026-07-29T21:06:13Z,266740007228,Google & YouTube,TRUE
9878669394236,gid://shopify/Product/9878669394236,cybex-vr2-leg-press-remanufactured,Cybex VR2 Leg Press (Remanufactured),ACTIVE,Cybex,Product Index,2025-01-14T15:52:13Z,2026-07-29T21:06:11Z,266740007228,Google & YouTube,TRUE
9878670246204,gid://shopify/Product/9878670246204,cybex-vr2-low-row-rear-delt-remanufactured,Cybex VR2 Low Row / Rear Delt (Remanufactured),ACTIVE,Cybex,Product Index,2025-01-14T15:52:47Z,2026-08-20T05:57:14Z,266740007228,Google & YouTube,TRUE
9878670377276,gid://shopify/Product/9878670377276,precor-rbk-815-recumbent-bike-w-p10-console-remanufactured,Precor RBK 815 Recumbent Bike w/P10 Console (Remanufactured),ACTIVE,Precor,Product Index,2025-01-14T15:52:54Z,2026-07-29T21:06:11Z,266740007228,Google & YouTube,TRUE
9878670737724,gid://shopify/Product/9878670737724,freemotion-4505-commercial-elliptical-trainer-remanufactured,FreeMotion 4505 Commercial Elliptical Trainer (Remanufactured),ACTIVE,FreeMotion,Product Index,2025-01-14T15:53:08Z,2026-08-04T11:08:00Z,266740007228,Google & YouTube,TRUE
9878670967100,gid://shopify/Product/9878670967100,french-fitness-wall-mounted-rig-rack-system-8-new,French Fitness Wall Mounted Rig & Rack System 8 (New),ACTIVE,French Fitness,Product Index,2025-01-14T15:53:16Z,2026-07-29T21:06:12Z,266740007228,Google & YouTube,TRUE
9878671098172,gid://shopify/Product/9878671098172,cybex-vr-vr2-multi-hip-remanufactured,Cybex VR VR2 Multi Hip (Remanufactured),ACTIVE,Cybex,Product Index,2025-01-14T15:53:21Z,2026-07-29T21:06:10Z,266740007228,Google & YouTube,TRUE
9878671196476,gid://shopify/Product/9878671196476,precor-rbk-835-recumbent-bike-w-p30-console-remanufactured,Precor RBK 835 Recumbent Bike w/p30 Console (Remanufactured),ACTIVE,Precor,Product Index,2025-01-14T15:53:24Z,2026-08-22T01:01:06Z,266740007228,Google & YouTube,TRUE
9878671491388,gid://shopify/Product/9878671491388,freemotion-epic-chin-dip-assist-remanufactured,Freemotion Epic Chin / Dip Assist (Remanufactured),ACTIVE,Freemotion,Product Index,2025-01-14T15:53:36Z,2026-07-29T21:06:13Z,266740007228,Google & YouTube,TRUE
9878671819068,gid://shopify/Product/9878671819068,precor-ubk-835-upright-bike-w-p30-console-remanufactured,Precor UBK 835 Upright Bike w/p30 Console (Remanufactured),ACTIVE,Precor,Product Index,2025-01-14T15:53:55Z,2026-07-29T21:06:12Z,266740007228,Google & YouTube,TRUE
9878671884604,gid://shopify/Product/9878671884604,cybex-vr2-prone-leg-curl-remanufactured,Cybex VR2 Prone Leg Curl (Remanufactured),ACTIVE,Cybex,Product Index,2025-01-14T15:53:56Z,2026-07-29T21:06:14Z,266740007228,Google & YouTube,TRUE
9878672048444,gid://shopify/Product/9878672048444,freemotion-epic-fly-rear-delt-f806-remanufactured,FreeMotion Epic Fly/Rear Delt F806 (Remanufactured),ACTIVE,FreeMotion,Product Index,2025-01-14T15:54:03Z,2026-07-29T21:06:13Z,266740007228,Google & YouTube,TRUE
9878672703804,gid://shopify/Product/9878672703804,precor-rbk-885-recumbent-bike-w-p80-console-remanufactured,Precor RBK 885 Recumbent Bike w/ P80 Console (Remanufactured),ACTIVE,Precor,Product Index,2025-01-14T15:54:25Z,2026-07-29T21:06:14Z,266740007228,Google & YouTube,TRUE
9878672802108,gid://shopify/Product/9878672802108,cybex-vr2-lateral-raise-4530-remanufactured,Cybex VR2 Lateral Raise 4530 (Remanufactured),ACTIVE,Cybex,Product Index,2025-01-14T15:54:30Z,2026-07-29T21:06:13Z,266740007228,Google & YouTube,TRUE
9878672867644,gid://shopify/Product/9878672867644,freemotion-wide-tower-lat-gzfm6020-remanufactured,FreeMotion Wide Tower Lat GZFM6020 (Remanufactured),ACTIVE,FreeMotion,Product Index,2025-01-14T15:54:32Z,2026-07-29T21:06:12Z,266740007228,Google & YouTube,TRUE
9878673359164,gid://shopify/Product/9878673359164,precor-rbk-885-recumbent-bike-w-p82-console-remanufactured,Precor RBK 885 Recumbent Bike w/ P82 Console (Remanufactured),ACTIVE,Precor,Product Index,2025-01-14T15:54:55Z,2026-07-29T21:06:14Z,266740007228,Google & YouTube,TRUE
9878673654076,gid://shopify/Product/9878673654076,freemotion-epic-leg-extension-f801-remanufactured,FreeMotion Epic Leg Extension F801 (Remanufactured),ACTIVE,FreeMotion,Product Index,2025-01-14T15:55:01Z,2026-07-29T21:06:14Z,266740007228,Google & YouTube,TRUE
9878673719612,gid://shopify/Product/9878673719612,cybex-vr2-rotary-calf-remanufactured,Cybex VR2 Rotary Calf (Remanufactured),ACTIVE,Cybex,Product Index,2025-01-14T15:55:04Z,2026-07-29T21:06:14Z,266740007228,Google & YouTube,TRUE
9878674211132,gid://shopify/Product/9878674211132,freemotion-epic-leg-press-f804-remanufactured,FreeMotion Epic Leg Press F804 (Remanufactured),ACTIVE,FreeMotion,Product Index,2025-01-14T15:55:31Z,2026-07-29T21:06:14Z,266740007228,Google & YouTube,TRUE
9878674243900,gid://shopify/Product/9878674243900,french-fitness-free-standing-rig-rack-system-9-new,French Fitness Free Standing Rig & Rack System 9 (New),ACTIVE,French Fitness,Product Index,2025-01-14T15:55:31Z,2026-07-29T21:06:13Z,266740007228,Google & YouTube,TRUE
9878674473276,gid://shopify/Product/9878674473276,cybex-vr2-shoulder-press-remanufactured,Cybex VR2 Shoulder Press (Remanufactured),ACTIVE,Cybex,Product Index,2025-01-14T15:55:39Z,2026-07-29T21:06:11Z,266740007228,Google & YouTube,TRUE
9878674833724,gid://shopify/Product/9878674833724,freemotion-functional-lift-gzfm6012-remanufactured,FreeMotion Functional Lift GZFM6012 (Remanufactured),ACTIVE,FreeMotion,Product Index,2025-01-14T15:56:00Z,2026-07-29T21:06:13Z,266740007228,Google & YouTube,TRUE
9878674899260,gid://shopify/Product/9878674899260,bowflex-revolution-home-gym-remanufactured,Bowflex Revolution Home Gym (Remanufactured),ACTIVE,Bowflex,Product Index,2025-01-14T15:56:07Z,2026-07-29T21:06:12Z,266740007228,Google & YouTube,TRUE
9878675030332,gid://shopify/Product/9878675030332,cybex-vr2-torso-rotation-remanufactured,Cybex VR2 Torso Rotation (Remanufactured),ACTIVE,Cybex,Product Index,2025-01-14T15:56:12Z,2026-07-29T21:06:12Z,266740007228,Google & YouTube,TRUE
9878675325244,gid://shopify/Product/9878675325244,freemotion-s11-9-chain-drive-indoor-cycle-w-console-remanufactured,Freemotion S11.9 Chain Drive Indoor Cycle w/ Console (Remanufactured),ACTIVE,Freemotion,Product Index,2025-01-14T15:56:27Z,2026-07-29T21:06:13Z,266740007228,Google & YouTube,TRUE
9878675816764,gid://shopify/Product/9878675816764,freemotion-epic-prone-leg-curl-f814-remanufactured,FreeMotion Epic Prone Leg Curl F814 (Remanufactured),ACTIVE,FreeMotion,Product Index,2025-01-14T15:56:56Z,2026-07-29T21:06:13Z,266740007228,Google & YouTube,TRUE
9878676111676,gid://shopify/Product/9878676111676,cybex-vr-standing-calf-remanufactured,Cybex VR Standing Calf (Remanufactured),ACTIVE,Cybex,Product Index,2025-01-14T15:57:01Z,2026-07-29T21:06:14Z,266740007228,Google & YouTube,TRUE
9878676472124,gid://shopify/Product/9878676472124,freemotion-reflex-i11-9-incline-trainer-remanufactured,Freemotion Reflex i11.9 Incline Trainer (Remanufactured),ACTIVE,FreeMotion,Product Index,2025-01-14T15:57:26Z,2026-08-21T18:54:57Z,266740007228,Google & YouTube,TRUE
9878676537660,gid://shopify/Product/9878676537660,cybex-prestige-strength-vrs-back-extension-remanufactured,Cybex Prestige Strength VRS Back Extension (Remanufactured),ACTIVE,Cybex,Product Index,2025-01-14T15:57:30Z,2026-07-29T21:06:11Z,266740007228,Google & YouTube,TRUE
9878676734268,gid://shopify/Product/9878676734268,bowflex-revolution-ft-functional-training-system-remanufactured,Bowflex Revolution FT Functional Training System (Remanufactured),ACTIVE,Bowflex,Product Index,2025-01-14T15:57:35Z,2026-07-29T21:06:12Z,266740007228,Google & YouTube,TRUE
9878677127484,gid://shopify/Product/9878677127484,freemotion-reflex-i7-9-incline-trainer-remanufactured,Freemotion Reflex i7.9 Incline Trainer (Remanufactured),ACTIVE,FreeMotion,Product Index,2025-01-14T15:57:55Z,2026-08-04T11:01:06Z,266740007228,Google & YouTube,TRUE
9878677291324,gid://shopify/Product/9878677291324,cybex-prestige-strength-vrs-leg-press-remanufactured,Cybex Prestige Strength VRS Leg Press (Remanufactured),ACTIVE,Cybex,Product Index,2025-01-14T15:57:59Z,2026-08-05T09:59:32Z,266740007228,Google & YouTube,TRUE
9878678569276,gid://shopify/Product/9878678569276,freemotion-row-gzfm6004-remanufactured,FreeMotion Row GZFM6004 (Remanufactured),ACTIVE,FreeMotion,Product Index,2025-01-14T15:58:25Z,2026-07-29T21:06:11Z,266740007228,Google & YouTube,TRUE
9878678831420,gid://shopify/Product/9878678831420,cybex-modular-5345-91-assisted-chin-up-dip-assist-remanufactured,Cybex Modular 5345-91 Assisted Chin-Up Dip Assist (Remanufactured),ACTIVE,Cybex,Product Index,2025-01-14T15:58:30Z,2026-07-29T21:06:13Z,266740007228,Google & YouTube,TRUE
9878680043836,gid://shopify/Product/9878680043836,freemotion-reflex-t10-7s-treadmill-orange-theory-t10-7-remanufactured,Freemotion Reflex T10.7s Treadmill - Orange Theory T10.7 (Remanufactured),ACTIVE,FreeMotion,Product Index,2025-01-14T15:58:54Z,2026-08-04T10:57:47Z,266740007228,Google & YouTube,TRUE
9878680273212,gid://shopify/Product/9878680273212,cybex-ube-upper-body-ergometer-black-remanufactured,Cybex UBE Upper Body Ergometer - Black (Remanufactured),ACTIVE,Cybex,Product Index,2025-01-14T15:58:57Z,2026-07-29T21:06:15Z,266740007228,Google & YouTube,TRUE
9878681485628,gid://shopify/Product/9878681485628,bowflex-revolution-xp-home-gym-remanufactured,Bowflex Revolution XP Home Gym (Remanufactured),ACTIVE,Bowflex,Product Index,2025-01-14T15:59:19Z,2026-07-29T21:06:14Z,266740007228,Google & YouTube,TRUE
9878681747772,gid://shopify/Product/9878681747772,cycleops-pro-300-indoor-cycle-remanufactured,CycleOps Pro 300 Indoor Cycle (Remanufactured),ACTIVE,CycleOps,Product Index,2025-01-14T15:59:23Z,2026-07-29T21:06:15Z,266740007228,Google & YouTube,TRUE
9878681780540,gid://shopify/Product/9878681780540,freemotion-reflex-t11-3-treadmill-remanufactured,Freemotion Reflex t11.3 Treadmill (Remanufactured),ACTIVE,FreeMotion,Product Index,2025-01-14T15:59:24Z,2026-08-04T10:54:51Z,266740007228,Google & YouTube,TRUE
9878683189564,gid://shopify/Product/9878683189564,french-fitness-rubber-medicine-ball-set-of-10-4-to-30-lbs-new,French Fitness Rubber Medicine Ball Set of 10 (4 to 30 lbs) (New),ACTIVE,French Fitness,Product Index,2025-01-14T15:59:50Z,2026-08-06T18:52:17Z,266740007228,Google & YouTube,TRUE
9878683353404,gid://shopify/Product/9878683353404,freemotion-reflex-t-11-8-treadmill-remanufactured,Freemotion Reflex t 11.8 Treadmill (Remanufactured),ACTIVE,FreeMotion,Product Index,2025-01-14T15:59:53Z,2026-08-04T10:57:47Z,266740007228,Google & YouTube,TRUE
9878683779388,gid://shopify/Product/9878683779388,rom-4-minute-workout-crosstrainer-time-machine-remanufactured,ROM 4 Minute Workout Crosstrainer Time Machine (Remanufactured),ACTIVE,ROMfab,Product Index,2025-01-14T16:00:01Z,2026-08-22T01:01:07Z,266740007228,Google & YouTube,TRUE
9878685057340,gid://shopify/Product/9878685057340,freemotion-reflex-t22-9-treadmill-w-22-hd-capacitive-touchscreen-remanufactured,"Freemotion Reflex T22.9 Treadmill w/ 22"" HD Capacitive Touchscreen (Remanufactured)",ACTIVE,FreeMotion,Product Index,2025-01-14T16:00:25Z,2026-08-04T11:01:08Z,266740007228,Google & YouTube,TRUE
9878685450556,gid://shopify/Product/9878685450556,biodex-rtm-500-rehab-945-285-treadmill-w-lcd-remanufactured,Biodex RTM 500 Rehab 945-285 Treadmill w/LCD (Remanufactured),ACTIVE,Biodex,Product Index,2025-01-14T16:00:31Z,2026-08-04T11:01:06Z,266740007228,Google & YouTube,TRUE
9878687220028,gid://shopify/Product/9878687220028,french-fitness-rubber-medicine-ball-set-of-6-6-to-20-lbs-new,French Fitness Rubber Medicine Ball Set of 6 (6 to 20 lbs) (New),ACTIVE,French Fitness,Product Index,2025-01-14T16:00:58Z,2026-08-06T18:52:17Z,266740007228,Google & YouTube,TRUE
9878687351100,gid://shopify/Product/9878687351100,freemotion-s11-8-carbon-drive-indoor-cycle-remanufactured,Freemotion S11.8 Carbon Drive Indoor Cycle (Remanufactured),ACTIVE,Freemotion,Product Index,2025-01-14T16:01:00Z,2026-07-29T21:06:10Z,266740007228,Google & YouTube,TRUE
9878687383868,gid://shopify/Product/9878687383868,expresso-fitness-s2-upright-exercise-bike-remanufactured,Expresso Fitness S2 Upright Exercise Bike (Remanufactured),ACTIVE,Expresso Fitness,Product Index,2025-01-14T16:01:01Z,2026-07-29T21:06:15Z,266740007228,Google & YouTube,TRUE
9878689382716,gid://shopify/Product/9878689382716,freemotion-s11-9-carbon-drive-indoor-cycle-remanufactured,Freemotion S11.9 Carbon Drive Indoor Cycle (Remanufactured),ACTIVE,Freemotion,Product Index,2025-01-14T16:01:30Z,2026-08-22T21:05:09Z,266740007228,Google & YouTube,TRUE
9878689612092,gid://shopify/Product/9878689612092,expresso-fitness-s2r-recumbent-exercise-bike-remanufactured,Expresso Fitness S2R Recumbent Exercise Bike (Remanufactured),ACTIVE,Expresso Fitness,Product Index,2025-01-14T16:01:32Z,2026-07-29T21:06:14Z,266740007228,Google & YouTube,TRUE
9878692561212,gid://shopify/Product/9878692561212,freemotion-epic-seated-row-f817-remanufactured,FreeMotion Epic Seated Row F817 (Remanufactured),ACTIVE,FreeMotion,Product Index,2025-01-14T16:01:59Z,2026-07-29T21:06:14Z,266740007228,Google & YouTube,TRUE
9878692823356,gid://shopify/Product/9878692823356,expresso-fitness-s2u-upright-exercise-bike-remanufactured,Expresso Fitness S2u Upright Exercise Bike (Remanufactured),ACTIVE,Expresso Fitness,Product Index,2025-01-14T16:02:03Z,2026-08-23T01:04:51Z,266740007228,Google & YouTube,TRUE
9878694592828,gid://shopify/Product/9878694592828,freemotion-epic-shoulder-f807-remanufactured,FreeMotion Epic Shoulder F807 (Remanufactured),ACTIVE,FreeMotion,Product Index,2025-01-14T16:02:29Z,2026-07-29T21:06:14Z,266740007228,Google & YouTube,TRUE
9878694986044,gid://shopify/Product/9878694986044,precor-s3-23-functional-trainer-remanufactured,Precor S3.23 Functional Trainer (Remanufactured),ACTIVE,Precor,Product Index,2025-01-14T16:02:36Z,2026-07-29T21:06:15Z,266740007228,Google & YouTube,TRUE
9878696395068,gid://shopify/Product/9878696395068,freemotion-shoulder-gzfm6001-remanufactured,FreeMotion Shoulder GZFM6001 (Remanufactured),ACTIVE,FreeMotion,Product Index,2025-01-14T16:02:59Z,2026-07-29T21:06:14Z,266740007228,Google & YouTube,TRUE
9878697574716,gid://shopify/Product/9878697574716,freemotion-squat-gzfm6010-remanufactured,FreeMotion Squat GZFM6010 (Remanufactured),ACTIVE,FreeMotion,Product Index,2025-01-14T16:03:28Z,2026-07-29T21:06:15Z,266740007228,Google & YouTube,TRUE
9878698131772,gid://shopify/Product/9878698131772,freemotion-s7-8-freestrider-elliptical-fmsr84409-1-remanufactured,FreeMotion s7.8 Freestrider Elliptical FMSR84409.1 (Remanufactured),ACTIVE,FreeMotion,Product Index,2025-01-14T16:03:57Z,2026-08-04T11:07:56Z,266740007228,Google & YouTube,TRUE
9878698361148,gid://shopify/Product/9878698361148,precor-s3-25-strength-system-remanufactured,Precor S3.25 Strength System (Remanufactured),ACTIVE,Precor,Product Index,2025-01-14T16:04:08Z,2026-07-29T21:06:12Z,266740007228,Google & YouTube,TRUE
9878698819900,gid://shopify/Product/9878698819900,freemotion-step-gzfm6014-remanufactured,FreeMotion Step GZFM6014 (Remanufactured),ACTIVE,FreeMotion,Product Index,2025-01-14T16:04:28Z,2026-07-29T21:06:12Z,266740007228,Google & YouTube,TRUE
9878698950972,gid://shopify/Product/9878698950972,precor-s3-45-multi-station-strength-system-remanufactured,Precor S3.45 Multi-Station Strength System (Remanufactured),ACTIVE,Precor,Product Index,2025-01-14T16:04:37Z,2026-07-29T21:06:14Z,266740007228,Google & YouTube,TRUE
9878699540796,gid://shopify/Product/9878699540796,freemotion-11-9-incline-trainer-w-ifit-remanufactured,Freemotion 11.9 Incline Trainer w/iFit (Remanufactured),ACTIVE,FreeMotion,Product Index,2025-01-14T16:04:57Z,2026-07-29T21:06:11Z,266740007228,Google & YouTube,TRUE
9878699704636,gid://shopify/Product/9878699704636,french-fitness-rubber-medicine-ball-set-of-10-6-to-25-lbs-w-rack-new,French Fitness Rubber Medicine Ball Set of 10 (6 to 25 lbs) w/Rack (New),ACTIVE,French Fitness,Product Index,2025-01-14T16:05:03Z,2026-08-06T18:52:14Z,266740007228,Google & YouTube,TRUE
9878700196156,gid://shopify/Product/9878700196156,freemotion-790-interactive-folding-treadmill-remanufactured,FreeMotion 790 Interactive Folding Treadmill (Remanufactured),ACTIVE,FreeMotion,Product Index,2025-01-14T16:05:33Z,2026-08-04T11:01:07Z,266740007228,Google & YouTube,TRUE
9878701080892,gid://shopify/Product/9878701080892,freemotion-treadmill-fmtl8255p-remanufactured,FreeMotion Treadmill - FMTL8255P (Remanufactured),ACTIVE,FreeMotion,Product Index,2025-01-14T16:06:04Z,2026-08-04T11:00:14Z,266740007228,Google & YouTube,TRUE
9878701703484,gid://shopify/Product/9878701703484,freemotion-treadmill-w-tv-fmtl8505p-remanufactured,FreeMotion Treadmill w/TV - FMTL8505P (Remanufactured),ACTIVE,FreeMotion,Product Index,2025-01-14T16:06:33Z,2026-08-04T11:00:13Z,266740007228,Google & YouTube,TRUE
9878702031164,gid://shopify/Product/9878702031164,precor-s3-55-multi-gym-strength-system-remanufactured,Precor s3.55 Multi Gym Strength System (Remanufactured),ACTIVE,Precor,Product Index,2025-01-14T16:06:46Z,2026-07-29T21:06:15Z,266740007228,Google & YouTube,TRUE
9878702391612,gid://shopify/Product/9878702391612,freemotion-overhead-tricep-gzfm6019-remanufactured,FreeMotion Overhead Tricep GZFM6019 (Remanufactured),ACTIVE,FreeMotion,Product Index,2025-01-14T16:07:02Z,2026-07-29T21:06:14Z,266740007228,Google & YouTube,TRUE
9878703341884,gid://shopify/Product/9878703341884,life-fitness-g5-cable-motion-gym-remanufactured,Life Fitness G5 Cable Motion Gym (Remanufactured),ACTIVE,Life Fitness,Product Index,2025-01-14T16:07:37Z,2026-07-29T21:06:13Z,266740007228,Google & YouTube,TRUE
9878707306812,gid://shopify/Product/9878707306812,expresso-fitness-s3r-recumbent-exercise-bike-remanufactured,Expresso Fitness S3r Recumbent Exercise Bike (Remanufactured),ACTIVE,Expresso Fitness,Product Index,2025-01-14T16:08:24Z,2026-08-23T01:04:51Z,266740007228,Google & YouTube,TRUE
9878712254780,gid://shopify/Product/9878712254780,expresso-fitness-s3u-upright-exercise-bike-remanufactured,Expresso Fitness S3u Upright Exercise Bike (Remanufactured),ACTIVE,Expresso Fitness,Product Index,2025-01-14T16:09:18Z,2026-08-22T01:01:06Z,266740007228,Google & YouTube,TRUE
9878714155324,gid://shopify/Product/9878714155324,expresso-fitness-s3u-novo-upright-bike-remanufactured,Expresso Fitness S3u Novo Upright Bike (Remanufactured),ACTIVE,Expresso Fitness,Product Index,2025-01-14T16:09:50Z,2026-08-22T23:01:41Z,266740007228,Google & YouTube,TRUE
9878715531580,gid://shopify/Product/9878715531580,expresso-fitness-s3y-youth-upright-bike-remanufactured,Expresso Fitness s3y Youth Upright Bike (Remanufactured),ACTIVE,Expresso Fitness,Product Index,2025-01-14T16:10:21Z,2026-08-23T01:04:51Z,266740007228,Google & YouTube,TRUE
9878716580156,gid://shopify/Product/9878716580156,french-fitness-43-rack-rig-bumper-plate-tier-tray-attachment-new,"French Fitness 43"" Rack & Rig Bumper Plate Tier/Tray Attachment (New)",ACTIVE,French Fitness,Product Index,2025-01-14T16:10:44Z,2026-08-13T12:45:43Z,266740007228,Google & YouTube,TRUE
9878717006140,gid://shopify/Product/9878717006140,life-fitness-signature-series-ab-crunch-bench-remanufactured,Life Fitness Signature Series Ab Crunch Bench (Remanufactured),ACTIVE,Life Fitness,Product Index,2025-01-14T16:10:52Z,2026-07-29T21:06:16Z,266740007228,Google & YouTube,TRUE
9878718939452,gid://shopify/Product/9878718939452,french-fitness-71-rack-rig-bumper-plate-tier-tray-attachment-new,"French Fitness 71"" Rack & Rig Bumper Plate Tier/Tray Attachment (New)",ACTIVE,French Fitness,Product Index,2025-01-14T16:11:20Z,2026-08-06T18:52:10Z,266740007228,Google & YouTube,TRUE
9878718972220,gid://shopify/Product/9878718972220,life-fitness-signature-45-degree-back-extension-sbe-remanufactured,Life Fitness Signature 45 Degree Back Extension SBE (Remanufactured),ACTIVE,Life Fitness,Product Index,2025-01-14T16:11:20Z,2026-08-23T01:04:52Z,266740007228,Google & YouTube,TRUE
9878721429820,gid://shopify/Product/9878721429820,stairmaster-sc5-stepper-remanufactured,Stairmaster SC5 Stepper (Remanufactured),ACTIVE,Stairmaster,Product Index,2025-01-14T16:11:50Z,2026-07-29T21:06:13Z,266740007228,Google & YouTube,TRUE
9878723887420,gid://shopify/Product/9878723887420,french-fitness-71-rack-rig-ball-tier-tray-attachment-new,"French Fitness 71"" Rack & Rig Ball Tier/Tray Attachment (New)",ACTIVE,French Fitness,Product Index,2025-01-14T16:12:14Z,2026-08-06T18:52:09Z,266740007228,Google & YouTube,TRUE
9878723952956,gid://shopify/Product/9878723952956,stairmaster-sc916-stepper-remanufactured,Stairmaster SC916 Stepper (Remanufactured),ACTIVE,Stairmaster,Product Index,2025-01-14T16:12:17Z,2026-07-29T21:06:16Z,266740007228,Google & YouTube,TRUE
9878726607164,gid://shopify/Product/9878726607164,schwinn-ac-sport-9-7340-wintp0-bike-new,Schwinn AC Sport 9-7340-WINTP0 Bike (New),ACTIVE,Schwinn,Product Index,2025-01-14T16:12:45Z,2026-07-29T21:06:14Z,266740007228,Google & YouTube,TRUE
9878732276028,gid://shopify/Product/9878732276028,schwinn-sc-5-9-7410-bintp0-bike-new,Schwinn SC 5 9-7410-BINTP0 Bike (New),ACTIVE,Schwinn,Product Index,2025-01-14T16:14:03Z,2026-07-29T21:06:15Z,266740007228,Google & YouTube,TRUE
9878734373180,gid://shopify/Product/9878734373180,precor-discovery-incline-lever-t-bar-row-dpl0311-plate-loaded-remanufactured,Precor Discovery Incline Lever T-Bar Row DPL0311 Plate Loaded (Remanufactured),ACTIVE,Precor,Product Index,2025-01-14T16:15:09Z,2026-07-29T21:06:13Z,266740007228,Google & YouTube,TRUE
9878734733628,gid://shopify/Product/9878734733628,schwinn-ic-classic-9-7420-bintp0-bike-new,Schwinn IC Classic 9-7420-BINTP0 Bike (New),ACTIVE,Schwinn,Product Index,2025-01-14T16:15:23Z,2026-07-29T21:06:15Z,266740007228,Google & YouTube,TRUE
9878734995772,gid://shopify/Product/9878734995772,french-fitness-rack-rig-cable-column-stabilizer-bar-set-of-2-new,French Fitness Rack & Rig Cable Column Stabilizer Bar - Set of 2 (New),ACTIVE,French Fitness,Product Index,2025-01-14T16:15:33Z,2026-08-06T18:52:08Z,266740007228,Google & YouTube,TRUE
9878735159612,gid://shopify/Product/9878735159612,precor-dpl0540-discovery-plate-loaded-chest-press-remanufactured,Precor DPL0540 Discovery Plate Loaded Chest Press (Remanufactured),ACTIVE,Precor,Product Index,2025-01-14T16:15:44Z,2026-07-29T21:06:16Z,266740007228,Google & YouTube,TRUE
9878735421756,gid://shopify/Product/9878735421756,french-fitness-43-rack-rig-dumbbell-tier-tray-attachment-new,"French Fitness 43"" Rack & Rig Dumbbell Tier/Tray Attachment (New)",ACTIVE,French Fitness,Product Index,2025-01-14T16:15:54Z,2026-08-23T01:04:51Z,266740007228,Google & YouTube,TRUE
9878736175420,gid://shopify/Product/9878736175420,precor-dpl0560-discovery-plate-loaded-leg-extension-remanufactured,Precor DPL0560 Discovery Plate Loaded Leg Extension (Remanufactured),ACTIVE,Precor,Product Index,2025-01-14T16:16:18Z,2026-07-29T21:06:16Z,266740007228,Google & YouTube,TRUE
9878736372028,gid://shopify/Product/9878736372028,french-fitness-71-rack-rig-dumbbell-tier-tray-attachment-new,"French Fitness 71"" Rack & Rig Dumbbell Tier/Tray Attachment (New)",ACTIVE,French Fitness,Product Index,2025-01-14T16:16:29Z,2026-08-06T18:52:08Z,266740007228,Google & YouTube,TRUE
9878737060156,gid://shopify/Product/9878737060156,precor-discovery-pec-fly-rear-delt-dsl0505-remanufactured,Precor Discovery Pec Fly / Rear Delt DSL0505 (Remanufactured),ACTIVE,Precor,Product Index,2025-01-14T16:16:52Z,2026-07-29T21:06:14Z,266740007228,Google & YouTube,TRUE
9878738633020,gid://shopify/Product/9878738633020,french-fitness-43-rack-rig-double-pull-up-bar-new,"French Fitness 43"" Rack & Rig Double Pull Up Bar (New)",ACTIVE,French Fitness,Product Index,2025-01-14T16:17:08Z,2026-08-06T18:52:07Z,266740007228,Google & YouTube,TRUE
9878740336956,gid://shopify/Product/9878740336956,french-fitness-71-rack-rig-double-pull-up-bar-new,"French Fitness 71"" Rack & Rig Double Pull Up Bar (New)",ACTIVE,French Fitness,Product Index,2025-01-14T16:17:27Z,2026-08-06T18:52:07Z,266740007228,Google & YouTube,TRUE
9878742237500,gid://shopify/Product/9878742237500,french-fitness-43-rack-rig-dirty-south-bar-attachment-new,"French Fitness 43"" Rack & Rig Dirty South Bar Attachment (New)",ACTIVE,French Fitness,Product Index,2025-01-14T16:17:46Z,2026-08-06T18:52:07Z,266740007228,Google & YouTube,TRUE
9878744105276,gid://shopify/Product/9878744105276,french-fitness-71-rack-rig-dirty-south-bar-attachment-new,"French Fitness 71"" Rack & Rig Dirty South Bar Attachment (New)",ACTIVE,French Fitness,Product Index,2025-01-14T16:18:05Z,2026-08-06T18:52:06Z,266740007228,Google & YouTube,TRUE
9878746726716,gid://shopify/Product/9878746726716,french-fitness-rack-rig-v2-double-wall-ball-target-attachment-new,French Fitness Rack & Rig V2 Double Wall Ball Target Attachment (New),ACTIVE,French Fitness,Product Index,2025-01-14T16:18:44Z,2026-08-06T18:52:06Z,266740007228,Google & YouTube,TRUE
9878747414844,gid://shopify/Product/9878747414844,french-fitness-rack-rig-fly-pull-up-bar-attachment-new,French Fitness Rack & Rig Fly Pull Up Bar Attachment (New),ACTIVE,French Fitness,Product Index,2025-01-14T16:18:58Z,2026-08-06T18:52:06Z,266740007228,Google & YouTube,TRUE
9878750265660,gid://shopify/Product/9878750265660,schwinn-ac-performance-indoor-cycle-w-chain-drive-remanufactured,Schwinn AC Performance Indoor Cycle w/Chain Drive (Remanufactured),ACTIVE,Schwinn,Product Index,2025-01-14T16:19:35Z,2026-08-22T21:05:18Z,266740007228,Google & YouTube,TRUE
9878750593340,gid://shopify/Product/9878750593340,french-fitness-rig-rack-functional-trainer-w-3-tier-storage-49-new,"French Fitness Rig & Rack Functional Trainer w/3 Tier Storage 49"" (New)",ACTIVE,French Fitness,Product Index,2025-01-14T16:19:38Z,2026-08-02T17:52:48Z,266740007228,Google & YouTube,TRUE
9878752854332,gid://shopify/Product/9878752854332,schwinn-windjammer-ube-upper-body-ergometer-remanufactured,Schwinn Windjammer UBE Upper Body Ergometer (Remanufactured),ACTIVE,Schwinn,Product Index,2025-01-14T16:20:04Z,2026-07-29T21:06:16Z,266740007228,Google & YouTube,TRUE
9878754853180,gid://shopify/Product/9878754853180,scifit-rex-total-body-recumbent-elliptical-rex7000-int-w-premium-seat-remanufactured,Scifit Rex Total Body Recumbent Elliptical REX7001-INT w/Premium Seat (Remanufactured),ACTIVE,SciFit,Product Index,2025-01-14T16:20:30Z,2026-08-22T21:05:18Z,266740007228,Google & YouTube,TRUE
9878756589884,gid://shopify/Product/9878756589884,scifit-iso7000r-bi-directional-recumbent-bike-w-premium-seat-remanufactured,SciFit ISO7000R Bi-Directional Recumbent Bike w/Premium Seat (Remanufactured),ACTIVE,SciFit,Product Index,2025-01-14T16:20:59Z,2026-08-22T21:05:18Z,266740007228,Google & YouTube,TRUE
9878757638460,gid://shopify/Product/9878757638460,scifit-pro1000-upper-body-exerciser-w-swivel-seat-remanufactured,Scifit Pro1000 Upper Body Exerciser w/ Swivel Seat (Remanufactured),ACTIVE,SciFit,Product Index,2025-01-14T16:21:28Z,2026-07-29T21:06:19Z,266740007228,Google & YouTube,TRUE
9878761308476,gid://shopify/Product/9878761308476,scifit-ac5000m-medical-rehab-treadmill-w-led-console-remanufactured,Scifit AC5000M Medical Rehab Treadmill w/LED Console (Remanufactured),ACTIVE,SciFit,Product Index,2025-01-14T16:22:34Z,2026-08-04T11:01:07Z,266740007228,Google & YouTube,TRUE
9878763045180,gid://shopify/Product/9878763045180,scifit-ac7000-treadmill-remanufactured,Scifit AC7000 Treadmill (Remanufactured),ACTIVE,SciFit,Product Index,2025-01-14T16:23:03Z,2026-07-29T21:06:17Z,266740007228,Google & YouTube,TRUE
9878765371708,gid://shopify/Product/9878765371708,scifit-dc1000-treadmill-remanufactured,Scifit DC1000 Treadmill (Remanufactured),ACTIVE,SciFit,Product Index,2025-01-14T16:23:51Z,2026-08-04T11:01:06Z,266740007228,Google & YouTube,TRUE
9878766092604,gid://shopify/Product/9878766092604,scifit-iso-1000-upright-bike-remanufactured,SciFit ISO 1000 Upright Bike (Remanufactured),ACTIVE,SciFit,Product Index,2025-01-14T16:24:19Z,2026-07-29T21:06:17Z,266740007228,Google & YouTube,TRUE
9878766780732,gid://shopify/Product/9878766780732,scifit-iso-1000r-recumbent-bike-remanufactured,Scifit ISO 1000r Recumbent Bike (Remanufactured),ACTIVE,SciFit,Product Index,2025-01-14T16:24:46Z,2026-08-06T14:56:37Z,266740007228,Google & YouTube,TRUE
9878767599932,gid://shopify/Product/9878767599932,french-fitness-rig-rack-functional-trainer-w-3-tier-storage-78-new,"French Fitness Rig & Rack Functional Trainer w/3 Tier Storage 78"" (New)",ACTIVE,French Fitness,Product Index,2025-01-14T16:25:18Z,2026-08-03T13:13:38Z,266740007228,Google & YouTube,TRUE
9878767796540,gid://shopify/Product/9878767796540,scifit-iso1000-upright-bike-remanufactured,SciFit ISO1000 Upright Bike (Remanufactured),ACTIVE,SciFit,Product Index,2025-01-14T16:25:28Z,2026-07-29T21:06:19Z,266740007228,Google & YouTube,TRUE
9878768386364,gid://shopify/Product/9878768386364,scifit-iso-7000r-bi-directional-recumbent-bike-remanufactured,Scifit ISO 7000R Bi-Directional Recumbent Bike (Remanufactured),ACTIVE,SciFit,Product Index,2025-01-14T16:25:55Z,2026-07-29T21:06:16Z,266740007228,Google & YouTube,TRUE
9878769074492,gid://shopify/Product/9878769074492,scifit-iso7000-bi-directional-upright-bike-remanufactured,SciFit ISO7000 Bi-Directional Upright Bike (Remanufactured),ACTIVE,SciFit,Product Index,2025-01-14T16:26:24Z,2026-07-29T21:06:17Z,266740007228,Google & YouTube,TRUE
9878769828156,gid://shopify/Product/9878769828156,scifit-latitude-lateral-stability-trainer-remanufactured,Scifit Latitude Lateral Stability Trainer (Remanufactured),ACTIVE,SciFit,Product Index,2025-01-14T16:26:50Z,2026-08-22T21:05:18Z,266740007228,Google & YouTube,TRUE
9878770942268,gid://shopify/Product/9878770942268,scifit-pro1-sport-standing-upper-body-exerciser-ube-remanufactured,SciFit Pro1 Sport Standing Upper Body Exerciser UBE (Remanufactured),ACTIVE,SciFit,Product Index,2025-01-14T16:27:37Z,2026-07-29T21:06:14Z,266740007228,Google & YouTube,TRUE
9878771663164,gid://shopify/Product/9878771663164,scifit-pro1-seated-upper-body-exerciser-ube-remanufactured,SCIFIT Pro1 Seated Upper Body Exerciser UBE (Remanufactured),ACTIVE,SciFit,Product Index,2025-01-14T16:28:04Z,2026-07-29T21:06:13Z,266740007228,Google & YouTube,TRUE
9878772515132,gid://shopify/Product/9878772515132,scifit-pro-1000-ube-upper-body-ergometer-remanufactured,Scifit Pro 1000 UBE Upper Body Ergometer (Remanufactured),ACTIVE,SciFit,Product Index,2025-01-14T16:28:39Z,2026-08-22T21:05:18Z,266740007228,Google & YouTube,TRUE
9878773924156,gid://shopify/Product/9878773924156,scifit-pro1-seated-ube-pro100-int-w-premium-seat-remanufactured,Scifit pro1 Seated UBE PRO100-INT w/Premium Seat (Remanufactured),ACTIVE,SciFit,Product Index,2025-01-14T16:29:13Z,2026-08-22T21:05:19Z,266740007228,Google & YouTube,TRUE
9878774579516,gid://shopify/Product/9878774579516,scifit-pro1000-ube-upper-body-exerciser-pro1032-int-remanufactured,SciFit PRO1000 UBE Upper Body Exerciser PRO1032-INT (Remanufactured),ACTIVE,SciFit,Product Index,2025-01-14T16:29:43Z,2026-08-23T01:04:51Z,266740007228,Google & YouTube,TRUE
9878776250684,gid://shopify/Product/9878776250684,french-fitness-rig-rack-functional-training-cave-new,French Fitness Rig & Rack Functional Training Cave (New),ACTIVE,French Fitness,Product Index,2025-01-14T16:30:47Z,2026-08-20T18:25:35Z,266740007228,Google & YouTube,TRUE
9878776938812,gid://shopify/Product/9878776938812,scifit-pro-2-total-body-ergometer-remanufactured,Scifit Pro 2 Total Body Ergometer (Remanufactured),ACTIVE,SciFit,Product Index,2025-01-14T16:31:11Z,2026-08-22T01:01:06Z,266740007228,Google & YouTube,TRUE
9878777856316,gid://shopify/Product/9878777856316,scifit-pro2-total-body-exerciser-pro232-int-remanufactured,Scifit Pro2 Total Body Exerciser PRO232-INT (Remanufactured),ACTIVE,SciFit,Product Index,2025-01-14T16:31:46Z,2026-08-08T11:52:18Z,266740007228,Google & YouTube,TRUE
9878779724092,gid://shopify/Product/9878779724092,scifit-rex7000-total-body-recumbent-elliptical-w-touch-console-remanufactured,SCIFIT REX7000 Total Body Recumbent Elliptical w/Touch Console (Remanufactured),ACTIVE,SciFit,Product Index,2025-01-14T16:32:46Z,2026-08-04T11:04:02Z,266740007228,Google & YouTube,TRUE
9878780739900,gid://shopify/Product/9878780739900,scifit-rst7000-recumbent-stepper-remanufactured,Scifit RST7000 Recumbent Stepper (Remanufactured),ACTIVE,SciFit,Product Index,2025-01-14T16:33:17Z,2026-08-23T01:04:51Z,266740007228,Google & YouTube,TRUE
9878781559100,gid://shopify/Product/9878781559100,scifit-stepone-recumbent-stepper-remanufactured,SciFit StepOne Recumbent Stepper (Remanufactured),ACTIVE,SciFit,Product Index,2025-01-14T16:33:49Z,2026-08-19T00:25:18Z,266740007228,Google & YouTube,TRUE
9878782378300,gid://shopify/Product/9878782378300,scifit-tc-1000-stair-stepper-remanufactured,SciFit TC 1000 Stair Stepper (Remanufactured),ACTIVE,SciFit,Product Index,2025-01-14T16:34:19Z,2026-07-29T21:06:28Z,266740007228,Google & YouTube,TRUE
9878784246076,gid://shopify/Product/9878784246076,stairmaster-10-series-10g-gauntlet-w-16-embedded-display-black-new,"Stairmaster 10 Series 10G Gauntlet w/16"" Embedded Display - Black (New)",ACTIVE,Stairmaster,Product Index,2025-01-14T16:35:18Z,2026-08-22T21:05:19Z,266740007228,Google & YouTube,TRUE
9878786441532,gid://shopify/Product/9878786441532,stairmaster-4-series-gauntlet-w-10-touch-display-black-new,"Stairmaster 4 Series Gauntlet w/10"" Touch Display - Black (New)",ACTIVE,Stairmaster,Product Index,2025-01-14T16:36:09Z,2026-08-22T21:05:19Z,266740007228,Google & YouTube,TRUE
9878787129660,gid://shopify/Product/9878787129660,stairmaster-4-series-gauntlet-w-15-embedded-display-black-new,"Stairmaster 4 Series Gauntlet w/15"" Embedded Display - Black (New)",ACTIVE,Stairmaster,Product Index,2025-01-14T16:36:36Z,2026-07-29T21:06:28Z,266740007228,Google & YouTube,TRUE
9878787588412,gid://shopify/Product/9878787588412,french-fitness-rack-rig-jammer-arms-attachment-new,French Fitness Rack & Rig Jammer Arms Attachment - Set of 2 (New),ACTIVE,French Fitness,Product Index,2025-01-14T16:36:48Z,2026-08-06T18:52:05Z,266740007228,Google & YouTube,TRUE
9878787850556,gid://shopify/Product/9878787850556,stairmaster-4-series-gauntlet-w-10-lcd-black-new,"Stairmaster 4 Series Gauntlet w/10"" LCD - Black (New)",ACTIVE,Stairmaster,Product Index,2025-01-14T16:37:01Z,2026-08-22T23:01:42Z,266740007228,Google & YouTube,TRUE
9878788440380,gid://shopify/Product/9878788440380,stairmaster-8-series-freeclimber-w-16-embedded-display-black-new,"StairMaster 8 Series Freeclimber w/16"" Embedded Display - Black (New)",ACTIVE,Stairmaster,Product Index,2025-01-14T16:37:27Z,2026-08-22T21:05:19Z,266740007228,Google & YouTube,TRUE
9878788931900,gid://shopify/Product/9878788931900,sportsart-fitness-e82-rear-drive-elliptical-trainer-remanufactured,Sportsart Fitness e82 Rear Drive Elliptical Trainer (Remanufactured),ACTIVE,SportsArt,Product Index,2025-01-14T16:37:45Z,2026-08-04T11:08:50Z,266740007228,Google & YouTube,TRUE
9878789161276,gid://shopify/Product/9878789161276,french-fitness-rack-rig-junction-bar-crossmember-w-chin-up-bar-new,French Fitness Rack & Rig Junction Bar Crossmember w/Chin Up Bar (New),ACTIVE,French Fitness,Product Index,2025-01-14T16:37:53Z,2026-08-25T09:55:56Z,266740007228,Google & YouTube,TRUE
9878789718332,gid://shopify/Product/9878789718332,sportsart-e8300-elliptical-remanufactured,Sportsart E8300 Elliptical (Remanufactured),ACTIVE,SportsArt,Product Index,2025-01-14T16:38:14Z,2026-08-02T11:15:27Z,266740007228,Google & YouTube,TRUE
9878790209852,gid://shopify/Product/9878790209852,stairmaster-8-series-gauntlet-x-w-16-embedded-display-black-new,"StairMaster 8 Series Gauntlet X, w/16"" Embedded Display - Black (New)",ACTIVE,Stairmaster,Product Index,2025-01-14T16:38:39Z,2026-08-23T01:04:51Z,266740007228,Google & YouTube,TRUE
9878790373692,gid://shopify/Product/9878790373692,precor-846i-r-experience-recumbent-exercise-bike-remanufactured,Precor 846i-R Experience Recumbent Exercise Bike (Remanufactured),ACTIVE,Precor,Product Index,2025-01-14T16:38:46Z,2026-07-29T21:06:28Z,266740007228,Google & YouTube,TRUE
9878791094588,gid://shopify/Product/9878791094588,precor-846i-u-experience-upright-exercise-bike-remanufactured,Precor 846i-U Experience Upright Exercise Bike (Remanufactured),ACTIVE,Precor,Product Index,2025-01-14T16:39:15Z,2026-07-29T21:06:28Z,266740007228,Google & YouTube,TRUE
9878791422268,gid://shopify/Product/9878791422268,french-fitness-71-rack-rig-junction-bar-crossmember-v1-new,"French Fitness 71"" Rack & Rig Junction Bar Crossmember V1 (New)",ACTIVE,French Fitness,Product Index,2025-01-14T16:39:26Z,2026-08-06T18:52:04Z,266740007228,Google & YouTube,TRUE
9878791913788,gid://shopify/Product/9878791913788,precor-932i-experience-treadmill-remanufactured,Precor 932i Experience Treadmill (Remanufactured),ACTIVE,Precor,Product Index,2025-01-14T16:39:45Z,2026-08-04T11:01:06Z,266740007228,Google & YouTube,TRUE
9878792077628,gid://shopify/Product/9878792077628,french-fitness-rack-rig-junction-bar-crossmember-w-2-cannonball-grips-new,French Fitness Rack & Rig Junction Bar Crossmember w/2 Cannonball Grips (New),ACTIVE,French Fitness,Product Index,2025-01-14T16:39:49Z,2026-08-06T18:52:03Z,266740007228,Google & YouTube,TRUE
9878792175932,gid://shopify/Product/9878792175932,stairmaster-hiit-bike-remanufactured,Stairmaster HIIT Bike (Remanufactured),ACTIVE,Stairmaster,Product Index,2025-01-14T16:39:56Z,2026-07-29T21:06:28Z,266740007228,Google & YouTube,TRUE
9878792732988,gid://shopify/Product/9878792732988,precor-commercial-954i-experience-treadmill-remanufactured,Precor Commercial 954i Experience Treadmill (Remanufactured),ACTIVE,Precor,Product Index,2025-01-14T16:40:18Z,2026-08-04T11:01:07Z,266740007228,Google & YouTube,TRUE
9878793060668,gid://shopify/Product/9878793060668,french-fitness-43-rack-rig-kettlebell-tier-tray-attachment-new,"French Fitness 43"" Rack & Rig Kettlebell Tier/Tray Attachment (New)",ACTIVE,French Fitness,Product Index,2025-01-14T16:40:31Z,2026-08-06T18:52:03Z,266740007228,Google & YouTube,TRUE
9878793716028,gid://shopify/Product/9878793716028,precor-956i-experience-treadmill-remanufactured,Precor 956i Experience Treadmill (Remanufactured),ACTIVE,Precor,Product Index,2025-01-14T16:40:50Z,2026-08-23T01:04:51Z,266740007228,Google & YouTube,TRUE
9878794207548,gid://shopify/Product/9878794207548,french-fitness-71-rack-rig-kettlebell-tier-tray-attachment-new,"French Fitness 71"" Rack & Rig Kettlebell Tier/Tray Attachment (New)",ACTIVE,French Fitness,Product Index,2025-01-14T16:41:07Z,2026-08-06T18:52:03Z,266740007228,Google & YouTube,TRUE
9878794567996,gid://shopify/Product/9878794567996,precor-966i-experience-treadmill-remanufactured,Precor 966i Experience Treadmill (Remanufactured),ACTIVE,Precor,Product Index,2025-01-14T16:41:21Z,2026-08-04T10:54:50Z,266740007228,Google & YouTube,TRUE
9878795649340,gid://shopify/Product/9878795649340,french-fitness-rig-rack-lat-pulldown-low-row-w-stabilizer-bar-new,French Fitness Rig & Rack Lat Pulldown / Low Row w/Stabilizer Bar (New),ACTIVE,French Fitness,Product Index,2025-01-14T16:42:04Z,2026-08-02T17:52:51Z,266740007228,Google & YouTube,TRUE
9878796894524,gid://shopify/Product/9878796894524,french-fitness-rack-rig-lat-seat-new,French Fitness Rack & Rig Lat Seat (New),ACTIVE,French Fitness,Product Index,2025-01-14T16:42:45Z,2026-08-23T01:04:51Z,266740007228,Google & YouTube,TRUE
9878797386044,gid://shopify/Product/9878797386044,french-fitness-rack-rig-monkey-bar-attachment-new,"French Fitness 71"" Rack & Rig Monkey Bar Attachment (New)",ACTIVE,French Fitness,Product Index,2025-01-14T16:43:09Z,2026-08-06T18:52:01Z,266740007228,Google & YouTube,TRUE
9878798500156,gid://shopify/Product/9878798500156,stairmaster-freeclimber-w-15-touchscreen-9-5260-8fc-15-atsc-remanufactured,"Stairmaster Freeclimber w/15"" Touchscreen 9-5260-8FC-15-ATSC (Remanufactured)",ACTIVE,Stairmaster,Product Index,2025-01-14T16:43:40Z,2026-07-29T21:06:28Z,266740007228,Google & YouTube,TRUE
9878798631228,gid://shopify/Product/9878798631228,pro-6-arcadia-air-runner-non-motorized-curve-treadmill-new,PRO 6 Arcadia Air Runner Non Motorized Curve Treadmill (New),ACTIVE,First Degree Fitness,Product Index,2025-01-14T16:43:49Z,2026-08-23T01:04:51Z,266740007228,Google & YouTube,TRUE
9878798958908,gid://shopify/Product/9878798958908,french-fitness-rack-rig-multi-grip-pull-up-bar-new,"French Fitness 43"" Rack & Rig Multi Grip Pull Up Bar (New)",ACTIVE,French Fitness,Product Index,2025-01-14T16:44:09Z,2026-08-06T18:52:01Z,266740007228,Google & YouTube,TRUE
9878799057212,gid://shopify/Product/9878799057212,pro-6-aspen-stairmill-stair-climber-new,Pro 6 Aspen StairMill Stair Climber (New),ACTIVE,First Degree Fitness,Product Index,2025-01-14T16:44:13Z,2026-08-04T06:21:06Z,266740007228,Google & YouTube,TRUE
9878799515964,gid://shopify/Product/9878799515964,french-fitness-rack-rig-multi-sphere-ball-grip-pull-up-bar-new,"French Fitness 43"" Rack & Rig Multi Sphere Ball Grip Pull Up Bar (New)",ACTIVE,French Fitness,Product Index,2025-01-14T16:44:31Z,2026-08-15T05:49:49Z,266740007228,Google & YouTube,TRUE
9878799974716,gid://shopify/Product/9878799974716,stairmaster-sc5-stepper-w-ts1-touch-screen-tv-remanufactured,Stairmaster SC5 Stepper w/TS1 Touch Screen + TV (Remanufactured),ACTIVE,Stairmaster,Product Index,2025-01-14T16:44:53Z,2026-07-29T21:06:28Z,266740007228,Google & YouTube,TRUE
9878800367932,gid://shopify/Product/9878800367932,stairmaster-gravitron-2000at-chin-dip-assist-remanufactured,Stairmaster Gravitron 2000AT Chin Dip Assist (Remanufactured),ACTIVE,Stairmaster,Product Index,2025-01-14T16:45:08Z,2026-07-29T21:06:28Z,266740007228,Google & YouTube,TRUE
9878801809724,gid://shopify/Product/9878801809724,stairmaster-gravitron-hydraulic-chin-dip-assist-remanufactured,Stairmaster Gravitron Hydraulic Chin Dip / Assist (Remanufactured),ACTIVE,Stairmaster,Product Index,2025-01-14T16:45:35Z,2026-07-29T21:06:27Z,266740007228,Google & YouTube,TRUE
9878802334012,gid://shopify/Product/9878802334012,stairmaster-treadclimber-5-remanufactured,StairMaster TreadClimber 5 (Remanufactured),ACTIVE,Stairmaster,Product Index,2025-01-14T16:45:43Z,2026-07-29T21:06:29Z,266740007228,Google & YouTube,TRUE
9878805905724,gid://shopify/Product/9878805905724,french-fitness-rack-rig-power-band-holder-new,French Fitness Rack & Rig Power Band Holder (New),ACTIVE,French Fitness,Product Index,2025-01-14T16:46:11Z,2026-08-06T18:51:59Z,266740007228,Google & YouTube,TRUE
9878812361020,gid://shopify/Product/9878812361020,stairmaster-sm5-stepmill-w-lcd-d-1-console-remanufactured,StairMaster SM5 StepMill w/ LCD (D-1) Console (Remanufactured),ACTIVE,Stairmaster,Product Index,2025-01-14T16:46:57Z,2026-07-29T21:06:28Z,266740007228,Google & YouTube,TRUE
9878815605052,gid://shopify/Product/9878815605052,stairmaster-sm5-stepmill-tse-1-w-10-touch-screen-tv-remanufactured,"StairMaster SM5 StepMill TSE-1 w/10"" Touch Screen/TV (Remanufactured)",ACTIVE,Stairmaster,Product Index,2025-01-14T16:47:27Z,2026-07-29T21:06:29Z,266740007228,Google & YouTube,TRUE
9878819275068,gid://shopify/Product/9878819275068,stairmaster-gauntlet-8-series-sm8-stepmill-w-15-openhub-remanufactured,"Stairmaster Gauntlet 8 Series SM8 Stepmill w/15"" OpenHub (Remanufactured)",ACTIVE,Stairmaster,Product Index,2025-01-14T16:47:59Z,2026-08-22T21:05:19Z,266740007228,Google & YouTube,TRUE
9878819930428,gid://shopify/Product/9878819930428,stairmaster-8-series-freeclimber-w-lcd-console-9-5260-8fc-lcd-remanufactured,Stairmaster 8 Series Freeclimber w/LCD Console 9-5260-8FC-LCD (Remanufactured),ACTIVE,Stairmaster,Product Index,2025-01-14T16:48:31Z,2026-07-29T21:06:29Z,266740007228,Google & YouTube,TRUE
9878820585788,gid://shopify/Product/9878820585788,stairmaster-sm916-stepmill-remanufactured,StairMaster SM916 StepMill (Remanufactured),ACTIVE,Stairmaster,Product Index,2025-01-14T16:48:59Z,2026-08-23T06:30:02Z,266740007228,Google & YouTube,TRUE
9878822027580,gid://shopify/Product/9878822027580,cateye-fitness-ec-ub200-ube-remanufactured,Cateye Fitness EC-UB200 UBE (Remanufactured),ACTIVE,Cateye Fitness,Product Index,2025-01-14T16:50:00Z,2026-07-29T21:06:29Z,266740007228,Google & YouTube,TRUE
9878822060348,gid://shopify/Product/9878822060348,life-fitness-signature-series-multi-adjustable-bench-remanufactured,Life Fitness Signature Series Multi-Adjustable Bench (Remanufactured),ACTIVE,Life Fitness,Product Index,2025-01-14T16:50:01Z,2026-07-29T21:06:31Z,266740007228,Google & YouTube,TRUE
9878822551868,gid://shopify/Product/9878822551868,expresso-fitness-hd-recumbent-bike-hdr-remanufactured,Expresso Fitness HD Recumbent Bike HDR (Remanufactured),ACTIVE,Expresso Fitness,Product Index,2025-01-14T16:50:28Z,2026-07-29T21:06:28Z,266740007228,Google & YouTube,TRUE
9878822617404,gid://shopify/Product/9878822617404,stairmaster-gauntlet-stepmill-w-ts1-touch-screen-remanufactured,StairMaster Gauntlet Stepmill w/TS1 Touch Screen (Remanufactured),ACTIVE,Stairmaster,Product Index,2025-01-14T16:50:30Z,2026-07-29T21:06:28Z,266740007228,Google & YouTube,TRUE
9878823108924,gid://shopify/Product/9878823108924,stairmaster-8-series-gauntlet-stepmill-9-5250-8g-lcd-remanufactured,Stairmaster 8 Series Gauntlet Stepmill 9-5250-8G-LCD (Remanufactured),ACTIVE,Stairmaster,Product Index,2025-01-14T16:50:59Z,2026-08-07T17:49:58Z,266740007228,Google & YouTube,TRUE
9878823502140,gid://shopify/Product/9878823502140,french-fitness-rack-rig-ring-muscle-up-arm-attachment-26mm-new,French Fitness Rack & Rig Ring Muscle Up Arm Attachment 26MM (New),ACTIVE,French Fitness,Product Index,2025-01-14T16:51:11Z,2026-08-06T18:51:59Z,266740007228,Google & YouTube,TRUE
9878823764284,gid://shopify/Product/9878823764284,precor-efx-5-17i-elliptical-cross-trainer-remanufactured,Precor EFX 5.17i Elliptical Cross-Trainer (Remanufactured),ACTIVE,Precor,Product Index,2025-01-14T16:51:21Z,2026-08-04T11:07:26Z,266740007228,Google & YouTube,TRUE
9878823960892,gid://shopify/Product/9878823960892,stairmaster-8-series-gauntlet-w-15-touch-sm-9-5250-8g-lcd-x-stepmill-remanufactured,"Stairmaster 8 Series Gauntlet w/15"" Touch SM-9-5250-8G-LCD-X Stepmill (Remanufactured)",ACTIVE,Stairmaster,Product Index,2025-01-14T16:51:28Z,2026-08-07T17:49:58Z,266740007228,Google & YouTube,TRUE
9878824157500,gid://shopify/Product/9878824157500,expresso-fitness-hd-youth-bike-hdy-remanufactured,Expresso Fitness HD Youth Bike HDY (Remanufactured),ACTIVE,Expresso Fitness,Product Index,2025-01-14T16:51:35Z,2026-07-29T21:06:28Z,266740007228,Google & YouTube,TRUE
9878824485180,gid://shopify/Product/9878824485180,french-fitness-rack-rig-v2-hd-spotter-arms-attachment-pair-new,French Fitness Rack & Rig V2 HD Spotter Arms Attachment (Pair) (New),ACTIVE,French Fitness,Product Index,2025-01-14T16:51:50Z,2026-08-20T16:59:37Z,266740007228,Google & YouTube,TRUE
9878824550716,gid://shopify/Product/9878824550716,precor-efx-5-19-elliptical-cross-trainer-remanufactured,Precor EFX 5.19 Elliptical Cross-Trainer (Remanufactured),ACTIVE,Precor,Product Index,2025-01-14T16:51:51Z,2026-08-04T11:08:52Z,266740007228,Google & YouTube,TRUE
9878824845628,gid://shopify/Product/9878824845628,stairmaster-gauntlet-stepmill-w-lcd-d-1-console-remanufactured,StairMaster Gauntlet Stepmill w/ LCD D-1 Console (Remanufactured),ACTIVE,Stairmaster,Product Index,2025-01-14T16:51:57Z,2026-08-23T06:30:03Z,266740007228,Google & YouTube,TRUE
9878825075004,gid://shopify/Product/9878825075004,french-fitness-rack-rig-spotter-arms-attachment-pair-new,French Fitness Rack & Rig Spotter Arms Attachment (Pair) (New),ACTIVE,French Fitness,Product Index,2025-01-14T16:52:10Z,2026-08-06T18:51:58Z,266740007228,Google & YouTube,TRUE
9878825337148,gid://shopify/Product/9878825337148,precor-efx-5-21i-elliptical-cross-trainer-remanufactured,Precor EFX 5.21i Elliptical Cross-Trainer (Remanufactured),ACTIVE,Precor,Product Index,2025-01-14T16:52:20Z,2026-08-04T11:07:26Z,266740007228,Google & YouTube,TRUE
9878825468220,gid://shopify/Product/9878825468220,life-fitness-signature-series-olympic-flat-bench-remanufactured,Life Fitness Signature Series Olympic Flat Bench (Remanufactured),ACTIVE,Life Fitness,Product Index,2025-01-14T16:52:25Z,2026-07-29T21:06:27Z,266740007228,Google & YouTube,TRUE
9878825533756,gid://shopify/Product/9878825533756,french-fitness-rack-rig-single-ball-holder-attachment-new,French Fitness Rack & Rig Single Ball Holder Attachment (New),ACTIVE,French Fitness,Product Index,2025-01-14T16:52:29Z,2026-08-06T18:51:58Z,266740007228,Google & YouTube,TRUE
9878826058044,gid://shopify/Product/9878826058044,french-fitness-rack-rig-step-up-platform-attachment-new,French Fitness Rack & Rig Step-Up Platform Attachment (New),ACTIVE,French Fitness,Product Index,2025-01-14T16:52:48Z,2026-08-23T06:30:02Z,266740007228,Google & YouTube,TRUE
9878826090812,gid://shopify/Product/9878826090812,hammer-strength-pl-ab-plate-loaded-abdominal-oblique-crunch-remanufactured,Hammer Strength PL-AB Plate-Loaded Abdominal Oblique Crunch (Remanufactured),ACTIVE,Hammer Strength,Product Index,2025-01-14T16:52:48Z,2026-07-29T21:06:29Z,266740007228,Google & YouTube,TRUE
9878826320188,gid://shopify/Product/9878826320188,life-fitness-signature-series-olympic-incline-bench-remanufactured,Life Fitness Signature Series Olympic Incline Bench (Remanufactured),ACTIVE,Life Fitness,Product Index,2025-01-14T16:52:59Z,2026-07-29T21:06:29Z,266740007228,Google & YouTube,TRUE
9878826484028,gid://shopify/Product/9878826484028,french-fitness-108-rack-rig-upright-new,"French Fitness 108"" Rack & Rig Upright (New)",ACTIVE,French Fitness,Product Index,2025-01-14T16:53:06Z,2026-08-23T06:30:02Z,266740007228,Google & YouTube,TRUE
9878827073852,gid://shopify/Product/9878827073852,french-fitness-120-rack-rig-upright-new,"French Fitness 120"" Rack & Rig Upright (New)",ACTIVE,French Fitness,Product Index,2025-01-14T16:53:29Z,2026-07-29T21:06:30Z,266740007228,Google & YouTube,TRUE
9878827172156,gid://shopify/Product/9878827172156,life-fitness-signature-olympic-squat-rack-remanufactured,Life Fitness Signature Olympic Squat Rack (Remanufactured),ACTIVE,Life Fitness,Product Index,2025-01-14T16:53:33Z,2026-07-29T21:06:29Z,266740007228,Google & YouTube,TRUE
9878827204924,gid://shopify/Product/9878827204924,precor-efx-5-23-elliptical-w-stationary-arms-remanufactured,Precor EFX 5.23 Elliptical w/Stationary Arms (Remanufactured),ACTIVE,Precor,Product Index,2025-01-14T16:53:33Z,2026-08-04T11:08:51Z,266740007228,Google & YouTube,TRUE
9878827303228,gid://shopify/Product/9878827303228,hoist-cf-3663-back-hyper-remanufactured,Hoist CF-3663 Back Hyper (Remanufactured),ACTIVE,Hoist Fitness,Product Index,2025-01-14T16:53:36Z,2026-07-29T21:06:28Z,266740007228,Google & YouTube,TRUE
9878827565372,gid://shopify/Product/9878827565372,french-fitness-130-rack-rig-upright-new,"French Fitness 130"" Rack & Rig Upright (New)",ACTIVE,French Fitness,Product Index,2025-01-14T16:53:53Z,2026-08-10T13:13:11Z,266740007228,Google & YouTube,TRUE
9878827696444,gid://shopify/Product/9878827696444,stott-pilates-cadillac-trapeze-table-remanufactured,Stott Pilates Cadillac Trapeze Table (Remanufactured),ACTIVE,Stott,Product Index,2025-01-14T16:53:59Z,2026-08-03T08:27:17Z,266740007228,Google & YouTube,TRUE
9878827761980,gid://shopify/Product/9878827761980,precor-efx-5-23-elliptical-newer-version-w-moving-arms-remanufactured,"Precor EFX 5.23 Elliptical, Newer Version w/Moving Arms (Remanufactured)",ACTIVE,Precor,Product Index,2025-01-14T16:54:02Z,2026-08-04T11:08:51Z,266740007228,Google & YouTube,TRUE
9878827860284,gid://shopify/Product/9878827860284,hoist-cf-3753-7-degree-smith-remanufactured,Hoist CF-3753 7 Degree Smith (Remanufactured),ACTIVE,Hoist Fitness,Product Index,2025-01-14T16:54:09Z,2026-07-29T21:06:28Z,266740007228,Google & YouTube,TRUE
9878828122428,gid://shopify/Product/9878828122428,french-fitness-142-rack-rig-upright-new,"French Fitness 142"" Rack & Rig Upright (New)",ACTIVE,French Fitness,Product Index,2025-01-14T16:54:17Z,2026-07-29T21:06:29Z,266740007228,Google & YouTube,TRUE
9878828286268,gid://shopify/Product/9878828286268,stott-pilates-professional-reformer-remanufactured,Stott Pilates Professional Reformer (Remanufactured),ACTIVE,Stott,Product Index,2025-01-14T16:54:26Z,2026-08-03T08:27:16Z,266740007228,Google & YouTube,TRUE
9878828351804,gid://shopify/Product/9878828351804,precor-efx-524i-elliptical-cross-trainer-remanufactured,Precor EFX 524i Elliptical Cross-Trainer (Remanufactured),ACTIVE,Precor,Product Index,2025-01-14T16:54:28Z,2026-08-04T11:07:28Z,266740007228,Google & YouTube,TRUE
9878828581180,gid://shopify/Product/9878828581180,hoist-hd-1500-multi-press-remanufactured,Hoist HD-1500 Multi-Press (Remanufactured),ACTIVE,Hoist Fitness,Product Index,2025-01-14T16:54:43Z,2026-08-22T21:05:18Z,266740007228,Google & YouTube,TRUE
9878828876092,gid://shopify/Product/9878828876092,life-fitness-signature-series-pl-kneeling-leg-curl-remanufactured,Life Fitness Signature Series PL Kneeling Leg Curl (Remanufactured),ACTIVE,Life Fitness,Product Index,2025-01-14T16:54:53Z,2026-07-29T21:06:28Z,266740007228,Google & YouTube,TRUE
9878828974396,gid://shopify/Product/9878828974396,precor-efx-5-25-elliptical-crosstrainer-remanufactured,Precor EFX 5.25 Elliptical Crosstrainer (Remanufactured),ACTIVE,Precor,Product Index,2025-01-14T16:54:55Z,2026-08-23T06:30:03Z,266740007228,Google & YouTube,TRUE
9878829367612,gid://shopify/Product/9878829367612,hoist-hd-1610-leg-press-calf-raise-remanufactured,Hoist HD-1610 Leg Press / Calf Raise (Remanufactured),ACTIVE,Hoist Fitness,Product Index,2025-01-14T16:55:13Z,2026-07-29T21:06:29Z,266740007228,Google & YouTube,TRUE
9878829531452,gid://shopify/Product/9878829531452,precor-efx-5-31-elliptical-crosstrainer-remanufactured,Precor EFX 5.31 Elliptical Crosstrainer (Remanufactured),ACTIVE,Precor,Product Index,2025-01-14T16:55:26Z,2026-08-04T11:08:52Z,266740007228,Google & YouTube,TRUE
9878829564220,gid://shopify/Product/9878829564220,life-fitness-signature-series-plate-loaded-leg-extension-remanufactured,Life Fitness Signature Series Plate Loaded Leg Extension (Remanufactured),ACTIVE,Life Fitness,Product Index,2025-01-14T16:55:26Z,2026-07-29T21:06:28Z,266740007228,Google & YouTube,TRUE
9878829596988,gid://shopify/Product/9878829596988,french-fitness-72-rack-rig-upright-new,"French Fitness 72"" Rack & Rig Upright (New)",ACTIVE,French Fitness,Product Index,2025-01-14T16:55:28Z,2026-08-21T22:37:26Z,266740007228,Google & YouTube,TRUE
9878830055740,gid://shopify/Product/9878830055740,hoist-hd-2300-mid-row-lat-pulldown-remanufactured,Hoist HD-2300 Mid Row/Lat Pulldown (Remanufactured),ACTIVE,Hoist Fitness,Product Index,2025-01-14T16:55:44Z,2026-07-29T21:06:29Z,266740007228,Google & YouTube,TRUE
9878830252348,gid://shopify/Product/9878830252348,french-fitness-84-rack-rig-upright-7-new,"French Fitness 84"" Rack & Rig Upright 7' (New)",ACTIVE,French Fitness,Product Index,2025-01-14T16:55:52Z,2026-08-06T18:51:56Z,266740007228,Google & YouTube,TRUE
9878830350652,gid://shopify/Product/9878830350652,precor-efx-532i-experience-elliptical-remanufactured,Precor EFX 532i Experience Elliptical (Remanufactured),ACTIVE,Precor,Product Index,2025-01-14T16:55:55Z,2026-08-04T11:07:26Z,266740007228,Google & YouTube,TRUE
9878830448956,gid://shopify/Product/9878830448956,sportsart-g660-elite-eco-powr-treadmill-new,SportsArt G660 Elite Eco-Powr Treadmill (New),ACTIVE,SportsArt,Product Index,2025-01-14T16:55:59Z,2026-07-29T21:06:28Z,266740007228,Google & YouTube,TRUE
9878830907708,gid://shopify/Product/9878830907708,french-fitness-91-rack-rig-upright-new,"French Fitness 91"" Rack & Rig Upright (New)",ACTIVE,French Fitness,Product Index,2025-01-14T16:56:15Z,2026-08-06T18:51:56Z,266740007228,Google & YouTube,TRUE
9878831006012,gid://shopify/Product/9878831006012,hoist-hd-3300-chest-shoulder-press-remanufactured,Hoist HD-3300 Chest / Shoulder Press (Remanufactured),ACTIVE,Hoist Fitness,Product Index,2025-01-14T16:56:16Z,2026-07-29T21:06:29Z,266740007228,Google & YouTube,TRUE
9878831268156,gid://shopify/Product/9878831268156,precor-efx-5-33-elliptical-cross-trainer-remanufactured,Precor EFX 5.33 Elliptical Cross-Trainer (Remanufactured),ACTIVE,Precor,Product Index,2025-01-14T16:56:27Z,2026-08-23T06:30:02Z,266740007228,Google & YouTube,TRUE
9878831825212,gid://shopify/Product/9878831825212,hoist-cf-2179-b-3-way-olympic-bench-remanufactured,Hoist CF-2179-B 3-Way Olympic Bench (Remanufactured),ACTIVE,Hoist Fitness,Product Index,2025-01-14T16:56:47Z,2026-07-29T21:06:29Z,266740007228,Google & YouTube,TRUE
9878832087356,gid://shopify/Product/9878832087356,precor-efx-5-33-premium-series-elliptical-remanufactured,Precor EFX 5.33 Premium Series Elliptical (Remanufactured),ACTIVE,Precor,Product Index,2025-01-14T16:56:56Z,2026-08-04T11:07:26Z,266740007228,Google & YouTube,TRUE
9878832120124,gid://shopify/Product/9878832120124,sportsart-g690-verde-status-eco-powr-treadmill-new,SportsArt G690 Verde Status Eco-Powr Treadmill (New),ACTIVE,SportsArt,Product Index,2025-01-14T16:56:57Z,2026-08-05T07:59:35Z,266740007228,Google & YouTube,TRUE
9878832841020,gid://shopify/Product/9878832841020,hoist-cf-2355-composite-motion-leg-press-remanufactured,Hoist CF-2355 Composite Motion Leg Press (Remanufactured),ACTIVE,Hoist Fitness,Product Index,2025-01-14T16:57:23Z,2026-07-29T21:06:29Z,266740007228,Google & YouTube,TRUE
9878832906556,gid://shopify/Product/9878832906556,precor-efx-534i-elliptical-cross-trainer-remanufactured,Precor EFX 534i Elliptical Cross-Trainer (Remanufactured),ACTIVE,Precor,Product Index,2025-01-14T16:57:26Z,2026-08-04T11:07:26Z,266740007228,Google & YouTube,TRUE
9878833037628,gid://shopify/Product/9878833037628,sportsart-n685-verde-status-eco-natural-treadmill-new,SportsArt N685 Verde Status Eco-Natural Treadmill (New),ACTIVE,SportsArt,Product Index,2025-01-14T16:57:27Z,2026-07-29T21:06:29Z,266740007228,Google & YouTube,TRUE
9878833529148,gid://shopify/Product/9878833529148,precor-efx-534i-experience-commercial-elliptical-remanufactured,Precor EFX 534i Experience Commercial Elliptical (Remanufactured),ACTIVE,Precor,Product Index,2025-01-14T16:57:52Z,2026-08-04T11:04:30Z,266740007228,Google & YouTube,TRUE
9878833594684,gid://shopify/Product/9878833594684,hoist-cf-2367-super-half-rack-remanufactured,Hoist CF-2367 Super Half Rack (Remanufactured),ACTIVE,Hoist Fitness,Product Index,2025-01-14T16:57:58Z,2026-08-22T21:05:17Z,266740007228,Google & YouTube,TRUE
9878834020668,gid://shopify/Product/9878834020668,sportsart-t615-foundation-treadmill-with-eco-glide-contact-heart-rate-new,SportsArt T615 Foundation Treadmill with Eco-Glide/Contact Heart Rate (New),ACTIVE,SportsArt,Product Index,2025-01-14T16:58:12Z,2026-08-04T11:00:15Z,266740007228,Google & YouTube,TRUE
9878834250044,gid://shopify/Product/9878834250044,french-fitness-rack-rig-webbed-safety-catchers-set-of-2-new,French Fitness Rack & Rig Webbed Safety Catchers - Set of 2 (New),ACTIVE,French Fitness,Product Index,2025-01-14T16:58:19Z,2026-08-06T18:51:55Z,266740007228,Google & YouTube,TRUE
9878834315580,gid://shopify/Product/9878834315580,precor-efx-5-35-premium-series-elliptical-remanufactured,Precor EFX 5.35 Premium Series Elliptical (Remanufactured),ACTIVE,Precor,Product Index,2025-01-14T16:58:21Z,2026-08-04T11:06:58Z,266740007228,Google & YouTube,TRUE
9878834544956,gid://shopify/Product/9878834544956,hoist-cf-3355-angled-linear-leg-press-remanufactured,Hoist CF-3355 Angled Linear Leg Press (Remanufactured),ACTIVE,Hoist Fitness,Product Index,2025-01-14T16:58:32Z,2026-07-29T21:06:30Z,266740007228,Google & YouTube,TRUE
9878834643260,gid://shopify/Product/9878834643260,sportsart-t615m-medical-rehabilitation-treadmill-new,SportsArt T615M Medical Rehabilitation Treadmill (New),ACTIVE,SportsArt,Product Index,2025-01-14T16:58:36Z,2026-08-04T10:54:51Z,266740007228,Google & YouTube,TRUE
9878835167548,gid://shopify/Product/9878835167548,precor-efx-536i-experience-commercial-elliptical-remanufactured,Precor EFX 536i Experience Commercial Elliptical (Remanufactured),ACTIVE,Precor,Product Index,2025-01-14T16:58:50Z,2026-08-04T11:06:58Z,266740007228,Google & YouTube,TRUE
9878835691836,gid://shopify/Product/9878835691836,hoist-dual-400-leg-extension-seated-leg-curl-remanufactured,Hoist Dual 400 Leg Extension / Seated Leg Curl (Remanufactured),ACTIVE,Hoist Fitness,Product Index,2025-01-14T16:59:05Z,2026-07-29T21:06:29Z,266740007228,Google & YouTube,TRUE
9878836052284,gid://shopify/Product/9878836052284,precor-efx-5-37-premium-elliptical-crosstrainer-remanufactured,Precor EFX 5.37 Premium Elliptical Crosstrainer (Remanufactured),ACTIVE,Precor,Product Index,2025-01-14T16:59:21Z,2026-08-04T11:08:51Z,266740007228,Google & YouTube,TRUE
9878836085052,gid://shopify/Product/9878836085052,sportsart-t635a-foundation-ac-motor-treadmill-new,SportsArt T635A Foundation AC Motor Treadmill (New),ACTIVE,SportsArt,Product Index,2025-01-14T16:59:21Z,2026-08-04T11:00:12Z,266740007228,Google & YouTube,TRUE
9878836412732,gid://shopify/Product/9878836412732,hoist-hd1800-inner-outer-thigh-hip-ad-ab-remanufactured,Hoist HD1800 Inner/Outer Thigh Hip Ad/Ab (Remanufactured),ACTIVE,Hoist Fitness,Product Index,2025-01-14T16:59:34Z,2026-07-29T21:06:30Z,266740007228,Google & YouTube,TRUE
9878836642108,gid://shopify/Product/9878836642108,sportsart-t645l-performance-treadmill-new,SportsArt T645L Performance Treadmill (New),ACTIVE,SportsArt,Product Index,2025-01-14T16:59:46Z,2026-08-04T11:00:16Z,266740007228,Google & YouTube,TRUE
9878836674876,gid://shopify/Product/9878836674876,precor-efx-544-elliptical-remanufactured,Precor EFX 544 Elliptical (Remanufactured),ACTIVE,Precor,Product Index,2025-01-14T16:59:48Z,2026-08-04T11:08:49Z,266740007228,Google & YouTube,TRUE
9878837100860,gid://shopify/Product/9878837100860,hoist-hd-1900-dual-pulley-system-adjustable-remanufactured,Hoist HD-1900 Dual Pulley System Adjustable (Remanufactured),ACTIVE,Hoist Fitness,Product Index,2025-01-14T17:00:03Z,2026-07-29T21:06:30Z,266740007228,Google & YouTube,TRUE
9878837264700,gid://shopify/Product/9878837264700,sportsart-t655md-rehabilitation-treadmill-new,SportsArt T655MD Rehabilitation Treadmill (New),ACTIVE,SportsArt,Product Index,2025-01-14T17:00:11Z,2026-08-04T11:00:13Z,266740007228,Google & YouTube,TRUE
9878837428540,gid://shopify/Product/9878837428540,precor-efx-546i-v3-elliptical-cross-trainer-remanufactured,Precor EFX 546i V3 Elliptical Cross-Trainer (Remanufactured),ACTIVE,Precor,Product Index,2025-01-14T17:00:17Z,2026-08-04T11:04:02Z,266740007228,Google & YouTube,TRUE
9878837854524,gid://shopify/Product/9878837854524,french-fitness-rubber-roll-gym-flooring-10m-x-1m-new,French Fitness Rubber Roll Gym Flooring (10m x 1m) (New),ACTIVE,French Fitness,Product Index,2025-01-14T17:00:22Z,2026-08-19T14:39:37Z,266740007228,Google & YouTube,TRUE
9878838509884,gid://shopify/Product/9878838509884,sportsart-t655ms-rehabilitation-treadmill-new,SportsArt T655MS Rehabilitation Treadmill (New),ACTIVE,SportsArt,Product Index,2025-01-14T17:00:37Z,2026-08-04T11:00:13Z,266740007228,Google & YouTube,TRUE
9878839099708,gid://shopify/Product/9878839099708,precor-efx-546i-experience-elliptical-cross-trainer-remanufactured,Precor EFX 546i Experience Elliptical Cross-Trainer (Remanufactured),ACTIVE,Precor,Product Index,2025-01-14T17:00:44Z,2026-08-04T11:02:36Z,266740007228,Google & YouTube,TRUE
9878844539196,gid://shopify/Product/9878844539196,sportsart-t663-essentials-series-cardio-treadmill-new,SportsArt T663 Essentials Series Cardio Treadmill (New),ACTIVE,SportsArt,Product Index,2025-01-14T17:01:01Z,2026-08-04T13:35:39Z,266740007228,Google & YouTube,TRUE
9878847127868,gid://shopify/Product/9878847127868,precor-efx-546i-v4-pre-experience-elliptical-remanufactured,Precor EFX 546i V4 Pre-Experience Elliptical (Remanufactured),ACTIVE,Precor,Product Index,2025-01-14T17:01:13Z,2026-08-22T23:01:46Z,266740007228,Google & YouTube,TRUE
9878848831804,gid://shopify/Product/9878848831804,sportsart-t663m-rehabilitation-essentials-series-cardio-treadmill-new,SportsArt T663M Rehabilitation Essentials Series Cardio Treadmill (New),ACTIVE,SportsArt,Product Index,2025-01-14T17:01:26Z,2026-08-04T11:00:16Z,266740007228,Google & YouTube,TRUE
9878849323324,gid://shopify/Product/9878849323324,precor-efx-554i-v3-elliptical-remanufactured,Precor EFX 554i V3 Elliptical (Remanufactured),ACTIVE,Precor,Product Index,2025-01-14T17:01:40Z,2026-08-04T11:08:51Z,266740007228,Google & YouTube,TRUE
9878849552700,gid://shopify/Product/9878849552700,sportsart-t665-essentials-series-cardio-treadmill-new,SportsArt T665 Essentials Series Cardio Treadmill (New),ACTIVE,SportsArt,Product Index,2025-01-14T17:01:50Z,2026-08-04T11:00:15Z,266740007228,Google & YouTube,TRUE
9878849978684,gid://shopify/Product/9878849978684,hoist-hd-3400-leg-extension-seated-leg-curl-remanufactured,Hoist HD-3400 Leg Extension / Seated Leg Curl (Remanufactured),ACTIVE,Hoist Fitness,Product Index,2025-01-14T17:02:00Z,2026-07-29T21:07:14Z,266740007228,Google & YouTube,TRUE
9878850306364,gid://shopify/Product/9878850306364,precor-efx-556-v3-cordless-elliptical-cross-trainer-remanufactured,Precor EFX 556 V3 Cordless Elliptical Cross-Trainer (Remanufactured),ACTIVE,Precor,Product Index,2025-01-14T17:02:07Z,2026-07-29T21:07:12Z,266740007228,Google & YouTube,TRUE
9878850502972,gid://shopify/Product/9878850502972,sportsart-t673l-prime-eco-natural-treadmill-new,SportsArt T673L Prime Eco-Natural Treadmill (New),ACTIVE,SportsArt,Product Index,2025-01-14T17:02:17Z,2026-07-29T21:07:11Z,266740007228,Google & YouTube,TRUE
9878850634044,gid://shopify/Product/9878850634044,french-fitness-pvc-slam-ball-100-lb-new,French Fitness PVC Slam Ball 100 lb (New),ACTIVE,French Fitness,Product Index,2025-01-14T17:02:26Z,2026-08-06T18:51:53Z,266740007228,Google & YouTube,TRUE
9878850732348,gid://shopify/Product/9878850732348,hoist-smith-machine-w-plate-holders-remanufactured,Hoist Smith Machine w/Plate Holders (Remanufactured),ACTIVE,Hoist Fitness,Product Index,2025-01-14T17:02:31Z,2026-07-29T21:07:11Z,266740007228,Google & YouTube,TRUE
9878850797884,gid://shopify/Product/9878850797884,precor-efx-556i-experience-elliptical-cross-trainer-remanufactured,Precor EFX 556i Experience Elliptical Cross-Trainer (Remanufactured),ACTIVE,Precor,Product Index,2025-01-14T17:02:34Z,2026-08-04T11:07:01Z,266740007228,Google & YouTube,TRUE
9878851092796,gid://shopify/Product/9878851092796,sportsart-t673l-16-senza-prime-treadmill-new,SportsArt T673L-16 SENZA Prime Treadmill (New),ACTIVE,SportsArt,Product Index,2025-01-14T17:02:44Z,2026-07-29T21:07:12Z,266740007228,Google & YouTube,TRUE
9878851486012,gid://shopify/Product/9878851486012,hammer-strength-select-abdominal-crunch-remanufactured,Hammer Strength Select Abdominal Crunch (Remanufactured),ACTIVE,Hammer Strength,Product Index,2025-01-14T17:03:03Z,2026-07-29T21:07:12Z,266740007228,Google & YouTube,TRUE
9878851518780,gid://shopify/Product/9878851518780,precor-efx-556i-v4-pre-experience-elliptical-remanufactured,Precor EFX 556i V4 Pre-Experience Elliptical (Remanufactured),ACTIVE,Precor,Product Index,2025-01-14T17:03:04Z,2026-08-04T11:07:01Z,266740007228,Google & YouTube,TRUE
9878851715388,gid://shopify/Product/9878851715388,french-fitness-pvc-slam-ball-set-of-5-10-to-30-lbs-new,French Fitness PVC Slam Ball Set of 5 (10 to 30 lbs) (New),ACTIVE,French Fitness,Product Index,2025-01-14T17:03:09Z,2026-08-10T19:54:17Z,266740007228,Google & YouTube,TRUE
9878851879228,gid://shopify/Product/9878851879228,sportsart-t674l-eco-natural-elite-treadmill-new,SportsArt T674L Eco-Natural Elite Treadmill (New),ACTIVE,SportsArt,Product Index,2025-01-14T17:03:12Z,2026-07-29T21:07:12Z,266740007228,Google & YouTube,TRUE
9878853386556,gid://shopify/Product/9878853386556,precor-efx-556i-navy-elliptical-cross-trainer-remanufactured,Precor EFX 556i Navy Elliptical Cross-Trainer (Remanufactured),ACTIVE,Precor,Product Index,2025-01-14T17:03:31Z,2026-08-04T11:06:56Z,266740007228,Google & YouTube,TRUE
9878853517628,gid://shopify/Product/9878853517628,hammer-strength-select-biceps-curl-remanufactured,Hammer Strength Select Biceps Curl (Remanufactured),ACTIVE,Hammer Strength,Product Index,2025-01-14T17:03:32Z,2026-08-04T05:35:11Z,266740007228,Google & YouTube,TRUE
9878853910844,gid://shopify/Product/9878853910844,sportsart-t674l-16-senza-elite-treadmill-new,SportsArt T674L-16 SENZA Elite Treadmill (New),ACTIVE,SportsArt,Product Index,2025-01-14T17:03:45Z,2026-07-29T21:07:12Z,266740007228,Google & YouTube,TRUE
9878854140220,gid://shopify/Product/9878854140220,french-fitness-14-slam-ball-non-bounce-medicine-ball-set-of-5-10-to-30-lbs-new,"French Fitness 14"" Slam Ball - Non-Bounce Medicine Ball Set of 5 (10 to 30 lbs) (New)",ACTIVE,French Fitness,Product Index,2025-01-14T17:03:55Z,2026-08-19T01:48:56Z,266740007228,Google & YouTube,TRUE
9878854271292,gid://shopify/Product/9878854271292,precor-efx-556-version-2-elliptical-cross-trainer-remanufactured,Precor EFX 556 Version 2 Elliptical Cross-Trainer (Remanufactured),ACTIVE,Precor,Product Index,2025-01-14T17:04:00Z,2026-08-04T11:06:57Z,266740007228,Google & YouTube,TRUE
9878854304060,gid://shopify/Product/9878854304060,hammer-strength-olympic-flat-bench-w-weight-storage-remanufactured,Hammer Strength Olympic Flat Bench w/Weight Storage (Remanufactured),ACTIVE,Hammer Strength,Product Index,2025-01-14T17:04:02Z,2026-07-29T21:07:11Z,266740007228,Google & YouTube,TRUE
9878854795580,gid://shopify/Product/9878854795580,sportsart-t676-eco-natural-status-treadmill-new,SportsArt T676 Eco-Natural Status Treadmill (New),ACTIVE,SportsArt,Product Index,2025-01-14T17:04:22Z,2026-07-29T21:07:11Z,266740007228,Google & YouTube,TRUE
9878854959420,gid://shopify/Product/9878854959420,precor-efx-576i-v4-elliptical-remanufactured,Precor EFX 576i V4 Elliptical (Remanufactured),ACTIVE,Precor,Product Index,2025-01-14T17:04:30Z,2026-08-23T06:30:02Z,266740007228,Google & YouTube,TRUE
9878855156028,gid://shopify/Product/9878855156028,hammer-strength-select-lat-pulldown-hs-pd-remanufactured,Hammer Strength Select Lat Pulldown (HS-PD) (Remanufactured),ACTIVE,Hammer Strength,Product Index,2025-01-14T17:04:38Z,2026-08-04T08:10:56Z,266740007228,Google & YouTube,TRUE
9878855418172,gid://shopify/Product/9878855418172,sportsart-t676-19-senza-status-treadmill-new,SportsArt T676-19 Senza Status Treadmill (New),ACTIVE,SportsArt,Product Index,2025-01-14T17:04:56Z,2026-08-04T11:00:13Z,266740007228,Google & YouTube,TRUE
9878855450940,gid://shopify/Product/9878855450940,precor-efx-813-elliptical-crosstrainer-w-p10-console-remanufactured,Precor EFX 813 Elliptical Crosstrainer w/ p10 Console (Remanufactured),ACTIVE,Precor,Product Index,2025-01-14T17:04:56Z,2026-08-04T11:06:58Z,266740007228,Google & YouTube,TRUE
9878857220412,gid://shopify/Product/9878857220412,hammer-strength-select-seated-row-remanufactured,Hammer Strength Select Seated Row (Remanufactured),ACTIVE,Hammer Strength,Product Index,2025-01-14T17:05:22Z,2026-07-29T21:07:16Z,266740007228,Google & YouTube,TRUE
9878858989884,gid://shopify/Product/9878858989884,precor-efx-815-elliptical-crosstrainer-w-p10-console-remanufactured,Precor EFX 815 Elliptical Crosstrainer w/p10 Console (Remanufactured),ACTIVE,Precor,Product Index,2025-01-14T17:05:29Z,2026-08-23T06:30:02Z,266740007228,Google & YouTube,TRUE
9878863774012,gid://shopify/Product/9878863774012,hammer-strength-select-triceps-extension-remanufactured,Hammer Strength Select Triceps Extension (Remanufactured),ACTIVE,Hammer Strength,Product Index,2025-01-14T17:05:52Z,2026-07-29T21:07:12Z,266740007228,Google & YouTube,TRUE
9878865183036,gid://shopify/Product/9878865183036,precor-efx-833-elliptical-crosstrainer-w-p30-console-remanufactured,Precor EFX 833 Elliptical Crosstrainer w/ p30 Console (Remanufactured),ACTIVE,Precor,Product Index,2025-01-14T17:06:00Z,2026-08-23T06:30:02Z,266740007228,Google & YouTube,TRUE
9878866067772,gid://shopify/Product/9878866067772,life-fitness-signature-series-biceps-curl-remanufactured,Life Fitness Signature Series Biceps Curl (Remanufactured),ACTIVE,Life Fitness,Product Index,2025-01-14T17:06:10Z,2026-07-29T21:07:11Z,266740007228,Google & YouTube,TRUE
9878866297148,gid://shopify/Product/9878866297148,french-fitness-pvc-slam-ball-set-of-8-5-to-40-lbs-new,French Fitness PVC Slam Ball Set of 8 (5 to 40 lbs) (New),ACTIVE,French Fitness,Product Index,2025-01-14T17:06:12Z,2026-08-06T18:51:50Z,266740007228,Google & YouTube,TRUE
9878866886972,gid://shopify/Product/9878866886972,hammer-strength-utility-bench-75-degree-remanufactured,Hammer Strength Utility Bench-75 Degree (Remanufactured),ACTIVE,Hammer Strength,Product Index,2025-01-14T17:06:21Z,2026-07-29T21:07:11Z,266740007228,Google & YouTube,TRUE
9878867345724,gid://shopify/Product/9878867345724,precor-efx-835-elliptical-crosstrainer-w-p30-console-remanufactured,Precor EFX 835 Elliptical Crosstrainer w/p30 Console (Remanufactured),ACTIVE,Precor,Product Index,2025-01-14T17:06:32Z,2026-08-23T06:30:02Z,266740007228,Google & YouTube,TRUE
9878868164924,gid://shopify/Product/9878868164924,life-fitness-signature-triceps-press-seated-dip-remanufactured,Life Fitness Signature Triceps Press / Seated Dip (Remanufactured),ACTIVE,Life Fitness,Product Index,2025-01-14T17:06:39Z,2026-07-29T21:07:12Z,266740007228,Google & YouTube,TRUE
9878868656444,gid://shopify/Product/9878868656444,hammer-strength-select-chin-dip-assist-remanufactured,Hammer Strength Select Chin Dip / Assist (Remanufactured),ACTIVE,Hammer Strength,Product Index,2025-01-14T17:06:51Z,2026-07-29T21:07:13Z,266740007228,Google & YouTube,TRUE
9878869016892,gid://shopify/Product/9878869016892,precor-efx-883-elliptical-cross-trainer-w-p80-console-remanufactured,Precor EFX 883 Elliptical Cross-Trainer w/p80 Console (Remanufactured),ACTIVE,Precor,Product Index,2025-01-14T17:07:02Z,2026-08-23T06:30:07Z,266740007228,Google & YouTube,TRUE
9878869147964,gid://shopify/Product/9878869147964,star-trac-10-series-freerunner-treadmill-w-19-embedded-display-remanufactured,"Star Trac 10 Series Freerunner Treadmill w/19"" Embedded Display (Remanufactured)",ACTIVE,Star Trac,Product Index,2025-01-14T17:07:08Z,2026-08-04T11:01:05Z,266740007228,Google & YouTube,TRUE
9878869410108,gid://shopify/Product/9878869410108,french-fitness-pvc-slam-ball-set-of-10-5-to-50-lbs-new,French Fitness PVC Slam Ball Set of 10 (5 to 50 lbs) (New),ACTIVE,French Fitness,Product Index,2025-01-14T17:07:24Z,2026-07-29T21:07:16Z,266740007228,Google & YouTube,TRUE
9878869508412,gid://shopify/Product/9878869508412,precor-efx-883-elliptical-crosstrainer-w-p82-console-remanufactured,Precor EFX 883 Elliptical Crosstrainer w/p82 Console (Remanufactured),ACTIVE,Precor,Product Index,2025-01-14T17:07:31Z,2026-08-22T21:05:19Z,266740007228,Google & YouTube,TRUE
9878869606716,gid://shopify/Product/9878869606716,hammer-strength-glute-ham-bench-ghd-remanufactured,Hammer Strength Glute Ham Bench GHD (Remanufactured),ACTIVE,Hammer Strength,Product Index,2025-01-14T17:07:38Z,2026-07-29T21:07:12Z,266740007228,Google & YouTube,TRUE
9878869737788,gid://shopify/Product/9878869737788,star-trac-10-series-freerunner-treadmill-w-20-embedded-display-new,"Star Trac 10 Series Freerunner Treadmill w/20"" Embedded Display (New)",ACTIVE,Star Trac,Product Index,2025-01-14T17:07:39Z,2026-08-04T10:55:21Z,266740007228,Google & YouTube,TRUE
9878870196540,gid://shopify/Product/9878870196540,precor-efx-885-elliptical-crosstrainer-w-p80-console-remanufactured,Precor EFX 885 Elliptical Crosstrainer w/ p80 Console (Remanufactured),ACTIVE,Precor,Product Index,2025-01-14T17:08:02Z,2026-08-04T11:04:02Z,266740007228,Google & YouTube,TRUE
9878870393148,gid://shopify/Product/9878870393148,hammer-strength-select-chest-press-remanufactured,Hammer Strength Select Chest Press (Remanufactured),ACTIVE,Hammer Strength,Product Index,2025-01-14T17:08:07Z,2026-07-29T21:07:13Z,266740007228,Google & YouTube,TRUE
9878870982972,gid://shopify/Product/9878870982972,precor-efx-885-elliptical-crosstrainer-w-p82-console-remanufactured,Precor EFX 885 Elliptical Crosstrainer w/ p82 Console (Remanufactured),ACTIVE,Precor,Product Index,2025-01-14T17:08:31Z,2026-08-22T21:05:18Z,266740007228,Google & YouTube,TRUE
9878871474492,gid://shopify/Product/9878871474492,hammer-strength-select-pectoral-pec-fly-rear-deltoid-remanufactured,Hammer Strength Select Pectoral Pec Fly / Rear Deltoid (Remanufactured),ACTIVE,Hammer Strength,Product Index,2025-01-14T17:08:56Z,2026-07-29T21:07:14Z,266740007228,Google & YouTube,TRUE
9878872097084,gid://shopify/Product/9878872097084,star-trac-s-series-upright-bike-w-lcd-black-new,Star Trac S Series Upright Bike w/LCD - Black (New),ACTIVE,Star Trac,Product Index,2025-01-14T17:09:17Z,2026-07-29T21:07:12Z,266740007228,Google & YouTube,TRUE
9878872326460,gid://shopify/Product/9878872326460,hammer-strength-select-fixed-pulldown-remanufactured,Hammer Strength Select Fixed Pulldown (Remanufactured),ACTIVE,Hammer Strength,Product Index,2025-01-14T17:09:24Z,2026-07-29T21:07:14Z,266740007228,Google & YouTube,TRUE
9878872359228,gid://shopify/Product/9878872359228,expresso-go-recumbent-bike-remanufactured,Expresso GO Recumbent Bike (Remanufactured),ACTIVE,Expresso Fitness,Product Index,2025-01-14T17:09:26Z,2026-07-29T21:07:11Z,266740007228,Google & YouTube,TRUE
9878873047356,gid://shopify/Product/9878873047356,hammer-strength-barbell-rack-remanufactured,Hammer Strength Barbell Rack (Remanufactured),ACTIVE,Hammer Strength,Product Index,2025-01-14T17:09:53Z,2026-07-29T21:07:12Z,266740007228,Google & YouTube,TRUE
9878873112892,gid://shopify/Product/9878873112892,star-trac-elite-6230-pro-elliptical-remanufactured,Star Trac Elite 6230 Pro Elliptical (Remanufactured),ACTIVE,Star Trac,Product Index,2025-01-14T17:09:55Z,2026-08-23T06:30:02Z,266740007228,Google & YouTube,TRUE
9878873243964,gid://shopify/Product/9878873243964,star-trac-s-series-recumbent-bike-w-lcd-black-new,Star Trac S Series Recumbent Bike w/LCD - Black (New),ACTIVE,Star Trac,Product Index,2025-01-14T17:10:01Z,2026-07-29T21:07:12Z,266740007228,Google & YouTube,TRUE
9878874161468,gid://shopify/Product/9878874161468,star-trac-espinner-indoor-cycle-remanufactured,Star Trac eSpinner Indoor Cycle (Remanufactured),ACTIVE,Star Trac,Product Index,2025-01-14T17:10:22Z,2026-07-29T21:07:15Z,266740007228,Google & YouTube,TRUE
9878874325308,gid://shopify/Product/9878874325308,star-trac-s-series-recumbent-bike-w-lcd-silver-remanufactured,Star Trac S Series Recumbent Bike w/LCD - Silver (Remanufactured),ACTIVE,Star Trac,Product Index,2025-01-14T17:10:30Z,2026-07-29T21:07:12Z,266740007228,Google & YouTube,TRUE
9878875013436,gid://shopify/Product/9878875013436,star-trac-espinner-7200-indoor-cycle-remanufactured,Star Trac eSpinner 7200 Indoor Cycle (Remanufactured),ACTIVE,Star Trac,Product Index,2025-01-14T17:10:53Z,2026-07-29T21:07:12Z,266740007228,Google & YouTube,TRUE
9878875341116,gid://shopify/Product/9878875341116,star-trac-s-series-cross-trainer-w-lcd-black-new,Star Trac S Series Cross Trainer w/LCD - Black (New),ACTIVE,Star Trac,Product Index,2025-01-14T17:11:02Z,2026-08-23T06:30:03Z,266740007228,Google & YouTube,TRUE
9878875439420,gid://shopify/Product/9878875439420,french-fitness-pvc-slam-ball-70-lb-new,French Fitness PVC Slam Ball 70 lb (New),ACTIVE,French Fitness,Product Index,2025-01-14T17:11:07Z,2026-08-18T23:36:57Z,266740007228,Google & YouTube,TRUE
9878875832636,gid://shopify/Product/9878875832636,expresso-go-recumbent-bike-new,Expresso GO Recumbent Bike (New),ACTIVE,Expresso Fitness,Product Index,2025-01-14T17:11:25Z,2026-07-29T21:07:11Z,266740007228,Google & YouTube,TRUE
9878876029244,gid://shopify/Product/9878876029244,star-trac-4-series-cross-trainer-w-10-touch-display-black-new,"Star Trac 4 Series Cross Trainer w/10"" Touch Display - Black (New)",ACTIVE,Star Trac,Product Index,2025-01-14T17:11:32Z,2026-08-04T11:07:56Z,266740007228,Google & YouTube,TRUE
9878876520764,gid://shopify/Product/9878876520764,french-fitness-pvc-slam-ball-80-lb-new,French Fitness PVC Slam Ball 80 lb (New),ACTIVE,French Fitness,Product Index,2025-01-14T17:11:49Z,2026-08-06T18:51:46Z,266740007228,Google & YouTube,TRUE
9878876684604,gid://shopify/Product/9878876684604,expresso-go-upright-bike-remanufactured,Expresso GO Upright Bike (Remanufactured),ACTIVE,Expresso Fitness,Product Index,2025-01-14T17:11:54Z,2026-07-29T21:07:13Z,266740007228,Google & YouTube,TRUE
9878876815676,gid://shopify/Product/9878876815676,star-trac-4-series-cross-trainer-w-10-lcd-black-new,"Star Trac 4 Series Cross Trainer w/10"" LCD - Black (New)",ACTIVE,Star Trac,Product Index,2025-01-14T17:11:58Z,2026-08-04T11:07:57Z,266740007228,Google & YouTube,TRUE
9878877176124,gid://shopify/Product/9878877176124,french-fitness-pvc-slam-ball-90-lb-new,French Fitness PVC Slam Ball 90 lb (New),ACTIVE,French Fitness,Product Index,2025-01-14T17:12:10Z,2026-08-06T18:51:46Z,266740007228,Google & YouTube,TRUE
9878877274428,gid://shopify/Product/9878877274428,hammer-strength-half-rack-remanufactured,Hammer Strength Half Rack (Remanufactured),ACTIVE,Hammer Strength,Product Index,2025-01-14T17:12:14Z,2026-07-29T21:07:13Z,266740007228,Google & YouTube,TRUE
9878877569340,gid://shopify/Product/9878877569340,expresso-fitness-hd-upright-bike-hdu-remanufactured,Expresso Fitness HD Upright Bike HDU (Remanufactured),ACTIVE,Expresso Fitness,Product Index,2025-01-14T17:12:26Z,2026-08-22T01:01:06Z,266740007228,Google & YouTube,TRUE
9878877667644,gid://shopify/Product/9878877667644,french-fitness-12-set-sandbag-power-bag-rack-new,French Fitness 12 Set Sandbag Power Bag Rack (New),ACTIVE,French Fitness,Product Index,2025-01-14T17:12:30Z,2026-08-07T15:57:52Z,266740007228,Google & YouTube,TRUE
9878877929788,gid://shopify/Product/9878877929788,star-trac-4-series-cross-trainer-w-15-embedded-display-black-new,"Star Trac 4 Series Cross Trainer w/15"" Embedded Display - Black (New)",ACTIVE,Star Trac,Product Index,2025-01-14T17:12:40Z,2026-08-04T11:07:56Z,266740007228,Google & YouTube,TRUE
9878878028092,gid://shopify/Product/9878878028092,hammer-strength-hd-elite-adjustable-bench-w-dock-n-lock-remanufactured,Hammer Strength HD Elite Adjustable Bench w/Dock-N’-Lock (Remanufactured),ACTIVE,Hammer Strength,Product Index,2025-01-14T17:12:45Z,2026-07-29T21:07:12Z,266740007228,Google & YouTube,TRUE
9878878224700,gid://shopify/Product/9878878224700,french-fitness-ff-sc15-stretch-cage-silver-new,French Fitness FF-SC15 Stretch Cage - Silver (New),ACTIVE,French Fitness,Product Index,2025-01-14T17:12:55Z,2026-08-22T23:01:46Z,266740007228,Google & YouTube,TRUE
9878878290236,gid://shopify/Product/9878878290236,versaclimber-exervibe-stepper-remanufactured,Versaclimber ExerVibe Stepper (Remanufactured),ACTIVE,Versaclimber,Product Index,2025-01-14T17:12:57Z,2026-07-29T21:07:13Z,266740007228,Google & YouTube,TRUE
9878878519612,gid://shopify/Product/9878878519612,star-trac-4-series-recumbent-bike-w-10-touch-display-black-new,"Star Trac 4 Series Recumbent Bike w/10"" Touch Display - Black (New)",ACTIVE,Star Trac,Product Index,2025-01-14T17:13:06Z,2026-07-29T21:07:13Z,266740007228,Google & YouTube,TRUE
9878878748988,gid://shopify/Product/9878878748988,french-fitness-ff-sc15-stretch-cage-black-new,French Fitness FF-SC15 Stretch Cage - Black (New),ACTIVE,French Fitness,Product Index,2025-01-14T17:13:22Z,2026-08-23T06:30:03Z,266740007228,Google & YouTube,TRUE
9878878847292,gid://shopify/Product/9878878847292,life-fitness-f1-smart-foldable-treadmill-remanufactured,Life Fitness F1 Smart Foldable Treadmill (Remanufactured),ACTIVE,Life Fitness,Product Index,2025-01-14T17:13:24Z,2026-08-04T11:01:04Z,266740007228,Google & YouTube,TRUE
9878878945596,gid://shopify/Product/9878878945596,star-trac-4-series-recumbent-bike-w-10-lcd-black-new,"Star Trac 4 Series Recumbent Bike w/10"" LCD - Black (New)",ACTIVE,Star Trac,Product Index,2025-01-14T17:13:32Z,2026-08-19T04:43:33Z,266740007228,Google & YouTube,TRUE
9878879011132,gid://shopify/Product/9878879011132,hammer-strength-hd-elite-half-rack-remanufactured,Hammer Strength HD Elite Half Rack (Remanufactured),ACTIVE,Hammer Strength,Product Index,2025-01-14T17:13:34Z,2026-07-29T21:07:12Z,266740007228,Google & YouTube,TRUE
9878879633724,gid://shopify/Product/9878879633724,life-fitness-f3-foldable-treadmill-w-advanced-console-remanufactured,Life Fitness F3 Foldable Treadmill w/Advanced Console (Remanufactured),ACTIVE,Life Fitness,Product Index,2025-01-14T17:13:54Z,2026-08-04T11:01:06Z,266740007228,Google & YouTube,TRUE
9878879830332,gid://shopify/Product/9878879830332,star-trac-4-series-recumbent-bike-w-15-embedded-display-black-new,"Star Trac 4 Series Recumbent Bike w/15"" Embedded Display - Black (New)",ACTIVE,Star Trac,Product Index,2025-01-14T17:14:00Z,2026-07-29T21:07:13Z,266740007228,Google & YouTube,TRUE
9878880026940,gid://shopify/Product/9878880026940,french-fitness-stair-climber-stepper-sc600-new,French Fitness Stair Climber Stepper SC600 (New),ACTIVE,French Fitness,Product Index,2025-01-14T17:14:08Z,2026-08-25T08:39:34Z,266740007228,Google & YouTube,TRUE
9878880747836,gid://shopify/Product/9878880747836,star-trac-4-series-treadmill-w-10-touch-display-black-new,"Star Trac 4 Series Treadmill w/10"" Touch Display - Black (New)",ACTIVE,Star Trac,Product Index,2025-01-14T17:14:26Z,2026-08-04T10:55:21Z,266740007228,Google & YouTube,TRUE
9878882287932,gid://shopify/Product/9878882287932,french-fitness-standard-cast-iron-1-weight-plate-set-190-lbs-new,"French Fitness Standard Cast Iron 1"" Weight Plate Set 190 lbs (New)",ACTIVE,French Fitness,Product Index,2025-01-14T17:14:53Z,2026-08-06T18:51:45Z,266740007228,Google & YouTube,TRUE
9878882386236,gid://shopify/Product/9878882386236,star-trac-4-series-treadmill-w-10-lcd-black-new,"Star Trac 4 Series Treadmill w/10"" LCD - Black (New)",ACTIVE,Star Trac,Product Index,2025-01-14T17:14:55Z,2026-08-23T06:30:07Z,266740007228,Google & YouTube,TRUE
9878884548924,gid://shopify/Product/9878884548924,hammer-strength-olympic-multi-rack-squat-rack-remanufactured,Hammer Strength Olympic Multi Rack / Squat Rack (Remanufactured),ACTIVE,Hammer Strength,Product Index,2025-01-14T17:15:16Z,2026-07-29T21:07:12Z,266740007228,Google & YouTube,TRUE
9878885237052,gid://shopify/Product/9878885237052,star-trac-4-series-treadmill-w-15-embedded-display-black-new,"Star Trac 4 Series Treadmill w/15"" Embedded Display - Black (New)",ACTIVE,Star Trac,Product Index,2025-01-14T17:15:26Z,2026-08-04T10:55:19Z,266740007228,Google & YouTube,TRUE
9878885466428,gid://shopify/Product/9878885466428,first-degree-fitness-e750-cycle-ube-fluid-exercise-new,First Degree Fitness E750 Cycle UBE Fluid Exercise (New),ACTIVE,First Degree Fitness,Product Index,2025-01-14T17:15:35Z,2026-07-29T21:07:12Z,266740007228,Google & YouTube,TRUE
9878885826876,gid://shopify/Product/9878885826876,hammer-strength-hd-elite-power-rack-remanufactured,Hammer Strength HD Elite Power Rack (Remanufactured),ACTIVE,Hammer Strength,Product Index,2025-01-14T17:15:44Z,2026-08-22T21:05:17Z,266740007228,Google & YouTube,TRUE
9878886285628,gid://shopify/Product/9878886285628,star-trac-4-series-upright-bike-w-10-touch-display-black-new,"Star Trac 4 Series Upright Bike w/10"" Touch Display - Black (New)",ACTIVE,Star Trac,Product Index,2025-01-14T17:15:55Z,2026-07-29T21:07:12Z,266740007228,Google & YouTube,TRUE
9878886515004,gid://shopify/Product/9878886515004,french-fitness-standard-cast-iron-1-weight-plate-set-260-lbs-new,"French Fitness Standard Cast Iron 1"" Weight Plate Set 260 lbs (New)",ACTIVE,French Fitness,Product Index,2025-01-14T17:16:00Z,2026-08-06T18:51:44Z,266740007228,Google & YouTube,TRUE
9878886777148,gid://shopify/Product/9878886777148,first-degree-fitness-viking-pro-xl-rower-new,First Degree Fitness Viking Pro XL Rower (New),ACTIVE,First Degree Fitness,Product Index,2025-01-14T17:16:06Z,2026-08-23T06:30:03Z,266740007228,Google & YouTube,TRUE
9878887530812,gid://shopify/Product/9878887530812,hammer-strength-select-hip-and-glute-remanufactured,Hammer Strength Select Hip and Glute (Remanufactured),ACTIVE,Hammer Strength,Product Index,2025-01-14T17:16:18Z,2026-07-29T21:07:13Z,266740007228,Google & YouTube,TRUE
9878887792956,gid://shopify/Product/9878887792956,star-trac-4-series-upright-bike-w-10-lcd-black-new,"Star Trac 4 Series Upright Bike w/10"" LCD - Black (New)",ACTIVE,Star Trac,Product Index,2025-01-14T17:16:20Z,2026-07-29T21:07:12Z,266740007228,Google & YouTube,TRUE
9878889824572,gid://shopify/Product/9878889824572,hammer-strength-iso-lat-front-lat-pulldown-ilpd-plate-loaded-remanufactured,Hammer Strength ISO-Lat Front Lat Pulldown ILPD Plate Loaded (Remanufactured),ACTIVE,Hammer Strength,Product Index,2025-01-14T17:16:48Z,2026-07-29T21:07:12Z,266740007228,Google & YouTube,TRUE
9878889857340,gid://shopify/Product/9878889857340,star-trac-4-series-upright-bike-w-15-embedded-display-black-new,"Star Trac 4 Series Upright Bike w/15"" Embedded Display - Black (New)",ACTIVE,Star Trac,Product Index,2025-01-14T17:16:48Z,2026-07-29T21:07:12Z,266740007228,Google & YouTube,TRUE
9878890217788,gid://shopify/Product/9878890217788,first-degree-fitness-viking-pro-v-indoor-rower-new,First Degree Fitness Viking PRO V Indoor Rower (New),ACTIVE,First Degree Fitness,Product Index,2025-01-14T17:17:06Z,2026-07-29T21:07:12Z,266740007228,Google & YouTube,TRUE
9878890283324,gid://shopify/Product/9878890283324,french-fitness-standard-cast-iron-1-weight-plate-set-350-lbs-new,"French Fitness Standard Cast Iron 1"" Weight Plate Set  350 lbs (New)",ACTIVE,French Fitness,Product Index,2025-01-14T17:17:07Z,2026-07-29T21:07:11Z,266740007228,Google & YouTube,TRUE
9878890447164,gid://shopify/Product/9878890447164,hammer-strength-iso-lateral-incline-press-ilip-plate-loaded-remanufactured,Hammer Strength ISO-Lateral Incline Press ILIP Plate Loaded (Remanufactured),ACTIVE,Hammer Strength,Product Index,2025-01-14T17:17:20Z,2026-07-29T21:07:12Z,266740007228,Google & YouTube,TRUE
9878891036988,gid://shopify/Product/9878891036988,star-trac-8-series-cross-trainer-w-16-embedded-display-black-new,"Star Trac 8 Series Cross Trainer w/16"" Embedded Display - Black (New)",ACTIVE,Star Trac,Product Index,2025-01-14T17:17:38Z,2026-08-22T21:05:20Z,266740007228,Google & YouTube,TRUE
9878891397436,gid://shopify/Product/9878891397436,hammer-strength-pl-lr-plate-loaded-lateral-raise-remanufactured,Hammer Strength PL-LR Plate-Loaded Lateral Raise (Remanufactured),ACTIVE,Hammer Strength,Product Index,2025-01-14T17:17:53Z,2026-07-29T21:07:12Z,266740007228,Google & YouTube,TRUE
9878891561276,gid://shopify/Product/9878891561276,french-fitness-standard-cast-iron-1-weight-plate-set-450-lbs-new,"French Fitness Standard Cast Iron 1"" Weight Plate Set 450 lbs (New)",ACTIVE,French Fitness,Product Index,2025-01-14T17:17:55Z,2026-07-29T21:07:13Z,266740007228,Google & YouTube,TRUE
9878892314940,gid://shopify/Product/9878892314940,hammer-strength-pl-bi-plate-loaded-seated-bicep-remanufactured,Hammer Strength PL-BI Plate-Loaded Seated Bicep (Remanufactured),ACTIVE,Hammer Strength,Product Index,2025-01-14T17:18:25Z,2026-07-29T21:07:12Z,266740007228,Google & YouTube,TRUE
9878893527356,gid://shopify/Product/9878893527356,star-trac-8-series-recumbent-bike-w-16-embedded-display-black-new,"Star Trac 8 Series Recumbent Bike w/16"" Embedded Display - Black (New)",ACTIVE,Star Trac,Product Index,2025-01-14T17:18:45Z,2026-08-22T21:05:20Z,266740007228,Google & YouTube,TRUE
9878894772540,gid://shopify/Product/9878894772540,hammer-strength-hyperextension-back-extension-bwbe-remanufactured,Hammer Strength Hyperextension Back Extension BWBE (Remanufactured),ACTIVE,Hammer Strength,Product Index,2025-01-14T17:18:57Z,2026-07-29T21:07:13Z,266740007228,Google & YouTube,TRUE
9878895067452,gid://shopify/Product/9878895067452,french-fitness-rubber-grip-weight-plate-set-w-7-ft-bar-235-lbs-rack-bench-new,French Fitness Rubber Grip Weight Plate Set w/7 ft Bar 235 lbs + Rack + Bench (New),ACTIVE,French Fitness,Product Index,2025-01-14T17:19:00Z,2026-07-29T21:07:14Z,266740007228,Google & YouTube,TRUE
9878897787196,gid://shopify/Product/9878897787196,hammer-strength-iso-lateral-decline-press-ilcdp-plate-loaded-remanufactured,Hammer Strength ISO-Lateral Decline Press ILCDP Plate Loaded (Remanufactured),ACTIVE,Hammer Strength,Product Index,2025-01-14T17:19:26Z,2026-07-29T21:07:12Z,266740007228,Google & YouTube,TRUE
9878898180412,gid://shopify/Product/9878898180412,french-fitness-16-20-24-3-in-1-soft-foam-plyo-box-new,French Fitness 16-20-24 3-In-1 Soft Foam Plyo Box (New),ACTIVE,French Fitness,Product Index,2025-01-14T17:19:31Z,2026-08-17T17:52:30Z,266740007228,Google & YouTube,TRUE
9878898245948,gid://shopify/Product/9878898245948,french-fitness-2-tier-saddle-dumbbell-rack-10-pairs-new,"French Fitness 2 Tier Saddle Dumbbell Rack, 10 Pairs (New)",ACTIVE,French Fitness,Product Index,2025-01-14T17:19:32Z,2026-08-23T06:30:07Z,266740007228,Google & YouTube,TRUE
9878898540860,gid://shopify/Product/9878898540860,star-trac-8-series-rear-drive-elliptical-w-16-embedded-display-black-new,"Star Trac 8 Series Rear Drive Elliptical w/16"" Embedded Display - Black (New)",ACTIVE,Star Trac,Product Index,2025-01-14T17:19:39Z,2026-08-22T21:05:19Z,266740007228,Google & YouTube,TRUE
9878899065148,gid://shopify/Product/9878899065148,french-fitness-2-tier-saddle-dumbbell-rack-v2-10-pairs-new,"French Fitness 2 Tier Saddle Dumbbell Rack V2, 10 Pairs (New)",ACTIVE,French Fitness,Product Index,2025-01-14T17:19:53Z,2026-08-24T06:30:30Z,266740007228,Google & YouTube,TRUE
9878899130684,gid://shopify/Product/9878899130684,hammer-strength-iso-lateral-high-row-ilhr-plate-loaded-remanufactured,Hammer Strength ISO-Lateral High Row ILHR Plate Loaded (Remanufactured),ACTIVE,Hammer Strength,Product Index,2025-01-14T17:19:58Z,2026-07-29T21:07:14Z,266740007228,Google & YouTube,TRUE
9878899818812,gid://shopify/Product/9878899818812,french-fitness-rubber-grip-weight-plate-set-w-7-ft-bar-305-lbs-rack-bench-new,French Fitness Rubber Grip Weight Plate Set w/7 ft Bar 305 lbs + Rack + Bench (New),ACTIVE,French Fitness,Product Index,2025-01-14T17:20:19Z,2026-07-29T21:07:12Z,266740007228,Google & YouTube,TRUE
9878900080956,gid://shopify/Product/9878900080956,hammer-strength-iso-lateral-kneeling-leg-curl-ilklc-remanufactured,Hammer Strength ISO-Lateral Kneeling Leg Curl ILKLC (Remanufactured),ACTIVE,Hammer Strength,Product Index,2025-01-14T17:20:30Z,2026-07-29T21:07:13Z,266740007228,Google & YouTube,TRUE
9878900146492,gid://shopify/Product/9878900146492,french-fitness-shr80-single-half-rack-cage-new,French Fitness SHR80 Single Half Rack / Cage (New),ACTIVE,French Fitness,Product Index,2025-01-14T17:20:31Z,2026-08-18T23:17:08Z,266740007228,Google & YouTube,TRUE
9878900179260,gid://shopify/Product/9878900179260,star-trac-8-series-tr-treadmill-w-20-embedded-display-black-new,"Star Trac 8 Series TR Treadmill w/20"" Embedded Display - Black (New)",ACTIVE,Star Trac,Product Index,2025-01-14T17:20:33Z,2026-08-18T13:31:23Z,266740007228,Google & YouTube,TRUE
9878900736316,gid://shopify/Product/9878900736316,french-fitness-20-24-30-3-in-1-soft-foam-plyo-box-new,French Fitness 20-24-30 3-In-1 Soft Foam Plyo Box (New),ACTIVE,French Fitness,Product Index,2025-01-14T17:20:50Z,2026-08-06T18:51:41Z,266740007228,Google & YouTube,TRUE
9878901096764,gid://shopify/Product/9878901096764,hammer-strength-iso-lateral-leg-extension-ille-remanufactured,Hammer Strength ISO-Lateral Leg Extension ILLE (Remanufactured),ACTIVE,Hammer Strength,Product Index,2025-01-14T17:21:02Z,2026-07-29T21:07:13Z,266740007228,Google & YouTube,TRUE
9878902309180,gid://shopify/Product/9878902309180,hammer-strength-iso-lateral-leg-press-illp-remanufactured,Hammer Strength ISO-Lateral Leg Press ILLP (Remanufactured),ACTIVE,Hammer Strength,Product Index,2025-01-14T17:21:34Z,2026-07-29T21:07:13Z,266740007228,Google & YouTube,TRUE
9878902636860,gid://shopify/Product/9878902636860,star-trac-8-series-trx-treadmill-w-20-embedded-display-black-new,"Star Trac 8 Series TRX Treadmill w/20"" Embedded Display - Black (New)",ACTIVE,Star Trac,Product Index,2025-01-14T17:21:48Z,2026-07-29T21:07:12Z,266740007228,Google & YouTube,TRUE
9878903259452,gid://shopify/Product/9878903259452,hammer-strength-iso-lateral-rowing-ilrow-plate-loaded-remanufactured,Hammer Strength Iso-Lateral Rowing ILROW Plate Loaded (Remanufactured),ACTIVE,Hammer Strength,Product Index,2025-01-14T17:22:06Z,2026-07-29T21:07:11Z,266740007228,Google & YouTube,TRUE
9878904013116,gid://shopify/Product/9878904013116,hammer-strength-iso-wide-chest-ilwc-plate-loaded-remanufactured,Hammer Strength ISO Wide Chest ILWC Plate Loaded (Remanufactured),ACTIVE,Hammer Strength,Product Index,2025-01-14T17:22:39Z,2026-07-29T21:07:13Z,266740007228,Google & YouTube,TRUE
9878904209724,gid://shopify/Product/9878904209724,star-trac-8-series-upright-bike-w-16-embedded-display-black-new,"Star Trac 8 Series Upright Bike w/16"" Embedded Display - Black (New)",ACTIVE,Star Trac,Product Index,2025-01-14T17:22:49Z,2026-08-22T21:05:20Z,266740007228,Google & YouTube,TRUE
9878904537404,gid://shopify/Product/9878904537404,hammer-strength-iso-lat-bench-press-ilbph-ilbpv-plate-loaded-remanufactured,Hammer Strength ISO-Lat Bench Press ILBPH/ILBPV Plate Loaded (Remanufactured),ACTIVE,Hammer Strength,Product Index,2025-01-14T17:23:10Z,2026-07-29T21:07:12Z,266740007228,Google & YouTube,TRUE
9878905094460,gid://shopify/Product/9878905094460,french-fitness-rubber-grip-weight-plate-set-w-7-ft-bar-395-lbs-rack-bench-new,French Fitness Rubber Grip Weight Plate Set w/7 ft Bar 395 lbs + Rack + Bench (New),ACTIVE,French Fitness,Product Index,2025-01-14T17:23:33Z,2026-07-29T21:07:12Z,266740007228,Google & YouTube,TRUE
9878905291068,gid://shopify/Product/9878905291068,star-trac-virtual-bike-indoor-cycle-w-21-touchscreen-new,"Star Trac Virtual Bike Indoor Cycle w/21"" Touchscreen (New)",ACTIVE,Star Trac,Product Index,2025-01-14T17:23:42Z,2026-07-29T21:07:11Z,266740007228,Google & YouTube,TRUE
9878905323836,gid://shopify/Product/9878905323836,hammer-strength-iso-lateral-low-row-illr-plate-loaded-remanufactured,Hammer Strength ISO-Lateral Low Row ILLR Plate Loaded (Remanufactured),ACTIVE,Hammer Strength,Product Index,2025-01-14T17:23:42Z,2026-07-29T21:07:13Z,266740007228,Google & YouTube,TRUE
9878905684284,gid://shopify/Product/9878905684284,french-fitness-3-tier-hex-dumbbell-rack-3thdr-new,French Fitness 3 Tier Hex Dumbbell Rack 3THDR (New),ACTIVE,French Fitness,Product Index,2025-01-14T17:24:05Z,2026-08-06T18:51:40Z,266740007228,Google & YouTube,TRUE
9878905815356,gid://shopify/Product/9878905815356,hammer-strength-iso-lateral-shoulder-press-ilsp-plate-loaded-remanufactured,Hammer Strength ISO-Lateral Shoulder Press ILSP Plate Loaded (Remanufactured),ACTIVE,Hammer Strength,Product Index,2025-01-14T17:24:14Z,2026-07-29T21:07:14Z,266740007228,Google & YouTube,TRUE
9878905979196,gid://shopify/Product/9878905979196,french-fitness-shr80-commercial-half-rack-bench-combo-new,French Fitness SHR80 Commercial Half Rack / Bench Combo (New),ACTIVE,French Fitness,Product Index,2025-01-14T17:24:17Z,2026-07-29T21:07:17Z,266740007228,Google & YouTube,TRUE
9878906241340,gid://shopify/Product/9878906241340,star-trac-8-series-versastrider-w-16-embedded-display-black-new,"Star Trac 8 Series Versastrider w/16"" Embedded Display - Black (New)",ACTIVE,Star Trac,Product Index,2025-01-14T17:24:27Z,2026-08-22T21:05:20Z,266740007228,Google & YouTube,TRUE
9878906306876,gid://shopify/Product/9878906306876,french-fitness-3-tier-kettlebell-rack-new,French Fitness 3 Tier Kettlebell Rack (New),ACTIVE,French Fitness,Product Index,2025-01-14T17:24:27Z,2026-08-26T13:06:55Z,266740007228,Google & YouTube,TRUE
9878906667324,gid://shopify/Product/9878906667324,hammer-strength-pl-calf-plate-loaded-seated-calf-raise-remanufactured,Hammer Strength PL-CALF Plate-Loaded Seated Calf Raise (Remanufactured),ACTIVE,Hammer Strength,Product Index,2025-01-14T17:24:46Z,2026-07-29T21:07:16Z,266740007228,Google & YouTube,TRUE
9878906700092,gid://shopify/Product/9878906700092,french-fitness-3-tier-saddle-12-pair-dumbbell-rack-new,French Fitness 3 Tier Saddle 12 Pair Dumbbell Rack (New),ACTIVE,French Fitness,Product Index,2025-01-14T17:24:49Z,2026-08-06T18:51:39Z,266740007228,Google & YouTube,TRUE
9878907060540,gid://shopify/Product/9878907060540,french-fitness-3-tier-saddle-15-pair-dumbbell-rack-new,French Fitness 3 Tier Saddle 15 Pair Dumbbell Rack (New),ACTIVE,French Fitness,Product Index,2025-01-14T17:25:10Z,2026-08-06T18:51:39Z,266740007228,Google & YouTube,TRUE
9878907289916,gid://shopify/Product/9878907289916,hammer-strength-pl-sh-plate-loaded-seated-standing-shrug-remanufactured,Hammer Strength PL-SH Plate-Loaded Seated/Standing Shrug (Remanufactured),ACTIVE,Hammer Strength,Product Index,2025-01-14T17:25:18Z,2026-07-29T21:07:14Z,266740007228,Google & YouTube,TRUE
9878907355452,gid://shopify/Product/9878907355452,star-trac-angled-linear-leg-press-fl-114-remanufactured,Star Trac Angled Linear Leg Press FL-114 (Remanufactured),ACTIVE,Star Trac,Product Index,2025-01-14T17:25:26Z,2026-07-29T21:07:13Z,266740007228,Google & YouTube,TRUE
9878907388220,gid://shopify/Product/9878907388220,french-fitness-3-tier-saddle-dumbbell-rack-10-pairs-new,"French Fitness 3 Tier Saddle Dumbbell Rack, 10 Pairs (New)",ACTIVE,French Fitness,Product Index,2025-01-14T17:25:31Z,2026-08-06T18:51:39Z,266740007228,Google & YouTube,TRUE
9878907748668,gid://shopify/Product/9878907748668,hammer-strength-plate-loaded-ground-base-jammer-remanufactured,Hammer Strength Plate-Loaded Ground Base Jammer (Remanufactured),ACTIVE,Hammer Strength,Product Index,2025-01-14T17:25:51Z,2026-07-29T21:07:14Z,266740007228,Google & YouTube,TRUE
9878908010812,gid://shopify/Product/9878908010812,star-trac-instinct-multi-adjustable-bench-remanufactured,Star Trac Instinct Multi Adjustable Bench (Remanufactured),ACTIVE,Star Trac,Product Index,2025-01-14T17:25:58Z,2026-07-29T21:07:17Z,266740007228,Google & YouTube,TRUE
9878908174652,gid://shopify/Product/9878908174652,french-fitness-4-sided-vertical-dumbbell-rack-16-pairs-new,"French Fitness 4-Sided Vertical Dumbbell Rack, 16 Pairs (New)",ACTIVE,French Fitness,Product Index,2025-01-14T17:26:10Z,2026-08-06T18:51:38Z,266740007228,Google & YouTube,TRUE
9878908305724,gid://shopify/Product/9878908305724,hammer-strength-linear-45-degree-leg-press-w-4-horns-plate-loaded-remanufactured,Hammer Strength Linear 45 Degree Leg Press w/4 Horns Plate Loaded (Remanufactured),ACTIVE,Hammer Strength,Product Index,2025-01-14T17:26:20Z,2026-07-29T21:07:14Z,266740007228,Google & YouTube,TRUE
9878908567868,gid://shopify/Product/9878908567868,star-trac-s-series-trc-treadmill-w-lcd-black-new,Star Trac S Series TRC Treadmill w/LCD - Black (New),ACTIVE,Star Trac,Product Index,2025-01-14T17:26:27Z,2026-08-23T06:30:07Z,266740007228,Google & YouTube,TRUE
9878908666172,gid://shopify/Product/9878908666172,french-fitness-4-tier-storage-squat-rack-pull-up-new,French Fitness 4 Tier Storage Squat Rack Pull Up (New),ACTIVE,French Fitness,Product Index,2025-01-14T17:26:31Z,2026-07-29T21:07:13Z,266740007228,Google & YouTube,TRUE
9878909026620,gid://shopify/Product/9878909026620,hammer-strength-select-leg-extension-remanufactured,Hammer Strength Select Leg Extension (Remanufactured),ACTIVE,Hammer Strength,Product Index,2025-01-14T17:26:52Z,2026-07-29T21:07:17Z,266740007228,Google & YouTube,TRUE
9878909124924,gid://shopify/Product/9878909124924,star-trac-s-series-trx-treadmill-w-lcd-black-new,Star Trac S Series TRX Treadmill w/LCD - Black (New),ACTIVE,Star Trac,Product Index,2025-01-14T17:26:57Z,2026-08-04T10:55:21Z,266740007228,Google & YouTube,TRUE
9878909616444,gid://shopify/Product/9878909616444,hammer-strength-linear-45-degree-leg-press-plate-loaded-newer-style-remanufactured,Hammer Strength Linear 45 Degree Leg Press Plate Loaded (Newer Style) (Remanufactured),ACTIVE,Hammer Strength,Product Index,2025-01-14T17:27:22Z,2026-07-29T21:07:13Z,266740007228,Google & YouTube,TRUE
9878909911356,gid://shopify/Product/9878909911356,french-fitness-ff-ski-ski-exercise-machine-w-air-resistance-new,French Fitness FF-SKI Ski Exercise Machine w/Air Resistance (New),ACTIVE,French Fitness,Product Index,2025-01-14T17:27:41Z,2026-08-24T20:17:08Z,266740007228,Google & YouTube,TRUE
9878909944124,gid://shopify/Product/9878909944124,star-trac-recumbent-bike-4400-remanufactured,Star Trac Recumbent Bike 4400 (Remanufactured),ACTIVE,Star Trac,Product Index,2025-01-14T17:27:41Z,2026-07-29T21:07:12Z,266740007228,Google & YouTube,TRUE
9878910271804,gid://shopify/Product/9878910271804,hammer-strength-olympic-military-bench-remanufactured,Hammer Strength Olympic Military Bench (Remanufactured),ACTIVE,Hammer Strength,Product Index,2025-01-14T17:27:56Z,2026-07-29T21:07:12Z,266740007228,Google & YouTube,TRUE
9878910697788,gid://shopify/Product/9878910697788,french-fitness-4-tier-storage-squat-rack-pull-up-2-sections-107-new,"French Fitness 4 Tier Storage Squat Rack Pull Up - 2 Sections 107"" (New)",ACTIVE,French Fitness,Product Index,2025-01-14T17:28:07Z,2026-07-29T21:07:13Z,266740007228,Google & YouTube,TRUE
9878910763324,gid://shopify/Product/9878910763324,star-trac-4-series-treadmill-w-15-embedded-display-black-2024-model-remanufactured,"Star Trac 4 Series Treadmill w/15"" Embedded Display - Black, 2024 Model (Remanufactured)",ACTIVE,Star Trac,Product Index,2025-01-14T17:28:08Z,2026-08-04T10:57:47Z,266740007228,Google & YouTube,TRUE
9878911254844,gid://shopify/Product/9878911254844,hammer-strength-mts-abdominal-crunch-remanufactured,Hammer Strength MTS Abdominal Crunch (Remanufactured),ACTIVE,Hammer Strength,Product Index,2025-01-14T17:28:30Z,2026-07-29T21:07:13Z,266740007228,Google & YouTube,TRUE
9878911549756,gid://shopify/Product/9878911549756,star-trac-5600-pro-commercial-treadmill-remanufactured,Star Trac 5600 Pro Commercial Treadmill (Remanufactured),ACTIVE,Star Trac,Product Index,2025-01-14T17:28:38Z,2026-08-04T10:54:51Z,266740007228,Google & YouTube,TRUE
9878912008508,gid://shopify/Product/9878912008508,hammer-strength-mts-iso-lateral-biceps-curl-remanufactured,Hammer Strength MTS Iso-Lateral Biceps Curl (Remanufactured),ACTIVE,Hammer Strength,Product Index,2025-01-14T17:28:59Z,2026-07-29T21:07:13Z,266740007228,Google & YouTube,TRUE
9878912172348,gid://shopify/Product/9878912172348,star-trac-pro-recumbent-bike-6430-remanufactured,Star Trac Pro Recumbent Bike 6430 (Remanufactured),ACTIVE,Star Trac,Product Index,2025-01-14T17:29:08Z,2026-07-29T21:07:13Z,266740007228,Google & YouTube,TRUE
9878912532796,gid://shopify/Product/9878912532796,french-fitness-single-leg-roller-adjustable-squat-stand-bulgarian-split-squats-new,French Fitness Single Leg Roller Adjustable Squat Stand - Bulgarian Split Squats (New),ACTIVE,French Fitness,Product Index,2025-01-14T17:29:20Z,2026-07-29T21:07:13Z,266740007228,Google & YouTube,TRUE
9878912598332,gid://shopify/Product/9878912598332,hammer-strength-mts-iso-lateral-chest-press-remanufactured,Hammer Strength MTS Iso-Lateral Chest Press (Remanufactured),ACTIVE,Hammer Strength,Product Index,2025-01-14T17:29:29Z,2026-07-29T21:07:13Z,266740007228,Google & YouTube,TRUE
9878912663868,gid://shopify/Product/9878912663868,star-trac-7600-pro-treadmill-remanufactured,Star Trac 7600 Pro Treadmill (Remanufactured),ACTIVE,Star Trac,Product Index,2025-01-14T17:29:35Z,2026-08-04T10:54:51Z,266740007228,Google & YouTube,TRUE
9878912827708,gid://shopify/Product/9878912827708,french-fitness-specialty-multigrip-olympic-swiss-bar-new,French Fitness Specialty Multi Grip Olympic Swiss Bar (New),ACTIVE,French Fitness,Product Index,2025-01-14T17:29:46Z,2026-08-22T21:05:10Z,266740007228,Google & YouTube,TRUE
9878912893244,gid://shopify/Product/9878912893244,french-fitness-4-tier-storage-squat-rack-pull-up-3-sections-157-new,"French Fitness 4 Tier Storage Squat Rack Pull Up - 3 Sections 157"" (New)",ACTIVE,French Fitness,Product Index,2025-01-14T17:29:53Z,2026-07-29T21:07:13Z,266740007228,Google & YouTube,TRUE
9878912958780,gid://shopify/Product/9878912958780,hammer-strength-mts-iso-lateral-decline-press-remanufactured,Hammer Strength MTS Iso-Lateral Decline Press (Remanufactured),ACTIVE,Hammer Strength,Product Index,2025-01-14T17:29:58Z,2026-07-29T21:07:15Z,266740007228,Google & YouTube,TRUE
9878913155388,gid://shopify/Product/9878913155388,stages-sc3-indoor-bike-remanufactured,Stages SC3 Indoor Bike (Remanufactured),ACTIVE,Stages Cycling,Product Index,2025-01-14T17:30:05Z,2026-08-23T06:30:02Z,266740007228,Google & YouTube,TRUE
9878913253692,gid://shopify/Product/9878913253692,french-fitness-soft-medicine-wall-ball-set-of-10-4-to-30-lbs-new,French Fitness Soft Medicine Wall Ball Set of 10 (4 to 30 lbs) (New),ACTIVE,French Fitness,Product Index,2025-01-14T17:30:16Z,2026-08-06T18:51:37Z,266740007228,Google & YouTube,TRUE
9878913351996,gid://shopify/Product/9878913351996,hammer-strength-mts-iso-lateral-triceps-extension-remanufactured,Hammer Strength MTS Iso-Lateral Triceps Extension (Remanufactured),ACTIVE,Hammer Strength,Product Index,2025-01-14T17:30:27Z,2026-07-29T21:07:15Z,266740007228,Google & YouTube,TRUE
9878913483068,gid://shopify/Product/9878913483068,stairmaster-3400ce-momentum-upright-bike-remanufactured,StairMaster 3400CE Momentum Upright Bike (Remanufactured),ACTIVE,Stairmaster,Product Index,2025-01-14T17:30:31Z,2026-07-29T21:07:13Z,266740007228,Google & YouTube,TRUE
9878913810748,gid://shopify/Product/9878913810748,french-fitness-soft-medicine-wall-ball-set-of-6-6-to-20-lbs-new,French Fitness Soft Medicine Wall Ball Set of 6 (6 to 20 lbs) (New),ACTIVE,French Fitness,Product Index,2025-01-14T17:30:44Z,2026-08-26T23:40:46Z,266740007228,Google & YouTube,TRUE
9878914302268,gid://shopify/Product/9878914302268,hammer-strength-olympic-flat-bench-remanufactured,Hammer Strength Olympic Flat Bench (Remanufactured),ACTIVE,Hammer Strength,Product Index,2025-01-14T17:30:57Z,2026-07-29T21:07:14Z,266740007228,Google & YouTube,TRUE
9878914367804,gid://shopify/Product/9878914367804,stairmaster-4000pt-stepper-remanufactured,Stairmaster 4000PT Stepper (Remanufactured),ACTIVE,Stairmaster,Product Index,2025-01-14T17:30:58Z,2026-08-22T01:01:07Z,266740007228,Google & YouTube,TRUE
9878914859324,gid://shopify/Product/9878914859324,stairmaster-5100-nsl-clubstride-elliptical-remanufactured,Stairmaster 5100 NSL Clubstride Elliptical (Remanufactured),ACTIVE,Stairmaster,Product Index,2025-01-14T17:31:28Z,2026-08-04T11:08:52Z,266740007228,Google & YouTube,TRUE
9878914990396,gid://shopify/Product/9878914990396,hammer-strength-olympic-incline-bench-remanufactured,Hammer Strength Olympic Incline Bench (Remanufactured),ACTIVE,Hammer Strength,Product Index,2025-01-14T17:31:32Z,2026-07-29T21:07:15Z,266740007228,Google & YouTube,TRUE
9878915416380,gid://shopify/Product/9878915416380,french-fitness-5-80-lb-adjustable-dumbbell-set-of-2-new,"French Fitness 5-80 lb Adjustable Dumbbell, Set of 2 (New)",ACTIVE,French Fitness,Product Index,2025-01-14T17:31:53Z,2026-08-24T19:18:52Z,266740007228,Google & YouTube,TRUE
9878915449148,gid://shopify/Product/9878915449148,stairmaster-airfit-upright-bike-remanufactured,StairMaster Airfit Upright Bike (Remanufactured),ACTIVE,Stairmaster,Product Index,2025-01-14T17:31:54Z,2026-07-29T21:07:12Z,266740007228,Google & YouTube,TRUE
9878915842364,gid://shopify/Product/9878915842364,hammer-strength-olympic-decline-bench-odb-plate-loaded-remanufactured,Hammer Strength Olympic Decline Bench ODB Plate Loaded (Remanufactured),ACTIVE,Hammer Strength,Product Index,2025-01-14T17:32:07Z,2026-07-29T21:07:14Z,266740007228,Google & YouTube,TRUE
9878916104508,gid://shopify/Product/9878916104508,star-trac-e-ct-elliptical-remanufactured,Star Trac E-CT Elliptical (Remanufactured),ACTIVE,Star Trac,Product Index,2025-01-14T17:32:21Z,2026-08-06T22:16:06Z,266740007228,Google & YouTube,TRUE
9878916563260,gid://shopify/Product/9878916563260,hammer-strength-power-full-cage-squat-rack-remanufactured,Hammer Strength Power Full Cage / Squat Rack (Remanufactured),ACTIVE,Hammer Strength,Product Index,2025-01-14T17:32:41Z,2026-07-29T21:07:11Z,266740007228,Google & YouTube,TRUE
9878917284156,gid://shopify/Product/9878917284156,hammer-strength-abdominal-crunch-plate-loaded-remanufactured,Hammer Strength Abdominal Crunch Plate Loaded (Remanufactured),ACTIVE,Hammer Strength,Product Index,2025-01-14T17:33:12Z,2026-07-29T21:07:12Z,266740007228,Google & YouTube,TRUE
9878917873980,gid://shopify/Product/9878917873980,hammer-strength-iso-lateral-d-y-row-ildrw-plate-loaded-remanufactured,Hammer Strength ISO-Lateral D.Y. Row ILDRW Plate Loaded (Remanufactured),ACTIVE,Hammer Strength,Product Index,2025-01-14T17:33:44Z,2026-07-29T21:07:14Z,266740007228,Google & YouTube,TRUE
9878917972284,gid://shopify/Product/9878917972284,french-fitness-6-chrome-olympic-bar-33-lbs-new,French Fitness 6' Chrome Olympic Bar - 33 Lbs (New),ACTIVE,French Fitness,Product Index,2025-01-14T17:33:45Z,2026-08-22T23:01:42Z,266740007228,Google & YouTube,TRUE
9878918005052,gid://shopify/Product/9878918005052,star-trac-blade-indoor-cycle-remanufactured,Star Trac Blade Indoor Cycle (Remanufactured),ACTIVE,Star Trac,Product Index,2025-01-14T17:33:47Z,2026-07-29T21:07:14Z,266740007228,Google & YouTube,TRUE
9878918431036,gid://shopify/Product/9878918431036,french-fitness-6-72-33-lb-womens-olympic-power-bar-1000-lb-new,"French Fitness 6' (72"") 33 Lb Women's Olympic Power Bar -1000 Lb (New)",ACTIVE,French Fitness,Product Index,2025-01-14T17:34:12Z,2026-08-22T21:05:10Z,266740007228,Google & YouTube,TRUE
9878918725948,gid://shopify/Product/9878918725948,hammer-strength-pl-lhs-plate-loaded-linear-hack-squat-remanufactured,Hammer Strength PL-LHS Plate-Loaded Linear Hack Squat (Remanufactured),ACTIVE,Hammer Strength,Product Index,2025-01-14T17:34:17Z,2026-07-29T21:07:12Z,266740007228,Google & YouTube,TRUE
9878918758716,gid://shopify/Product/9878918758716,sprint-torso-ube-upper-body-ergometer-remanufactured,Sprint Torso UBE Upper Body Ergometer (Remanufactured),ACTIVE,Sprint,Product Index,2025-01-14T17:34:17Z,2026-07-29T21:07:13Z,266740007228,Google & YouTube,TRUE
9878919086396,gid://shopify/Product/9878919086396,french-fitness-7-fsr90-fsr80-chrome-olympic-bar-new,French Fitness 7' FSR90 / FSR80 Chrome Olympic Bar (New),ACTIVE,French Fitness,Product Index,2025-01-14T17:34:37Z,2026-08-22T23:01:46Z,266740007228,Google & YouTube,TRUE
9878919184700,gid://shopify/Product/9878919184700,star-trac-e-tc-treadclimber-remanufactured,Star Trac E-TC Treadclimber (Remanufactured),ACTIVE,Star Trac,Product Index,2025-01-14T17:34:44Z,2026-08-04T10:58:06Z,266740007228,Google & YouTube,TRUE
9878919315772,gid://shopify/Product/9878919315772,hammer-strength-horizontal-leg-press-remanufactured,Hammer Strength Horizontal Leg Press (Remanufactured),ACTIVE,Hammer Strength,Product Index,2025-01-14T17:34:49Z,2026-07-29T21:07:13Z,266740007228,Google & YouTube,TRUE
9878919610684,gid://shopify/Product/9878919610684,french-fitness-7-86-chrome-45-lb-olympic-bar-new,"French Fitness 7' (86"") Chrome 45 Lb Olympic Bar (New)",ACTIVE,French Fitness,Product Index,2025-01-14T17:35:04Z,2026-08-12T21:52:23Z,266740007228,Google & YouTube,TRUE
9878919774524,gid://shopify/Product/9878919774524,hammer-strength-pl-shc-plate-loaded-super-horizontal-calf-remanufactured,Hammer Strength PL-SHC Plate-Loaded Super Horizontal Calf (Remanufactured),ACTIVE,Hammer Strength,Product Index,2025-01-14T17:35:21Z,2026-07-29T21:07:14Z,266740007228,Google & YouTube,TRUE
9878919938364,gid://shopify/Product/9878919938364,french-fitness-7-86-45-lb-olympic-power-bar-1500-lb-new,"French Fitness 7' (86"") 45 Lb Olympic Power Bar -1500 Lb (New)",ACTIVE,French Fitness,Product Index,2025-01-14T17:35:32Z,2026-08-22T14:58:06Z,266740007228,Google & YouTube,TRUE
9878920331580,gid://shopify/Product/9878920331580,star-trac-ee4600-edge-elliptical-remanufactured,Star Trac EE4600 Edge Elliptical (Remanufactured),ACTIVE,Star Trac,Product Index,2025-01-14T17:35:46Z,2026-08-23T06:30:07Z,266740007228,Google & YouTube,TRUE
9878920462652,gid://shopify/Product/9878920462652,hammer-strength-seated-triceps-extension-plate-loaded-remanufactured,Hammer Strength Seated Triceps Extension Plate Loaded (Remanufactured),ACTIVE,Hammer Strength,Product Index,2025-01-14T17:35:54Z,2026-07-29T21:07:16Z,266740007228,Google & YouTube,TRUE
9878920560956,gid://shopify/Product/9878920560956,french-fitness-7-86-45-lb-olympic-power-bar-2000-lb-new,"French Fitness 7' (86"") 45 Lb Olympic Elite Power Bar -2000 Lb (New)",ACTIVE,French Fitness,Product Index,2025-01-14T17:35:59Z,2026-08-22T21:05:10Z,266740007228,Google & YouTube,TRUE
9878920659260,gid://shopify/Product/9878920659260,french-fitness-steel-plyo-box-set-of-4-12-18-24-30-new,"French Fitness Steel Plyo Box Set of 4 (12"",18"",24"",30"") (New)",ACTIVE,French Fitness,Product Index,2025-01-14T17:36:08Z,2026-08-25T17:28:04Z,266740007228,Google & YouTube,TRUE
9878920888636,gid://shopify/Product/9878920888636,star-trac-ee5200-natural-runner-elliptical-remanufactured,Star Trac EE5200 Natural Runner Elliptical (Remanufactured),ACTIVE,Star Trac,Product Index,2025-01-14T17:36:13Z,2026-08-04T11:08:51Z,266740007228,Google & YouTube,TRUE
9878921019708,gid://shopify/Product/9878921019708,hammer-strength-select-seated-leg-curl-remanufactured,Hammer Strength Select Seated Leg Curl (Remanufactured),ACTIVE,Hammer Strength,Product Index,2025-01-14T17:36:23Z,2026-07-29T21:07:13Z,266740007228,Google & YouTube,TRUE
9878921118012,gid://shopify/Product/9878921118012,french-fitness-8-bar-wall-mounted-horizontal-rack-new,French Fitness 8 Bar Wall Mounted Horizontal Rack (New),ACTIVE,French Fitness,Product Index,2025-01-14T17:36:25Z,2026-08-15T04:44:38Z,266740007228,Google & YouTube,TRUE
9878921380156,gid://shopify/Product/9878921380156,star-trac-p-tbtx-total-body-trainer-elliptical-remanufactured,Star Trac P-TBTx Total Body Trainer Elliptical (Remanufactured),ACTIVE,Star Trac,Product Index,2025-01-14T17:36:40Z,2026-08-04T11:08:51Z,266740007228,Google & YouTube,TRUE
9878921609532,gid://shopify/Product/9878921609532,hammer-strength-select-seated-leg-press-remanufactured,Hammer Strength Select Seated Leg Press (Remanufactured),ACTIVE,Hammer Strength,Product Index,2025-01-14T17:36:52Z,2026-07-29T21:07:14Z,266740007228,Google & YouTube,TRUE
9878922199356,gid://shopify/Product/9878922199356,hammer-strength-smith-machine-remanufactured,Hammer Strength Smith Machine (Remanufactured),ACTIVE,Hammer Strength,Product Index,2025-01-14T17:37:23Z,2026-08-23T06:30:03Z,266740007228,Google & YouTube,TRUE
9878922264892,gid://shopify/Product/9878922264892,french-fitness-ff-abm40-air-bike-machine-w-air-resistance-new,French Fitness FF-ABM40 Air Bike Machine w/Air Resistance (New),ACTIVE,French Fitness,Product Index,2025-01-14T17:37:26Z,2026-08-06T18:51:27Z,266740007228,Google & YouTube,TRUE
9878922494268,gid://shopify/Product/9878922494268,star-trac-e-rb-e-series-recumbent-bike-remanufactured,Star Trac E-RB E Series Recumbent Bike (Remanufactured),ACTIVE,Star Trac,Product Index,2025-01-14T17:37:38Z,2026-07-29T21:07:17Z,266740007228,Google & YouTube,TRUE
9878922527036,gid://shopify/Product/9878922527036,french-fitness-30-steel-plyo-jump-box-new,"French Fitness 30"" Steel Plyo Jump Box (New)",ACTIVE,French Fitness,Product Index,2025-01-14T17:37:39Z,2026-08-06T18:51:27Z,266740007228,Google & YouTube,TRUE
9878922953020,gid://shopify/Product/9878922953020,hammer-strength-select-shoulder-press-remanufactured,Hammer Strength Select Shoulder Press (Remanufactured),ACTIVE,Hammer Strength,Product Index,2025-01-14T17:37:55Z,2026-07-29T21:07:15Z,266740007228,Google & YouTube,TRUE
9878923084092,gid://shopify/Product/9878923084092,french-fitness-36-steel-plyo-jump-box-new,"French Fitness 36"" Steel Plyo Jump Box (New)",ACTIVE,French Fitness,Product Index,2025-01-14T17:38:02Z,2026-08-18T16:35:13Z,266740007228,Google & YouTube,TRUE
9878923542844,gid://shopify/Product/9878923542844,french-fitness-42-steel-plyo-jump-box-new,"French Fitness 42"" Steel Plyo Jump Box (New)",ACTIVE,French Fitness,Product Index,2025-01-14T17:38:25Z,2026-07-29T21:07:15Z,266740007228,Google & YouTube,TRUE
9878923575612,gid://shopify/Product/9878923575612,hammer-strength-select-prone-leg-curl-remanufactured,Hammer Strength Select Prone Leg Curl (Remanufactured),ACTIVE,Hammer Strength,Product Index,2025-01-14T17:38:25Z,2026-08-05T07:32:40Z,266740007228,Google & YouTube,TRUE
9878923772220,gid://shopify/Product/9878923772220,star-trac-e-rbe-recumbent-bike-w-touch-screen-remanufactured,Star Trac E-RBe Recumbent Bike w/Touch Screen (Remanufactured),ACTIVE,Star Trac,Product Index,2025-01-14T17:38:36Z,2026-07-29T21:07:13Z,266740007228,Google & YouTube,TRUE
9878924132668,gid://shopify/Product/9878924132668,hammer-strength-vkr-vertical-knee-raise-remanufactured,Hammer Strength VKR Vertical Knee Raise (Remanufactured),ACTIVE,Hammer Strength,Product Index,2025-01-14T17:38:55Z,2026-07-29T21:07:16Z,266740007228,Google & YouTube,TRUE
9878924230972,gid://shopify/Product/9878924230972,star-trac-e-sm-stairmill-9-5180-mintpo-remanufactured,Star Trac E-SM Stairmill 9-5180-MINTPO (Remanufactured),ACTIVE,Star Trac,Product Index,2025-01-14T17:39:07Z,2026-07-29T21:07:14Z,266740007228,Google & YouTube,TRUE
9878924362044,gid://shopify/Product/9878924362044,french-fitness-steel-plyo-box-set-of-7-6-12-18-24-30-36-42-new,"French Fitness Steel Plyo Box Set of 7 (6"", 12"", 18"", 24"", 30"", 36"", 42"") (New)",ACTIVE,French Fitness,Product Index,2025-01-14T17:39:12Z,2026-08-25T06:49:27Z,266740007228,Google & YouTube,TRUE
9878924689724,gid://shopify/Product/9878924689724,french-fitness-adjustable-dumbbell-set-stand-new,French Fitness Adjustable Dumbbell Set Stand (New),ACTIVE,French Fitness,Product Index,2025-01-14T17:39:32Z,2026-08-13T22:22:37Z,266740007228,Google & YouTube,TRUE
9878925148476,gid://shopify/Product/9878925148476,life-fitness-integrity-treadmill-d-base-w-sl-console-remanufactured,Life Fitness Integrity Treadmill D Base w/ SL Console (Remanufactured),ACTIVE,Life Fitness,Product Index,2025-01-14T17:39:51Z,2026-08-26T09:31:30Z,266740007228,Google & YouTube,TRUE
9878925443388,gid://shopify/Product/9878925443388,star-trac-e-st-stepper-remanufactured,Star Trac E-ST Stepper (Remanufactured),ACTIVE,Star Trac,Product Index,2025-01-14T17:40:08Z,2026-07-29T21:07:15Z,266740007228,Google & YouTube,TRUE
9878925607228,gid://shopify/Product/9878925607228,french-fitness-ff-afb-air-fan-bike-new,French Fitness FF-AFB Air Fan Bike (New),ACTIVE,French Fitness,Product Index,2025-01-14T17:40:13Z,2026-08-23T06:30:06Z,266740007228,Google & YouTube,TRUE
9878925672764,gid://shopify/Product/9878925672764,jacobs-ladder-exercise-machine-new,Jacobs Ladder Exercise Machine (New),ACTIVE,Jacobs Ladder,Product Index,2025-01-14T17:40:18Z,2026-07-29T21:07:14Z,266740007228,Google & YouTube,TRUE
9878925738300,gid://shopify/Product/9878925738300,french-fitness-7-ft-combination-universal-storage-rack-new,French Fitness 7 ft Combination Universal Storage Rack (New),ACTIVE,French Fitness,Product Index,2025-01-14T17:40:18Z,2026-08-06T18:51:25Z,266740007228,Google & YouTube,TRUE
9878926229820,gid://shopify/Product/9878926229820,french-fitness-srft8-squat-rack-functional-trainer-new,French Fitness SRFT8 All-in-One Squat Rack Functional Trainer / Cable Trainer (New),ACTIVE,French Fitness,Product Index,2025-01-14T17:40:43Z,2026-08-26T12:39:23Z,266740007228,Google & YouTube,TRUE
9878926557500,gid://shopify/Product/9878926557500,french-fitness-artificial-grass-synthetic-lawn-turf-flooring-roll-82-x-6-5-v1-base,French Fitness V1 Base Gym Turf Roll - 82 ft x 6.5 ft (New),ACTIVE,French Fitness,Product Index,2025-01-14T17:41:01Z,2026-08-25T20:45:09Z,266740007228,Google & YouTube,TRUE
9878926590268,gid://shopify/Product/9878926590268,jacobs-ladder-2-exercise-machine-new,Jacobs Ladder 2 Exercise Machine (New),ACTIVE,Jacobs Ladder,Product Index,2025-01-14T17:41:01Z,2026-08-23T06:30:03Z,266740007228,Google & YouTube,TRUE
9878926754108,gid://shopify/Product/9878926754108,star-trac-e-ste-e-series-stepper-w-embedded-screen-remanufactured,Star Trac E-STe E Series Stepper w/Embedded Screen (Remanufactured),ACTIVE,Star Trac,Product Index,2025-01-14T17:41:06Z,2026-07-29T21:07:15Z,266740007228,Google & YouTube,TRUE
9878927114556,gid://shopify/Product/9878927114556,french-fitness-artificial-grass-synthetic-lawn-turf-flooring-roll-82-x-6-5-v2-plus,French Fitness V2 Plus Gym Turf Roll - 82 ft x 6.5 ft (New),ACTIVE,French Fitness,Product Index,2025-01-14T17:41:24Z,2026-08-25T20:45:09Z,266740007228,Google & YouTube,TRUE
9878927311164,gid://shopify/Product/9878927311164,star-trac-e-tbt-e-series-elliptical-remanufactured,Star Trac E-TBT E Series Elliptical (Remanufactured),ACTIVE,Star Trac,Product Index,2025-01-14T17:41:35Z,2026-08-04T11:04:02Z,266740007228,Google & YouTube,TRUE
9878927573308,gid://shopify/Product/9878927573308,french-fitness-artificial-grass-synthetic-lawn-turf-flooring-roll-82-x-6-5-v3-premium,French Fitness V3 Premium Gym Turf Roll - 82 ft x 6.5 ft (New),ACTIVE,French Fitness,Product Index,2025-01-14T17:41:47Z,2026-08-25T20:45:09Z,266740007228,Google & YouTube,TRUE
9878927802684,gid://shopify/Product/9878927802684,jacobs-ladder-stairway-gtl-new,Jacobs Ladder Stairway GTL (New),ACTIVE,Jacobs Ladder,Product Index,2025-01-14T17:41:55Z,2026-07-29T21:07:13Z,266740007228,Google & YouTube,TRUE
9878928294204,gid://shopify/Product/9878928294204,jacobs-ladder-x-new,Jacobs Ladder X (New),ACTIVE,Jacobs Ladder,Product Index,2025-01-14T17:42:20Z,2026-08-23T06:30:07Z,266740007228,Google & YouTube,TRUE
9878928589116,gid://shopify/Product/9878928589116,star-trac-e-tr-e-series-treadmill-remanufactured,Star Trac E-TR E Series Treadmill (Remanufactured),ACTIVE,Star Trac,Product Index,2025-01-14T17:42:32Z,2026-07-29T21:07:17Z,266740007228,Google & YouTube,TRUE
9878928687420,gid://shopify/Product/9878928687420,keiser-power-adjustable-bench-remanufactured,Keiser Power Adjustable Bench (Remanufactured),ACTIVE,Keiser,Product Index,2025-01-14T17:42:44Z,2026-07-29T21:07:14Z,266740007228,Google & YouTube,TRUE
9878928818492,gid://shopify/Product/9878928818492,french-fitness-artificial-performance-gym-turf-track-w-start-marker-14-ft-x-50-ft-new,French Fitness 14 ft x 50 ft Artificial Gym Turf Track with Start Marker (New),ACTIVE,French Fitness,Product Index,2025-01-14T17:42:53Z,2026-08-26T12:36:01Z,266740007228,Google & YouTube,TRUE
9878929277244,gid://shopify/Product/9878929277244,keiser-m3-indoor-cycle-w-computer-remanufactured,Keiser M3 Indoor Cycle w/ Computer (Remanufactured),ACTIVE,Keiser,Product Index,2025-01-14T17:43:16Z,2026-07-29T21:07:13Z,266740007228,Google & YouTube,TRUE
9878929310012,gid://shopify/Product/9878929310012,french-fitness-ff-ar-air-rower-new,French Fitness FF-AR Air Rower (New),ACTIVE,French Fitness,Product Index,2025-01-14T17:43:18Z,2026-08-22T21:05:10Z,266740007228,Google & YouTube,TRUE
9878929506620,gid://shopify/Product/9878929506620,star-trac-e-tre-touch-screen-treadmill-remanufactured,Star Trac E-TRE Touch Screen Treadmill (Remanufactured),ACTIVE,Star Trac,Product Index,2025-01-14T17:43:32Z,2026-08-04T10:54:51Z,266740007228,Google & YouTube,TRUE
9878929801532,gid://shopify/Product/9878929801532,keiser-m3-indoor-cycle-remanufactured,Keiser M3+ Indoor Cycle (Remanufactured),ACTIVE,Keiser,Product Index,2025-01-14T17:43:46Z,2026-07-29T21:07:15Z,266740007228,Google & YouTube,TRUE
9878930129212,gid://shopify/Product/9878930129212,star-trac-e-trx-treadmill-remanufactured,Star Trac E-TRX Treadmill (Remanufactured),ACTIVE,Star Trac,Product Index,2025-01-14T17:44:02Z,2026-08-04T10:54:21Z,266740007228,Google & YouTube,TRUE
9878930456892,gid://shopify/Product/9878930456892,keiser-m7i-wheelchair-accessible-total-body-trainer-recumbent-stepper-remanufactured,Keiser M7i Wheelchair Accessible Total Body Trainer Recumbent Stepper (Remanufactured),ACTIVE,Keiser,Product Index,2025-01-14T17:44:16Z,2026-07-29T21:07:14Z,266740007228,Google & YouTube,TRUE
9878931112252,gid://shopify/Product/9878931112252,french-fitness-ff-asr-accessory-stand-rack-new,French Fitness FF-ASR Accessory Stand Rack (New),ACTIVE,French Fitness,Product Index,2025-01-14T17:44:44Z,2026-08-11T13:32:17Z,266740007228,Google & YouTube,TRUE
9878931243324,gid://shopify/Product/9878931243324,keiser-infinity-functional-trainer-w-air-compressor-remanufactured,Keiser Infinity Functional Trainer w/Air Compressor (Remanufactured),ACTIVE,Keiser,Product Index,2025-01-14T17:44:48Z,2026-07-29T21:07:16Z,266740007228,Google & YouTube,TRUE
9878931276092,gid://shopify/Product/9878931276092,french-fitness-ss20-sissy-squat-new,French Fitness SS20 Sissy Squat (New),ACTIVE,French Fitness,Product Index,2025-01-14T17:44:48Z,2026-08-23T06:30:07Z,266740007228,Google & YouTube,TRUE
9878931636540,gid://shopify/Product/9878931636540,star-trac-e-trxe-treadmill-9-9051-musapo-remanufactured,Star Trac E-TRxe Treadmill 9-9051-MUSAPO (Remanufactured),ACTIVE,Star Trac,Product Index,2025-01-14T17:45:02Z,2026-08-23T06:30:07Z,266740007228,Google & YouTube,TRUE
9878931767612,gid://shopify/Product/9878931767612,french-fitness-ff-asr-pack-accessory-package-w-rack-new,French Fitness FF-ASR-PACK Accessory Package w/Rack (New),ACTIVE,French Fitness,Product Index,2025-01-14T17:45:10Z,2026-08-06T18:51:23Z,266740007228,Google & YouTube,TRUE
9878932324668,gid://shopify/Product/9878932324668,star-trac-e-ub-e-series-upright-bike-remanufactured,Star Trac E-UB E Series Upright Bike (Remanufactured),ACTIVE,Star Trac,Product Index,2025-01-14T17:45:31Z,2026-07-29T21:07:13Z,266740007228,Google & YouTube,TRUE
9878932816188,gid://shopify/Product/9878932816188,french-fitness-safety-squat-bar-new,French Fitness Safety Squat Bar (New),ACTIVE,French Fitness,Product Index,2025-01-14T17:45:39Z,2026-08-24T08:03:20Z,266740007228,Google & YouTube,TRUE
9878933963068,gid://shopify/Product/9878933963068,keiser-infinity-triple-functional-trainer-remanufactured,Keiser Infinity Triple Functional Trainer (Remanufactured),ACTIVE,Keiser,Product Index,2025-01-14T17:46:16Z,2026-07-29T21:07:13Z,266740007228,Google & YouTube,TRUE
9878934421820,gid://shopify/Product/9878934421820,star-trac-e-ube-upright-bike-w-touch-screen-remanufactured,Star Trac E-UBe Upright Bike w/Touch Screen (Remanufactured),ACTIVE,Star Trac,Product Index,2025-01-14T17:46:29Z,2026-07-29T21:07:19Z,266740007228,Google & YouTube,TRUE
9878934815036,gid://shopify/Product/9878934815036,french-fitness-ff-st10-stretch-trainer-new,French Fitness FF-ST10 Stretch Trainer (New),ACTIVE,French Fitness,Product Index,2025-01-14T17:46:44Z,2026-08-24T08:15:53Z,266740007228,Google & YouTube,TRUE
9878935142716,gid://shopify/Product/9878935142716,star-trac-impact-ab-abdominal-crunch-machine-remanufactured,Star Trac Impact Ab Abdominal Crunch Machine (Remanufactured),ACTIVE,Star Trac,Product Index,2025-01-14T17:46:56Z,2026-07-29T21:07:15Z,266740007228,Google & YouTube,TRUE
9878935437628,gid://shopify/Product/9878935437628,french-fitness-st100-slat-belt-commercial-treadmill-new,French Fitness ST100 Slat Belt Commercial Treadmill (New),ACTIVE,French Fitness,Product Index,2025-01-14T17:47:09Z,2026-08-20T06:46:52Z,266740007228,Google & YouTube,TRUE
9878935765308,gid://shopify/Product/9878935765308,star-trac-instinct-dual-adjustable-pulley-remanufactured,Star Trac Instinct Dual Adjustable Pulley (Remanufactured),ACTIVE,Star Trac,Product Index,2025-01-14T17:47:26Z,2026-07-29T21:07:13Z,266740007228,Google & YouTube,TRUE
9878935961916,gid://shopify/Product/9878935961916,french-fitness-suspension-trainer-stp3-w-rubber-handle-new,French Fitness Suspension Trainer STP3 w/Rubber Handle (New),ACTIVE,French Fitness,Product Index,2025-01-14T17:47:33Z,2026-08-06T18:51:20Z,266740007228,Google & YouTube,TRUE
9878936256828,gid://shopify/Product/9878936256828,landice-e7-elliptical-elliptimill-trainer-remanufactured,Landice E7 Elliptical Elliptimill Trainer (Remanufactured),ACTIVE,Landice,Product Index,2025-01-14T17:47:44Z,2026-08-04T11:08:52Z,266740007228,Google & YouTube,TRUE
9878937010492,gid://shopify/Product/9878937010492,french-fitness-straight-urethane-barbell-bar-set-20-110-lbs-new,"French Fitness Straight Urethane Barbell Bar Set, 20-110 lbs (New)",ACTIVE,French Fitness,Product Index,2025-01-14T17:48:13Z,2026-08-23T06:30:07Z,266740007228,Google & YouTube,TRUE
9878937993532,gid://shopify/Product/9878937993532,french-fitness-boxing-dummy-punching-bag-man-free-standing-new,French Fitness Boxing Dummy Punching Bag Man Free Standing (New),ACTIVE,French Fitness,Product Index,2025-01-14T17:48:39Z,2026-08-20T05:59:30Z,266740007228,Google & YouTube,TRUE
9878938321212,gid://shopify/Product/9878938321212,star-trac-ip-l8505-max-rack-newer-version-remanufactured,Star Trac IP-L8505 Max Rack (Newer Version) (Remanufactured),ACTIVE,Star Trac,Product Index,2025-01-14T17:48:54Z,2026-07-29T21:07:15Z,266740007228,Google & YouTube,TRUE
9878938550588,gid://shopify/Product/9878938550588,landice-l8-treadmill-remanufactured,Landice L8 Treadmill (Remanufactured),ACTIVE,Landice,Product Index,2025-01-14T17:48:58Z,2026-08-04T11:01:06Z,266740007228,Google & YouTube,TRUE
9878938648892,gid://shopify/Product/9878938648892,french-fitness-straight-urethane-barbell-bar-set-of-5-20-60-lbs-new,French Fitness Straight Urethane Barbell Bar - Set of 5 (20-60 lbs) (New),ACTIVE,French Fitness,Product Index,2025-01-14T17:49:04Z,2026-08-23T06:30:07Z,266740007228,Google & YouTube,TRUE
9878939074876,gid://shopify/Product/9878939074876,star-trac-johnny-g-pro-bike-remanufactured,Star Trac Johnny G PRO Bike (Remanufactured),ACTIVE,Star Trac,Product Index,2025-01-14T17:49:25Z,2026-07-29T21:07:14Z,266740007228,Google & YouTube,TRUE
9878939271484,gid://shopify/Product/9878939271484,french-fitness-straight-urethane-barbell-bar-set-of-5-25-65-lbs-new,French Fitness Straight Urethane Barbell Bar - Set of 5 (25-65 lbs) (New),ACTIVE,French Fitness,Product Index,2025-01-14T17:49:31Z,2026-08-06T18:51:18Z,266740007228,Google & YouTube,TRUE
9878939992380,gid://shopify/Product/9878939992380,star-trac-max-squat-rack-full-cage-smith-machine-remanufactured,Star Trac Max Squat Rack / Full Cage /  Smith Machine (Remanufactured),ACTIVE,Star Trac,Product Index,2025-01-14T17:49:55Z,2026-07-29T21:07:13Z,266740007228,Google & YouTube,TRUE
9878940057916,gid://shopify/Product/9878940057916,french-fitness-straight-urethane-barbell-100-lbs-single-new,French Fitness Straight Urethane Barbell 100 lbs - Single (New),ACTIVE,French Fitness,Product Index,2025-01-14T17:49:57Z,2026-08-06T18:51:18Z,266740007228,Google & YouTube,TRUE
9878940582204,gid://shopify/Product/9878940582204,cybex-lcx-425t-treadmill-remanufactured,Cybex LCX/425T Treadmill (Remanufactured),ACTIVE,Cybex,Product Index,2025-01-14T17:50:17Z,2026-08-04T10:57:47Z,266740007228,Google & YouTube,TRUE
9878940614972,gid://shopify/Product/9878940614972,french-fitness-straight-urethane-barbell-105-lbs-single-new,French Fitness Straight Urethane Barbell 105 lbs - Single (New),ACTIVE,French Fitness,Product Index,2025-01-14T17:50:17Z,2026-08-06T18:51:17Z,266740007228,Google & YouTube,TRUE
9878940713276,gid://shopify/Product/9878940713276,french-fitness-olympic-black-bumper-plate-set-190-lbs-blank-new,French Fitness Olympic Black Bumper Plate Set 190 lbs - Blank (New),ACTIVE,French Fitness,Product Index,2025-01-14T17:50:19Z,2026-08-19T01:48:57Z,266740007228,Google & YouTube,TRUE
9878941008188,gid://shopify/Product/9878941008188,french-fitness-straight-urethane-barbell-110-lbs-single-new,French Fitness Straight Urethane Barbell 110 lbs - Single (New),ACTIVE,French Fitness,Product Index,2025-01-14T17:50:38Z,2026-08-06T18:51:17Z,266740007228,Google & YouTube,TRUE
9878941270332,gid://shopify/Product/9878941270332,life-fitness-9100-dove-tail-recumbent-bike-remanufactured,Life Fitness 9100 Dove Tail Recumbent Bike (Remanufactured),ACTIVE,Life Fitness,Product Index,2025-01-14T17:50:48Z,2026-07-29T21:07:16Z,266740007228,Google & YouTube,TRUE
9878941303100,gid://shopify/Product/9878941303100,stott-pilates-rack-and-roll-reformer-remanufactured,Stott Pilates Rack And Roll Reformer (Remanufactured),ACTIVE,Stott,Product Index,2025-01-14T17:50:49Z,2026-08-03T08:27:17Z,266740007228,Google & YouTube,TRUE
9878941696316,gid://shopify/Product/9878941696316,french-fitness-straight-urethane-barbell-115-lbs-single-new,French Fitness Straight Urethane Barbell 115 lbs - Single (New),ACTIVE,French Fitness,Product Index,2025-01-14T17:50:59Z,2026-08-06T18:51:16Z,266740007228,Google & YouTube,TRUE
9878941761852,gid://shopify/Product/9878941761852,french-fitness-olympic-black-bumper-plate-set-230-lbs-blank-new,French Fitness Olympic Black Bumper Plate Set 230 lbs - Blank (New),ACTIVE,French Fitness,Product Index,2025-01-14T17:51:00Z,2026-07-29T21:07:13Z,266740007228,Google & YouTube,TRUE
9878942253372,gid://shopify/Product/9878942253372,life-fitness-discover-se3-95fs-flexstrider-remanufactured,Life Fitness Discover SE3 95FS Flexstrider (Remanufactured),ACTIVE,Life Fitness,Product Index,2025-01-14T17:51:15Z,2026-08-04T11:04:01Z,266740007228,Google & YouTube,TRUE
9878942286140,gid://shopify/Product/9878942286140,stott-pilates-spx-reformer-remanufactured,Stott Pilates SPX Reformer (Remanufactured),ACTIVE,Stott,Product Index,2025-01-14T17:51:16Z,2026-08-03T08:27:16Z,266740007228,Google & YouTube,TRUE
9878942384444,gid://shopify/Product/9878942384444,french-fitness-straight-urethane-barbell-120-lbs-single-new,French Fitness Straight Urethane Barbell 120 lbs - Single (New),ACTIVE,French Fitness,Product Index,2025-01-14T17:51:19Z,2026-08-06T18:51:16Z,266740007228,Google & YouTube,TRUE
9878943105340,gid://shopify/Product/9878943105340,french-fitness-straight-urethane-barbell-125-lbs-single-new,French Fitness Straight Urethane Barbell 125 lbs - Single (New),ACTIVE,French Fitness,Product Index,2025-01-14T17:51:39Z,2026-08-13T19:06:23Z,266740007228,Google & YouTube,TRUE
9878943203644,gid://shopify/Product/9878943203644,star-trac-pro-indoor-cycle-remanufactured,Star Trac PRO Indoor Cycle (Remanufactured),ACTIVE,Star Trac,Product Index,2025-01-14T17:51:42Z,2026-07-29T21:07:14Z,266740007228,Google & YouTube,TRUE
9878943269180,gid://shopify/Product/9878943269180,life-fitness-discover-se3-95x-elliptical-remanufactured,Life Fitness Discover SE3 95X Elliptical (Remanufactured),ACTIVE,Life Fitness,Product Index,2025-01-14T17:51:44Z,2026-08-04T11:03:32Z,266740007228,Google & YouTube,TRUE
9878943891772,gid://shopify/Product/9878943891772,french-fitness-olympic-black-bumper-plate-set-260-lbs-blank-new,French Fitness Olympic Black Bumper Plate Set 260 lbs - Blank (New),ACTIVE,French Fitness,Product Index,2025-01-14T17:52:03Z,2026-08-22T21:05:10Z,266740007228,Google & YouTube,TRUE
9878944121148,gid://shopify/Product/9878944121148,star-trac-pro-upright-bike-remanufactured,Star Trac Pro Upright Bike (Remanufactured),ACTIVE,Star Trac,Product Index,2025-01-14T17:52:11Z,2026-07-29T21:07:14Z,266740007228,Google & YouTube,TRUE
9878944219452,gid://shopify/Product/9878944219452,life-fitness-discover-se3-hd-95r-elevation-recumbent-bike-remanufactured,Life Fitness Discover SE3 HD 95R Elevation Recumbent Bike (Remanufactured),ACTIVE,Life Fitness,Product Index,2025-01-14T17:52:14Z,2026-07-29T21:07:14Z,266740007228,Google & YouTube,TRUE
9878944710972,gid://shopify/Product/9878944710972,star-trac-p-st-pro-stair-stepper-remanufactured,Star Trac P-ST Pro Stair Stepper (Remanufactured),ACTIVE,Star Trac,Product Index,2025-01-14T17:52:38Z,2026-07-29T21:07:14Z,266740007228,Google & YouTube,TRUE
9878944940348,gid://shopify/Product/9878944940348,french-fitness-olympic-black-bumper-plate-set-320-lbs-blank-new,French Fitness Olympic Black Bumper Plate Set 320 lbs - Blank (New),ACTIVE,French Fitness,Product Index,2025-01-14T17:52:43Z,2026-07-29T21:07:14Z,266740007228,Google & YouTube,TRUE
9878945071420,gid://shopify/Product/9878945071420,life-fitness-discover-se3-hd-95x-elliptical-remanufactured,Life Fitness Discover SE3 HD 95X Elliptical (Remanufactured),ACTIVE,Life Fitness,Product Index,2025-01-14T17:52:47Z,2026-08-04T11:04:27Z,266740007228,Google & YouTube,TRUE
9878945530172,gid://shopify/Product/9878945530172,french-fitness-straight-urethane-barbell-bar-set-25-115-lbs-new,"French Fitness Straight Urethane Barbell Bar Set, 25-115 lbs (New)",ACTIVE,French Fitness,Product Index,2025-01-14T17:53:02Z,2026-07-29T21:07:13Z,266740007228,Google & YouTube,TRUE
9878945923388,gid://shopify/Product/9878945923388,life-fitness-discover-se3-hd-elevation-upright-exercise-bike-remanufactured,Life Fitness Discover SE3 HD Elevation Upright Exercise Bike (Remanufactured),ACTIVE,Life Fitness,Product Index,2025-01-14T17:53:17Z,2026-07-29T21:07:14Z,266740007228,Google & YouTube,TRUE
9878946021692,gid://shopify/Product/9878946021692,french-fitness-olympic-black-bumper-plate-set-340-lbs-blank-new,French Fitness Olympic Black Bumper Plate Set 340 lbs - Blank (New),ACTIVE,French Fitness,Product Index,2025-01-14T17:53:24Z,2026-07-29T21:07:12Z,266740007228,Google & YouTube,TRUE
9878946349372,gid://shopify/Product/9878946349372,star-trac-s-trx-treadmill-remanufactured,Star Trac S-TRx Treadmill (Remanufactured),ACTIVE,Star Trac,Product Index,2025-01-14T17:53:36Z,2026-08-04T10:54:51Z,266740007228,Google & YouTube,TRUE
9878946545980,gid://shopify/Product/9878946545980,life-fitness-discover-se3-hd-lower-body-arc-trainer-remanufactured,Life Fitness Discover SE3 HD Lower Body Arc Trainer (Remanufactured),ACTIVE,Life Fitness,Product Index,2025-01-14T17:53:48Z,2026-08-04T11:03:31Z,266740007228,Google & YouTube,TRUE
9878947004732,gid://shopify/Product/9878947004732,french-fitness-straight-urethane-barbell-40-lbs-single-new,French Fitness Straight Urethane Barbell 40 lbs - Single (New),ACTIVE,French Fitness,Product Index,2025-01-14T17:54:09Z,2026-08-23T06:30:07Z,266740007228,Google & YouTube,TRUE
9878947332412,gid://shopify/Product/9878947332412,life-fitness-discover-se3-lower-body-arc-trainer-remanufactured,Life Fitness Discover SE3 Lower Body Arc Trainer (Remanufactured),ACTIVE,Life Fitness,Product Index,2025-01-14T17:54:18Z,2026-08-04T11:03:32Z,266740007228,Google & YouTube,TRUE
9878947463484,gid://shopify/Product/9878947463484,french-fitness-olympic-black-bumper-plate-set-370-lbs-blank-new,French Fitness Olympic Black Bumper Plate Set 370 lbs - Blank (New),ACTIVE,French Fitness,Product Index,2025-01-14T17:54:28Z,2026-07-29T21:07:15Z,266740007228,Google & YouTube,TRUE
9878947529020,gid://shopify/Product/9878947529020,french-fitness-straight-urethane-barbell-45-lbs-single-new,French Fitness Straight Urethane Barbell 45 lbs - Single (New),ACTIVE,French Fitness,Product Index,2025-01-14T17:54:29Z,2026-08-23T06:30:08Z,266740007228,Google & YouTube,TRUE
9878947627324,gid://shopify/Product/9878947627324,star-trac-tr-4000-treadmill-remanufactured,Star Trac TR 4000 Treadmill (Remanufactured),ACTIVE,Star Trac,Product Index,2025-01-14T17:54:36Z,2026-08-04T10:55:36Z,266740007228,Google & YouTube,TRUE
9878947791164,gid://shopify/Product/9878947791164,life-fitness-fit-series-dual-adjustable-pulley-remanufactured,Life Fitness Fit Series Dual Adjustable Pulley (Remanufactured),ACTIVE,Life Fitness,Product Index,2025-01-14T17:54:49Z,2026-07-29T21:07:16Z,266740007228,Google & YouTube,TRUE
9878947823932,gid://shopify/Product/9878947823932,french-fitness-straight-urethane-barbell-50-lbs-single-new,French Fitness Straight Urethane Barbell 50 lbs - Single (New),ACTIVE,French Fitness,Product Index,2025-01-14T17:54:50Z,2026-08-06T18:51:12Z,266740007228,Google & YouTube,TRUE
9878948053308,gid://shopify/Product/9878948053308,star-trac-tr-4500-treadmill-remanufactured,Star Trac TR 4500 Treadmill (Remanufactured),ACTIVE,Star Trac,Product Index,2025-01-14T17:55:05Z,2026-08-04T10:55:36Z,266740007228,Google & YouTube,TRUE
9878948118844,gid://shopify/Product/9878948118844,french-fitness-straight-urethane-barbell-55-lbs-single-new,French Fitness Straight Urethane Barbell 55 lbs - Single (New),ACTIVE,French Fitness,Product Index,2025-01-14T17:55:10Z,2026-08-23T06:30:07Z,266740007228,Google & YouTube,TRUE
9878948348220,gid://shopify/Product/9878948348220,french-fitness-olympic-black-bumper-plate-55-lbs-blank-new,French Fitness Olympic Black Bumper Plate 55 lbs - Blank (New),ACTIVE,French Fitness,Product Index,2025-01-14T17:55:30Z,2026-08-06T18:51:11Z,266740007228,Google & YouTube,TRUE
9878948446524,gid://shopify/Product/9878948446524,french-fitness-straight-urethane-barbell-60-lbs-single-new,French Fitness Straight Urethane Barbell 60 lbs - Single (New),ACTIVE,French Fitness,Product Index,2025-01-14T17:55:30Z,2026-08-06T18:51:10Z,266740007228,Google & YouTube,TRUE
9878948643132,gid://shopify/Product/9878948643132,scifit-sx-1000-elliptical-remanufactured,SciFit SX 1000 Elliptical (Remanufactured),ACTIVE,SciFit,Product Index,2025-01-14T17:55:35Z,2026-08-04T11:07:56Z,266740007228,Google & YouTube,TRUE
9878948839740,gid://shopify/Product/9878948839740,french-fitness-straight-urethane-barbell-65-lbs-single-new,French Fitness Straight Urethane Barbell 65 lbs - Single (New),ACTIVE,French Fitness,Product Index,2025-01-14T17:55:50Z,2026-08-06T18:51:10Z,266740007228,Google & YouTube,TRUE
9878948938044,gid://shopify/Product/9878948938044,french-fitness-olympic-black-bumper-plate-set-680-lbs-blank-new,French Fitness Olympic Black Bumper Plate Set 680 lbs - Blank (New),ACTIVE,French Fitness,Product Index,2025-01-14T17:55:54Z,2026-07-29T21:07:17Z,266740007228,Google & YouTube,TRUE
9878949036348,gid://shopify/Product/9878949036348,scifit-sx-7000-lower-body-elliptical-remanufactured,SciFit SX 7000 Lower Body Elliptical (Remanufactured),ACTIVE,SciFit,Product Index,2025-01-14T17:56:01Z,2026-08-04T11:07:25Z,266740007228,Google & YouTube,TRUE
9878949167420,gid://shopify/Product/9878949167420,french-fitness-straight-urethane-barbell-70-lbs-single-new,French Fitness Straight Urethane Barbell 70 lbs - Single (New),ACTIVE,French Fitness,Product Index,2025-01-14T17:56:11Z,2026-08-06T18:51:10Z,266740007228,Google & YouTube,TRUE
9878949429564,gid://shopify/Product/9878949429564,life-fitness-synrgy360-dual-fxtf-uu-remanufactured,Life Fitness Synrgy360 Dual FXTF-UU (Remanufactured),ACTIVE,Life Fitness,Product Index,2025-01-14T17:56:26Z,2026-07-29T21:07:14Z,266740007228,Google & YouTube,TRUE
9878949495100,gid://shopify/Product/9878949495100,scifit-sxt-7000-total-body-elliptical-remanufactured,SciFit SXT 7000 Total Body Elliptical (Remanufactured),ACTIVE,SciFit,Product Index,2025-01-14T17:56:28Z,2026-08-04T11:06:57Z,266740007228,Google & YouTube,TRUE
9878949593404,gid://shopify/Product/9878949593404,french-fitness-straight-urethane-barbell-75-lbs-single-new,French Fitness Straight Urethane Barbell 75 lbs - Single (New),ACTIVE,French Fitness,Product Index,2025-01-14T17:56:32Z,2026-08-06T18:51:10Z,266740007228,Google & YouTube,TRUE
9878949626172,gid://shopify/Product/9878949626172,french-fitness-aerobic-barbell-weight-plate-set-of-1-new,French Fitness Aerobic Barbell & Weight Plate Set of 1 (New),ACTIVE,French Fitness,Product Index,2025-01-14T17:56:34Z,2026-08-06T18:51:09Z,266740007228,Google & YouTube,TRUE
9878949855548,gid://shopify/Product/9878949855548,french-fitness-straight-urethane-barbell-80-lbs-single-new,French Fitness Straight Urethane Barbell 80 lbs - Single (New),ACTIVE,French Fitness,Product Index,2025-01-14T17:56:52Z,2026-08-06T18:51:09Z,266740007228,Google & YouTube,TRUE
9878949888316,gid://shopify/Product/9878949888316,scifit-sxt-7000e-easy-entry-elliptical-remanufactured,SciFit SXT 7000e Easy Entry Elliptical (Remanufactured),ACTIVE,SciFit,Product Index,2025-01-14T17:56:56Z,2026-08-04T11:04:46Z,266740007228,Google & YouTube,TRUE
9878950215996,gid://shopify/Product/9878950215996,french-fitness-straight-urethane-barbell-85-lbs-single-new,French Fitness Straight Urethane Barbell 85 lbs - Single (New),ACTIVE,French Fitness,Product Index,2025-01-14T17:57:12Z,2026-08-06T18:51:09Z,266740007228,Google & YouTube,TRUE
9878950281532,gid://shopify/Product/9878950281532,french-fitness-20-set-aerobic-bar-plate-package-w-rack-new,French Fitness 20 Set Aerobic Bar & Plate Package w/Rack (New),ACTIVE,French Fitness,Product Index,2025-01-14T17:57:14Z,2026-07-29T21:07:13Z,266740007228,Google & YouTube,TRUE
9878950379836,gid://shopify/Product/9878950379836,technogym-vario-excite-1000-sp-w-led-console-remanufactured,Technogym Vario Excite 1000 SP w/LED Console (Remanufactured),ACTIVE,Technogym,Product Index,2025-01-14T17:57:23Z,2026-08-04T11:08:50Z,266740007228,Google & YouTube,TRUE
9878950478140,gid://shopify/Product/9878950478140,french-fitness-straight-urethane-barbell-90-lbs-single-new,French Fitness Straight Urethane Barbell 90 lbs - Single (New),ACTIVE,French Fitness,Product Index,2025-01-14T17:57:33Z,2026-08-06T18:51:08Z,266740007228,Google & YouTube,TRUE
9878950576444,gid://shopify/Product/9878950576444,life-fitness-integrity-elliptical-w-c-console-remanufactured,Life Fitness Integrity Elliptical w/ C Console (Remanufactured),ACTIVE,Life Fitness,Product Index,2025-01-14T17:57:39Z,2026-08-04T11:03:31Z,266740007228,Google & YouTube,TRUE
9878950609212,gid://shopify/Product/9878950609212,french-fitness-aerobic-bar-plate-rack-fits-20-sets-new,French Fitness Aerobic Bar & Plate Rack - Fits 20 Sets (New),ACTIVE,French Fitness,Product Index,2025-01-14T17:57:40Z,2026-07-29T21:07:59Z,266740007228,Google & YouTube,TRUE
9878950838588,gid://shopify/Product/9878950838588,french-fitness-straight-urethane-barbell-95-lbs-single-new,French Fitness Straight Urethane Barbell 95 lbs - Single (New),ACTIVE,French Fitness,Product Index,2025-01-14T17:57:54Z,2026-08-06T18:51:08Z,266740007228,Google & YouTube,TRUE
9878951166268,gid://shopify/Product/9878951166268,life-fitness-integrity-elliptical-w-x-console-remanufactured,Life Fitness Integrity Elliptical w/X Console (Remanufactured),ACTIVE,Life Fitness,Product Index,2025-01-14T17:58:08Z,2026-08-04T11:03:32Z,266740007228,Google & YouTube,TRUE
9878951330108,gid://shopify/Product/9878951330108,french-fitness-stackable-wood-jerk-blocks-set-of-8-boxes-new,French Fitness Stackable Wood Jerk Blocks - Set of 8 Boxes (New),ACTIVE,French Fitness,Product Index,2025-01-14T17:58:15Z,2026-08-22T02:43:41Z,266740007228,Google & YouTube,TRUE
9878951493948,gid://shopify/Product/9878951493948,french-fitness-olympic-bumper-plates-set-w-7-ft-olympic-bar-515-lbs-crumb-rubber-new,French Fitness Olympic Bumper Plates Set w/7 ft Olympic Bar 515 lbs - Crumb Rubber (New),ACTIVE,French Fitness,Product Index,2025-01-14T17:58:24Z,2026-07-29T21:08:02Z,266740007228,Google & YouTube,TRUE
9878951690556,gid://shopify/Product/9878951690556,french-fitness-t600-treadmill-w-7-blue-lcd-screen-new,"French Fitness T600 Treadmill w/7"" Blue LCD Screen (New)",ACTIVE,French Fitness,Product Index,2025-01-14T17:58:38Z,2026-08-12T11:57:40Z,266740007228,Google & YouTube,TRUE
9878951821628,gid://shopify/Product/9878951821628,life-fitness-t3-treadmill-remanufactured,Life Fitness T3 Treadmill (Remanufactured),ACTIVE,Life Fitness,Product Index,2025-01-14T17:58:48Z,2026-08-04T11:00:13Z,266740007228,Google & YouTube,TRUE
9878951985468,gid://shopify/Product/9878951985468,life-fitness-integrity-recumbent-bike-w-se3-hd-console-remanufactured,Life Fitness Integrity Recumbent Bike w/SE3 HD Console (Remanufactured),ACTIVE,Life Fitness,Product Index,2025-01-14T17:58:53Z,2026-07-29T21:08:03Z,266740007228,Google & YouTube,TRUE
9878952182076,gid://shopify/Product/9878952182076,french-fitness-t700-commercial-treadmill-new,French Fitness T700 Commercial Treadmill (New),ACTIVE,French Fitness,Product Index,2025-01-14T17:59:04Z,2026-08-12T12:01:05Z,266740007228,Google & YouTube,TRUE
9878952313148,gid://shopify/Product/9878952313148,nustep-t4r-recumbent-crosstrainer-remanufactured,NuStep T4r Recumbent Crosstrainer (Remanufactured),ACTIVE,Nustep,Product Index,2025-01-14T17:59:17Z,2026-07-29T21:08:01Z,266740007228,Google & YouTube,TRUE
9878952575292,gid://shopify/Product/9878952575292,french-fitness-t800-commercial-treadmill-new,French Fitness T800 Commercial Treadmill (New),ACTIVE,French Fitness,Product Index,2025-01-14T17:59:31Z,2026-08-22T02:43:42Z,266740007228,Google & YouTube,TRUE
9878952739132,gid://shopify/Product/9878952739132,french-fitness-training-battle-rope-1-5-in-x-50-ft-new,French Fitness Training Battle Rope 1.5 in x 50 ft (New),ACTIVE,French Fitness,Product Index,2025-01-14T17:59:38Z,2026-08-06T18:51:07Z,266740007228,Google & YouTube,TRUE
9878952837436,gid://shopify/Product/9878952837436,technogym-4-stack-cable-jungle-gym-remanufactured,Technogym 4-Stack Cable Jungle Gym (Remanufactured),ACTIVE,Technogym,Product Index,2025-01-14T17:59:44Z,2026-07-29T21:08:03Z,266740007228,Google & YouTube,TRUE
9878952935740,gid://shopify/Product/9878952935740,french-fitness-training-battle-rope-2-in-x-30-ft-new,French Fitness Training Battle Rope 2 in x 30 ft (New),ACTIVE,French Fitness,Product Index,2025-01-14T17:59:57Z,2026-08-06T18:51:07Z,266740007228,Google & YouTube,TRUE
9878952968508,gid://shopify/Product/9878952968508,french-fitness-t900-commercial-treadmill-w-18-5-touchscreen-new,"French Fitness T900 Commercial Treadmill w/18.5"" Touchscreen (New)",ACTIVE,French Fitness,Product Index,2025-01-14T17:59:57Z,2026-08-22T21:05:10Z,266740007228,Google & YouTube,TRUE
9878953328956,gid://shopify/Product/9878953328956,french-fitness-training-battle-rope-2-in-x-40-ft-new,French Fitness Training Battle Rope 2 in x 40 ft (New),ACTIVE,French Fitness,Product Index,2025-01-14T18:00:17Z,2026-08-06T18:51:06Z,266740007228,Google & YouTube,TRUE
9878953558332,gid://shopify/Product/9878953558332,life-fitness-platinum-club-flexstrider-w-explore-console-remanufactured,Life Fitness Platinum Club Flexstrider w/Explore Console (Remanufactured),ACTIVE,Life Fitness,Product Index,2025-01-14T18:00:28Z,2026-08-04T11:08:52Z,266740007228,Google & YouTube,TRUE
9878953689404,gid://shopify/Product/9878953689404,french-fitness-training-battle-rope-2-in-x-50-ft-new,French Fitness Training Battle Rope 2 in x 50 ft (New),ACTIVE,French Fitness,Product Index,2025-01-14T18:00:38Z,2026-08-06T18:51:06Z,266740007228,Google & YouTube,TRUE
9878953951548,gid://shopify/Product/9878953951548,life-fitness-powermill-climber-w-integrity-c-console-95ps-c-wifi-remanufactured,Life Fitness PowerMill Climber w/ Integrity C Console (95PS C WIFI) (Remanufactured),ACTIVE,Life Fitness,Product Index,2025-01-14T18:00:58Z,2026-07-29T21:07:59Z,266740007228,Google & YouTube,TRUE
9878954017084,gid://shopify/Product/9878954017084,french-fitness-brc10-multi-bench-half-rack-combo-new,French Fitness BRC10 Multi Bench / Half Rack Combo (New),ACTIVE,French Fitness,Product Index,2025-01-14T18:01:00Z,2026-08-16T18:25:04Z,266740007228,Google & YouTube,TRUE
9878954082620,gid://shopify/Product/9878954082620,nustep-t5-recumbent-crosstrainer-remanufactured,Nustep T5 Recumbent Crosstrainer (Remanufactured),ACTIVE,Nustep,Product Index,2025-01-14T18:01:02Z,2026-07-29T21:34:25Z,266740007228,Google & YouTube,TRUE
9878954344764,gid://shopify/Product/9878954344764,french-fitness-chest-supported-t-bar-row-tbar-c90-black-new,French Fitness Chest Supported T-Bar Row TBAR-C90 Black (New),ACTIVE,French Fitness,Product Index,2025-01-14T18:01:22Z,2026-08-19T04:31:52Z,266740007228,Google & YouTube,TRUE
9878954377532,gid://shopify/Product/9878954377532,french-fitness-ff-bsm20-belt-squat-machine-new,French Fitness FF-BSM20 Belt Squat Machine (New),ACTIVE,French Fitness,Product Index,2025-01-14T18:01:27Z,2026-08-22T02:43:41Z,266740007228,Google & YouTube,TRUE
9878954541372,gid://shopify/Product/9878954541372,life-fitness-integrity-se3-hd-elliptical-remanufactured,Life Fitness Integrity SE3 HD Elliptical (Remanufactured),ACTIVE,Life Fitness,Product Index,2025-01-14T18:01:33Z,2026-08-21T23:31:10Z,266740007228,Google & YouTube,TRUE
9878955000124,gid://shopify/Product/9878955000124,french-fitness-chest-supported-t-bar-row-tbar-c90-silver-new,French Fitness Chest Supported T-Bar Row TBAR-C90 Silver (New),ACTIVE,French Fitness,Product Index,2025-01-14T18:01:51Z,2026-08-22T02:43:41Z,266740007228,Google & YouTube,TRUE
9878955163964,gid://shopify/Product/9878955163964,french-fitness-bolt-together-parallette-set-of-2-new,French Fitness Bolt Together Parallette Set of 2 (New),ACTIVE,French Fitness,Product Index,2025-01-14T18:01:56Z,2026-08-06T18:51:05Z,266740007228,Google & YouTube,TRUE
9878955327804,gid://shopify/Product/9878955327804,life-fitness-t5-5-treadmill-remanufactured,Life Fitness T5-5 Treadmill (Remanufactured),ACTIVE,Life Fitness,Product Index,2025-01-14T18:02:02Z,2026-08-04T11:01:06Z,266740007228,Google & YouTube,TRUE
9878955360572,gid://shopify/Product/9878955360572,life-fitness-integrity-se3-hd-upright-bike-remanufactured,Life Fitness Integrity SE3 HD Upright Bike (Remanufactured),ACTIVE,Life Fitness,Product Index,2025-01-14T18:02:03Z,2026-07-29T21:08:02Z,266740007228,Google & YouTube,TRUE
9878955721020,gid://shopify/Product/9878955721020,french-fitness-tbe200-total-body-ergometer-new,French Fitness TBE200 Total Body Ergometer (New),ACTIVE,French Fitness,Product Index,2025-01-14T18:02:19Z,2026-07-29T21:08:03Z,266740007228,Google & YouTube,TRUE
9878955884860,gid://shopify/Product/9878955884860,nustep-t5-xr-recumbent-crosstrainer-remanufactured,Nustep T5 XR Recumbent CrossTrainer (Remanufactured),ACTIVE,Nustep,Product Index,2025-01-14T18:02:33Z,2026-08-05T07:15:46Z,266740007228,Google & YouTube,TRUE
9878955917628,gid://shopify/Product/9878955917628,life-fitness-signature-assist-dip-chin-remanufactured,Life Fitness Signature Assist Dip Chin (Remanufactured),ACTIVE,Life Fitness,Product Index,2025-01-14T18:02:33Z,2026-07-29T21:08:03Z,266740007228,Google & YouTube,TRUE
9878955950396,gid://shopify/Product/9878955950396,french-fitness-colored-rubber-grip-weight-plate-set-w-7-ft-bar-305-lbs-rack-bench-new,French Fitness Colored Rubber Grip Weight Plate Set w/7 ft Bar 305 lbs + Rack + Bench (New),ACTIVE,French Fitness,Product Index,2025-01-14T18:02:37Z,2026-07-29T21:07:59Z,266740007228,Google & YouTube,TRUE
9878956310844,gid://shopify/Product/9878956310844,sportsart-fitness-6300-institutional-treadmill-remanufactured,SportsArt Fitness 6300 Institutional Treadmill (Remanufactured),ACTIVE,SportsArt,Product Index,2025-01-14T18:03:01Z,2026-08-04T11:01:05Z,266740007228,Google & YouTube,TRUE
9878956867900,gid://shopify/Product/9878956867900,sportsart-fitness-t631-treadmill-remanufactured,SportsArt Fitness T631 Treadmill (Remanufactured),ACTIVE,SportsArt,Product Index,2025-01-14T18:03:31Z,2026-08-04T11:01:06Z,266740007228,Google & YouTube,TRUE
9878957228348,gid://shopify/Product/9878957228348,french-fitness-tbr40-plate-loaded-t-bar-row-new,French Fitness TBR40 Plate Loaded T-Bar Row (New),ACTIVE,French Fitness,Product Index,2025-01-14T18:03:53Z,2026-08-06T18:51:04Z,266740007228,Google & YouTube,TRUE
9878957424956,gid://shopify/Product/9878957424956,sportsart-fitness-6310-hr-club-treadmill-remanufactured,SportsArt Fitness 6310 HR Club Treadmill (Remanufactured),ACTIVE,SportsArt,Product Index,2025-01-14T18:04:00Z,2026-08-04T11:01:04Z,266740007228,Google & YouTube,TRUE
9878957883708,gid://shopify/Product/9878957883708,french-fitness-tbr80-plate-loaded-t-bar-row-new,French Fitness TBR80 Plate Loaded T-Bar Row (New),ACTIVE,French Fitness,Product Index,2025-01-14T18:04:21Z,2026-08-17T12:03:38Z,266740007228,Google & YouTube,TRUE
9878958178620,gid://shopify/Product/9878958178620,life-fitness-t7-0-treadmill-remanufactured,Life Fitness T7-0 Treadmill (Remanufactured),ACTIVE,Life Fitness,Product Index,2025-01-14T18:04:32Z,2026-08-04T11:00:36Z,266740007228,Google & YouTube,TRUE
9878958670140,gid://shopify/Product/9878958670140,french-fitness-ff-tdr-triangle-vertical-10-pair-dumbbell-rack-new,French Fitness FF-TDR Triangle Vertical 10 Pair Dumbbell Rack (New),ACTIVE,French Fitness,Product Index,2025-01-14T18:04:48Z,2026-08-22T02:43:42Z,266740007228,Google & YouTube,TRUE
9878959063356,gid://shopify/Product/9878959063356,french-fitness-cast-iron-kettlebell-100-lbs-new,French Fitness Cast Iron Kettlebell 100 lbs (New),ACTIVE,French Fitness,Product Index,2025-01-14T18:04:56Z,2026-08-26T21:16:40Z,266740007228,Google & YouTube,TRUE
9878959128892,gid://shopify/Product/9878959128892,life-fitness-synrgy360xm-remanufactured,Life Fitness SYNRGY360XM (Remanufactured),ACTIVE,Life Fitness,Product Index,2025-01-14T18:04:56Z,2026-07-29T21:07:59Z,266740007228,Google & YouTube,TRUE
9878960111932,gid://shopify/Product/9878960111932,bowflex-treadclimber-tc1000-remanufactured,Bowflex Treadclimber TC1000 (Remanufactured),ACTIVE,Bowflex,Product Index,2025-01-14T18:05:36Z,2026-07-29T21:08:04Z,266740007228,Google & YouTube,TRUE
9878960767292,gid://shopify/Product/9878960767292,bowflex-treadclimber-tc20-remanufactured,Bowflex Treadclimber TC20 (Remanufactured),ACTIVE,Bowflex,Product Index,2025-01-14T18:06:06Z,2026-08-22T02:43:42Z,266740007228,Google & YouTube,TRUE
9878960800060,gid://shopify/Product/9878960800060,life-fitness-synrgy90-cc-new,Life Fitness SYNRGY90 CC (New),ACTIVE,Life Fitness,Product Index,2025-01-14T18:06:07Z,2026-07-29T21:08:03Z,266740007228,Google & YouTube,TRUE
9878962405692,gid://shopify/Product/9878962405692,bowflex-treadclimber-tc3000-exercise-machine-remanufactured,Bowflex Treadclimber TC3000 Exercise Machine (Remanufactured),ACTIVE,Bowflex,Product Index,2025-01-14T18:06:36Z,2026-08-22T01:01:06Z,266740007228,Google & YouTube,TRUE
9878963290428,gid://shopify/Product/9878963290428,bowflex-treadclimber-tc5000-remanufactured,Bowflex Treadclimber TC5000 (Remanufactured),ACTIVE,Bowflex,Product Index,2025-01-14T18:07:07Z,2026-08-22T21:05:09Z,266740007228,Google & YouTube,TRUE
9878964044092,gid://shopify/Product/9878964044092,bowflex-treadclimber-tc5300-exercise-equipment-remanufactured,Bowflex Treadclimber TC5300 Exercise Equipment (Remanufactured),ACTIVE,Bowflex,Product Index,2025-01-14T18:07:37Z,2026-08-22T21:05:09Z,266740007228,Google & YouTube,TRUE
9878964371772,gid://shopify/Product/9878964371772,french-fitness-urethane-olympic-weight-plate-v2-set-190-lbs-new,French Fitness Urethane Olympic Weight Plate V2 Set 190 lbs (New),ACTIVE,French Fitness,Product Index,2025-01-14T18:07:46Z,2026-08-06T18:50:58Z,266740007228,Google & YouTube,TRUE
9878964404540,gid://shopify/Product/9878964404540,life-fitness-5500hr-elliptical-remanufactured,Life Fitness 5500HR Elliptical (Remanufactured),ACTIVE,Life Fitness,Product Index,2025-01-14T18:07:46Z,2026-08-04T11:07:56Z,266740007228,Google & YouTube,TRUE
9878965092668,gid://shopify/Product/9878965092668,bowflex-treadclimber-tc5500-stair-climber-remanufactured,Bowflex Treadclimber TC5500 Stair Climber (Remanufactured),ACTIVE,Bowflex,Product Index,2025-01-14T18:08:07Z,2026-07-29T21:08:01Z,266740007228,Google & YouTube,TRUE
9878965125436,gid://shopify/Product/9878965125436,french-fitness-cast-iron-kettlebell-set-5-30-lbs-new,French Fitness Cast Iron Kettlebell Set 5-30 lbs (New),ACTIVE,French Fitness,Product Index,2025-01-14T18:08:08Z,2026-08-26T21:16:40Z,266740007228,Google & YouTube,TRUE
9878965256508,gid://shopify/Product/9878965256508,life-fitness-life-cycle-5500-recumbent-bike-remanufactured,Life Fitness Life Cycle 5500 Recumbent Bike (Remanufactured),ACTIVE,Life Fitness,Product Index,2025-01-14T18:08:13Z,2026-07-29T21:08:03Z,266740007228,Google & YouTube,TRUE
9878965911868,gid://shopify/Product/9878965911868,bowflex-treadclimber-tc6000-stair-machine-remanufactured,Bowflex Treadclimber TC6000 Stair Machine (Remanufactured),ACTIVE,Bowflex,Product Index,2025-01-14T18:08:36Z,2026-07-29T21:08:03Z,266740007228,Google & YouTube,TRUE
9878965977404,gid://shopify/Product/9878965977404,life-fitness-90t-treadmill-remanufactured,Life Fitness 90T Treadmill (Remanufactured),ACTIVE,Life Fitness,Product Index,2025-01-14T18:08:40Z,2026-08-04T11:00:16Z,266740007228,Google & YouTube,TRUE
9878966206780,gid://shopify/Product/9878966206780,french-fitness-cast-iron-kettlebell-55-lbs-new,French Fitness Cast Iron Kettlebell 55 lbs (New),ACTIVE,French Fitness,Product Index,2025-01-14T18:08:47Z,2026-08-26T21:16:40Z,266740007228,Google & YouTube,TRUE
9878966665532,gid://shopify/Product/9878966665532,technogym-cardiowave-700i-w-led-console-remanufactured,Technogym Cardiowave 700i w/LED Console (Remanufactured),ACTIVE,Technogym,Product Index,2025-01-14T18:09:06Z,2026-08-04T11:03:03Z,266740007228,Google & YouTube,TRUE
9878966698300,gid://shopify/Product/9878966698300,french-fitness-cast-iron-kettlebell-set-5-50-lbs-new,French Fitness Cast Iron Kettlebell Set 5-50 lbs (New),ACTIVE,French Fitness,Product Index,2025-01-14T18:09:06Z,2026-08-26T21:16:40Z,266740007228,Google & YouTube,TRUE
9878966763836,gid://shopify/Product/9878966763836,life-fitness-95r-explore-console-recumbent-bike-remanufactured,Life Fitness 95R Explore Console Recumbent Bike (Remanufactured),ACTIVE,Life Fitness,Product Index,2025-01-14T18:09:09Z,2026-07-29T21:08:00Z,266740007228,Google & YouTube,TRUE
9878967222588,gid://shopify/Product/9878967222588,french-fitness-cast-iron-kettlebell-set-5-70-lbs-new,French Fitness Cast Iron Kettlebell Set 5-70 lbs (New),ACTIVE,French Fitness,Product Index,2025-01-14T18:09:32Z,2026-08-26T21:16:40Z,266740007228,Google & YouTube,TRUE
9878967288124,gid://shopify/Product/9878967288124,technogym-cardio-wave-700e-w-tv-remanufactured,Technogym Cardio Wave 700e w/TV (Remanufactured),ACTIVE,Technogym,Product Index,2025-01-14T18:09:35Z,2026-08-04T11:03:02Z,266740007228,Google & YouTube,TRUE
9878967550268,gid://shopify/Product/9878967550268,life-fitness-signature-cable-crossover-cmaco-remanufactured,Life Fitness Signature Cable Crossover CMACO (Remanufactured),ACTIVE,Life Fitness,Product Index,2025-01-14T18:09:41Z,2026-08-22T02:43:41Z,266740007228,Google & YouTube,TRUE
9878967615804,gid://shopify/Product/9878967615804,french-fitness-urethane-olympic-weight-plate-v2-set-260-lbs-new,French Fitness Urethane Olympic Weight Plate V2 Set 260 lbs (New),ACTIVE,French Fitness,Product Index,2025-01-14T18:09:42Z,2026-08-19T15:53:14Z,266740007228,Google & YouTube,TRUE
9878967877948,gid://shopify/Product/9878967877948,french-fitness-cast-iron-kettlebell-set-5-80-lbs-new,French Fitness Cast Iron Kettlebell Set 5-80 lbs (New),ACTIVE,French Fitness,Product Index,2025-01-14T18:09:58Z,2026-08-26T21:16:40Z,266740007228,Google & YouTube,TRUE
9878968074556,gid://shopify/Product/9878968074556,technogym-cardio-wave-700e-w-unity-1-0-remanufactured,Technogym Cardio Wave 700e w/Unity 1.0 (Remanufactured),ACTIVE,Technogym,Product Index,2025-01-14T18:10:04Z,2026-08-04T11:03:04Z,266740007228,Google & YouTube,TRUE
9878968205628,gid://shopify/Product/9878968205628,french-fitness-urethane-olympic-weight-plate-v2-35-lbs-black-new,French Fitness Urethane Olympic Weight Plate V2 35 lbs Black (New),ACTIVE,French Fitness,Product Index,2025-01-14T18:10:10Z,2026-08-06T18:50:56Z,266740007228,Google & YouTube,TRUE
9878968500540,gid://shopify/Product/9878968500540,french-fitness-cast-iron-kettlebell-60-lbs-new,French Fitness Cast Iron Kettlebell 60 lbs (New),ACTIVE,French Fitness,Product Index,2025-01-14T18:10:23Z,2026-08-26T21:16:40Z,266740007228,Google & YouTube,TRUE
9878968664380,gid://shopify/Product/9878968664380,french-fitness-urethane-olympic-weight-plate-v2-set-350-lbs-new,French Fitness Urethane Olympic Weight Plate V2 Set 350 lbs (New),ACTIVE,French Fitness,Product Index,2025-01-14T18:10:31Z,2026-07-29T21:08:03Z,266740007228,Google & YouTube,TRUE
9878968697148,gid://shopify/Product/9878968697148,technogym-cardio-wave-700e-w-visioweb-remanufactured,Technogym Cardio Wave 700e w/Visioweb (Remanufactured),ACTIVE,Technogym,Product Index,2025-01-14T18:10:34Z,2026-08-04T11:08:52Z,266740007228,Google & YouTube,TRUE
9878969024828,gid://shopify/Product/9878969024828,french-fitness-cast-iron-kettlebell-65-lbs-new,French Fitness Cast Iron Kettlebell 65 lbs (New),ACTIVE,French Fitness,Product Index,2025-01-14T18:10:42Z,2026-08-26T21:16:40Z,266740007228,Google & YouTube,TRUE
9878969483580,gid://shopify/Product/9878969483580,french-fitness-urethane-olympic-weight-plate-v2-45-lbs-black-new,French Fitness Urethane Olympic Weight Plate V2 45 lbs Black (New),ACTIVE,French Fitness,Product Index,2025-01-14T18:11:00Z,2026-08-22T02:43:41Z,266740007228,Google & YouTube,TRUE
9878969549116,gid://shopify/Product/9878969549116,french-fitness-cast-iron-kettlebell-70-lbs-new,French Fitness Cast Iron Kettlebell 70 lbs (New),ACTIVE,French Fitness,Product Index,2025-01-14T18:11:02Z,2026-08-26T21:16:40Z,266740007228,Google & YouTube,TRUE
9878970007868,gid://shopify/Product/9878970007868,life-fitness-cmdap-cable-motion-dap-signature-series-remanufactured,Life Fitness CMDAP Cable Motion DAP Signature Series (Remanufactured),ACTIVE,Life Fitness,Product Index,2025-01-14T18:11:17Z,2026-07-29T21:07:59Z,266740007228,Google & YouTube,TRUE
9878970270012,gid://shopify/Product/9878970270012,french-fitness-urethane-olympic-weight-plate-v2-set-450-lbs-new,French Fitness Urethane Olympic Weight Plate V2 Set 450 lbs (New),ACTIVE,French Fitness,Product Index,2025-01-14T18:11:21Z,2026-08-19T15:53:09Z,266740007228,Google & YouTube,TRUE
9878970335548,gid://shopify/Product/9878970335548,french-fitness-cast-iron-kettlebell-75-lbs-new,French Fitness Cast Iron Kettlebell 75 lbs (New),ACTIVE,French Fitness,Product Index,2025-01-14T18:11:22Z,2026-08-26T21:16:40Z,266740007228,Google & YouTube,TRUE
9878970958140,gid://shopify/Product/9878970958140,french-fitness-cast-iron-kettlebell-80-lbs-new,French Fitness Cast Iron Kettlebell 80 lbs (New),ACTIVE,French Fitness,Product Index,2025-01-14T18:11:41Z,2026-08-26T21:16:40Z,266740007228,Google & YouTube,TRUE
9878971580732,gid://shopify/Product/9878971580732,french-fitness-cast-iron-kettlebell-85-lbs-new,French Fitness Cast Iron Kettlebell 85 lbs (New),ACTIVE,French Fitness,Product Index,2025-01-14T18:12:00Z,2026-08-26T21:16:40Z,266740007228,Google & YouTube,TRUE
9878971908412,gid://shopify/Product/9878971908412,technogym-pure-strength-45-degree-back-hyperextension-bench-remanufactured,Technogym Pure Strength 45 Degree Back Hyperextension Bench (Remanufactured),ACTIVE,Technogym,Product Index,2025-01-14T18:12:09Z,2026-07-29T21:08:03Z,266740007228,Google & YouTube,TRUE
9878972137788,gid://shopify/Product/9878972137788,french-fitness-cast-iron-kettlebell-90-lbs-new,French Fitness Cast Iron Kettlebell 90 lbs (New),ACTIVE,French Fitness,Product Index,2025-01-14T18:12:19Z,2026-08-26T21:16:40Z,266740007228,Google & YouTube,TRUE
9878972694844,gid://shopify/Product/9878972694844,french-fitness-cast-iron-kettlebell-95-lbs-new,French Fitness Cast Iron Kettlebell 95 lbs (New),ACTIVE,French Fitness,Product Index,2025-01-14T18:12:39Z,2026-08-26T21:16:40Z,266740007228,Google & YouTube,TRUE
9878972727612,gid://shopify/Product/9878972727612,technogym-artis-climb-unity-remanufactured,Technogym Artis Climb Unity (Remanufactured),ACTIVE,Technogym,Product Index,2025-01-14T18:12:41Z,2026-07-29T21:08:03Z,266740007228,Google & YouTube,TRUE
9878972924220,gid://shopify/Product/9878972924220,french-fitness-urethane-8-sided-hex-dumbbell-100-lbs-single-new,French Fitness Urethane 8 Sided Hex Dumbbell 100 lbs - Single (New),ACTIVE,French Fitness,Product Index,2025-01-14T18:12:47Z,2026-08-06T18:50:52Z,266740007228,Google & YouTube,TRUE
9878973120828,gid://shopify/Product/9878973120828,life-fitness-sm22-dual-adjustable-pulley-remanufactured,Life Fitness SM22 Dual Adjustable Pulley (Remanufactured),ACTIVE,Life Fitness,Product Index,2025-01-14T18:12:51Z,2026-07-29T21:08:03Z,266740007228,Google & YouTube,TRUE
9878973645116,gid://shopify/Product/9878973645116,french-fitness-urethane-8-sided-hex-dumbbell-105-lbs-single-new,French Fitness Urethane 8 Sided Hex Dumbbell 105 lbs - Single (New),ACTIVE,French Fitness,Product Index,2025-01-14T18:13:09Z,2026-08-06T18:50:52Z,266740007228,Google & YouTube,TRUE
9878973776188,gid://shopify/Product/9878973776188,technogym-synchro-artis-renew-elliptical-w-unity-2-0-remanufactured,Technogym Synchro Artis Renew Elliptical w/Unity 2.0 (Remanufactured),ACTIVE,Technogym,Product Index,2025-01-14T18:13:12Z,2026-08-04T11:03:03Z,266740007228,Google & YouTube,TRUE
9878974103868,gid://shopify/Product/9878974103868,french-fitness-cast-iron-olympic-weight-plate-v1-100-lbs-new,French Fitness Cast Iron Olympic Weight Plate V1 100 lbs (New),ACTIVE,French Fitness,Product Index,2025-01-14T18:13:19Z,2026-08-07T15:55:08Z,266740007228,Google & YouTube,TRUE
9878974366012,gid://shopify/Product/9878974366012,french-fitness-urethane-8-sided-hex-dumbbell-set-105-130-lbs-new,"French Fitness Urethane 8 Sided Hex Dumbbell Set, 105-130 lbs (New)",ACTIVE,French Fitness,Product Index,2025-01-14T18:13:32Z,2026-07-29T21:07:59Z,266740007228,Google & YouTube,TRUE
9878974726460,gid://shopify/Product/9878974726460,french-fitness-cast-iron-olympic-weight-plate-v1-set-190-lbs-new,French Fitness Cast Iron Olympic Weight Plate V1 Set 190 lbs (New),ACTIVE,French Fitness,Product Index,2025-01-14T18:13:41Z,2026-08-15T13:47:47Z,266740007228,Google & YouTube,TRUE
9878974857532,gid://shopify/Product/9878974857532,technogym-artis-synchro-elliptical-w-unity-3-0-console-remanufactured,Technogym Artis Synchro Elliptical w/Unity 3.0 Console (Remanufactured),ACTIVE,Technogym,Product Index,2025-01-14T18:13:44Z,2026-08-04T11:08:51Z,266740007228,Google & YouTube,TRUE
9878975709500,gid://shopify/Product/9878975709500,french-fitness-urethane-8-sided-hex-dumbbell-110-lbs-single-new,French Fitness Urethane 8 Sided Hex Dumbbell 110 lbs - Single (New),ACTIVE,French Fitness,Product Index,2025-01-14T18:14:10Z,2026-08-06T20:01:52Z,266740007228,Google & YouTube,TRUE
9878975840572,gid://shopify/Product/9878975840572,technogym-artis-vario-elliptical-w-unity-3-0-remanufactured,Technogym Artis Vario Elliptical w/Unity 3.0 (Remanufactured),ACTIVE,Technogym,Product Index,2025-01-14T18:14:16Z,2026-08-18T23:19:28Z,266740007228,Google & YouTube,TRUE
9878976037180,gid://shopify/Product/9878976037180,life-fitness-club-series-abdominal-csa-remanufactured,Life Fitness Club Series Abdominal CSA (Remanufactured),ACTIVE,Life Fitness,Product Index,2025-01-14T18:14:26Z,2026-07-29T21:08:04Z,266740007228,Google & YouTube,TRUE
9878976201020,gid://shopify/Product/9878976201020,french-fitness-urethane-8-sided-hex-dumbbell-115-lbs-single-new,French Fitness Urethane 8 Sided Hex Dumbbell 115 lbs - Single (New),ACTIVE,French Fitness,Product Index,2025-01-14T18:14:31Z,2026-08-06T18:50:50Z,266740007228,Google & YouTube,TRUE
9878976266556,gid://shopify/Product/9878976266556,french-fitness-cast-iron-olympic-weight-plate-v1-set-w-7-ft-olympic-bar-235-lbs-new,French Fitness Cast Iron Olympic Weight Plate V1 Set w/7 ft Olympic Bar 235 lbs (New),ACTIVE,French Fitness,Product Index,2025-01-14T18:14:32Z,2026-08-06T18:50:50Z,266740007228,Google & YouTube,TRUE
9878976659772,gid://shopify/Product/9878976659772,technogym-excite-vario-1000-w-unity-2-0-console-remanufactured,Technogym Excite Vario 1000 w/Unity 2.0 Console (Remanufactured),ACTIVE,Technogym,Product Index,2025-01-14T18:14:46Z,2026-08-04T11:03:01Z,266740007228,Google & YouTube,TRUE
9878977020220,gid://shopify/Product/9878977020220,life-fitness-club-series-back-extension-csbe-remanufactured,Life Fitness Club Series Back Extension CSBE (Remanufactured),ACTIVE,Life Fitness,Product Index,2025-01-14T18:14:56Z,2026-07-29T21:08:01Z,266740007228,Google & YouTube,TRUE
9878977347900,gid://shopify/Product/9878977347900,french-fitness-urethane-8-sided-hex-dumbbell-120-lbs-single-new,French Fitness Urethane 8 Sided Hex Dumbbell 120 lbs - Single (New),ACTIVE,French Fitness,Product Index,2025-01-14T18:15:12Z,2026-08-06T20:01:53Z,266740007228,Google & YouTube,TRUE
9878977478972,gid://shopify/Product/9878977478972,technogym-artis-upright-bike-2-0-w-unity-console-remanufactured,Technogym Artis Upright Bike w/Unity 2.0 Console (Remanufactured),ACTIVE,Technogym,Product Index,2025-01-14T18:15:18Z,2026-08-22T21:05:20Z,266740007228,Google & YouTube,TRUE
9878977642812,gid://shopify/Product/9878977642812,french-fitness-cast-iron-olympic-weight-plate-v1-set-260-lbs-new,French Fitness Cast Iron Olympic Weight Plate V1 Set 260 lbs (New),ACTIVE,French Fitness,Product Index,2025-01-14T18:15:24Z,2026-08-06T18:50:49Z,266740007228,Google & YouTube,TRUE
9878977708348,gid://shopify/Product/9878977708348,life-fitness-club-series-chest-press-cscp-remanufactured,Life Fitness Club Series Chest Press CSCP (Remanufactured),ACTIVE,Life Fitness,Product Index,2025-01-14T18:15:25Z,2026-07-29T21:08:03Z,266740007228,Google & YouTube,TRUE
9878977970492,gid://shopify/Product/9878977970492,french-fitness-urethane-8-sided-hex-dumbbell-125-lbs-single-new,French Fitness Urethane 8 Sided Hex Dumbbell 125 lbs - Single (New),ACTIVE,French Fitness,Product Index,2025-01-14T18:15:33Z,2026-08-06T18:50:48Z,266740007228,Google & YouTube,TRUE
9878978330940,gid://shopify/Product/9878978330940,technogym-artis-recumbent-bike-w-unity-console-remanufactured,Technogym Artis Recumbent Bike w/Unity Console (Remanufactured),ACTIVE,Technogym,Product Index,2025-01-14T18:15:46Z,2026-07-29T21:08:00Z,266740007228,Google & YouTube,TRUE
9878978462012,gid://shopify/Product/9878978462012,french-fitness-urethane-8-sided-hex-dumbbell-130-lbs-single-new,French Fitness Urethane 8 Sided Hex Dumbbell 130 lbs - Single (New),ACTIVE,French Fitness,Product Index,2025-01-14T18:15:55Z,2026-08-22T02:43:41Z,266740007228,Google & YouTube,TRUE
9878978494780,gid://shopify/Product/9878978494780,life-fitness-club-series-hip-abduction-adduction-remanufactured,Life Fitness Club Series Hip Abduction / Adduction (Remanufactured),ACTIVE,Life Fitness,Product Index,2025-01-14T18:15:55Z,2026-07-29T21:08:01Z,266740007228,Google & YouTube,TRUE
9878979019068,gid://shopify/Product/9878979019068,french-fitness-urethane-8-sided-hex-dumbbell-135-lbs-single-new,French Fitness Urethane 8 Sided Hex Dumbbell 135 lbs - Single (New),ACTIVE,French Fitness,Product Index,2025-01-14T18:16:16Z,2026-08-06T18:50:48Z,266740007228,Google & YouTube,TRUE
9878979051836,gid://shopify/Product/9878979051836,technogym-element-abdominal-crunch-remanufactured,Technogym Element Abdominal Crunch (Remanufactured),ACTIVE,Technogym,Product Index,2025-01-14T18:16:16Z,2026-07-29T21:08:01Z,266740007228,Google & YouTube,TRUE
9878979182908,gid://shopify/Product/9878979182908,french-fitness-cast-iron-olympic-weight-plate-v1-set-w-7-ft-olympic-bar-305-lbs-new,French Fitness Cast Iron Olympic Weight Plate V1 Set w/7 ft Olympic Bar 305 lbs (New),ACTIVE,French Fitness,Product Index,2025-01-14T18:16:21Z,2026-08-26T22:29:48Z,266740007228,Google & YouTube,TRUE
9878979313980,gid://shopify/Product/9878979313980,life-fitness-club-series-shoulder-press-cssp-remanufactured,Life Fitness Club Series Shoulder Press CSSP (Remanufactured),ACTIVE,Life Fitness,Product Index,2025-01-14T18:16:24Z,2026-07-29T21:08:01Z,266740007228,Google & YouTube,TRUE
9878979543356,gid://shopify/Product/9878979543356,french-fitness-urethane-8-sided-hex-dumbbell-140-lbs-single-new,French Fitness Urethane 8 Sided Hex Dumbbell 140 lbs - Single (New),ACTIVE,French Fitness,Product Index,2025-01-14T18:16:36Z,2026-08-06T20:01:56Z,266740007228,Google & YouTube,TRUE
9878979838268,gid://shopify/Product/9878979838268,technogym-excite-forma-upright-bike-remanufactured,Technogym Excite Forma Upright Bike (Remanufactured),ACTIVE,Technogym,Product Index,2025-01-14T18:16:47Z,2026-07-29T21:08:03Z,266740007228,Google & YouTube,TRUE
9878980067644,gid://shopify/Product/9878980067644,life-fitness-signature-adj-decline-bench-ab-crunch-remanufactured,Life Fitness Signature Adj Decline Bench / Ab Crunch (Remanufactured),ACTIVE,Life Fitness,Product Index,2025-01-14T18:16:54Z,2026-07-29T21:08:01Z,266740007228,Google & YouTube,TRUE
9878980133180,gid://shopify/Product/9878980133180,french-fitness-urethane-8-sided-hex-dumbbell-145-lbs-single-new,French Fitness Urethane 8 Sided Hex Dumbbell 145 lbs - Single (New),ACTIVE,French Fitness,Product Index,2025-01-14T18:16:57Z,2026-08-06T18:50:47Z,266740007228,Google & YouTube,TRUE
9878980460860,gid://shopify/Product/9878980460860,french-fitness-cast-iron-olympic-weight-plate-v1-set-350-lbs-new,French Fitness Cast Iron Olympic Weight Plate V1 Set 350 lbs (New),ACTIVE,French Fitness,Product Index,2025-01-14T18:17:13Z,2026-08-22T02:43:41Z,266740007228,Google & YouTube,TRUE
9878980624700,gid://shopify/Product/9878980624700,life-fitness-discover-se3-95r-recumbent-bike-remanufactured,Life Fitness Discover SE3 95R Recumbent Bike (Remanufactured),ACTIVE,Life Fitness,Product Index,2025-01-14T18:17:24Z,2026-08-22T23:01:46Z,266740007228,Google & YouTube,TRUE
9878980821308,gid://shopify/Product/9878980821308,technogym-group-indoor-cycle-remanufactured,Technogym Group Indoor Cycle (Remanufactured),ACTIVE,Technogym,Product Index,2025-01-14T18:17:29Z,2026-07-29T21:08:03Z,266740007228,Google & YouTube,TRUE
9878981050684,gid://shopify/Product/9878981050684,french-fitness-urethane-8-sided-hex-dumbbell-150-lbs-single-new,French Fitness Urethane 8 Sided Hex Dumbbell 150 lbs - Single (New),ACTIVE,French Fitness,Product Index,2025-01-14T18:17:39Z,2026-08-06T20:01:50Z,266740007228,Google & YouTube,TRUE
9878981247292,gid://shopify/Product/9878981247292,french-fitness-cast-iron-olympic-weight-plate-v1-set-w-7-ft-olympic-bar-395-lbs-new,French Fitness Cast Iron Olympic Weight Plate V1 Set w/7 ft Olympic Bar 395 lbs (New),ACTIVE,French Fitness,Product Index,2025-01-14T18:17:49Z,2026-07-29T21:08:03Z,266740007228,Google & YouTube,TRUE
9878981411132,gid://shopify/Product/9878981411132,technogym-artis-total-abdominal-remanufactured,Technogym Artis Total Abdominal (Remanufactured),ACTIVE,Technogym,Product Index,2025-01-14T18:17:55Z,2026-07-29T21:08:04Z,266740007228,Google & YouTube,TRUE
9878981443900,gid://shopify/Product/9878981443900,life-fitness-discover-se3-95c-upright-bike-remanufactured,Life Fitness Discover SE3 95C Upright Bike (Remanufactured),ACTIVE,Life Fitness,Product Index,2025-01-14T18:17:56Z,2026-08-22T02:43:42Z,266740007228,Google & YouTube,TRUE
9878982164796,gid://shopify/Product/9878982164796,technogym-artis-leg-extension-remanufactured,Technogym Artis Leg Extension (Remanufactured),ACTIVE,Technogym,Product Index,2025-01-14T18:18:26Z,2026-07-29T21:08:03Z,266740007228,Google & YouTube,TRUE
9878982197564,gid://shopify/Product/9878982197564,life-fitness-discover-se-95x-elevation-elliptical-remanufactured,Life Fitness Discover SE 95X Elevation Elliptical (Remanufactured),ACTIVE,Life Fitness,Product Index,2025-01-14T18:18:26Z,2026-08-04T11:02:36Z,266740007228,Google & YouTube,TRUE
9878982492476,gid://shopify/Product/9878982492476,french-fitness-cast-iron-olympic-weight-plate-v1-set-450-lbs-new,French Fitness Cast Iron Olympic Weight Plate V1 Set 450 lbs (New),ACTIVE,French Fitness,Product Index,2025-01-14T18:18:42Z,2026-07-29T21:08:00Z,266740007228,Google & YouTube,TRUE
9878982951228,gid://shopify/Product/9878982951228,technogym-skillrow-remanufactured,Technogym Skillrow (Remanufactured),ACTIVE,Technogym,Product Index,2025-01-14T18:18:57Z,2026-08-03T08:26:42Z,266740007228,Google & YouTube,TRUE
9878983377212,gid://shopify/Product/9878983377212,life-fitness-discover-se-95fs-elevation-flexstrider-remanufactured,Life Fitness Discover SE 95FS Elevation Flexstrider (Remanufactured),ACTIVE,Life Fitness,Product Index,2025-01-14T18:19:11Z,2026-08-22T02:43:41Z,266740007228,Google & YouTube,TRUE
9878984196412,gid://shopify/Product/9878984196412,life-fitness-discover-se-95r-elevation-recumbent-bike-remanufactured,Life Fitness Discover SE 95R Elevation Recumbent Bike (Remanufactured),ACTIVE,Life Fitness,Product Index,2025-01-14T18:19:43Z,2026-08-22T02:43:41Z,266740007228,Google & YouTube,TRUE
9878984294716,gid://shopify/Product/9878984294716,technogym-exc-run-500-treadmill-led-remanufactured,Technogym EXC Run 500 Treadmill LED (Remanufactured),ACTIVE,Technogym,Product Index,2025-01-14T18:19:46Z,2026-08-04T10:54:52Z,266740007228,Google & YouTube,TRUE
9878984524092,gid://shopify/Product/9878984524092,french-fitness-8-x-6-x-2-crash-mats-3-fold-4-section-folding-gymnastics-mat-new,"French Fitness 8' x 6' x 2"" Crash Mats - 3-Fold 4-Section Folding Gymnastics Mat (New)",ACTIVE,French Fitness,Product Index,2025-01-14T18:19:56Z,2026-07-29T21:08:00Z,266740007228,Google & YouTube,TRUE
9878984917308,gid://shopify/Product/9878984917308,technogym-run-600-xt-pro-treadmill-remanufactured,Technogym Run 600 XT Pro Treadmill (Remanufactured),ACTIVE,Technogym,Product Index,2025-01-14T18:20:15Z,2026-08-04T10:55:21Z,266740007228,Google & YouTube,TRUE
9878985015612,gid://shopify/Product/9878985015612,french-fitness-compact-barbell-rack-new,French Fitness Compact Barbell Rack (New),ACTIVE,French Fitness,Product Index,2025-01-14T18:20:17Z,2026-08-08T22:01:58Z,266740007228,Google & YouTube,TRUE
9878985048380,gid://shopify/Product/9878985048380,life-fitness-discover-se-95c-elevation-upright-bike-remanufactured,Life Fitness Discover SE 95C Elevation Upright Bike (Remanufactured),ACTIVE,Life Fitness,Product Index,2025-01-14T18:20:17Z,2026-07-29T21:08:01Z,266740007228,Google & YouTube,TRUE
9878985343292,gid://shopify/Product/9878985343292,french-fitness-urethane-8-sided-hex-dumbbell-35-lbs-single-new,French Fitness Urethane 8 Sided Hex Dumbbell 35 lbs - Single (New),ACTIVE,French Fitness,Product Index,2025-01-14T18:20:30Z,2026-08-06T18:50:43Z,266740007228,Google & YouTube,TRUE
9878985769276,gid://shopify/Product/9878985769276,technogym-exc-run-700-treadmill-w-tv-remanufactured,Technogym EXC Run 700 Treadmill w/TV (Remanufactured),ACTIVE,Technogym,Product Index,2025-01-14T18:20:44Z,2026-08-04T10:54:22Z,266740007228,Google & YouTube,TRUE
9878985867580,gid://shopify/Product/9878985867580,life-fitness-discover-si-95x-elevation-elliptical-remanufactured,Life Fitness Discover SI 95X Elevation Elliptical (Remanufactured),ACTIVE,Life Fitness,Product Index,2025-01-14T18:20:49Z,2026-08-04T11:04:29Z,266740007228,Google & YouTube,TRUE
9878985998652,gid://shopify/Product/9878985998652,french-fitness-urethane-8-sided-hex-dumbbell-40-lbs-single-new,French Fitness Urethane 8 Sided Hex Dumbbell 40 lbs - Single (New),ACTIVE,French Fitness,Product Index,2025-01-14T18:20:52Z,2026-08-06T18:50:43Z,266740007228,Google & YouTube,TRUE
9878986555708,gid://shopify/Product/9878986555708,french-fitness-urethane-8-sided-hex-dumbbell-45-lbs-single-new,French Fitness Urethane 8 Sided Hex Dumbbell 45 lbs - Single (New),ACTIVE,French Fitness,Product Index,2025-01-14T18:21:13Z,2026-08-06T18:50:42Z,266740007228,Google & YouTube,TRUE
9878986588476,gid://shopify/Product/9878986588476,technogym-exc-run-700-treadmill-w-led-remanufactured,Technogym EXC Run 700 Treadmill w/LED (Remanufactured),ACTIVE,Technogym,Product Index,2025-01-14T18:21:13Z,2026-08-04T10:55:21Z,266740007228,Google & YouTube,TRUE
9878986817852,gid://shopify/Product/9878986817852,life-fitness-discover-si-flexstrider-remanufactured,Life Fitness Discover SI Flexstrider (Remanufactured),ACTIVE,Life Fitness,Product Index,2025-01-14T18:21:23Z,2026-08-04T11:06:59Z,266740007228,Google & YouTube,TRUE
9878987243836,gid://shopify/Product/9878987243836,technogym-exc-run-700-treadmill-w-visioweb-remanufactured,Technogym EXC Run 700 Treadmill w/ Visioweb (Remanufactured),ACTIVE,Technogym,Product Index,2025-01-14T18:21:42Z,2026-08-04T10:54:21Z,266740007228,Google & YouTube,TRUE
9878987505980,gid://shopify/Product/9878987505980,life-fitness-discover-si-95r-elevation-recumbent-bike-remanufactured,Life Fitness Discover SI 95R Elevation Recumbent Bike (Remanufactured),ACTIVE,Life Fitness,Product Index,2025-01-14T18:21:54Z,2026-07-29T21:08:05Z,266740007228,Google & YouTube,TRUE
9878987604284,gid://shopify/Product/9878987604284,french-fitness-urethane-8-sided-hex-dumbbell-set-5-100-lbs-new,"French Fitness Urethane 8 Sided Hex Dumbbell Set, 5-100 lbs (New)",ACTIVE,French Fitness,Product Index,2025-01-14T18:22:00Z,2026-08-24T07:21:31Z,266740007228,Google & YouTube,TRUE
9878987899196,gid://shopify/Product/9878987899196,french-fitness-olympic-colored-bumper-plate-set-190-lbs-new,French Fitness Olympic Colored Bumper Plate Set 190 lbs (New),ACTIVE,French Fitness,Product Index,2025-01-14T18:22:11Z,2026-08-24T19:18:59Z,266740007228,Google & YouTube,TRUE
9878987931964,gid://shopify/Product/9878987931964,technogym-exc-run-900-treadmill-led-remanufactured,Technogym EXC Run 900 Treadmill LED (Remanufactured),ACTIVE,Technogym,Product Index,2025-01-14T18:22:12Z,2026-08-04T11:00:39Z,266740007228,Google & YouTube,TRUE
9878988325180,gid://shopify/Product/9878988325180,life-fitness-discover-si-95c-elevation-upright-bike-remanufactured,Life Fitness Discover SI 95C Elevation Upright Bike (Remanufactured),ACTIVE,Life Fitness,Product Index,2025-01-14T18:22:31Z,2026-07-29T21:08:05Z,266740007228,Google & YouTube,TRUE
9878988489020,gid://shopify/Product/9878988489020,technogym-exc-run-900-treadmill-w-tv-remanufactured,Technogym EXC Run 900 Treadmill w/TV (Remanufactured),ACTIVE,Technogym,Product Index,2025-01-14T18:22:41Z,2026-07-29T21:08:01Z,266740007228,Google & YouTube,TRUE
9878988652860,gid://shopify/Product/9878988652860,french-fitness-urethane-8-sided-hex-dumbbell-set-5-50-lbs-new,"French Fitness Urethane 8 Sided Hex Dumbbell Set, 5-50 lbs (New)",ACTIVE,French Fitness,Product Index,2025-01-14T18:22:44Z,2026-08-21T07:55:41Z,266740007228,Google & YouTube,TRUE
9878988718396,gid://shopify/Product/9878988718396,french-fitness-olympic-colored-bumper-plate-set-190-lbs-blank-new,French Fitness Olympic Colored Bumper Plate Set 190 lbs - Blank (New),ACTIVE,French Fitness,Product Index,2025-01-14T18:22:48Z,2026-08-06T18:50:41Z,266740007228,Google & YouTube,TRUE
9878988947772,gid://shopify/Product/9878988947772,life-fitness-discover-se-95t-elevation-treadmill-remanufactured,Life Fitness Discover SE 95T Elevation Treadmill (Remanufactured),ACTIVE,Life Fitness,Product Index,2025-01-14T18:23:06Z,2026-08-04T10:54:21Z,266740007228,Google & YouTube,TRUE
9878989111612,gid://shopify/Product/9878989111612,technogym-exc-run-900-treadmill-w-visioweb-remanufactured,Technogym EXC Run 900 Treadmill w/ Visioweb (Remanufactured),ACTIVE,Technogym,Product Index,2025-01-14T18:23:11Z,2026-07-29T21:08:01Z,266740007228,Google & YouTube,TRUE
9878989537596,gid://shopify/Product/9878989537596,french-fitness-olympic-colored-bumper-plate-set-230-lbs-new,French Fitness Olympic Colored Bumper Plate Set 230 lbs (New),ACTIVE,French Fitness,Product Index,2025-01-14T18:23:29Z,2026-08-13T15:19:57Z,266740007228,Google & YouTube,TRUE
9878989701436,gid://shopify/Product/9878989701436,life-fitness-discover-se3-95t-treadmill-remanufactured,Life Fitness Discover SE3 95T Treadmill (Remanufactured),ACTIVE,Life Fitness,Product Index,2025-01-14T18:23:38Z,2026-08-22T21:05:18Z,266740007228,Google & YouTube,TRUE
9878989799740,gid://shopify/Product/9878989799740,technogym-artis-run-treadmill-w-unity-2-0-console-remanufactured,Technogym Artis Run Treadmill w/Unity 2.0 Console (Remanufactured),ACTIVE,Technogym,Product Index,2025-01-14T18:23:43Z,2026-08-02T11:15:27Z,266740007228,Google & YouTube,TRUE
9878990160188,gid://shopify/Product/9878990160188,life-fitness-discover-si-95t-elevation-treadmill-remanufactured,Life Fitness Discover SI 95T Elevation Treadmill (Remanufactured),ACTIVE,Life Fitness,Product Index,2025-01-14T18:24:08Z,2026-08-04T10:54:51Z,266740007228,Google & YouTube,TRUE
9878990192956,gid://shopify/Product/9878990192956,french-fitness-olympic-colored-bumper-plate-set-230-lbs-blank-new,French Fitness Olympic Colored Bumper Plate Set 230 lbs - Blank (New),ACTIVE,French Fitness,Product Index,2025-01-14T18:24:08Z,2026-07-29T21:08:04Z,266740007228,Google & YouTube,TRUE
9878990455100,gid://shopify/Product/9878990455100,technogym-exc-jog-700-treadmill-led-remanufactured,Technogym EXC Jog 700 Treadmill LED (Remanufactured),ACTIVE,Technogym,Product Index,2025-01-14T18:24:19Z,2026-08-04T11:00:37Z,266740007228,Google & YouTube,TRUE
9878990782780,gid://shopify/Product/9878990782780,life-fitness-discover-se3-total-body-arc-trainer-remanufactured,Life Fitness Discover SE3 Total Body Arc Trainer (Remanufactured),ACTIVE,Life Fitness,Product Index,2025-01-14T18:24:42Z,2026-08-04T11:03:31Z,266740007228,Google & YouTube,TRUE
9878990946620,gid://shopify/Product/9878990946620,technogym-exc-jog-700-treadmill-w-visioweb-remanufactured,Technogym EXC Jog 700 Treadmill w/Visioweb (Remanufactured),ACTIVE,Technogym,Product Index,2025-01-14T18:24:48Z,2026-08-04T10:54:21Z,266740007228,Google & YouTube,TRUE
9878991208764,gid://shopify/Product/9878991208764,french-fitness-urethane-8-sided-hex-dumbbell-set-5-60-lbs-new,"French Fitness Urethane 8 Sided Hex Dumbbell Set, 5-60 lbs (New)",ACTIVE,French Fitness,Product Index,2025-01-14T18:25:00Z,2026-08-24T07:31:46Z,266740007228,Google & YouTube,TRUE
9878991438140,gid://shopify/Product/9878991438140,life-fitness-discover-se3-hd-arc-trainer-remanufactured,Life Fitness Discover SE3 HD Arc Trainer (Remanufactured),ACTIVE,Life Fitness,Product Index,2025-01-14T18:25:12Z,2026-08-04T11:02:36Z,266740007228,Google & YouTube,TRUE
9878991503676,gid://shopify/Product/9878991503676,technogym-pure-strength-linear-leg-press-plate-loaded-remanufactured,Technogym Pure Strength Linear Leg Press Plate Loaded (Remanufactured),ACTIVE,Technogym,Product Index,2025-01-14T18:25:19Z,2026-07-29T21:08:02Z,266740007228,Google & YouTube,TRUE
9878991700284,gid://shopify/Product/9878991700284,french-fitness-olympic-colored-bumper-plate-set-260-lbs-new,French Fitness Olympic Colored Bumper Plate Set 260 lbs (New),ACTIVE,French Fitness,Product Index,2025-01-14T18:25:34Z,2026-08-06T18:50:40Z,266740007228,Google & YouTube,TRUE
9878992027964,gid://shopify/Product/9878992027964,life-fitness-discover-w-se3-hd-elevation-treadmill-remanufactured,Life Fitness Discover w/SE3 HD Elevation Treadmill (Remanufactured),ACTIVE,Life Fitness,Product Index,2025-01-14T18:25:43Z,2026-08-22T21:05:17Z,266740007228,Google & YouTube,TRUE
9878992060732,gid://shopify/Product/9878992060732,french-fitness-urethane-8-sided-hex-dumbbell-set-5-75-lbs-new,"French Fitness Urethane 8 Sided Hex Dumbbell Set, 5-75 lbs (New)",ACTIVE,French Fitness,Product Index,2025-01-14T18:25:43Z,2026-08-22T21:05:10Z,266740007228,Google & YouTube,TRUE
9878992290108,gid://shopify/Product/9878992290108,technogym-excite-unity-run-1000-treadmill-remanufactured,Technogym Excite Unity RUN 1000 Treadmill w/Unity 3.0 Console (Remanufactured),ACTIVE,Technogym,Product Index,2025-01-14T18:25:55Z,2026-08-04T10:57:46Z,266740007228,Google & YouTube,TRUE
9878992453948,gid://shopify/Product/9878992453948,french-fitness-olympic-colored-bumper-plate-set-260-lbs-blank-new,French Fitness Olympic Colored Bumper Plate Set 260 lbs - Blank (New),ACTIVE,French Fitness,Product Index,2025-01-14T18:26:12Z,2026-08-06T18:50:39Z,266740007228,Google & YouTube,TRUE
9878992486716,gid://shopify/Product/9878992486716,life-fitness-fit-series-hip-abduction-adduction-remanufactured,Life Fitness Fit Series Hip Abduction / Adduction (Remanufactured),ACTIVE,Life Fitness,Product Index,2025-01-14T18:26:14Z,2026-07-29T21:08:04Z,266740007228,Google & YouTube,TRUE
9878992879932,gid://shopify/Product/9878992879932,technogym-run-now-700-treadmill-w-unity-2-0-console-remanufactured,Technogym RUN NOW 700 Treadmill w/Unity 2.0 Console (Remanufactured),ACTIVE,Technogym,Product Index,2025-01-14T18:26:25Z,2026-08-04T10:54:21Z,266740007228,Google & YouTube,TRUE
9878993109308,gid://shopify/Product/9878993109308,french-fitness-urethane-8-sided-hex-dumbbell-50-lbs-single-new,French Fitness Urethane 8 Sided Hex Dumbbell 50 lbs - Single (New),ACTIVE,French Fitness,Product Index,2025-01-14T18:26:33Z,2026-08-06T18:50:39Z,266740007228,Google & YouTube,TRUE
9878993273148,gid://shopify/Product/9878993273148,life-fitness-fit-series-abdominal-back-extension-remanufactured,Life Fitness Fit Series Abdominal / Back Extension (Remanufactured),ACTIVE,Life Fitness,Product Index,2025-01-14T18:26:43Z,2026-07-29T21:08:02Z,266740007228,Google & YouTube,TRUE
9878993502524,gid://shopify/Product/9878993502524,french-fitness-olympic-colored-bumper-plate-set-320-lbs-blank-new,French Fitness Olympic Colored Bumper Plate Set 320 lbs - Blank (New),ACTIVE,French Fitness,Product Index,2025-01-14T18:26:53Z,2026-07-29T21:08:04Z,266740007228,Google & YouTube,TRUE
9878993568060,gid://shopify/Product/9878993568060,french-fitness-urethane-8-sided-hex-dumbbell-55-lbs-single-new,French Fitness Urethane 8 Sided Hex Dumbbell 55 lbs - Single (New),ACTIVE,French Fitness,Product Index,2025-01-14T18:26:55Z,2026-08-06T18:50:39Z,266740007228,Google & YouTube,TRUE
9878994092348,gid://shopify/Product/9878994092348,technogym-skillmill-the-curved-treadmill-remanufactured,Technogym Skillmill - The Curved Treadmill (Remanufactured),ACTIVE,Technogym,Product Index,2025-01-14T18:27:12Z,2026-08-20T06:00:23Z,266740007228,Google & YouTube,TRUE
9878994125116,gid://shopify/Product/9878994125116,life-fitness-fit-series-leg-curl-leg-extension-remanufactured,Life Fitness Fit Series Leg Curl / Leg Extension (Remanufactured),ACTIVE,Life Fitness,Product Index,2025-01-14T18:27:12Z,2026-07-29T21:08:05Z,266740007228,Google & YouTube,TRUE
9878994288956,gid://shopify/Product/9878994288956,french-fitness-urethane-8-sided-hex-dumbbell-set-55-100-lbs-new,"French Fitness Urethane 8 Sided Hex Dumbbell Set, 55-100 lbs (New)",ACTIVE,French Fitness,Product Index,2025-01-14T18:27:18Z,2026-07-29T21:08:02Z,266740007228,Google & YouTube,TRUE
9878994649404,gid://shopify/Product/9878994649404,french-fitness-olympic-colored-bumper-plate-set-340-lbs-blank-new,French Fitness Olympic Colored Bumper Plate Set 340 lbs - Blank (New),ACTIVE,French Fitness,Product Index,2025-01-14T18:27:34Z,2026-07-29T21:08:06Z,266740007228,Google & YouTube,TRUE
9878994911548,gid://shopify/Product/9878994911548,life-fitness-fit-series-leg-press-calf-raise-remanufactured,Life Fitness Fit Series Leg Press / Calf Raise (Remanufactured),ACTIVE,Life Fitness,Product Index,2025-01-14T18:27:42Z,2026-07-29T21:08:02Z,266740007228,Google & YouTube,TRUE
9878995206460,gid://shopify/Product/9878995206460,french-fitness-urethane-8-sided-hex-dumbbell-60-lbs-single-new,French Fitness Urethane 8 Sided Hex Dumbbell 60 lbs - Single (New),ACTIVE,French Fitness,Product Index,2025-01-14T18:27:54Z,2026-08-06T18:50:38Z,266740007228,Google & YouTube,TRUE
9878995239228,gid://shopify/Product/9878995239228,technogym-synchro-excite-700-elliptical-w-unity-2-0-console-remanufactured,Technogym Synchro Excite 700 Elliptical w/Unity 2.0 Console (Remanufactured),ACTIVE,Technogym,Product Index,2025-01-14T18:27:54Z,2026-08-27T11:59:31Z,266740007228,Google & YouTube,TRUE
9878996058428,gid://shopify/Product/9878996058428,life-fitness-fit-series-multi-press-remanufactured,Life Fitness Fit Series Multi Press (Remanufactured),ACTIVE,Life Fitness,Product Index,2025-01-14T18:28:11Z,2026-07-29T21:08:04Z,266740007228,Google & YouTube,TRUE
9878996386108,gid://shopify/Product/9878996386108,french-fitness-urethane-8-sided-hex-dumbbell-65-lbs-single-new,French Fitness Urethane 8 Sided Hex Dumbbell 65 lbs - Single (New),ACTIVE,French Fitness,Product Index,2025-01-14T18:28:15Z,2026-08-06T18:50:38Z,266740007228,Google & YouTube,TRUE
9878997500220,gid://shopify/Product/9878997500220,technogym-skillrun-unity-5000-treadmill-remanufactured,Technogym Skillrun Unity 5000 Treadmill (Remanufactured),ACTIVE,Technogym,Product Index,2025-01-14T18:28:25Z,2026-07-29T21:08:04Z,266740007228,Google & YouTube,TRUE
9878998352188,gid://shopify/Product/9878998352188,life-fitness-fit-series-pec-fly-rear-delt-remanufactured,Life Fitness Fit Series Pec Fly / Rear Delt (Remanufactured),ACTIVE,Life Fitness,Product Index,2025-01-14T18:28:40Z,2026-07-29T21:08:02Z,266740007228,Google & YouTube,TRUE
9878999269692,gid://shopify/Product/9878999269692,french-fitness-urethane-8-sided-hex-dumbbell-70-lbs-single-new,French Fitness Urethane 8 Sided Hex Dumbbell 70 lbs - Single (New),ACTIVE,French Fitness,Product Index,2025-01-14T18:28:57Z,2026-08-06T18:50:37Z,266740007228,Google & YouTube,TRUE
9878999335228,gid://shopify/Product/9878999335228,french-fitness-olympic-colored-bumper-plate-set-370-lbs-new,French Fitness Olympic Colored Bumper Plate Set 370 lbs (New),ACTIVE,French Fitness,Product Index,2025-01-14T18:29:00Z,2026-08-18T01:57:15Z,266740007228,Google & YouTube,TRUE
9878999695676,gid://shopify/Product/9878999695676,life-fitness-signature-series-lateral-raise-remanufactured,Life Fitness Signature Series Lateral Raise (Remanufactured),ACTIVE,Life Fitness,Product Index,2025-01-14T18:29:10Z,2026-07-29T21:08:05Z,266740007228,Google & YouTube,TRUE
9879000023356,gid://shopify/Product/9879000023356,french-fitness-urethane-8-sided-hex-dumbbell-75-lbs-single-new,French Fitness Urethane 8 Sided Hex Dumbbell 75 lbs - Single (New),ACTIVE,French Fitness,Product Index,2025-01-14T18:29:19Z,2026-08-25T10:16:37Z,266740007228,Google & YouTube,TRUE
9879000449340,gid://shopify/Product/9879000449340,technogym-k1-kinesis-one-remanufactured,Technogym K1 Kinesis One (Remanufactured),ACTIVE,Technogym,Product Index,2025-01-14T18:29:33Z,2026-07-29T21:08:04Z,266740007228,Google & YouTube,TRUE
9879000711484,gid://shopify/Product/9879000711484,french-fitness-olympic-colored-bumper-plate-set-370-lbs-blank-new,French Fitness Olympic Colored Bumper Plate Set 370 lbs - Blank (New),ACTIVE,French Fitness,Product Index,2025-01-14T18:29:38Z,2026-07-29T21:08:05Z,266740007228,Google & YouTube,TRUE
9879000777020,gid://shopify/Product/9879000777020,life-fitness-ic3-indoor-cycle-remanufactured,Life Fitness IC3 Indoor Cycle (Remanufactured),ACTIVE,Life Fitness,Product Index,2025-01-14T18:29:40Z,2026-07-29T21:08:01Z,266740007228,Google & YouTube,TRUE
9879000842556,gid://shopify/Product/9879000842556,french-fitness-urethane-8-sided-hex-dumbbell-80-lbs-single-new,French Fitness Urethane 8 Sided Hex Dumbbell 80 lbs - Single (New),ACTIVE,French Fitness,Product Index,2025-01-14T18:29:40Z,2026-08-06T18:50:36Z,266740007228,Google & YouTube,TRUE
9879001563452,gid://shopify/Product/9879001563452,french-fitness-urethane-8-sided-hex-dumbbell-85-lbs-single-new,French Fitness Urethane 8 Sided Hex Dumbbell 85 lbs - Single (New),ACTIVE,French Fitness,Product Index,2025-01-14T18:30:02Z,2026-08-06T18:50:36Z,266740007228,Google & YouTube,TRUE
9879001760060,gid://shopify/Product/9879001760060,life-fitness-ic5-indoor-cycle-remanufactured,Life Fitness IC5 Indoor Cycle (Remanufactured),ACTIVE,Life Fitness,Product Index,2025-01-14T18:30:12Z,2026-07-29T21:08:06Z,266740007228,Google & YouTube,TRUE
9879002054972,gid://shopify/Product/9879002054972,french-fitness-urethane-8-sided-hex-dumbbell-90-lbs-single-new,French Fitness Urethane 8 Sided Hex Dumbbell 90 lbs - Single (New),ACTIVE,French Fitness,Product Index,2025-01-14T18:30:23Z,2026-08-06T18:50:35Z,266740007228,Google & YouTube,TRUE
9879002382652,gid://shopify/Product/9879002382652,technogym-selection-radiant-functional-trainer-remanufactured,Technogym Selection Radiant Functional Trainer (Remanufactured),ACTIVE,Technogym,Product Index,2025-01-14T18:30:33Z,2026-08-22T02:43:41Z,266740007228,Google & YouTube,TRUE
9879002743100,gid://shopify/Product/9879002743100,life-fitness-ic7-indoor-cycle-remanufactured,Life Fitness IC7 Indoor Cycle (Remanufactured),ACTIVE,Life Fitness,Product Index,2025-01-14T18:30:43Z,2026-07-29T21:08:05Z,266740007228,Google & YouTube,TRUE
9879002808636,gid://shopify/Product/9879002808636,french-fitness-urethane-8-sided-hex-dumbbell-95-lbs-single-new,French Fitness Urethane 8 Sided Hex Dumbbell 95 lbs - Single (New),ACTIVE,French Fitness,Product Index,2025-01-14T18:30:44Z,2026-08-06T18:50:35Z,266740007228,Google & YouTube,TRUE
9879004315964,gid://shopify/Product/9879004315964,french-fitness-olympic-colored-bumper-plate-55-lbs-new,French Fitness Olympic Colored Bumper Plate 55 lbs (New),ACTIVE,French Fitness,Product Index,2025-01-14T18:31:01Z,2026-08-06T18:50:35Z,266740007228,Google & YouTube,TRUE
9879006183740,gid://shopify/Product/9879006183740,french-fitness-olympic-colored-bumper-plate-55-lbs-blank-new,French Fitness Olympic Colored Bumper Plate 55 lbs - Blank (New),ACTIVE,French Fitness,Product Index,2025-01-14T18:31:22Z,2026-08-13T12:09:45Z,266740007228,Google & YouTube,TRUE
9879006282044,gid://shopify/Product/9879006282044,french-fitness-ub200-commercial-upright-bike-new,French Fitness UB200 Commercial Upright Bike (New),ACTIVE,French Fitness,Product Index,2025-01-14T18:31:24Z,2026-08-24T06:27:44Z,266740007228,Google & YouTube,TRUE
9879006839100,gid://shopify/Product/9879006839100,life-fitness-integrity-treadmill-w-c-console-remanufactured,Life Fitness Integrity Treadmill w/ C Console (Remanufactured),ACTIVE,Life Fitness,Product Index,2025-01-14T18:31:38Z,2026-08-04T11:00:37Z,266740007228,Google & YouTube,TRUE
9879007134012,gid://shopify/Product/9879007134012,french-fitness-olympic-colored-bumper-plate-set-680-lbs-blank-new,French Fitness Olympic Colored Bumper Plate Set 680 lbs - Blank (New),ACTIVE,French Fitness,Product Index,2025-01-14T18:31:48Z,2026-08-25T06:42:34Z,266740007228,Google & YouTube,TRUE
9879007559996,gid://shopify/Product/9879007559996,technogym-selection-abdominal-decline-bench-remanufactured,Technogym Selection Abdominal / Decline Bench (Remanufactured),ACTIVE,Technogym,Product Index,2025-01-14T18:32:04Z,2026-07-29T21:08:04Z,266740007228,Google & YouTube,TRUE
9879007691068,gid://shopify/Product/9879007691068,life-fitness-integrity-series-clsr-recumbent-bike-remanufactured,Life Fitness Integrity Series CLSR Recumbent Bike (Remanufactured),ACTIVE,Life Fitness,Product Index,2025-01-14T18:32:09Z,2026-07-29T21:08:06Z,266740007228,Google & YouTube,TRUE
9879007920444,gid://shopify/Product/9879007920444,french-fitness-ube100-upper-body-ergometer-arm-bike-new,French Fitness UBE100 Upper Body Ergometer Arm Bike (New),ACTIVE,French Fitness,Product Index,2025-01-14T18:32:16Z,2026-08-18T22:40:31Z,266740007228,Google & YouTube,TRUE
9879008575804,gid://shopify/Product/9879008575804,technogym-selection-multi-adjustable-bench-remanufactured,Technogym Selection Multi Adjustable Bench (Remanufactured),ACTIVE,Technogym,Product Index,2025-01-14T18:32:33Z,2026-07-29T21:08:05Z,266740007228,Google & YouTube,TRUE
9879008674108,gid://shopify/Product/9879008674108,life-fitness-integrity-series-recumbent-bike-w-c-console-remanufactured,Life Fitness Integrity Series Recumbent Bike w/ C Console (Remanufactured),ACTIVE,Life Fitness,Product Index,2025-01-14T18:32:38Z,2026-07-29T21:08:04Z,266740007228,Google & YouTube,TRUE
9879009132860,gid://shopify/Product/9879009132860,french-fitness-colored-rubber-grip-olympic-plate-set-100-lbs-new,French Fitness Colored Rubber Grip Olympic Plate Set 100 lbs (New),ACTIVE,French Fitness,Product Index,2025-01-14T18:32:53Z,2026-08-06T18:50:33Z,266740007228,Google & YouTube,TRUE
9879009460540,gid://shopify/Product/9879009460540,french-fitness-urethane-round-pro-style-dumbbell-100-lbs-single-new,French Fitness Urethane Round Pro Style Dumbbell 100 lbs - Single (New),ACTIVE,French Fitness,Product Index,2025-01-14T18:32:59Z,2026-08-06T18:50:33Z,266740007228,Google & YouTube,TRUE
9879009624380,gid://shopify/Product/9879009624380,technogym-excite-recline-unity-1000-recumbent-bike-remanufactured,Technogym Excite Recline Unity 1000 Recumbent Bike w/Unity 3.0 Console (Remanufactured),ACTIVE,Technogym,Product Index,2025-01-14T18:33:03Z,2026-07-29T21:08:01Z,266740007228,Google & YouTube,TRUE
9879009722684,gid://shopify/Product/9879009722684,life-fitness-integrity-series-recumbent-bike-w-x-console-remanufactured,Life Fitness Integrity Series Recumbent Bike w/ X Console (Remanufactured),ACTIVE,Life Fitness,Product Index,2025-01-14T18:33:06Z,2026-07-29T21:08:06Z,266740007228,Google & YouTube,TRUE
9879010017596,gid://shopify/Product/9879010017596,french-fitness-urethane-round-pro-style-dumbbell-105-lbs-single-new,French Fitness Urethane Round Pro Style Dumbbell 105 lbs - Single (New),ACTIVE,French Fitness,Product Index,2025-01-14T18:33:19Z,2026-08-06T18:50:32Z,266740007228,Google & YouTube,TRUE
9879010345276,gid://shopify/Product/9879010345276,technogym-excite-700e-recumbent-exercise-bike-w-tv-remanufactured,Technogym Excite 700e Recumbent Exercise Bike w/TV (Remanufactured),ACTIVE,Technogym,Product Index,2025-01-14T18:33:32Z,2026-07-29T21:08:05Z,266740007228,Google & YouTube,TRUE
9879010410812,gid://shopify/Product/9879010410812,french-fitness-colored-rubber-grip-olympic-plate-set-120-lbs-new,French Fitness Colored Rubber Grip Olympic Plate Set 120 lbs (New),ACTIVE,French Fitness,Product Index,2025-01-14T18:33:34Z,2026-08-06T18:50:32Z,266740007228,Google & YouTube,TRUE
9879010476348,gid://shopify/Product/9879010476348,life-fitness-integrity-series-clsc-upright-bike-remanufactured,Life Fitness Integrity Series CLSC Upright Bike (Remanufactured),ACTIVE,Life Fitness,Product Index,2025-01-14T18:33:35Z,2026-08-01T00:08:06Z,266740007228,Google & YouTube,TRUE
9879010574652,gid://shopify/Product/9879010574652,french-fitness-urethane-round-pro-style-dumbbell-set-105-130-lbs-new,"French Fitness Urethane Round Pro Style Dumbbell Set, 105-130 lbs (New)",ACTIVE,French Fitness,Product Index,2025-01-14T18:33:39Z,2026-07-29T21:08:05Z,266740007228,Google & YouTube,TRUE
9879011230012,gid://shopify/Product/9879011230012,technogym-700e-recumbent-recline-bike-w-visioweb-remanufactured,Technogym 700e Recumbent Recline Bike w/Visioweb (Remanufactured),ACTIVE,Technogym,Product Index,2025-01-14T18:34:02Z,2026-07-29T21:08:03Z,266740007228,Google & YouTube,TRUE
9879011328316,gid://shopify/Product/9879011328316,life-fitness-integrity-series-upright-bike-w-c-console-remanufactured,Life Fitness Integrity Series Upright Bike w/ C Console (Remanufactured),ACTIVE,Life Fitness,Product Index,2025-01-14T18:34:04Z,2026-07-29T21:08:04Z,266740007228,Google & YouTube,TRUE
9879011459388,gid://shopify/Product/9879011459388,french-fitness-urethane-round-pro-style-dumbbell-110-lbs-single-new,French Fitness Urethane Round Pro Style Dumbbell 110 lbs - Single (New),ACTIVE,French Fitness,Product Index,2025-01-14T18:34:07Z,2026-08-06T18:50:32Z,266740007228,Google & YouTube,TRUE
9879011688764,gid://shopify/Product/9879011688764,french-fitness-colored-rubber-grip-olympic-plate-set-140-lbs-new,French Fitness Colored Rubber Grip Olympic Plate Set 140 lbs (New),ACTIVE,French Fitness,Product Index,2025-01-14T18:34:16Z,2026-08-06T18:50:31Z,266740007228,Google & YouTube,TRUE
9879012114748,gid://shopify/Product/9879012114748,french-fitness-urethane-round-pro-style-dumbbell-115-lbs-single-new,French Fitness Urethane Round Pro Style Dumbbell 115 lbs - Single (New),ACTIVE,French Fitness,Product Index,2025-01-14T18:34:26Z,2026-08-06T18:50:31Z,266740007228,Google & YouTube,TRUE
9879012278588,gid://shopify/Product/9879012278588,technogym-700e-recumbent-recline-bike-w-tv-remanufactured,Technogym 700e Recumbent Recline Bike w/TV (Remanufactured),ACTIVE,Technogym,Product Index,2025-01-14T18:34:31Z,2026-07-29T21:08:05Z,266740007228,Google & YouTube,TRUE
9879012442428,gid://shopify/Product/9879012442428,life-fitness-integrity-series-upright-bike-w-x-console-remanufactured,Life Fitness Integrity Series Upright Bike w/ X Console (Remanufactured),ACTIVE,Life Fitness,Product Index,2025-01-14T18:34:33Z,2026-07-29T21:08:04Z,266740007228,Google & YouTube,TRUE
9879012802876,gid://shopify/Product/9879012802876,french-fitness-urethane-round-pro-style-dumbbell-120-lbs-single-new,French Fitness Urethane Round Pro Style Dumbbell 120 lbs - Single (New),ACTIVE,French Fitness,Product Index,2025-01-14T18:34:45Z,2026-08-22T02:43:41Z,266740007228,Google & YouTube,TRUE
9879013196092,gid://shopify/Product/9879013196092,french-fitness-colored-rubber-grip-olympic-plate-set-170-lbs-new,French Fitness Colored Rubber Grip Olympic Plate Set 170 lbs (New),ACTIVE,French Fitness,Product Index,2025-01-14T18:34:57Z,2026-08-06T18:50:30Z,266740007228,Google & YouTube,TRUE
9879013392700,gid://shopify/Product/9879013392700,technogym-excite-700i-recumbent-exercise-bike-remanufactured,Technogym Excite 700i Recumbent Exercise Bike (Remanufactured),ACTIVE,Technogym,Product Index,2025-01-14T18:35:01Z,2026-07-29T21:08:05Z,266740007228,Google & YouTube,TRUE
9879013458236,gid://shopify/Product/9879013458236,life-fitness-integrity-cll-treadmill-w-decline-remanufactured,Life Fitness Integrity CLL Treadmill w/Decline (Remanufactured),ACTIVE,Life Fitness,Product Index,2025-01-14T18:35:01Z,2026-08-04T11:00:38Z,266740007228,Google & YouTube,TRUE
9879013589308,gid://shopify/Product/9879013589308,french-fitness-urethane-round-pro-style-dumbbell-125-lbs-single-new,French Fitness Urethane Round Pro Style Dumbbell 125 lbs - Single (New),ACTIVE,French Fitness,Product Index,2025-01-14T18:35:05Z,2026-08-06T18:50:30Z,266740007228,Google & YouTube,TRUE
9879014277436,gid://shopify/Product/9879014277436,french-fitness-urethane-round-pro-style-dumbbell-130-lbs-single-new,French Fitness Urethane Round Pro Style Dumbbell 130 lbs - Single (New),ACTIVE,French Fitness,Product Index,2025-01-14T18:35:24Z,2026-08-06T18:50:30Z,266740007228,Google & YouTube,TRUE
9879014474044,gid://shopify/Product/9879014474044,technogym-recline-excite-forma-recumbent-bike-remanufactured,Technogym Recline Excite Forma Recumbent Bike (Remanufactured),ACTIVE,Technogym,Product Index,2025-01-14T18:35:31Z,2026-07-29T21:08:05Z,266740007228,Google & YouTube,TRUE
9879014572348,gid://shopify/Product/9879014572348,life-fitness-integrity-series-elliptical-clsx-remanufactured,Life Fitness Integrity Series Elliptical CLSX (Remanufactured),ACTIVE,Life Fitness,Product Index,2025-01-14T18:35:33Z,2026-08-22T02:43:41Z,266740007228,Google & YouTube,TRUE
9879014768956,gid://shopify/Product/9879014768956,french-fitness-colored-rubber-grip-olympic-plate-set-190-lbs-new,French Fitness Colored Rubber Grip Olympic Plate Set 190 lbs (New),ACTIVE,French Fitness,Product Index,2025-01-14T18:35:39Z,2026-08-06T18:50:29Z,266740007228,Google & YouTube,TRUE
9879014998332,gid://shopify/Product/9879014998332,french-fitness-urethane-round-pro-style-dumbbell-135-lbs-single-new,French Fitness Urethane Round Pro Style Dumbbell 135 lbs - Single (New),ACTIVE,French Fitness,Product Index,2025-01-14T18:35:44Z,2026-07-29T21:08:01Z,266740007228,Google & YouTube,TRUE
9879015424316,gid://shopify/Product/9879015424316,french-fitness-urethane-round-pro-style-dumbbell-140-lbs-single-new,French Fitness Urethane Round Pro Style Dumbbell 140 lbs - Single (New),ACTIVE,French Fitness,Product Index,2025-01-14T18:36:03Z,2026-07-29T21:08:05Z,266740007228,Google & YouTube,TRUE
9879015457084,gid://shopify/Product/9879015457084,life-fitness-integrity-series-summit-trainer-remanufactured,Life Fitness Integrity Series Summit Trainer (Remanufactured),ACTIVE,Life Fitness,Product Index,2025-01-14T18:36:04Z,2026-07-29T21:08:05Z,266740007228,Google & YouTube,TRUE
9879015489852,gid://shopify/Product/9879015489852,technogym-top-excite-700e-w-unity-2-0-console-remanufactured,Technogym Top Excite 700e w/Unity 2.0 Console (Remanufactured),ACTIVE,Technogym,Product Index,2025-01-14T18:36:04Z,2026-07-29T21:08:05Z,266740007228,Google & YouTube,TRUE
9879016046908,gid://shopify/Product/9879016046908,french-fitness-colored-rubber-grip-weight-plate-set-w-7-ft-olympic-bar-235-lbs-new,French Fitness Colored Rubber Grip Weight Plate Set w/7 ft Olympic Bar 235 lbs (New),ACTIVE,French Fitness,Product Index,2025-01-14T18:36:19Z,2026-08-06T18:50:29Z,266740007228,Google & YouTube,TRUE
9879016210748,gid://shopify/Product/9879016210748,french-fitness-urethane-round-pro-style-dumbbell-145-lbs-single-new,French Fitness Urethane Round Pro Style Dumbbell 145 lbs - Single (New),ACTIVE,French Fitness,Product Index,2025-01-14T18:36:24Z,2026-07-29T21:08:04Z,266740007228,Google & YouTube,TRUE
9879016472892,gid://shopify/Product/9879016472892,life-fitness-integrity-series-treadmill-clst-remanufactured,Life Fitness Integrity Series Treadmill CLST (Remanufactured),ACTIVE,Life Fitness,Product Index,2025-01-14T18:36:33Z,2026-08-22T02:43:41Z,266740007228,Google & YouTube,TRUE
9879016866108,gid://shopify/Product/9879016866108,technogym-excite-unity-1000-upright-bike-remanufactured,Technogym Excite Unity 1000 Upright Bike w/Unity 3.0 Console (Remanufactured),ACTIVE,Technogym,Product Index,2025-01-14T18:36:50Z,2026-07-29T21:08:05Z,266740007228,Google & YouTube,TRUE
9879017029948,gid://shopify/Product/9879017029948,french-fitness-colored-rubber-grip-weight-plate-set-w-7-ft-olympic-bar-235-lbs-bench-new,French Fitness Colored Rubber Grip Weight Plate Set w/7 ft Olympic Bar 235 lbs + Bench (New),ACTIVE,French Fitness,Product Index,2025-01-14T18:36:54Z,2026-07-29T21:08:01Z,266740007228,Google & YouTube,TRUE
9879017259324,gid://shopify/Product/9879017259324,french-fitness-urethane-round-pro-style-dumbbell-150-lbs-single-new,French Fitness Urethane Round Pro Style Dumbbell 150 lbs - Single (New),ACTIVE,French Fitness,Product Index,2025-01-14T18:37:03Z,2026-07-29T21:08:03Z,266740007228,Google & YouTube,TRUE
9879017324860,gid://shopify/Product/9879017324860,life-fitness-integrity-clss-stair-stepper-remanufactured,Life Fitness Integrity CLSS Stair Stepper (Remanufactured),ACTIVE,Life Fitness,Product Index,2025-01-14T18:37:04Z,2026-07-29T21:08:04Z,266740007228,Google & YouTube,TRUE
9879017783612,gid://shopify/Product/9879017783612,technogym-excite-700e-upright-exercise-bike-w-tv-remanufactured,Technogym Excite 700e Upright Exercise Bike w/TV (Remanufactured),ACTIVE,Technogym,Product Index,2025-01-14T18:37:19Z,2026-07-29T21:08:05Z,266740007228,Google & YouTube,TRUE
9879018340668,gid://shopify/Product/9879018340668,life-fitness-integrity-treadmill-w-se3-hd-treadmill-remanufactured,Life Fitness Integrity Treadmill w/SE3 HD Treadmill (Remanufactured),ACTIVE,Life Fitness,Product Index,2025-01-14T18:37:34Z,2026-08-21T18:43:06Z,266740007228,Google & YouTube,TRUE
9879018733884,gid://shopify/Product/9879018733884,technogym-excite-700i-upright-bike-w-lcd-console-remanufactured,Technogym Excite 700I Upright Bike w/LCD Console (Remanufactured),ACTIVE,Technogym,Product Index,2025-01-14T18:37:48Z,2026-07-29T21:08:05Z,266740007228,Google & YouTube,TRUE
9879019028796,gid://shopify/Product/9879019028796,french-fitness-colored-rubber-grip-olympic-plate-set-260-lbs-new,French Fitness Colored Rubber Grip Olympic Plate Set 260 lbs (New),ACTIVE,French Fitness,Product Index,2025-01-14T18:37:56Z,2026-08-22T02:43:42Z,266740007228,Google & YouTube,TRUE
9879019389244,gid://shopify/Product/9879019389244,life-fitness-integrity-treadmill-w-x-console-remanufactured,Life Fitness Integrity Treadmill w/ X Console (Remanufactured),ACTIVE,Life Fitness,Product Index,2025-01-14T18:38:05Z,2026-08-25T00:14:46Z,266740007228,Google & YouTube,TRUE
9879019684156,gid://shopify/Product/9879019684156,technogym-excite-700e-upright-bike-w-visioweb-remanufactured,Technogym Excite 700e Upright Bike w/Visioweb (Remanufactured),ACTIVE,Technogym,Product Index,2025-01-14T18:38:18Z,2026-07-29T21:08:03Z,266740007228,Google & YouTube,TRUE
9879019815228,gid://shopify/Product/9879019815228,french-fitness-urethane-round-pro-style-dumbbell-35-lbs-single-new,French Fitness Urethane Round Pro Style Dumbbell 35 lbs - Single (New),ACTIVE,French Fitness,Product Index,2025-01-14T18:38:21Z,2026-08-06T18:50:27Z,266740007228,Google & YouTube,TRUE
9879020208444,gid://shopify/Product/9879020208444,life-fitness-lifecycle-gx-indoor-cycle-remanufactured,Life Fitness Lifecycle GX Indoor Cycle (Remanufactured),ACTIVE,Life Fitness,Product Index,2025-01-14T18:38:36Z,2026-07-29T21:08:03Z,266740007228,Google & YouTube,TRUE
9879020503356,gid://shopify/Product/9879020503356,french-fitness-urethane-round-pro-style-dumbbell-40-lbs-single-new,French Fitness Urethane Round Pro Style Dumbbell 40 lbs - Single (New),ACTIVE,French Fitness,Product Index,2025-01-14T18:38:40Z,2026-08-06T18:50:26Z,266740007228,Google & YouTube,TRUE
9879020994876,gid://shopify/Product/9879020994876,french-fitness-colored-rubber-grip-weight-plate-set-w-7-ft-olympic-bar-305-lbs-new,French Fitness Colored Rubber Grip Weight Plate Set w/7 ft Olympic Bar 305 lbs (New),ACTIVE,French Fitness,Product Index,2025-01-14T18:39:00Z,2026-07-29T21:08:01Z,266740007228,Google & YouTube,TRUE
9879021027644,gid://shopify/Product/9879021027644,french-fitness-urethane-round-pro-style-dumbbell-45-lbs-single-new,French Fitness Urethane Round Pro Style Dumbbell 45 lbs - Single (New),ACTIVE,French Fitness,Product Index,2025-01-14T18:39:00Z,2026-08-06T18:50:26Z,266740007228,Google & YouTube,TRUE
9879021158716,gid://shopify/Product/9879021158716,life-fitness-mj5-multi-jungle-signature-custom-configuration-remanufactured,Life Fitness MJ5 Multi-Jungle Signature - Custom Configuration (Remanufactured),ACTIVE,Life Fitness,Product Index,2025-01-14T18:39:05Z,2026-07-29T21:08:03Z,266740007228,Google & YouTube,TRUE
9879021584700,gid://shopify/Product/9879021584700,technogym-excite-700e-stepper-w-tv-remanufactured,Technogym Excite 700e Stepper w/TV (Remanufactured),ACTIVE,Technogym,Product Index,2025-01-14T18:39:18Z,2026-07-29T21:08:06Z,266740007228,Google & YouTube,TRUE
9879021945148,gid://shopify/Product/9879021945148,french-fitness-colored-rubber-grip-weight-plate-set-w-7-ft-olympic-bar-305-lbs-bench-new,French Fitness Colored Rubber Grip Weight Plate Set w/7 ft Olympic Bar 305 lbs + Bench (New),ACTIVE,French Fitness,Product Index,2025-01-14T18:39:35Z,2026-07-29T21:08:05Z,266740007228,Google & YouTube,TRUE
9879022010684,gid://shopify/Product/9879022010684,french-fitness-urethane-round-pro-style-dumbbell-set-5-100-lbs-new,"French Fitness Urethane Round Pro Style Dumbbell Set, 5-100 lbs (New)",ACTIVE,French Fitness,Product Index,2025-01-14T18:39:40Z,2026-08-21T21:00:13Z,266740007228,Google & YouTube,TRUE
9879022207292,gid://shopify/Product/9879022207292,technogym-excite-crossover-700e-elliptical-w-tv-remanufactured,Technogym Excite Crossover 700e Elliptical w/TV (Remanufactured),ACTIVE,Technogym,Product Index,2025-01-14T18:39:47Z,2026-08-04T11:03:01Z,266740007228,Google & YouTube,TRUE
9879022633276,gid://shopify/Product/9879022633276,french-fitness-urethane-round-pro-style-dumbbell-set-5-50-lbs-new,"French Fitness Urethane Round Pro Style Dumbbell Set, 5-50 lbs (New)",ACTIVE,French Fitness,Product Index,2025-01-14T18:40:07Z,2026-07-29T21:08:03Z,266740007228,Google & YouTube,TRUE
9879022862652,gid://shopify/Product/9879022862652,technogym-excite-crossover-700e-elliptical-w-unity-1-0-remanufactured,Technogym Excite Crossover 700e Elliptical w/Unity 1.0 (Remanufactured),ACTIVE,Technogym,Product Index,2025-01-14T18:40:17Z,2026-08-04T11:03:02Z,266740007228,Google & YouTube,TRUE
9879023288636,gid://shopify/Product/9879023288636,french-fitness-colored-rubber-grip-olympic-plate-set-350-lbs-new,French Fitness Colored Rubber Grip Olympic Plate Set 350 lbs (New),ACTIVE,French Fitness,Product Index,2025-01-14T18:40:36Z,2026-07-29T21:08:04Z,266740007228,Google & YouTube,TRUE
9879023485244,gid://shopify/Product/9879023485244,technogym-excite-crossover-700e-elliptical-w-visioweb-remanufactured,Technogym Excite Crossover 700e Elliptical w/Visioweb (Remanufactured),ACTIVE,Technogym,Product Index,2025-01-14T18:40:48Z,2026-08-04T11:08:21Z,266740007228,Google & YouTube,TRUE
9879023550780,gid://shopify/Product/9879023550780,life-fitness-optima-series-lat-pulldown-low-row-remanufactured,Life Fitness Optima Series Lat Pulldown/Low Row (Remanufactured),ACTIVE,Life Fitness,Product Index,2025-01-14T18:40:48Z,2026-07-29T21:08:06Z,266740007228,Google & YouTube,TRUE
9879024337212,gid://shopify/Product/9879024337212,french-fitness-colored-rubber-grip-weight-plate-set-w-7-ft-olympic-bar-395-lbs-new,French Fitness Colored Rubber Grip Weight Plate Set w/7 ft Olympic Bar 395 lbs (New),ACTIVE,French Fitness,Product Index,2025-01-14T18:41:17Z,2026-08-22T23:44:21Z,266740007228,Google & YouTube,TRUE
9879024402748,gid://shopify/Product/9879024402748,technogym-700i-excite-crossover-w-led-elliptical-remanufactured,Technogym 700i Excite Crossover w/ LED Elliptical (Remanufactured),ACTIVE,Technogym,Product Index,2025-01-14T18:41:18Z,2026-08-22T21:05:20Z,266740007228,Google & YouTube,TRUE
9879024533820,gid://shopify/Product/9879024533820,life-fitness-optima-series-adjustable-bench-osadj-remanufactured,Life Fitness Optima Series Adjustable Bench OSADJ (Remanufactured),ACTIVE,Life Fitness,Product Index,2025-01-14T18:41:24Z,2026-07-29T21:08:05Z,266740007228,Google & YouTube,TRUE
9879025090876,gid://shopify/Product/9879025090876,french-fitness-urethane-round-pro-style-dumbbell-set-5-60-lbs-new,"French Fitness Urethane Round Pro Style Dumbbell Set, 5-60 lbs (New)",ACTIVE,French Fitness,Product Index,2025-01-14T18:41:30Z,2026-08-23T19:25:12Z,266740007228,Google & YouTube,TRUE
9879025549628,gid://shopify/Product/9879025549628,trueform-enduro-non-motorized-treadmill-new,Trueform Enduro Non-Motorized Treadmill (New),ACTIVE,Trueform,Product Index,2025-01-14T18:41:47Z,2026-07-29T21:08:05Z,266740007228,Google & YouTube,TRUE
9879025615164,gid://shopify/Product/9879025615164,french-fitness-colored-rubber-grip-weight-plate-set-w-7-ft-olympic-bar-395-lbs-bench-new,French Fitness Colored Rubber Grip Weight Plate Set w/7 ft Olympic Bar 395 lbs + Bench (New),ACTIVE,French Fitness,Product Index,2025-01-14T18:41:52Z,2026-07-29T21:08:05Z,266740007228,Google & YouTube,TRUE
9879025746236,gid://shopify/Product/9879025746236,life-fitness-osdap-optima-dual-adjustable-pulley-remanufactured,Life Fitness OSDAP Optima Dual Adjustable Pulley (Remanufactured),ACTIVE,Life Fitness,Product Index,2025-01-14T18:41:54Z,2026-07-29T21:08:05Z,266740007228,Google & YouTube,TRUE
9879026204988,gid://shopify/Product/9879026204988,french-fitness-urethane-round-pro-style-dumbbell-set-5-75-lbs-new,"French Fitness Urethane Round Pro Style Dumbbell Set, 5-75 lbs (New)",ACTIVE,French Fitness,Product Index,2025-01-14T18:42:11Z,2026-08-24T19:02:50Z,266740007228,Google & YouTube,TRUE
9879026794812,gid://shopify/Product/9879026794812,french-fitness-urethane-round-pro-style-dumbbell-50-lbs-single-new,French Fitness Urethane Round Pro Style Dumbbell 50 lbs - Single (New),ACTIVE,French Fitness,Product Index,2025-01-14T18:42:42Z,2026-08-06T18:50:25Z,266740007228,Google & YouTube,TRUE
9879027056956,gid://shopify/Product/9879027056956,trueform-low-rider-non-motorized-treadmill-new,Trueform Low-Rider Non-Motorized Treadmill (New),ACTIVE,Trueform,Product Index,2025-01-14T18:42:52Z,2026-07-29T21:08:02Z,266740007228,Google & YouTube,TRUE
9879027122492,gid://shopify/Product/9879027122492,french-fitness-colored-rubber-grip-olympic-plate-set-450-lbs-new,French Fitness Colored Rubber Grip Olympic Plate Set 450 lbs (New),ACTIVE,French Fitness,Product Index,2025-01-14T18:42:54Z,2026-08-24T07:16:05Z,266740007228,Google & YouTube,TRUE
9879027286332,gid://shopify/Product/9879027286332,french-fitness-urethane-round-pro-style-dumbbell-55-lbs-single-new,French Fitness Urethane Round Pro Style Dumbbell 55 lbs - Single (New),ACTIVE,French Fitness,Product Index,2025-01-14T18:43:02Z,2026-08-06T18:50:24Z,266740007228,Google & YouTube,TRUE
9879027810620,gid://shopify/Product/9879027810620,trueform-performance-non-motorized-treadmill-new,Trueform Performance Non-Motorized Treadmill (New),ACTIVE,Trueform,Product Index,2025-01-14T18:43:21Z,2026-07-29T21:08:03Z,266740007228,Google & YouTube,TRUE
9879027876156,gid://shopify/Product/9879027876156,french-fitness-urethane-round-pro-style-dumbbell-set-55-100-lbs-new,"French Fitness Urethane Round Pro Style Dumbbell Set, 55-100 lbs (New)",ACTIVE,French Fitness,Product Index,2025-01-14T18:43:21Z,2026-08-22T02:43:41Z,266740007228,Google & YouTube,TRUE
9879028072764,gid://shopify/Product/9879028072764,life-fitness-optima-series-pec-fly-rear-delt-osfly-remanufactured,Life Fitness Optima Series Pec Fly/Rear Delt OSFLY (Remanufactured),ACTIVE,Life Fitness,Product Index,2025-01-14T18:43:28Z,2026-07-29T21:08:02Z,266740007228,Google & YouTube,TRUE
9879028662588,gid://shopify/Product/9879028662588,french-fitness-urethane-round-pro-style-dumbbell-set-55-75-lbs-new,"French Fitness Urethane Round Pro Style Dumbbell Set, 55-75 lbs (New)",ACTIVE,French Fitness,Product Index,2025-01-14T18:43:48Z,2026-07-29T21:08:06Z,266740007228,Google & YouTube,TRUE
9879028728124,gid://shopify/Product/9879028728124,trueform-walking-desk-non-motorized-treadmill-new,Trueform Walking Desk Non-Motorized Treadmill (New),ACTIVE,Trueform,Product Index,2025-01-14T18:43:51Z,2026-07-29T21:08:03Z,266740007228,Google & YouTube,TRUE
9879028924732,gid://shopify/Product/9879028924732,life-fitness-optima-series-hip-abductor-adductor-remanufactured,Life Fitness Optima Series Hip Abductor / Adductor (Remanufactured),ACTIVE,Life Fitness,Product Index,2025-01-14T18:43:58Z,2026-07-29T21:08:02Z,266740007228,Google & YouTube,TRUE
9879029711164,gid://shopify/Product/9879029711164,french-fitness-urethane-round-pro-style-dumbbell-60-lbs-single-new,French Fitness Urethane Round Pro Style Dumbbell 60 lbs - Single (New),ACTIVE,French Fitness,Product Index,2025-01-14T18:44:15Z,2026-08-06T18:50:23Z,266740007228,Google & YouTube,TRUE
9879029842236,gid://shopify/Product/9879029842236,technogym-artis-shoulder-press-mk69-w-u-go-console-remanufactured,Technogym Artis Shoulder Press MK69 w/U-GO Console (Remanufactured),ACTIVE,Technogym,Product Index,2025-01-14T18:44:18Z,2026-07-29T21:08:04Z,266740007228,Google & YouTube,TRUE
9879030071612,gid://shopify/Product/9879030071612,life-fitness-optima-leg-extension-prone-leg-curl-remanufactured,Life Fitness Optima Leg Extension / Prone Leg Curl (Remanufactured),ACTIVE,Life Fitness,Product Index,2025-01-14T18:44:27Z,2026-07-29T21:08:06Z,266740007228,Google & YouTube,TRUE
9879030235452,gid://shopify/Product/9879030235452,french-fitness-urethane-round-pro-style-dumbbell-65-lbs-single-new,French Fitness Urethane Round Pro Style Dumbbell 65 lbs - Single (New),ACTIVE,French Fitness,Product Index,2025-01-14T18:44:35Z,2026-08-06T18:50:23Z,266740007228,Google & YouTube,TRUE
9879030399292,gid://shopify/Product/9879030399292,french-fitness-colored-rubber-grip-olympic-plate-set-70-lbs-new,French Fitness Colored Rubber Grip Olympic Plate Set 70 lbs (New),ACTIVE,French Fitness,Product Index,2025-01-14T18:44:40Z,2026-08-06T18:50:23Z,266740007228,Google & YouTube,TRUE
9879030464828,gid://shopify/Product/9879030464828,total-gym-26000-remanufactured,Total Gym 26000 (Remanufactured),ACTIVE,Total Gym,Product Index,2025-01-14T18:44:46Z,2026-07-29T21:08:04Z,266740007228,Google & YouTube,TRUE
9879030726972,gid://shopify/Product/9879030726972,french-fitness-urethane-round-pro-style-dumbbell-70-lbs-single-new,French Fitness Urethane Round Pro Style Dumbbell 70 lbs - Single (New),ACTIVE,French Fitness,Product Index,2025-01-14T18:44:54Z,2026-08-06T18:50:22Z,266740007228,Google & YouTube,TRUE
9879030759740,gid://shopify/Product/9879030759740,life-fitness-optima-oslp-leg-press-calf-raise-remanufactured,Life Fitness Optima OSLP Leg Press / Calf Raise (Remanufactured),ACTIVE,Life Fitness,Product Index,2025-01-14T18:44:56Z,2026-07-29T21:08:03Z,266740007228,Google & YouTube,TRUE
9879031054652,gid://shopify/Product/9879031054652,technogym-selection-abdominal-crunch-remanufactured,Technogym Selection Abdominal Crunch (Remanufactured),ACTIVE,Technogym,Product Index,2025-01-14T18:45:13Z,2026-07-29T21:08:07Z,266740007228,Google & YouTube,TRUE
9879031087420,gid://shopify/Product/9879031087420,french-fitness-urethane-round-pro-style-dumbbell-75-lbs-single-new,French Fitness Urethane Round Pro Style Dumbbell 75 lbs - Single (New),ACTIVE,French Fitness,Product Index,2025-01-14T18:45:13Z,2026-08-06T18:50:22Z,266740007228,Google & YouTube,TRUE
9879031415100,gid://shopify/Product/9879031415100,life-fitness-optima-osmp-multi-press-remanufactured,Life Fitness Optima OSMP Multi-Press (Remanufactured),ACTIVE,Life Fitness,Product Index,2025-01-14T18:45:25Z,2026-07-29T21:08:05Z,266740007228,Google & YouTube,TRUE
9879031644476,gid://shopify/Product/9879031644476,french-fitness-urethane-round-pro-style-dumbbell-80-lbs-single-new,French Fitness Urethane Round Pro Style Dumbbell 80 lbs - Single (New),ACTIVE,French Fitness,Product Index,2025-01-14T18:45:32Z,2026-08-06T18:50:22Z,266740007228,Google & YouTube,TRUE
9879031939388,gid://shopify/Product/9879031939388,technogym-selection-hip-abduction-outer-thigh-remanufactured,Technogym Selection Hip Abduction / Outer Thigh (Remanufactured),ACTIVE,Technogym,Product Index,2025-01-14T18:45:42Z,2026-07-29T21:08:06Z,266740007228,Google & YouTube,TRUE
9879032398140,gid://shopify/Product/9879032398140,french-fitness-urethane-round-pro-style-dumbbell-85-lbs-single-new,French Fitness Urethane Round Pro Style Dumbbell 85 lbs - Single (New),ACTIVE,French Fitness,Product Index,2025-01-14T18:45:52Z,2026-08-06T18:50:21Z,266740007228,Google & YouTube,TRUE
9879032561980,gid://shopify/Product/9879032561980,life-fitness-optima-ossp-shoulder-press-remanufactured,Life Fitness Optima OSSP Shoulder Press (Remanufactured),ACTIVE,Life Fitness,Product Index,2025-01-14T18:45:54Z,2026-08-22T21:05:17Z,266740007228,Google & YouTube,TRUE
9879033676092,gid://shopify/Product/9879033676092,technogym-selection-hip-adduction-inner-thigh-remanufactured,Technogym Selection Hip Adduction / Inner Thigh (Remanufactured),ACTIVE,Technogym,Product Index,2025-01-14T18:46:11Z,2026-07-29T21:08:05Z,266740007228,Google & YouTube,TRUE
9879033708860,gid://shopify/Product/9879033708860,french-fitness-urethane-round-pro-style-dumbbell-90-lbs-single-new,French Fitness Urethane Round Pro Style Dumbbell 90 lbs - Single (New),ACTIVE,French Fitness,Product Index,2025-01-14T18:46:12Z,2026-08-06T18:50:21Z,266740007228,Google & YouTube,TRUE
9879034134844,gid://shopify/Product/9879034134844,life-fitness-activate-series-osx-elliptical-trainer-remanufactured,Life Fitness Activate Series OSX Elliptical Trainer (Remanufactured),ACTIVE,Life Fitness,Product Index,2025-01-14T18:46:24Z,2026-08-04T11:08:23Z,266740007228,Google & YouTube,TRUE
9879034331452,gid://shopify/Product/9879034331452,french-fitness-urethane-round-pro-style-dumbbell-95-lbs-single-new,French Fitness Urethane Round Pro Style Dumbbell 95 lbs - Single (New),ACTIVE,French Fitness,Product Index,2025-01-14T18:46:31Z,2026-08-06T18:50:20Z,266740007228,Google & YouTube,TRUE
9879034462524,gid://shopify/Product/9879034462524,french-fitness-chest-supported-t-bar-row-tbar-c40-new,French Fitness Chest Supported T-Bar Row TBAR-C40 (New),ACTIVE,French Fitness,Product Index,2025-01-14T18:46:38Z,2026-07-29T21:08:05Z,266740007228,Google & YouTube,TRUE
9879034560828,gid://shopify/Product/9879034560828,technogym-flexability-anterior-remanufactured,Technogym Flexability Anterior (Remanufactured),ACTIVE,Technogym,Product Index,2025-01-14T18:46:41Z,2026-08-03T08:27:17Z,266740007228,Google & YouTube,TRUE
9879034790204,gid://shopify/Product/9879034790204,french-fitness-vc200-vertical-climbing-climber-machine-new,French Fitness VC200 Vertical Climbing Climber Machine (New),ACTIVE,French Fitness,Product Index,2025-01-14T18:46:50Z,2026-08-22T21:05:10Z,266740007228,Google & YouTube,TRUE
9879034822972,gid://shopify/Product/9879034822972,life-fitness-pectoral-fly-signature-series-remanufactured,Life Fitness Pectoral Fly Signature Series (Remanufactured),ACTIVE,Life Fitness,Product Index,2025-01-14T18:46:50Z,2026-07-29T21:08:03Z,266740007228,Google & YouTube,TRUE
9879035216188,gid://shopify/Product/9879035216188,french-fitness-ct100-manual-curve-treadmill-w-aluminum-belt-new,French Fitness CT100 Manual Curve Treadmill w/Aluminum Belt (New),ACTIVE,French Fitness,Product Index,2025-01-14T18:47:05Z,2026-08-20T07:58:33Z,266740007228,Google & YouTube,TRUE
9879035281724,gid://shopify/Product/9879035281724,technogym-element-arm-curl-remanufactured,Technogym Element Arm Curl (Remanufactured),ACTIVE,Technogym,Product Index,2025-01-14T18:47:07Z,2026-07-29T21:08:06Z,266740007228,Google & YouTube,TRUE
9879035642172,gid://shopify/Product/9879035642172,life-fitness-signature-seated-calf-raise-plate-loaded-remanufactured,Life Fitness Signature Seated Calf Raise Plate Loaded (Remanufactured),ACTIVE,Life Fitness,Product Index,2025-01-14T18:47:20Z,2026-07-29T21:08:05Z,266740007228,Google & YouTube,TRUE
9879036428604,gid://shopify/Product/9879036428604,technogym-selection-chest-press-remanufactured,Technogym Selection Chest Press (Remanufactured),ACTIVE,Technogym,Product Index,2025-01-14T18:47:36Z,2026-07-29T21:08:04Z,266740007228,Google & YouTube,TRUE
9879036821820,gid://shopify/Product/9879036821820,life-fitness-powermill-integrity-series-climber-remanufactured,Life Fitness PowerMill Integrity Series Climber (Remanufactured),ACTIVE,Life Fitness,Product Index,2025-01-14T18:47:52Z,2026-07-29T21:08:06Z,266740007228,Google & YouTube,TRUE
9879037313340,gid://shopify/Product/9879037313340,technogym-element-chest-press-remanufactured,Technogym Element Chest Press (Remanufactured),ACTIVE,Technogym,Product Index,2025-01-14T18:48:06Z,2026-07-29T21:08:07Z,266740007228,Google & YouTube,TRUE
9879037739324,gid://shopify/Product/9879037739324,french-fitness-ct80-manual-curve-treadmill-w-resistance-new,French Fitness CT80 Manual Curve Treadmill w/Resistance (New),ACTIVE,French Fitness,Product Index,2025-01-14T18:48:17Z,2026-08-13T18:35:50Z,266740007228,Google & YouTube,TRUE
9879038001468,gid://shopify/Product/9879038001468,life-fitness-pro-pro1-assisted-chin-dip-remanufactured,Life Fitness Pro / Pro1 Assisted Chin Dip (Remanufactured),ACTIVE,Life Fitness,Product Index,2025-01-14T18:48:22Z,2026-08-22T02:43:41Z,266740007228,Google & YouTube,TRUE
9879038984508,gid://shopify/Product/9879038984508,technogym-selection-chest-incline-remanufactured,Technogym Selection Chest Incline (Remanufactured),ACTIVE,Technogym,Product Index,2025-01-14T18:48:35Z,2026-07-29T21:08:04Z,266740007228,Google & YouTube,TRUE
9879040000316,gid://shopify/Product/9879040000316,life-fitness-pro-pro1-bicep-arm-curl-remanufactured,Life Fitness Pro / Pro1 Bicep Arm Curl (Remanufactured),ACTIVE,Life Fitness,Product Index,2025-01-14T18:48:56Z,2026-07-29T21:08:04Z,266740007228,Google & YouTube,TRUE
9879040164156,gid://shopify/Product/9879040164156,technogym-element-lower-back-remanufactured,Technogym Element Lower Back (Remanufactured),ACTIVE,Technogym,Product Index,2025-01-14T18:49:04Z,2026-07-29T21:08:05Z,266740007228,Google & YouTube,TRUE
9879040524604,gid://shopify/Product/9879040524604,french-fitness-competition-urethane-bumper-plate-set-210-lb-black-new,French Fitness Competition Urethane Bumper Plate Set 210 lb Black (New),ACTIVE,French Fitness,Product Index,2025-01-14T18:49:25Z,2026-08-06T18:50:17Z,266740007228,Google & YouTube,TRUE
9879040655676,gid://shopify/Product/9879040655676,life-fitness-pro-pro1-multi-hip-remanufactured,Life Fitness pro / pro1 Multi Hip (Remanufactured),ACTIVE,Life Fitness,Product Index,2025-01-14T18:49:30Z,2026-07-29T21:08:05Z,266740007228,Google & YouTube,TRUE
9879040786748,gid://shopify/Product/9879040786748,technogym-element-low-row-remanufactured,Technogym Element Low Row (Remanufactured),ACTIVE,Technogym,Product Index,2025-01-14T18:49:33Z,2026-07-29T21:08:06Z,266740007228,Google & YouTube,TRUE
9879041343804,gid://shopify/Product/9879041343804,technogym-element-pectoral-machine-remanufactured,Technogym Element Pectoral Machine (Remanufactured),ACTIVE,Technogym,Product Index,2025-01-14T18:50:03Z,2026-07-29T21:08:07Z,266740007228,Google & YouTube,TRUE
9879041376572,gid://shopify/Product/9879041376572,life-fitness-pro-pro1-seated-leg-press-remanufactured,Life Fitness Pro / Pro1 Seated Leg Press (Remanufactured),ACTIVE,Life Fitness,Product Index,2025-01-14T18:50:04Z,2026-07-29T21:08:07Z,266740007228,Google & YouTube,TRUE
9879042294076,gid://shopify/Product/9879042294076,french-fitness-vinyl-kettlebell-set-5-30-lbs-new,French Fitness Vinyl Kettlebell Set 5-30 lbs (New),ACTIVE,French Fitness,Product Index,2025-01-14T18:51:00Z,2026-08-14T10:04:58Z,266740007228,Google & YouTube,TRUE
9879042425148,gid://shopify/Product/9879042425148,technogym-element-shoulder-press-remanufactured,Technogym Element Shoulder Press (Remanufactured),ACTIVE,Technogym,Product Index,2025-01-14T18:51:04Z,2026-07-29T21:08:02Z,266740007228,Google & YouTube,TRUE
9879042588988,gid://shopify/Product/9879042588988,french-fitness-competition-urethane-bumper-plate-25-lb-black-new,French Fitness Competition Urethane Bumper Plate 25 lb Black (New),ACTIVE,French Fitness,Product Index,2025-01-14T18:51:10Z,2026-08-06T18:50:16Z,266740007228,Google & YouTube,TRUE
9879042621756,gid://shopify/Product/9879042621756,life-fitness-pro-pro1-smith-machine-remanufactured,Life Fitness Pro / Pro1 Smith Machine (Remanufactured),ACTIVE,Life Fitness,Product Index,2025-01-14T18:51:12Z,2026-08-22T21:05:18Z,266740007228,Google & YouTube,TRUE
9879042851132,gid://shopify/Product/9879042851132,french-fitness-vinyl-kettlebell-55-lbs-new,French Fitness Vinyl Kettlebell 55 lbs (New),ACTIVE,French Fitness,Product Index,2025-01-14T18:51:26Z,2026-08-06T18:50:15Z,266740007228,Google & YouTube,TRUE
9879043014972,gid://shopify/Product/9879043014972,french-fitness-competition-urethane-bumper-plate-set-260-lb-black-new,French Fitness Competition Urethane Bumper Plate Set 260 lb Black (New),ACTIVE,French Fitness,Product Index,2025-01-14T18:51:32Z,2026-08-06T18:50:15Z,266740007228,Google & YouTube,TRUE
9879043047740,gid://shopify/Product/9879043047740,technogym-element-vertical-traction-remanufactured,Technogym Element Vertical Traction (Remanufactured),ACTIVE,Technogym,Product Index,2025-01-14T18:51:33Z,2026-07-29T21:08:05Z,266740007228,Google & YouTube,TRUE
9879043440956,gid://shopify/Product/9879043440956,french-fitness-vinyl-kettlebell-set-5-50-lbs-new,French Fitness Vinyl Kettlebell Set 5-50 lbs (New),ACTIVE,French Fitness,Product Index,2025-01-14T18:51:48Z,2026-08-22T21:05:10Z,266740007228,Google & YouTube,TRUE
9879043539260,gid://shopify/Product/9879043539260,life-fitness-pro2-assisted-chin-dip-remanufactured,Life Fitness Pro2 Assisted Chin Dip (Remanufactured),ACTIVE,Life Fitness,Product Index,2025-01-14T18:51:49Z,2026-07-29T21:08:05Z,266740007228,Google & YouTube,TRUE
9879043834172,gid://shopify/Product/9879043834172,technogym-element-leg-extension-remanufactured,Technogym Element Leg Extension (Remanufactured),ACTIVE,Technogym,Product Index,2025-01-14T18:52:02Z,2026-07-29T21:08:06Z,266740007228,Google & YouTube,TRUE
9879044358460,gid://shopify/Product/9879044358460,life-fitness-pro2-pec-fly-rear-delt-remanufactured,Life Fitness Pro2 Pec Fly / Rear Delt (Remanufactured),ACTIVE,Life Fitness,Product Index,2025-01-14T18:52:21Z,2026-07-29T21:08:37Z,266740007228,Google & YouTube,TRUE
9879044391228,gid://shopify/Product/9879044391228,french-fitness-vinyl-kettlebell-set-5-60-lbs-new,French Fitness Vinyl Kettlebell Set 5-60 lbs (New),ACTIVE,French Fitness,Product Index,2025-01-14T18:52:23Z,2026-08-22T21:05:10Z,266740007228,Google & YouTube,TRUE
9879044456764,gid://shopify/Product/9879044456764,french-fitness-competition-urethane-bumper-plate-set-300-lb-black-new,French Fitness Competition Urethane Bumper Plate Set 300 lb Black (New),ACTIVE,French Fitness,Product Index,2025-01-14T18:52:27Z,2026-07-29T21:08:36Z,266740007228,Google & YouTube,TRUE
9879044587836,gid://shopify/Product/9879044587836,technogym-element-leg-press-remanufactured,Technogym Element Leg Press (Remanufactured),ACTIVE,Technogym,Product Index,2025-01-14T18:52:31Z,2026-07-29T21:08:36Z,266740007228,Google & YouTube,TRUE
9879045112124,gid://shopify/Product/9879045112124,french-fitness-vinyl-kettlebell-60-lbs-new,French Fitness Vinyl Kettlebell 60 lbs (New),ACTIVE,French Fitness,Product Index,2025-01-14T18:52:54Z,2026-08-22T02:43:41Z,266740007228,Google & YouTube,TRUE
9879045243196,gid://shopify/Product/9879045243196,life-fitness-pro2-hip-and-glute-remanufactured,Life Fitness Pro2 Hip and Glute (Remanufactured),ACTIVE,Life Fitness,Product Index,2025-01-14T18:52:56Z,2026-08-22T21:05:17Z,266740007228,Google & YouTube,TRUE
9879045341500,gid://shopify/Product/9879045341500,french-fitness-competition-urethane-bumper-plate-set-320-lb-black-new,French Fitness Competition Urethane Bumper Plate Set 320 lb Black (New),ACTIVE,French Fitness,Product Index,2025-01-14T18:53:01Z,2026-07-29T21:08:37Z,266740007228,Google & YouTube,TRUE
9879045374268,gid://shopify/Product/9879045374268,technogym-selection-low-row-remanufactured,Technogym Selection Low Row (Remanufactured),ACTIVE,Technogym,Product Index,2025-01-14T18:53:01Z,2026-07-29T21:08:37Z,266740007228,Google & YouTube,TRUE
9879045701948,gid://shopify/Product/9879045701948,french-fitness-vkr20-vertical-knee-raise-pull-up-powertower-vkr-new,French Fitness VKR20 Vertical Knee Raise / Pull Up Powertower VKR (New),ACTIVE,French Fitness,Product Index,2025-01-14T18:53:13Z,2026-08-06T18:50:14Z,266740007228,Google & YouTube,TRUE
9879046095164,gid://shopify/Product/9879046095164,technogym-selection-med-45-degree-back-hyperextension-remanufactured,Technogym Selection MED 45 Degree Back Hyperextension (Remanufactured),ACTIVE,Technogym,Product Index,2025-01-14T18:53:30Z,2026-07-29T21:08:37Z,266740007228,Google & YouTube,TRUE
9879046127932,gid://shopify/Product/9879046127932,life-fitness-pro2-seated-row-remanufactured,Life Fitness Pro2 Seated Row (Remanufactured),ACTIVE,Life Fitness,Product Index,2025-01-14T18:53:30Z,2026-07-29T21:08:34Z,266740007228,Google & YouTube,TRUE
9879046357308,gid://shopify/Product/9879046357308,french-fitness-competition-urethane-bumper-plate-set-340-lb-black-new,French Fitness Competition Urethane Bumper Plate Set 340 lb Black (New),ACTIVE,French Fitness,Product Index,2025-01-14T18:53:35Z,2026-07-29T21:08:37Z,266740007228,Google & YouTube,TRUE
9879046553916,gid://shopify/Product/9879046553916,french-fitness-10-ball-vertical-medicine-wall-slam-rack-new,"French Fitness 10 Ball Vertical Medicine, Wall & Slam Rack (New)",ACTIVE,French Fitness,Product Index,2025-01-14T18:53:38Z,2026-08-06T18:50:14Z,266740007228,Google & YouTube,TRUE
9879047078204,gid://shopify/Product/9879047078204,technogym-flexability-posterior-remanufactured,Technogym Flexability Posterior (Remanufactured),ACTIVE,Technogym,Product Index,2025-01-14T18:54:00Z,2026-08-03T08:27:18Z,266740007228,Google & YouTube,TRUE
9879047110972,gid://shopify/Product/9879047110972,french-fitness-vertical-olympic-10-bar-rack-holder-new,French Fitness Vertical Olympic 10 Bar Rack Holder (New),ACTIVE,French Fitness,Product Index,2025-01-14T18:54:00Z,2026-08-26T21:04:46Z,266740007228,Google & YouTube,TRUE
9879047274812,gid://shopify/Product/9879047274812,life-fitness-pro2-seated-leg-press-remanufactured,Life Fitness Pro2 Seated Leg Press (Remanufactured),ACTIVE,Life Fitness,Product Index,2025-01-14T18:54:04Z,2026-07-29T21:08:37Z,266740007228,Google & YouTube,TRUE
9879047373116,gid://shopify/Product/9879047373116,french-fitness-competition-urethane-bumper-plate-35-lb-black-new,French Fitness Competition Urethane Bumper Plate 35 lb Black (New),ACTIVE,French Fitness,Product Index,2025-01-14T18:54:08Z,2026-08-06T18:50:13Z,266740007228,Google & YouTube,TRUE
9879047864636,gid://shopify/Product/9879047864636,total-gym-powertower-classic-remanufactured,Total Gym PowerTower Classic (Remanufactured),ACTIVE,Total Gym,Product Index,2025-01-14T18:54:26Z,2026-07-29T21:08:37Z,266740007228,Google & YouTube,TRUE
9879047930172,gid://shopify/Product/9879047930172,french-fitness-competition-urethane-bumper-plate-set-350-lb-black-new,French Fitness Competition Urethane Bumper Plate Set 350 lb Black (New),ACTIVE,French Fitness,Product Index,2025-01-14T18:54:30Z,2026-07-29T21:08:37Z,266740007228,Google & YouTube,TRUE
9879048126780,gid://shopify/Product/9879048126780,life-fitness-pro-2-fixed-lat-pulldown-remanufactured,Life Fitness Pro 2 Fixed Lat Pulldown (Remanufactured),ACTIVE,Life Fitness,Product Index,2025-01-14T18:54:39Z,2026-07-29T21:08:37Z,266740007228,Google & YouTube,TRUE
9879048454460,gid://shopify/Product/9879048454460,technogym-pure-strength-plate-loaded-calf-press-remanufactured,Technogym Pure Strength Plate Loaded Calf Press (Remanufactured),ACTIVE,Technogym,Product Index,2025-01-14T18:54:52Z,2026-07-29T21:08:37Z,266740007228,Google & YouTube,TRUE
9879048683836,gid://shopify/Product/9879048683836,french-fitness-competition-urethane-bumper-plate-45-lb-black-new,French Fitness Competition Urethane Bumper Plate 45 lb Black (New),ACTIVE,French Fitness,Product Index,2025-01-14T18:55:00Z,2026-08-06T18:50:12Z,266740007228,Google & YouTube,TRUE
9879048716604,gid://shopify/Product/9879048716604,french-fitness-weighted-body-fitness-bar-set-of-9-new,French Fitness Weighted Body Fitness Bar Set of 9 (New),ACTIVE,French Fitness,Product Index,2025-01-14T18:55:00Z,2026-08-06T18:50:12Z,266740007228,Google & YouTube,TRUE
9879048880444,gid://shopify/Product/9879048880444,life-fitness-row-gx-water-rower-remanufactured,Life Fitness Row GX Water Rower (Remanufactured),ACTIVE,Life Fitness,Product Index,2025-01-14T18:55:10Z,2026-08-03T08:26:43Z,266740007228,Google & YouTube,TRUE
9879049077052,gid://shopify/Product/9879049077052,technogym-pure-strength-plate-loaded-chest-press-remanufactured,Technogym Pure Strength Plate Loaded Chest Press (Remanufactured),ACTIVE,Technogym,Product Index,2025-01-14T18:55:25Z,2026-07-29T21:08:37Z,266740007228,Google & YouTube,TRUE
9879049273660,gid://shopify/Product/9879049273660,life-fitness-signature-preacher-biceps-arm-curl-bench-remanufactured,Life Fitness Signature Preacher Biceps Arm Curl Bench (Remanufactured),ACTIVE,Life Fitness,Product Index,2025-01-14T18:55:35Z,2026-07-29T21:08:34Z,266740007228,Google & YouTube,TRUE
9879049535804,gid://shopify/Product/9879049535804,french-fitness-competition-urethane-bumper-plate-55-lb-black-new,French Fitness Competition Urethane Bumper Plate 55 lb Black (New),ACTIVE,French Fitness,Product Index,2025-01-14T18:55:42Z,2026-08-06T18:50:11Z,266740007228,Google & YouTube,TRUE
9879049830716,gid://shopify/Product/9879049830716,technogym-pure-strength-plate-loaded-row-remanufactured,Technogym Pure Strength Plate Loaded Row (Remanufactured),ACTIVE,Technogym,Product Index,2025-01-14T18:55:58Z,2026-07-29T21:08:38Z,266740007228,Google & YouTube,TRUE
9879049929020,gid://shopify/Product/9879049929020,life-fitness-signature-chin-dip-vkr-leg-raise-remanufactured,Life Fitness Signature Chin / Dip VKR Leg Raise (Remanufactured),ACTIVE,Life Fitness,Product Index,2025-01-14T18:56:04Z,2026-07-29T21:08:36Z,266740007228,Google & YouTube,TRUE
9879050649916,gid://shopify/Product/9879050649916,technogym-pure-strength-plate-loaded-shoulder-press-remanufactured,Technogym Pure Strength Plate Loaded Shoulder Press (Remanufactured),ACTIVE,Technogym,Product Index,2025-01-14T18:56:30Z,2026-07-29T21:08:37Z,266740007228,Google & YouTube,TRUE
9879050813756,gid://shopify/Product/9879050813756,life-fitness-discover-95p-se3-hd-powermill-remanufactured,Life Fitness Discover 95P SE3 HD Powermill (Remanufactured),ACTIVE,Life Fitness,Product Index,2025-01-14T18:56:34Z,2026-07-29T21:08:33Z,266740007228,Google & YouTube,TRUE
9879050912060,gid://shopify/Product/9879050912060,french-fitness-weighted-body-fitness-bar-set-of-11-new,French Fitness Weighted Body Fitness Bar Set of 11 (New),ACTIVE,French Fitness,Product Index,2025-01-14T18:56:37Z,2026-08-07T18:45:10Z,266740007228,Google & YouTube,TRUE
9879051239740,gid://shopify/Product/9879051239740,french-fitness-competition-urethane-bumper-plate-210-lb-colored-new,French Fitness Competition Urethane Bumper Plate Set 210 lb Colored (New),ACTIVE,French Fitness,Product Index,2025-01-14T18:56:49Z,2026-08-06T18:50:10Z,266740007228,Google & YouTube,TRUE
9879051665724,gid://shopify/Product/9879051665724,technogym-selection-pulley-remanufactured,Technogym Selection Pulley (Remanufactured),ACTIVE,Technogym,Product Index,2025-01-14T18:57:03Z,2026-07-29T21:08:37Z,266740007228,Google & YouTube,TRUE
9879051862332,gid://shopify/Product/9879051862332,life-fitness-discover-se3-95ps-powermill-remanufactured,Life Fitness Discover SE3 95PS Powermill (Remanufactured),ACTIVE,Life Fitness,Product Index,2025-01-14T18:57:05Z,2026-08-17T15:48:30Z,266740007228,Google & YouTube,TRUE
9879052714300,gid://shopify/Product/9879052714300,technogym-selection-arm-curl-remanufactured,Technogym Selection Arm Curl (Remanufactured),ACTIVE,Technogym,Product Index,2025-01-14T18:57:33Z,2026-08-06T20:01:57Z,266740007228,Google & YouTube,TRUE
9879052812604,gid://shopify/Product/9879052812604,life-fitness-discover-se-95ps-elevation-powermill-climber-remanufactured,Life Fitness Discover SE 95PS Elevation Powermill Climber (Remanufactured),ACTIVE,Life Fitness,Product Index,2025-01-14T18:57:34Z,2026-08-22T02:43:42Z,266740007228,Google & YouTube,TRUE
9879053500732,gid://shopify/Product/9879053500732,technogym-selection-arm-tricep-extension-remanufactured,Technogym Selection Arm Tricep Extension (Remanufactured),ACTIVE,Technogym,Product Index,2025-01-14T18:58:02Z,2026-07-29T21:08:38Z,266740007228,Google & YouTube,TRUE
9879053599036,gid://shopify/Product/9879053599036,life-fitness-signature-flat-bench-remanufactured,Life Fitness Signature Flat Bench (Remanufactured),ACTIVE,Life Fitness,Product Index,2025-01-14T18:58:06Z,2026-07-29T21:08:37Z,266740007228,Google & YouTube,TRUE
9879054221628,gid://shopify/Product/9879054221628,technogym-selection-chin-dip-assist-remanufactured,Technogym Selection Chin / Dip Assist (Remanufactured),ACTIVE,Technogym,Product Index,2025-01-14T18:58:31Z,2026-07-29T21:08:37Z,266740007228,Google & YouTube,TRUE
9879054385468,gid://shopify/Product/9879054385468,life-fitness-signature-fzbe-back-extension-remanufactured,Life Fitness Signature FZBE Back Extension (Remanufactured),ACTIVE,Life Fitness,Product Index,2025-01-14T18:58:36Z,2026-07-29T21:08:38Z,266740007228,Google & YouTube,TRUE
9879054549308,gid://shopify/Product/9879054549308,french-fitness-competition-urethane-bumper-plate-25-lb-colored-green-new,French Fitness Competition Urethane Bumper Plate 25 lb Colored (Green) (New),ACTIVE,French Fitness,Product Index,2025-01-14T18:58:46Z,2026-08-06T18:50:08Z,266740007228,Google & YouTube,TRUE
9879055106364,gid://shopify/Product/9879055106364,technogym-selection-delts-machine-remanufactured,Technogym Selection Delts Machine (Remanufactured),ACTIVE,Technogym,Product Index,2025-01-14T18:58:58Z,2026-07-29T21:08:37Z,266740007228,Google & YouTube,TRUE
9879055532348,gid://shopify/Product/9879055532348,life-fitness-signature-fzgl-glute-machine-remanufactured,Life Fitness Signature FZGL Glute Machine (Remanufactured),ACTIVE,Life Fitness,Product Index,2025-01-14T18:59:05Z,2026-07-29T21:08:38Z,266740007228,Google & YouTube,TRUE
9879055892796,gid://shopify/Product/9879055892796,french-fitness-competition-urethane-bumper-plate-260-lb-colored-new,French Fitness Competition Urethane Bumper Plate Set 260 lb Colored (New),ACTIVE,French Fitness,Product Index,2025-01-14T18:59:09Z,2026-08-06T18:50:07Z,266740007228,Google & YouTube,TRUE
9879056122172,gid://shopify/Product/9879056122172,french-fitness-weighted-body-fitness-bar-36-lbs-black-new,French Fitness Weighted Body Fitness Bar 36 lbs - Black (New),ACTIVE,French Fitness,Product Index,2025-01-14T18:59:16Z,2026-08-06T18:50:06Z,266740007228,Google & YouTube,TRUE
9879056351548,gid://shopify/Product/9879056351548,technogym-selection-glute-remanufactured,Technogym Selection Glute (Remanufactured),ACTIVE,Technogym,Product Index,2025-01-14T18:59:27Z,2026-07-29T21:08:37Z,266740007228,Google & YouTube,TRUE
9879056580924,gid://shopify/Product/9879056580924,life-fitness-signature-pectoral-fly-rear-deltoid-remanufactured,Life Fitness Signature Pectoral Fly / Rear Deltoid (Remanufactured),ACTIVE,Life Fitness,Product Index,2025-01-14T18:59:35Z,2026-07-29T21:08:38Z,266740007228,Google & YouTube,TRUE
9879057629500,gid://shopify/Product/9879057629500,technogym-selection-lat-pulldown-remanufactured,Technogym Selection Lat Pulldown (Remanufactured),ACTIVE,Technogym,Product Index,2025-01-14T18:59:56Z,2026-07-29T21:08:39Z,266740007228,Google & YouTube,TRUE
9879057891644,gid://shopify/Product/9879057891644,life-fitness-signature-mj-fixed-hi-low-cable-crossover-remanufactured,Life Fitness Signature MJ Fixed Hi / Low Cable Crossover (Remanufactured),ACTIVE,Life Fitness,Product Index,2025-01-14T19:00:05Z,2026-07-29T21:08:37Z,266740007228,Google & YouTube,TRUE
9879058841916,gid://shopify/Product/9879058841916,french-fitness-weighted-body-fitness-bar-rack-new,French Fitness Weighted Body Fitness Bar Rack (New),ACTIVE,French Fitness,Product Index,2025-01-14T19:00:15Z,2026-08-21T13:22:25Z,266740007228,Google & YouTube,TRUE
9879059300668,gid://shopify/Product/9879059300668,technogym-selection-seated-leg-curl-remanufactured,Technogym Selection Seated Leg Curl (Remanufactured),ACTIVE,Technogym,Product Index,2025-01-14T19:00:33Z,2026-07-29T21:08:38Z,266740007228,Google & YouTube,TRUE
9879059366204,gid://shopify/Product/9879059366204,french-fitness-competition-urethane-bumper-plate-300-lb-colored-new,French Fitness Competition Urethane Bumper Plate Set 300 lb Colored (New),ACTIVE,French Fitness,Product Index,2025-01-14T19:00:35Z,2026-07-29T21:08:37Z,266740007228,Google & YouTube,TRUE
9879059464508,gid://shopify/Product/9879059464508,french-fitness-weighted-body-fitness-bar-set-of-9-w-rack-new,French Fitness Weighted Body Fitness Bar Set of 9 w/Rack (New),ACTIVE,French Fitness,Product Index,2025-01-14T19:00:37Z,2026-08-22T02:43:41Z,266740007228,Google & YouTube,TRUE
9879060087100,gid://shopify/Product/9879060087100,technogym-selection-leg-extension-remanufactured,Technogym Selection Leg Extension (Remanufactured),ACTIVE,Technogym,Product Index,2025-01-14T19:01:04Z,2026-07-29T21:08:37Z,266740007228,Google & YouTube,TRUE
9879060775228,gid://shopify/Product/9879060775228,french-fitness-wheelbarrow-weight-sled-new,French Fitness Wheelbarrow Weight Sled (New),ACTIVE,French Fitness,Product Index,2025-01-14T19:01:30Z,2026-08-06T18:50:04Z,266740007228,Google & YouTube,TRUE
9879060873532,gid://shopify/Product/9879060873532,technogym-selection-lower-back-remanufactured,Technogym Selection Lower Back (Remanufactured),ACTIVE,Technogym,Product Index,2025-01-14T19:01:34Z,2026-07-29T21:08:37Z,266740007228,Google & YouTube,TRUE
9879061299516,gid://shopify/Product/9879061299516,life-fitness-signature-lat-pulldown-remanufactured,Life Fitness Signature Lat Pulldown (Remanufactured),ACTIVE,Life Fitness,Product Index,2025-01-14T19:01:40Z,2026-07-29T21:08:37Z,266740007228,Google & YouTube,TRUE
9879061332284,gid://shopify/Product/9879061332284,french-fitness-competition-urethane-bumper-plate-320-lb-colored-new,French Fitness Competition Urethane Bumper Plate Set 320 lb Colored (New),ACTIVE,French Fitness,Product Index,2025-01-14T19:01:41Z,2026-07-29T21:08:38Z,266740007228,Google & YouTube,TRUE
9879062249788,gid://shopify/Product/9879062249788,technogym-selection-pectoral-pec-fly-machine-remanufactured,Technogym Selection Pectoral Pec Fly Machine (Remanufactured),ACTIVE,Technogym,Product Index,2025-01-14T19:02:03Z,2026-07-29T21:08:37Z,266740007228,Google & YouTube,TRUE
9879062577468,gid://shopify/Product/9879062577468,life-fitness-discover-si-powermill-climber-remanufactured,Life Fitness Discover SI PowerMill Climber (Remanufactured),ACTIVE,Life Fitness,Product Index,2025-01-14T19:02:10Z,2026-07-29T21:08:37Z,266740007228,Google & YouTube,TRUE
9879062774076,gid://shopify/Product/9879062774076,french-fitness-heavy-weight-lifting-chain-set-of-2-w-collars-44-lbs-new,French Fitness Heavy Weight Lifting Chain Set of 2 w/Collars - 44 lbs (New),ACTIVE,French Fitness,Product Index,2025-01-14T19:02:23Z,2026-08-25T06:22:29Z,266740007228,Google & YouTube,TRUE
9879063003452,gid://shopify/Product/9879063003452,technogym-selection-rotary-calf-remanufactured,Technogym Selection Rotary Calf (Remanufactured),ACTIVE,Technogym,Product Index,2025-01-14T19:02:32Z,2026-07-29T21:08:34Z,266740007228,Google & YouTube,TRUE
9879063134524,gid://shopify/Product/9879063134524,life-fitness-signature-olympic-decline-bench-remanufactured,Life Fitness Signature Olympic Decline Bench (Remanufactured),ACTIVE,Life Fitness,Product Index,2025-01-14T19:02:40Z,2026-07-29T21:08:37Z,266740007228,Google & YouTube,TRUE
9879063167292,gid://shopify/Product/9879063167292,french-fitness-ff-wdp20-weightlifting-deadlift-platform-new,French Fitness FF-WDP20 Weightlifting Deadlift Platform (New),ACTIVE,French Fitness,Product Index,2025-01-14T19:02:44Z,2026-08-19T14:39:38Z,266740007228,Google & YouTube,TRUE
9879063232828,gid://shopify/Product/9879063232828,french-fitness-competition-urethane-bumper-plate-340-lb-colored-new,French Fitness Competition Urethane Bumper Plate Set 340 lb Colored (New),ACTIVE,French Fitness,Product Index,2025-01-14T19:02:45Z,2026-07-29T21:08:37Z,266740007228,Google & YouTube,TRUE
9879063626044,gid://shopify/Product/9879063626044,technogym-selection-rotary-torso-rotation-remanufactured,Technogym Selection Rotary Torso Rotation (Remanufactured),ACTIVE,Technogym,Product Index,2025-01-14T19:03:02Z,2026-07-29T21:08:38Z,266740007228,Google & YouTube,TRUE
9879063953724,gid://shopify/Product/9879063953724,life-fitness-signature-series-olympic-military-bench-remanufactured,Life Fitness Signature Series Olympic Military Bench (Remanufactured),ACTIVE,Life Fitness,Product Index,2025-01-14T19:03:16Z,2026-07-29T21:08:36Z,266740007228,Google & YouTube,TRUE
9879064478012,gid://shopify/Product/9879064478012,french-fitness-3-weightlifting-deadlift-wood-platform-w-rack-insert-new,"French Fitness 3"" Weightlifting Deadlift Wood Platform w/Rack Insert (New)",ACTIVE,French Fitness,Product Index,2025-01-14T19:03:24Z,2026-08-20T18:34:38Z,266740007228,Google & YouTube,TRUE
9879065035068,gid://shopify/Product/9879065035068,technogym-selection-shoulder-press-remanufactured,Technogym Selection Shoulder Press (Remanufactured),ACTIVE,Technogym,Product Index,2025-01-14T19:03:32Z,2026-07-29T21:08:34Z,266740007228,Google & YouTube,TRUE
9879065887036,gid://shopify/Product/9879065887036,french-fitness-wall-mounted-dual-cable-column-functional-trainer-new,French Fitness Wall Mounted Dual Cable Column Functional Trainer (New),ACTIVE,French Fitness,Product Index,2025-01-14T19:03:47Z,2026-08-26T14:33:55Z,266740007228,Google & YouTube,TRUE
9879065919804,gid://shopify/Product/9879065919804,french-fitness-competition-urethane-bumper-plate-35-lb-colored-yellow-new,French Fitness Competition Urethane Bumper Plate 35 lb Colored (Yellow) (New),ACTIVE,French Fitness,Product Index,2025-01-14T19:03:48Z,2026-08-06T18:50:03Z,266740007228,Google & YouTube,TRUE
9879066018108,gid://shopify/Product/9879066018108,life-fitness-insignia-pectoral-pec-fly-rear-delt-remanufactured,Life Fitness Insignia Pectoral Pec Fly / Rear Delt (Remanufactured),ACTIVE,Life Fitness,Product Index,2025-01-14T19:03:52Z,2026-07-29T21:08:37Z,266740007228,Google & YouTube,TRUE
9879066181948,gid://shopify/Product/9879066181948,technogym-selection-leg-press-remanufactured,Technogym Selection Leg Press (Remanufactured),ACTIVE,Technogym,Product Index,2025-01-14T19:04:01Z,2026-07-29T21:08:37Z,266740007228,Google & YouTube,TRUE
9879066378556,gid://shopify/Product/9879066378556,french-fitness-competition-urethane-bumper-plate-350-lb-colored-new,French Fitness Competition Urethane Bumper Plate Set 350 lb Colored (New),ACTIVE,French Fitness,Product Index,2025-01-14T19:04:12Z,2026-07-29T21:08:38Z,266740007228,Google & YouTube,TRUE
9879066640700,gid://shopify/Product/9879066640700,life-fitness-insignia-series-row-remanufactured,Life Fitness Insignia Series Row (Remanufactured),ACTIVE,Life Fitness,Product Index,2025-01-14T19:04:22Z,2026-07-29T21:08:37Z,266740007228,Google & YouTube,TRUE
9879066771772,gid://shopify/Product/9879066771772,technogym-selection-total-abdominal-remanufactured,Technogym Selection Total Abdominal (Remanufactured),ACTIVE,Technogym,Product Index,2025-01-14T19:04:31Z,2026-07-29T21:08:40Z,266740007228,Google & YouTube,TRUE
9879067492668,gid://shopify/Product/9879067492668,life-fitness-ss-tr-insignia-series-torso-rotation-remanufactured,Life Fitness SS-TR Insignia Series Torso Rotation (Remanufactured),ACTIVE,Life Fitness,Product Index,2025-01-14T19:04:52Z,2026-07-29T21:08:38Z,266740007228,Google & YouTube,TRUE
9879067951420,gid://shopify/Product/9879067951420,technogym-selection-upper-back-remanufactured,Technogym Selection Upper Back (Remanufactured),ACTIVE,Technogym,Product Index,2025-01-14T19:05:03Z,2026-07-29T21:08:37Z,266740007228,Google & YouTube,TRUE
9879068246332,gid://shopify/Product/9879068246332,french-fitness-competition-urethane-bumper-plate-45-lb-colored-blue-new,French Fitness Competition Urethane Bumper Plate 45 lb Colored (Blue) (New),ACTIVE,French Fitness,Product Index,2025-01-14T19:05:12Z,2026-08-24T08:28:39Z,266740007228,Google & YouTube,TRUE
9879068442940,gid://shopify/Product/9879068442940,life-fitness-selectorized-abdominal-crunch-signature-remanufactured,Life Fitness Selectorized Abdominal Crunch Signature (Remanufactured),ACTIVE,Life Fitness,Product Index,2025-01-14T19:05:21Z,2026-07-29T21:08:38Z,266740007228,Google & YouTube,TRUE
9879068836156,gid://shopify/Product/9879068836156,technogym-selection-vertical-traction-remanufactured,Technogym Selection Vertical Traction (Remanufactured),ACTIVE,Technogym,Product Index,2025-01-14T19:05:33Z,2026-07-29T21:08:37Z,266740007228,Google & YouTube,TRUE
9879069294908,gid://shopify/Product/9879069294908,life-fitness-insiginia-chin-dip-assist-remanufactured,Life Fitness Insiginia Chin / Dip Assist (Remanufactured),ACTIVE,Life Fitness,Product Index,2025-01-14T19:05:50Z,2026-07-29T21:08:37Z,266740007228,Google & YouTube,TRUE
9879069393212,gid://shopify/Product/9879069393212,french-fitness-competition-urethane-bumper-plate-55-lb-colored-red-new,French Fitness Competition Urethane Bumper Plate 55 lb Colored (Red) (New),ACTIVE,French Fitness,Product Index,2025-01-14T19:05:54Z,2026-08-06T18:50:02Z,266740007228,Google & YouTube,TRUE
9879069819196,gid://shopify/Product/9879069819196,theracycle-100-remanufactured,Theracycle 100 (Remanufactured),ACTIVE,Theracycle,Product Index,2025-01-14T19:06:02Z,2026-07-29T21:08:40Z,266740007228,Google & YouTube,TRUE
9879071162684,gid://shopify/Product/9879071162684,life-fitness-insignia-series-back-extension-remanufactured,Life Fitness Insignia Series Back Extension (Remanufactured),ACTIVE,Life Fitness,Product Index,2025-01-14T19:06:20Z,2026-07-29T21:08:38Z,266740007228,Google & YouTube,TRUE
9879071654204,gid://shopify/Product/9879071654204,theracycle-200-remanufactured,Theracycle 200 (Remanufactured),ACTIVE,Theracycle,Product Index,2025-01-14T19:06:29Z,2026-07-29T21:08:38Z,266740007228,Google & YouTube,TRUE
9879072178492,gid://shopify/Product/9879072178492,life-fitness-chest-press-signature-series-remanufactured,Life Fitness Chest Press Signature Series (Remanufactured),ACTIVE,Life Fitness,Product Index,2025-01-14T19:06:52Z,2026-07-29T21:08:39Z,266740007228,Google & YouTube,TRUE
9879072276796,gid://shopify/Product/9879072276796,technogym-top-excite-700e-ube-w-tv-touch-screen-remanufactured,Technogym Top Excite 700e UBE w/TV + Touch Screen (Remanufactured),ACTIVE,Technogym,Product Index,2025-01-14T19:06:56Z,2026-07-29T21:08:37Z,266740007228,Google & YouTube,TRUE
9879072899388,gid://shopify/Product/9879072899388,french-fitness-dap50-dual-adjustable-pulley-83-tall-new,"French Fitness DAP50 Dual Adjustable Pulley - 83"" Tall (New)",ACTIVE,French Fitness,Product Index,2025-01-14T19:07:17Z,2026-08-22T02:43:41Z,266740007228,Google & YouTube,TRUE
9879072997692,gid://shopify/Product/9879072997692,life-fitness-signature-cmcp-cable-motion-chest-press-remanufactured,Life Fitness Signature CMCP Cable Motion Chest Press (Remanufactured),ACTIVE,Life Fitness,Product Index,2025-01-14T19:07:21Z,2026-07-29T21:08:38Z,266740007228,Google & YouTube,TRUE
9879073128764,gid://shopify/Product/9879073128764,technogym-top-excite-700-ube-w-visioweb-remanufactured,Technogym Top Excite 700 UBE w/Visioweb (Remanufactured),ACTIVE,Technogym,Product Index,2025-01-14T19:07:26Z,2026-07-29T21:08:38Z,266740007228,Google & YouTube,TRUE
9879073259836,gid://shopify/Product/9879073259836,french-fitness-wall-mounted-pull-up-bar-new,French Fitness Wall Mounted Pull Up Bar (New),ACTIVE,French Fitness,Product Index,2025-01-14T19:07:29Z,2026-08-06T18:50:02Z,266740007228,Google & YouTube,TRUE
9879073718588,gid://shopify/Product/9879073718588,french-fitness-wall-mounted-foldable-squat-rack-wmr10-new,French Fitness Wall Mounted Foldable Squat Rack WMR10 (New),ACTIVE,French Fitness,Product Index,2025-01-14T19:07:51Z,2026-08-06T18:50:01Z,266740007228,Google & YouTube,TRUE
9879073784124,gid://shopify/Product/9879073784124,life-fitness-signature-cmcsp-cable-motion-shoulder-press-remanufactured,Life Fitness Signature CMCSP Cable Motion Shoulder Press (Remanufactured),ACTIVE,Life Fitness,Product Index,2025-01-14T19:07:52Z,2026-07-29T21:08:38Z,266740007228,Google & YouTube,TRUE
9879074046268,gid://shopify/Product/9879074046268,technogym-top-xt-pro-ube-remanufactured,Technogym Top XT Pro UBE (Remanufactured),ACTIVE,Technogym,Product Index,2025-01-14T19:07:58Z,2026-07-29T21:08:37Z,266740007228,Google & YouTube,TRUE
9879074603324,gid://shopify/Product/9879074603324,life-fitness-signature-cmpd-cable-motion-lat-pulldown-remanufactured,Life Fitness Signature CMPD Cable Motion Lat Pulldown (Remanufactured),ACTIVE,Life Fitness,Product Index,2025-01-14T19:08:22Z,2026-07-29T21:08:38Z,266740007228,Google & YouTube,TRUE
9879074734396,gid://shopify/Product/9879074734396,technogym-top-excite-700i-ube-remanufactured,Technogym Top Excite 700i UBE (Remanufactured),ACTIVE,Technogym,Product Index,2025-01-14T19:08:28Z,2026-07-29T21:08:38Z,266740007228,Google & YouTube,TRUE
9879075455292,gid://shopify/Product/9879075455292,life-fitness-signature-cmrw-cable-motion-dual-row-remanufactured,Life Fitness Signature CMRW Cable Motion Dual Row (Remanufactured),ACTIVE,Life Fitness,Product Index,2025-01-14T19:08:59Z,2026-07-29T21:08:38Z,266740007228,Google & YouTube,TRUE
9879076471100,gid://shopify/Product/9879076471100,life-fitness-row-rear-delt-signature-series-remanufactured,Life Fitness Row/Rear Delt Signature Series (Remanufactured),ACTIVE,Life Fitness,Product Index,2025-01-14T19:09:28Z,2026-07-29T21:08:38Z,266740007228,Google & YouTube,TRUE
9879076766012,gid://shopify/Product/9879076766012,precor-trm-815-v2-treadmill-w-p10-console-remanufactured,Precor TRM 815 V2 Treadmill w/P10 Console (Remanufactured),ACTIVE,Precor,Product Index,2025-01-14T19:09:44Z,2026-08-26T09:15:21Z,266740007228,Google & YouTube,TRUE
9879076831548,gid://shopify/Product/9879076831548,french-fitness-dbj10-deadlift-bar-jack-new,French Fitness DBJ10 Deadlift Bar Jack (New),ACTIVE,French Fitness,Product Index,2025-01-14T19:09:47Z,2026-08-16T13:49:37Z,266740007228,Google & YouTube,TRUE
9879077126460,gid://shopify/Product/9879077126460,life-fitness-calf-extension-signature-series-fzce-remanufactured,Life Fitness Calf Extension Signature Series FZCE (Remanufactured),ACTIVE,Life Fitness,Product Index,2025-01-14T19:09:57Z,2026-07-29T21:08:38Z,266740007228,Google & YouTube,TRUE
9879077945660,gid://shopify/Product/9879077945660,nustep-trs-3000-recumbent-crosstrainer-remanufactured,Nustep TRS 3000 Recumbent CrossTrainer (Remanufactured),ACTIVE,Nustep,Product Index,2025-01-14T19:10:20Z,2026-08-22T02:43:42Z,266740007228,Google & YouTube,TRUE
9879078175036,gid://shopify/Product/9879078175036,french-fitness-dfib-fsr-decline-flat-incline-bench-new,French Fitness DFIB-FSR Decline Flat Incline Bench (New),ACTIVE,French Fitness,Product Index,2025-01-14T19:10:26Z,2026-08-22T02:43:41Z,266740007228,Google & YouTube,TRUE
9879078207804,gid://shopify/Product/9879078207804,life-fitness-signature-prone-leg-curl-remanufactured,Life Fitness Signature Prone Leg Curl (Remanufactured),ACTIVE,Life Fitness,Product Index,2025-01-14T19:10:26Z,2026-07-29T21:08:38Z,266740007228,Google & YouTube,TRUE
9879078732092,gid://shopify/Product/9879078732092,nustep-trs-4000-t4-recumbent-cross-trainer-remanufactured,Nustep TRS 4000 T4 Recumbent Cross Trainer (Remanufactured),ACTIVE,Nustep,Product Index,2025-01-14T19:10:48Z,2026-08-22T01:01:06Z,266740007228,Google & YouTube,TRUE
9879078764860,gid://shopify/Product/9879078764860,french-fitness-dual-grip-medicine-ball-set-of-10-4-to-30-lbs-new,French Fitness Dual Grip Medicine Ball Set of 10 (4 to 30 lbs) (New),ACTIVE,French Fitness,Product Index,2025-01-14T19:10:53Z,2026-08-21T15:44:43Z,266740007228,Google & YouTube,TRUE
9879078863164,gid://shopify/Product/9879078863164,life-fitness-signature-hip-abduction-outer-thigh-remanufactured,Life Fitness Signature Hip Abduction / Outer Thigh (Remanufactured),ACTIVE,Life Fitness,Product Index,2025-01-14T19:10:56Z,2026-07-29T21:08:39Z,266740007228,Google & YouTube,TRUE
9879079256380,gid://shopify/Product/9879079256380,true-fitness-cs400-elliptical-w-emerge-console-remanufactured,True Fitness CS400 Elliptical w/ Emerge Console (Remanufactured),ACTIVE,True Fitness,Product Index,2025-01-14T19:11:15Z,2026-08-05T07:45:56Z,266740007228,Google & YouTube,TRUE
9879079420220,gid://shopify/Product/9879079420220,life-fitness-signature-hip-adduction-inner-thigh-remanufactured,Life Fitness Signature Hip Adduction / Inner Thigh (Remanufactured),ACTIVE,Life Fitness,Product Index,2025-01-14T19:11:25Z,2026-07-29T21:08:38Z,266740007228,Google & YouTube,TRUE
9879079485756,gid://shopify/Product/9879079485756,french-fitness-dual-grip-medicine-ball-set-of-10-6-to-25-lbs-w-rack-new,French Fitness Dual Grip Medicine Ball Set of 10 (6 to 25 lbs) w/Rack (New),ACTIVE,French Fitness,Product Index,2025-01-14T19:11:29Z,2026-08-25T17:28:07Z,266740007228,Google & YouTube,TRUE
9879079944508,gid://shopify/Product/9879079944508,true-fitness-cs400-elliptical-w-transcend10-console-remanufactured,True Fitness CS400 Elliptical w/ Transcend10 Console (Remanufactured),ACTIVE,True Fitness,Product Index,2025-01-14T19:11:47Z,2026-08-04T11:06:57Z,266740007228,Google & YouTube,TRUE
9879080173884,gid://shopify/Product/9879080173884,life-fitness-insignia-series-leg-extension-remanufactured,Life Fitness Insignia Series Leg Extension (Remanufactured),ACTIVE,Life Fitness,Product Index,2025-01-14T19:11:55Z,2026-08-05T10:18:27Z,266740007228,Google & YouTube,TRUE
9879081320764,gid://shopify/Product/9879081320764,french-fitness-wall-mounted-speed-bag-platform-w-boxing-bag-new,French Fitness Wall Mounted Speed Bag Platform w/Boxing Bag (New),ACTIVE,French Fitness,Product Index,2025-01-14T19:12:12Z,2026-08-23T04:24:48Z,266740007228,Google & YouTube,TRUE
9879081779516,gid://shopify/Product/9879081779516,true-fitness-cs900-recumbent-bike-w-emerge-console-remanufactured,True Fitness CS900 Recumbent Bike w/Emerge Console (Remanufactured),ACTIVE,True Fitness,Product Index,2025-01-14T19:12:20Z,2026-08-04T05:44:02Z,266740007228,Google & YouTube,TRUE
9879081910588,gid://shopify/Product/9879081910588,life-fitness-seated-leg-curl-signature-series-remanufactured,Life Fitness Seated Leg Curl Signature Series (Remanufactured),ACTIVE,Life Fitness,Product Index,2025-01-14T19:12:24Z,2026-07-29T21:08:39Z,266740007228,Google & YouTube,TRUE
9879082402108,gid://shopify/Product/9879082402108,french-fitness-wpsb10-weighted-power-sand-bag-10-lb-new,French Fitness WPSB10 Weighted Power Sand Bag - 10 lb (New),ACTIVE,French Fitness,Product Index,2025-01-14T19:12:35Z,2026-08-06T18:49:59Z,266740007228,Google & YouTube,TRUE
9879082762556,gid://shopify/Product/9879082762556,true-fitness-lc900-elliptical-w-2-window-lcd-remanufactured,True Fitness LC900 Elliptical w/2 Window LCD (Remanufactured),ACTIVE,True Fitness,Product Index,2025-01-14T19:12:49Z,2026-08-04T11:08:22Z,266740007228,Google & YouTube,TRUE
9879082926396,gid://shopify/Product/9879082926396,life-fitness-leg-extension-signature-series-remanufactured,Life Fitness Leg Extension Signature Series (Remanufactured),ACTIVE,Life Fitness,Product Index,2025-01-14T19:12:53Z,2026-07-29T21:08:39Z,266740007228,Google & YouTube,TRUE
9879083024700,gid://shopify/Product/9879083024700,french-fitness-wpsb100-weighted-power-sand-bag-set-100-lb-new,French Fitness WPSB100 Weighted Power Sand Bag Set - 100 lb (New),ACTIVE,French Fitness,Product Index,2025-01-14T19:12:55Z,2026-08-06T18:49:58Z,266740007228,Google & YouTube,TRUE
9879083811132,gid://shopify/Product/9879083811132,true-fitness-spectrum-1000-elliptical-w-escalate9-console-remanufactured,True Fitness Spectrum 1000 Elliptical w/Escalate9 Console (Remanufactured),ACTIVE,True Fitness,Product Index,2025-01-14T19:13:21Z,2026-08-04T11:07:00Z,266740007228,Google & YouTube,TRUE
9879083876668,gid://shopify/Product/9879083876668,life-fitness-leg-press-signature-series-remanufactured,Life Fitness Leg Press Signature Series (Remanufactured),ACTIVE,Life Fitness,Product Index,2025-01-14T19:13:23Z,2026-07-29T21:08:38Z,266740007228,Google & YouTube,TRUE
9879084106044,gid://shopify/Product/9879084106044,french-fitness-wpsb20-weighted-power-sand-bag-20-lb-new,French Fitness WPSB20 Weighted Power Sand Bag - 20 lb (New),ACTIVE,French Fitness,Product Index,2025-01-14T19:13:33Z,2026-08-06T18:49:58Z,266740007228,Google & YouTube,TRUE
9879084532028,gid://shopify/Product/9879084532028,true-fitness-te900-treadmill-w-envision-16-touchscreen-console-remanufactured,"True Fitness TE900 Treadmill w/Envision 16"" Touchscreen Console (Remanufactured)",ACTIVE,True Fitness,Product Index,2025-01-14T19:13:50Z,2026-08-22T23:03:31Z,266740007228,Google & YouTube,TRUE
9879084564796,gid://shopify/Product/9879084564796,life-fitness-mj4-multi-jungle-signature-series-remanufactured,Life Fitness MJ4 Multi-Jungle Signature Series (Remanufactured),ACTIVE,Life Fitness,Product Index,2025-01-14T19:13:50Z,2026-08-22T23:03:31Z,266740007228,Google & YouTube,TRUE
9879084663100,gid://shopify/Product/9879084663100,french-fitness-wpsb30-weighted-power-sand-bag-30-lb-new,French Fitness WPSB30 Weighted Power Sand Bag - 30 lb (New),ACTIVE,French Fitness,Product Index,2025-01-14T19:13:52Z,2026-08-06T18:49:57Z,266740007228,Google & YouTube,TRUE
9879085187388,gid://shopify/Product/9879085187388,french-fitness-wpsb40-weighted-power-sand-bag-40-lb-new,French Fitness WPSB40 Weighted Power Sand Bag - 40 lb (New),ACTIVE,French Fitness,Product Index,2025-01-14T19:14:13Z,2026-08-11T20:07:16Z,266740007228,Google & YouTube,TRUE
9879085646140,gid://shopify/Product/9879085646140,true-fitness-traverse-lateral-trainer-w-16-envision-console-remanufactured,"True Fitness Traverse Lateral Trainer w/16"" Envision Console (Remanufactured)",ACTIVE,True Fitness,Product Index,2025-01-14T19:14:22Z,2026-08-04T11:03:32Z,266740007228,Google & YouTube,TRUE
9879085941052,gid://shopify/Product/9879085941052,french-fitness-wpsb460-weighted-power-sand-bag-set-460-lb-new,French Fitness WPSB460 Pre-Filled Weighted Power Sand Bag Set - 460 lb Total (New),ACTIVE,French Fitness,Product Index,2025-01-14T19:14:32Z,2026-07-29T21:08:38Z,266740007228,Google & YouTube,TRUE
9879086793020,gid://shopify/Product/9879086793020,true-fitness-xc900-elliptical-w-transcend-16-console-remanufactured,"True Fitness XC900 Elliptical w/Transcend 16"" Console (Remanufactured)",ACTIVE,True Fitness,Product Index,2025-01-14T19:14:52Z,2026-08-04T11:08:21Z,266740007228,Google & YouTube,TRUE
9879087120700,gid://shopify/Product/9879087120700,french-fitness-wpsb50-weighted-power-sand-bag-50-lb-new,French Fitness WPSB50 Weighted Power Sand Bag - 50 lb (New),ACTIVE,French Fitness,Product Index,2025-01-14T19:14:56Z,2026-08-11T20:07:15Z,266740007228,Google & YouTube,TRUE
9879087186236,gid://shopify/Product/9879087186236,life-fitness-mj5-multi-jungle-signature-series-remanufactured,Life Fitness MJ5 Multi-Jungle Signature Series (Remanufactured),ACTIVE,Life Fitness,Product Index,2025-01-14T19:14:56Z,2026-07-29T21:08:37Z,266740007228,Google & YouTube,TRUE
9879087907132,gid://shopify/Product/9879087907132,french-fitness-wpsb60-weighted-power-sand-bag-60-lb-new,French Fitness WPSB60 Weighted Power Sand Bag - 60 lb (New),ACTIVE,French Fitness,Product Index,2025-01-14T19:15:15Z,2026-08-26T22:56:56Z,266740007228,Google & YouTube,TRUE
9879088136508,gid://shopify/Product/9879088136508,true-fitness-ztx-550-hrc-soft-select-treadmill-remanufactured,True Fitness ZTX 550 HRC SOFT Select Treadmill (Remanufactured),ACTIVE,True Fitness,Product Index,2025-01-14T19:15:21Z,2026-08-04T11:00:37Z,266740007228,Google & YouTube,TRUE
9879088660796,gid://shopify/Product/9879088660796,french-fitness-wpsb70-weighted-power-sand-bag-70-lb-new,French Fitness WPSB70 Weighted Power Sand Bag - 70 lb (New),ACTIVE,French Fitness,Product Index,2025-01-14T19:15:36Z,2026-08-26T22:56:58Z,266740007228,Google & YouTube,TRUE
9879089054012,gid://shopify/Product/9879089054012,true-fitness-600u-upright-bike-remanufactured,True Fitness 600u Upright Bike (Remanufactured),ACTIVE,True Fitness,Product Index,2025-01-14T19:15:51Z,2026-07-29T21:08:38Z,266740007228,Google & YouTube,TRUE
9879089086780,gid://shopify/Product/9879089086780,life-fitness-insignia-series-seated-leg-curl-remanufactured,Life Fitness Insignia Series Seated Leg Curl (Remanufactured),ACTIVE,Life Fitness,Product Index,2025-01-14T19:15:52Z,2026-08-04T06:49:47Z,266740007228,Google & YouTube,TRUE
9879089217852,gid://shopify/Product/9879089217852,french-fitness-wpsb80-weighted-power-sand-bag-80-lb-new,French Fitness WPSB80 Weighted Power Sand Bag - 80 lb (New),ACTIVE,French Fitness,Product Index,2025-01-14T19:15:56Z,2026-08-11T20:07:16Z,266740007228,Google & YouTube,TRUE
9879089512764,gid://shopify/Product/9879089512764,french-fitness-dhr80-double-half-rack-cage-new,French Fitness DHR80 Double Half Rack / Cage (New),ACTIVE,French Fitness,Product Index,2025-01-14T19:16:10Z,2026-07-29T21:08:38Z,266740007228,Google & YouTube,TRUE
9879089611068,gid://shopify/Product/9879089611068,french-fitness-wr40-water-rowing-machine-rower-new,French Fitness WR40 Water Rowing Machine Rower (New),ACTIVE,French Fitness,Product Index,2025-01-14T19:16:16Z,2026-07-29T21:08:38Z,266740007228,Google & YouTube,TRUE
9879089742140,gid://shopify/Product/9879089742140,true-fitness-750e-elliptical-remanufactured,True Fitness 750e Elliptical (Remanufactured),ACTIVE,True Fitness,Product Index,2025-01-14T19:16:18Z,2026-08-04T11:08:21Z,266740007228,Google & YouTube,TRUE
9879090102588,gid://shopify/Product/9879090102588,life-fitness-signature-series-smith-machine-remanufactured,Life Fitness Signature Series Smith Machine (Remanufactured),ACTIVE,Life Fitness,Product Index,2025-01-14T19:16:28Z,2026-07-29T21:08:39Z,266740007228,Google & YouTube,TRUE
9879091085628,gid://shopify/Product/9879091085628,french-fitness-wr80-water-rowing-rower-machine-w-resistance-new,French Fitness WR80 Water Rowing Rower Machine w/Resistance (New),ACTIVE,French Fitness,Product Index,2025-01-14T19:16:45Z,2026-08-06T18:49:53Z,266740007228,Google & YouTube,TRUE
9879091151164,gid://shopify/Product/9879091151164,true-fitness-750r-recumbent-bike-remanufactured,True Fitness 750R Recumbent Bike (Remanufactured),ACTIVE,True Fitness,Product Index,2025-01-14T19:16:45Z,2026-07-29T21:08:41Z,266740007228,Google & YouTube,TRUE
9879091577148,gid://shopify/Product/9879091577148,life-fitness-shoulder-press-signature-series-remanufactured,Life Fitness Shoulder Press Signature Series (Remanufactured),ACTIVE,Life Fitness,Product Index,2025-01-14T19:17:02Z,2026-07-29T21:08:38Z,266740007228,Google & YouTube,TRUE
9879091937596,gid://shopify/Product/9879091937596,true-fitness-825-ztx-treadmill-remanufactured,True Fitness 825 ZTX Treadmill (Remanufactured),ACTIVE,True Fitness,Product Index,2025-01-14T19:17:13Z,2026-08-02T11:15:27Z,266740007228,Google & YouTube,TRUE
9879092363580,gid://shopify/Product/9879092363580,life-fitness-discover-st-powermill-remanufactured,Life Fitness Discover ST Powermill (Remanufactured),ACTIVE,Life Fitness,Product Index,2025-01-14T19:17:32Z,2026-07-29T21:08:38Z,266740007228,Google & YouTube,TRUE
9879092691260,gid://shopify/Product/9879092691260,true-fitness-ti1000-alpine-runner-w-emerge-console-remanufactured,True Fitness Ti1000 Alpine Runner w/Emerge Console (Remanufactured),ACTIVE,True Fitness,Product Index,2025-01-14T19:17:43Z,2026-08-04T11:00:38Z,266740007228,Google & YouTube,TRUE
9879093575996,gid://shopify/Product/9879093575996,true-fitness-ti1000-alpine-runner-w-transcend-16-console-remanufactured,"True Fitness Ti1000 Alpine Runner w/Transcend 16"" Console (Remanufactured)",ACTIVE,True Fitness,Product Index,2025-01-14T19:18:15Z,2026-08-27T15:08:17Z,266740007228,Google & YouTube,TRUE
9879093870908,gid://shopify/Product/9879093870908,french-fitness-x10-functional-gym-system-new,French Fitness X10 Functional Gym System (New),ACTIVE,French Fitness,Product Index,2025-01-14T19:18:26Z,2026-08-22T23:03:31Z,266740007228,Google & YouTube,TRUE
9879094493500,gid://shopify/Product/9879094493500,true-fitness-ti1000-alpine-runner-w-envision-16-console-remanufactured,"True Fitness Ti1000 Alpine Runner w/Envision 16"" Console (Remanufactured)",ACTIVE,True Fitness,Product Index,2025-01-14T19:18:47Z,2026-08-04T11:00:36Z,266740007228,Google & YouTube,TRUE
9879096328508,gid://shopify/Product/9879096328508,true-fitness-cs200-elliptical-remanufactured,True Fitness CS200 Elliptical (Remanufactured),ACTIVE,True Fitness,Product Index,2025-01-14T19:19:18Z,2026-08-04T11:08:21Z,266740007228,Google & YouTube,TRUE
9879097377084,gid://shopify/Product/9879097377084,life-fitness-synrgy360xs-system-versa-package-remanufactured,Life Fitness SYNRGY360XS System Versa Package (Remanufactured),ACTIVE,Life Fitness,Product Index,2025-01-14T19:19:39Z,2026-07-29T21:08:39Z,266740007228,Google & YouTube,TRUE
9879097508156,gid://shopify/Product/9879097508156,french-fitness-dual-pulley-wall-mounted-cable-column-new,French Fitness Dual Pulley Wall Mounted Cable Column (New),ACTIVE,French Fitness,Product Index,2025-01-14T19:19:43Z,2026-08-21T08:13:32Z,266740007228,Google & YouTube,TRUE
9879097737532,gid://shopify/Product/9879097737532,true-fitness-cs400-treadmill-w-escalate-15-console-remanufactured,"True Fitness CS400 Treadmill w/ Escalate 15"" Console (Remanufactured)",ACTIVE,True Fitness,Product Index,2025-01-14T19:19:45Z,2026-08-04T11:00:37Z,266740007228,Google & YouTube,TRUE
9879098491196,gid://shopify/Product/9879098491196,life-fitness-synrgy360t-system-versa-dap-remanufactured,Life Fitness SYNRGY360T System Versa DAP (Remanufactured),ACTIVE,Life Fitness,Product Index,2025-01-14T19:20:07Z,2026-07-29T21:08:37Z,266740007228,Google & YouTube,TRUE
9879098687804,gid://shopify/Product/9879098687804,true-fitness-cs-5-0-treadmill-remanufactured,True Fitness CS 5.0 Treadmill (Remanufactured),ACTIVE,True Fitness,Product Index,2025-01-14T19:20:15Z,2026-08-04T11:00:38Z,266740007228,Google & YouTube,TRUE
9879099670844,gid://shopify/Product/9879099670844,true-fitness-cs500-treadmill-remanufactured,True Fitness CS500 Treadmill (Remanufactured),ACTIVE,True Fitness,Product Index,2025-01-14T19:20:45Z,2026-08-04T10:54:51Z,266740007228,Google & YouTube,TRUE
9879100981564,gid://shopify/Product/9879100981564,true-fitness-cs550-treadmill-w-lcd-remanufactured,True Fitness CS550 Treadmill w/ LCD (Remanufactured),ACTIVE,True Fitness,Product Index,2025-01-14T19:21:15Z,2026-08-04T10:54:51Z,266740007228,Google & YouTube,TRUE
9879101112636,gid://shopify/Product/9879101112636,life-fitness-t5-treadmill-w-advanced-console-remanufactured,Life Fitness T5 Treadmill w/Advanced Console (Remanufactured),ACTIVE,Life Fitness,Product Index,2025-01-14T19:21:21Z,2026-08-04T11:00:34Z,266740007228,Google & YouTube,TRUE
9879101767996,gid://shopify/Product/9879101767996,true-fitness-cs-6-0-lcd-treadmill-remanufactured,True Fitness CS 6.0 LCD Treadmill (Remanufactured),ACTIVE,True Fitness,Product Index,2025-01-14T19:21:45Z,2026-08-04T11:00:37Z,266740007228,Google & YouTube,TRUE
9879102030140,gid://shopify/Product/9879102030140,life-fitness-signature-torso-rotation-fztr-remanufactured,Life Fitness Signature Torso Rotation FZTR (Remanufactured),ACTIVE,Life Fitness,Product Index,2025-01-14T19:21:51Z,2026-07-29T21:08:38Z,266740007228,Google & YouTube,TRUE
9879102849340,gid://shopify/Product/9879102849340,true-fitness-cs600-treadmill-w-16-transcend-lcd-touch-screen-remanufactured,"True Fitness CS600 Treadmill w/16"" Transcend LCD Touch Screen (Remanufactured)",ACTIVE,True Fitness,Product Index,2025-01-14T19:22:16Z,2026-08-04T10:54:21Z,266740007228,Google & YouTube,TRUE
9879103013180,gid://shopify/Product/9879103013180,life-fitness-signature-bosu-vkr-leg-raise-remanufactured,Life Fitness Signature Bosu VKR Leg Raise (Remanufactured),ACTIVE,Life Fitness,Product Index,2025-01-14T19:22:20Z,2026-07-29T21:08:35Z,266740007228,Google & YouTube,TRUE
9879103144252,gid://shopify/Product/9879103144252,french-fitness-x2-corner-home-gym-system-silver-new,French Fitness X2 Corner Home Gym System - Silver (New),ACTIVE,French Fitness,Product Index,2025-01-14T19:22:26Z,2026-08-24T06:33:58Z,266740007228,Google & YouTube,TRUE
9879103865148,gid://shopify/Product/9879103865148,octane-fitness-lx8000-lateralx-elliptical-remanufactured,Octane Fitness LX8000 LateralX Elliptical (Remanufactured),ACTIVE,Octane Fitness,Product Index,2025-01-14T19:22:47Z,2026-08-22T23:03:32Z,266740007228,Google & YouTube,TRUE
9879103897916,gid://shopify/Product/9879103897916,true-fitness-cs600-treadmill-w-9-escalate-lcd-remanufactured,"True Fitness CS600 Treadmill w/9"" Escalate LCD (Remanufactured)",ACTIVE,True Fitness,Product Index,2025-01-14T19:22:47Z,2026-08-04T10:55:21Z,266740007228,Google & YouTube,TRUE
9879104684348,gid://shopify/Product/9879104684348,octane-lx8000-lateral-trainer-w-standard-screen-remanufactured,Octane LX8000 Lateral Trainer w/Standard Screen (Remanufactured),ACTIVE,Octane Fitness,Product Index,2025-01-14T19:23:15Z,2026-08-26T09:24:12Z,266740007228,Google & YouTube,TRUE
9879104815420,gid://shopify/Product/9879104815420,true-fitness-cs800-recumbent-bike-w-2-window-lcd-remanufactured,True Fitness CS800 Recumbent Bike w/ 2-Window LCD (Remanufactured),ACTIVE,True Fitness,Product Index,2025-01-14T19:23:18Z,2026-07-29T21:08:38Z,266740007228,Google & YouTube,TRUE
9879106027836,gid://shopify/Product/9879106027836,true-fitness-cs800-recumbent-bike-w-lcd-touch-screen-remanufactured,True Fitness CS800 Recumbent Bike w/ LCD Touch Screen (Remanufactured),ACTIVE,True Fitness,Product Index,2025-01-14T19:23:45Z,2026-07-29T21:08:39Z,266740007228,Google & YouTube,TRUE
9879106093372,gid://shopify/Product/9879106093372,octane-lx8000-lateral-trainer-w-smart-screen-remanufactured,Octane LX8000 Lateral Trainer w/Smart Screen (Remanufactured),ACTIVE,Octane Fitness,Product Index,2025-01-14T19:23:47Z,2026-08-04T11:03:31Z,266740007228,Google & YouTube,TRUE
9879107043644,gid://shopify/Product/9879107043644,french-fitness-x2-corner-home-gym-system-black-new,French Fitness X2 Corner Home Gym System - Black (New),ACTIVE,French Fitness,Product Index,2025-01-14T19:24:13Z,2026-08-19T08:22:45Z,266740007228,Google & YouTube,TRUE
9879107240252,gid://shopify/Product/9879107240252,true-fitness-cs800-elliptical-remanufactured,True Fitness CS800 Elliptical (Remanufactured),ACTIVE,True Fitness,Product Index,2025-01-14T19:24:15Z,2026-08-22T23:44:22Z,266740007228,Google & YouTube,TRUE
9879107404092,gid://shopify/Product/9879107404092,octane-fitness-lx8000-lateral-trainer-w-touch-screen-remanufactured,Octane Fitness LX8000 Lateral Trainer w/Touch Screen (Remanufactured),ACTIVE,Octane Fitness,Product Index,2025-01-14T19:24:21Z,2026-08-04T11:03:32Z,266740007228,Google & YouTube,TRUE
9879108092220,gid://shopify/Product/9879108092220,true-fitness-cs800-treadmill-remanufactured,True Fitness CS800 Treadmill (Remanufactured),ACTIVE,True Fitness,Product Index,2025-01-14T19:24:42Z,2026-08-04T11:00:37Z,266740007228,Google & YouTube,TRUE
9879108124988,gid://shopify/Product/9879108124988,french-fitness-e500-elliptical-new,French Fitness E500 Elliptical (New),ACTIVE,French Fitness,Product Index,2025-01-14T19:24:44Z,2026-08-22T21:05:10Z,266740007228,Google & YouTube,TRUE
9879108288828,gid://shopify/Product/9879108288828,matrix-abdominal-crunch-remanufactured,Matrix Abdominal Crunch (Remanufactured),ACTIVE,Matrix,Product Index,2025-01-14T19:24:51Z,2026-07-29T21:08:38Z,266740007228,Google & YouTube,TRUE
9879109075260,gid://shopify/Product/9879109075260,french-fitness-9-ball-exercise-stability-ball-rack-ebr9-new,French Fitness 9 Ball Exercise / Stability Ball Rack EBR9 (New),ACTIVE,French Fitness,Product Index,2025-01-14T19:25:09Z,2026-08-21T16:23:12Z,266740007228,Google & YouTube,TRUE
9879109140796,gid://shopify/Product/9879109140796,true-fitness-cs800-upright-bike-w-2-window-lcd-remanufactured,True Fitness CS800 Upright Bike w/ 2-Window LCD (Remanufactured),ACTIVE,True Fitness,Product Index,2025-01-14T19:25:11Z,2026-07-29T21:08:39Z,266740007228,Google & YouTube,TRUE
9879110189372,gid://shopify/Product/9879110189372,true-fitness-cs800-upright-bike-w-lcd-touch-screen-remanufactured,True Fitness CS800 Upright Bike w/ LCD Touch Screen (Remanufactured),ACTIVE,True Fitness,Product Index,2025-01-14T19:25:38Z,2026-07-29T21:08:39Z,266740007228,Google & YouTube,TRUE
9879111074108,gid://shopify/Product/9879111074108,french-fitness-ez-curl-urethane-barbell-bar-set-20-110-lbs-new,"French Fitness EZ Curl Urethane Barbell Bar Set, 20-110 lbs (New)",ACTIVE,French Fitness,Product Index,2025-01-14T19:25:56Z,2026-08-22T23:03:31Z,266740007228,Google & YouTube,TRUE
9879111205180,gid://shopify/Product/9879111205180,french-fitness-x20-4-station-functional-trainer-home-gym-system-new,French Fitness X20 4 Station Functional Trainer & Home Gym System (New),ACTIVE,French Fitness,Product Index,2025-01-14T19:25:57Z,2026-08-18T23:49:46Z,266740007228,Google & YouTube,TRUE
9879111729468,gid://shopify/Product/9879111729468,true-fitness-cs900-treadmill-w-transcend-console-remanufactured,True Fitness CS900 Treadmill w/Transcend Console (Remanufactured),ACTIVE,True Fitness,Product Index,2025-01-14T19:26:06Z,2026-08-04T10:55:22Z,266740007228,Google & YouTube,TRUE
9879112319292,gid://shopify/Product/9879112319292,french-fitness-ez-curl-urethane-barbell-bar-set-of-5-20-60-lbs-new,French Fitness EZ Curl Urethane Barbell Bar Set of 5 (20-60 lbs) (New),ACTIVE,French Fitness,Product Index,2025-01-14T19:26:24Z,2026-08-06T18:49:51Z,266740007228,Google & YouTube,TRUE
9879112679740,gid://shopify/Product/9879112679740,true-fitness-cs900-elliptical-w-transcend-16-console-remanufactured,True Fitness CS900 Elliptical w/ Transcend 16 Console (Remanufactured),ACTIVE,True Fitness,Product Index,2025-01-14T19:26:38Z,2026-08-04T11:03:31Z,266740007228,Google & YouTube,TRUE
9879112778044,gid://shopify/Product/9879112778044,magnum-nexstep-recumbent-stepper-remanufactured,Magnum Nexstep Recumbent Stepper (Remanufactured),ACTIVE,Magnum,Product Index,2025-01-14T19:26:43Z,2026-07-29T21:08:35Z,266740007228,Google & YouTube,TRUE
9879113040188,gid://shopify/Product/9879113040188,french-fitness-ez-curl-urethane-barbell-bar-set-of-5-25-65-lbs-new,French Fitness EZ Curl Urethane Barbell Bar Set of 5 (25-65 lbs) (New),ACTIVE,French Fitness,Product Index,2025-01-14T19:26:52Z,2026-08-22T23:03:31Z,266740007228,Google & YouTube,TRUE
9879113564476,gid://shopify/Product/9879113564476,true-fitness-cs900-elliptical-w-lcd-escalate15-console-remanufactured,True Fitness CS900 Elliptical w/LCD Escalate15 Console (Remanufactured),ACTIVE,True Fitness,Product Index,2025-01-14T19:27:09Z,2026-08-04T11:04:47Z,266740007228,Google & YouTube,TRUE
9879113662780,gid://shopify/Product/9879113662780,magnum-tbc100-total-body-ergometer-cycle-remanufactured,Magnum TBC100 Total Body Ergometer Cycle (Remanufactured),ACTIVE,Magnum,Product Index,2025-01-14T19:27:09Z,2026-07-29T21:08:38Z,266740007228,Google & YouTube,TRUE
9879113859388,gid://shopify/Product/9879113859388,french-fitness-x4-functional-gym-system-w-leg-press-silver-new,French Fitness X4 Functional Gym System w/Leg Press - Silver (New),ACTIVE,French Fitness,Product Index,2025-01-14T19:27:17Z,2026-07-29T21:08:37Z,266740007228,Google & YouTube,TRUE
9879113892156,gid://shopify/Product/9879113892156,french-fitness-ez-curl-urethane-barbell-100-lbs-single-new,French Fitness EZ Curl Urethane Barbell 100 lbs - Single (New),ACTIVE,French Fitness,Product Index,2025-01-14T19:27:19Z,2026-08-06T18:49:51Z,266740007228,Google & YouTube,TRUE
9879114613052,gid://shopify/Product/9879114613052,magnum-ub300-upper-body-ergometer-ube-remanufactured,Magnum UB300 Upper Body Ergometer UBE (Remanufactured),ACTIVE,Magnum,Product Index,2025-01-14T19:27:37Z,2026-07-29T21:08:38Z,266740007228,Google & YouTube,TRUE
9879114678588,gid://shopify/Product/9879114678588,french-fitness-ez-curl-urethane-barbell-105-lbs-single-new,French Fitness EZ Curl Urethane Barbell 105 lbs - Single (New),ACTIVE,French Fitness,Product Index,2025-01-14T19:27:40Z,2026-08-06T18:49:50Z,266740007228,Google & YouTube,TRUE
9879114809660,gid://shopify/Product/9879114809660,true-fitness-cs900-elliptical-w-led-escalate9-console-remanufactured,True Fitness CS900 Elliptical w/LED Escalate9 Console (Remanufactured),ACTIVE,True Fitness,Product Index,2025-01-14T19:27:42Z,2026-08-04T11:08:22Z,266740007228,Google & YouTube,TRUE
9879115366716,gid://shopify/Product/9879115366716,french-fitness-ez-curl-urethane-barbell-110-lbs-single-new,French Fitness EZ Curl Urethane Barbell 110 lbs - Single (New),ACTIVE,French Fitness,Product Index,2025-01-14T19:28:01Z,2026-08-06T18:49:50Z,266740007228,Google & YouTube,TRUE
9879115694396,gid://shopify/Product/9879115694396,true-fitness-csx-commercial-elliptical-remanufactured,True Fitness CSX Commercial Elliptical (Remanufactured),ACTIVE,True Fitness,Product Index,2025-01-14T19:28:14Z,2026-08-22T23:03:36Z,266740007228,Google & YouTube,TRUE
9879115989308,gid://shopify/Product/9879115989308,french-fitness-ez-curl-urethane-barbell-115-lbs-single-new,French Fitness EZ Curl Urethane Barbell 115 lbs - Single (New),ACTIVE,French Fitness,Product Index,2025-01-14T19:28:22Z,2026-08-06T18:49:50Z,266740007228,Google & YouTube,TRUE
9879116546364,gid://shopify/Product/9879116546364,true-fitness-es900-treadmill-remanufactured,True Fitness ES900 Treadmill (Remanufactured),ACTIVE,True Fitness,Product Index,2025-01-14T19:28:41Z,2026-08-04T11:00:37Z,266740007228,Google & YouTube,TRUE
9879116644668,gid://shopify/Product/9879116644668,french-fitness-ez-curl-urethane-barbell-120-lbs-single-new,French Fitness EZ Curl Urethane Barbell 120 lbs - Single (New),ACTIVE,French Fitness,Product Index,2025-01-14T19:28:43Z,2026-08-13T15:02:14Z,266740007228,Google & YouTube,TRUE
9879117267260,gid://shopify/Product/9879117267260,french-fitness-x4-functional-gym-system-w-leg-press-black-new,French Fitness X4 Functional Gym System w/Leg Press - Black (New),ACTIVE,French Fitness,Product Index,2025-01-14T19:29:04Z,2026-08-25T06:41:33Z,266740007228,Google & YouTube,TRUE
9879117300028,gid://shopify/Product/9879117300028,french-fitness-ez-curl-urethane-barbell-125-lbs-single-new,French Fitness EZ Curl Urethane Barbell 125 lbs - Single (New),ACTIVE,French Fitness,Product Index,2025-01-14T19:29:04Z,2026-08-06T18:49:49Z,266740007228,Google & YouTube,TRUE
9879117529404,gid://shopify/Product/9879117529404,true-fitness-lc1100-treadmill-remanufactured,True Fitness LC1100 Treadmill (Remanufactured),ACTIVE,True Fitness,Product Index,2025-01-14T19:29:13Z,2026-08-04T10:54:51Z,266740007228,Google & YouTube,TRUE
9879118315836,gid://shopify/Product/9879118315836,true-fitness-lc900-elliptical-w-15-lcd-with-touchscreen-remanufactured,"True Fitness LC900 Elliptical w/15"" LCD with Touchscreen (Remanufactured)",ACTIVE,True Fitness,Product Index,2025-01-14T19:29:42Z,2026-08-04T11:04:31Z,266740007228,Google & YouTube,TRUE
9879119036732,gid://shopify/Product/9879119036732,true-fitness-lc900-recumbent-bike-remanufactured,True Fitness LC900 Recumbent Bike (Remanufactured),ACTIVE,True Fitness,Product Index,2025-01-14T19:30:12Z,2026-08-22T23:03:32Z,266740007228,Google & YouTube,TRUE
9879119659324,gid://shopify/Product/9879119659324,french-fitness-ez-curl-urethane-barbell-bar-set-25-115-lbs-new,"French Fitness EZ Curl Urethane Barbell Bar Set, 25-115 lbs  (New)",ACTIVE,French Fitness,Product Index,2025-01-14T19:30:29Z,2026-07-29T21:08:39Z,266740007228,Google & YouTube,TRUE
9879120052540,gid://shopify/Product/9879120052540,true-fitness-ps900-treadmill-remanufactured,True Fitness PS900 Treadmill (Remanufactured),ACTIVE,True Fitness,Product Index,2025-01-14T19:30:39Z,2026-08-04T11:00:37Z,266740007228,Google & YouTube,TRUE
9879121101116,gid://shopify/Product/9879121101116,true-fitness-psx-elliptical-psxe-remanufactured,True Fitness PSX Elliptical PSXe (Remanufactured),ACTIVE,True Fitness,Product Index,2025-01-14T19:31:08Z,2026-08-04T11:08:21Z,266740007228,Google & YouTube,TRUE
9879121920316,gid://shopify/Product/9879121920316,true-fitness-ts1-elliptical-strider-remanufactured,True Fitness TS1 Elliptical Strider (Remanufactured),ACTIVE,True Fitness,Product Index,2025-01-14T19:31:35Z,2026-08-04T11:08:22Z,266740007228,Google & YouTube,TRUE
9879122018620,gid://shopify/Product/9879122018620,french-fitness-ez-curl-urethane-barbell-40-lbs-single-new,French Fitness EZ Curl Urethane Barbell 40 lbs - Single (New),ACTIVE,French Fitness,Product Index,2025-01-14T19:31:38Z,2026-08-06T18:49:48Z,266740007228,Google & YouTube,TRUE
9879122215228,gid://shopify/Product/9879122215228,marpo-kinetics-vmx-multi-mode-trainer-w-bench-remanufactured,Marpo Kinetics VMX MULTI-MODE Trainer w/Bench (Remanufactured),ACTIVE,Marpo Kinetics,Product Index,2025-01-14T19:31:46Z,2026-08-05T08:48:25Z,266740007228,Google & YouTube,TRUE
9879122510140,gid://shopify/Product/9879122510140,french-fitness-ez-curl-urethane-barbell-45-lbs-single-new,French Fitness EZ Curl Urethane Barbell 45 lbs - Single (New),ACTIVE,French Fitness,Product Index,2025-01-14T19:32:00Z,2026-08-06T18:49:47Z,266740007228,Google & YouTube,TRUE
9879122641212,gid://shopify/Product/9879122641212,true-fitness-tsx-elliptical-w-led-console-remanufactured,True Fitness TSX Elliptical w/LED Console (Remanufactured),ACTIVE,True Fitness,Product Index,2025-01-14T19:32:06Z,2026-08-04T11:08:21Z,266740007228,Google & YouTube,TRUE
9879123362108,gid://shopify/Product/9879123362108,french-fitness-ez-curl-urethane-barbell-50-lbs-single-new,French Fitness EZ Curl Urethane Barbell 50 lbs - Single (New),ACTIVE,French Fitness,Product Index,2025-01-14T19:32:22Z,2026-08-22T23:03:32Z,266740007228,Google & YouTube,TRUE
9879123722556,gid://shopify/Product/9879123722556,true-fitness-vc900-palisade-climber-w-envision-16-touch-console-remanufactured,"True Fitness VC900 Palisade Climber w/Envision 16"" Touch Console (Remanufactured)",ACTIVE,True Fitness,Product Index,2025-01-14T19:32:36Z,2026-07-29T21:08:39Z,266740007228,Google & YouTube,TRUE
9879124050236,gid://shopify/Product/9879124050236,french-fitness-ez-curl-urethane-barbell-55-lbs-single-new,French Fitness EZ Curl Urethane Barbell 55 lbs - Single (New),ACTIVE,French Fitness,Product Index,2025-01-14T19:32:43Z,2026-08-06T18:49:46Z,266740007228,Google & YouTube,TRUE
9879124803900,gid://shopify/Product/9879124803900,true-fitness-ztx-850-treadmill-remanufactured,True Fitness ZTX-850 Treadmill (Remanufactured),ACTIVE,True Fitness,Product Index,2025-01-14T19:33:04Z,2026-08-04T11:00:38Z,266740007228,Google & YouTube,TRUE
9879124836668,gid://shopify/Product/9879124836668,french-fitness-ez-curl-urethane-barbell-60-lbs-single-new,French Fitness EZ Curl Urethane Barbell 60 lbs - Single (New),ACTIVE,French Fitness,Product Index,2025-01-14T19:33:05Z,2026-08-22T23:03:36Z,266740007228,Google & YouTube,TRUE
9879125623100,gid://shopify/Product/9879125623100,french-fitness-ez-curl-urethane-barbell-65-lbs-single-new,French Fitness EZ Curl Urethane Barbell 65 lbs - Single (New),ACTIVE,French Fitness,Product Index,2025-01-14T19:33:26Z,2026-08-06T18:49:46Z,266740007228,Google & YouTube,TRUE
9879126343996,gid://shopify/Product/9879126343996,french-fitness-ez-curl-urethane-barbell-70-lbs-single-new,French Fitness EZ Curl Urethane Barbell 70 lbs - Single (New),ACTIVE,French Fitness,Product Index,2025-01-14T19:33:47Z,2026-08-22T23:03:36Z,266740007228,Google & YouTube,TRUE
9879127097660,gid://shopify/Product/9879127097660,french-fitness-ez-curl-urethane-barbell-75-lbs-single-new,French Fitness EZ Curl Urethane Barbell 75 lbs - Single (New),ACTIVE,French Fitness,Product Index,2025-01-14T19:34:09Z,2026-08-06T18:49:45Z,266740007228,Google & YouTube,TRUE
9879127425340,gid://shopify/Product/9879127425340,french-fitness-x7lp-multi-home-gym-w-leg-press-new,French Fitness X7LP Multi Home Gym w/Leg Press (New),ACTIVE,French Fitness,Product Index,2025-01-14T19:34:15Z,2026-07-29T21:08:40Z,266740007228,Google & YouTube,TRUE
9879128047932,gid://shopify/Product/9879128047932,french-fitness-ez-curl-urethane-barbell-80-lbs-single-new,French Fitness EZ Curl Urethane Barbell 80 lbs - Single (New),ACTIVE,French Fitness,Product Index,2025-01-14T19:34:30Z,2026-08-06T18:49:45Z,266740007228,Google & YouTube,TRUE
9879128506684,gid://shopify/Product/9879128506684,matrix-lifestyle-elliptical-w-touch-console-remanufactured,Matrix Lifestyle Elliptical w/Touch Console (Remanufactured),ACTIVE,Matrix,Product Index,2025-01-14T19:34:44Z,2026-08-05T08:27:11Z,266740007228,Google & YouTube,TRUE
9879128637756,gid://shopify/Product/9879128637756,french-fitness-ez-curl-urethane-barbell-85-lbs-single-new,French Fitness EZ Curl Urethane Barbell 85 lbs - Single (New),ACTIVE,French Fitness,Product Index,2025-01-14T19:34:52Z,2026-08-06T18:49:44Z,266740007228,Google & YouTube,TRUE
9879128965436,gid://shopify/Product/9879128965436,technogym-synchro-700e-elliptical-w-tv-remanufactured,Technogym Synchro 700e Elliptical w/TV (Remanufactured),ACTIVE,Technogym,Product Index,2025-01-14T19:35:01Z,2026-08-04T11:03:02Z,266740007228,Google & YouTube,TRUE
9879129293116,gid://shopify/Product/9879129293116,french-fitness-ez-curl-urethane-barbell-90-lbs-single-new,French Fitness EZ Curl Urethane Barbell 90 lbs - Single (New),ACTIVE,French Fitness,Product Index,2025-01-14T19:35:13Z,2026-08-06T18:49:44Z,266740007228,Google & YouTube,TRUE
9879129391420,gid://shopify/Product/9879129391420,matrix-g3-s76-aura-rotary-hip-remanufactured,Matrix G3-S76 Aura Rotary Hip (Remanufactured),ACTIVE,Matrix,Product Index,2025-01-14T19:35:15Z,2026-08-04T07:34:22Z,266740007228,Google & YouTube,TRUE
9879129751868,gid://shopify/Product/9879129751868,technogym-synchro-700e-elliptical-w-visioweb-remanufactured,Technogym Synchro 700e Elliptical w/Visioweb (Remanufactured),ACTIVE,Technogym,Product Index,2025-01-14T19:35:30Z,2026-08-04T11:08:21Z,266740007228,Google & YouTube,TRUE
9879130014012,gid://shopify/Product/9879130014012,french-fitness-ez-curl-urethane-barbell-95-lbs-single-new,French Fitness EZ Curl Urethane Barbell 95 lbs - Single (New),ACTIVE,French Fitness,Product Index,2025-01-14T19:35:34Z,2026-08-06T18:49:44Z,266740007228,Google & YouTube,TRUE
9879130276156,gid://shopify/Product/9879130276156,matrix-g7-s51-abdominal-crunch-remanufactured,Matrix G7-S51 Abdominal Crunch (Remanufactured),ACTIVE,Matrix,Product Index,2025-01-14T19:35:46Z,2026-08-05T09:11:06Z,266740007228,Google & YouTube,TRUE
9879130538300,gid://shopify/Product/9879130538300,french-fitness-fb10-heavy-duty-flat-weight-bench-new,French Fitness FB10 Heavy Duty Flat Weight Bench (New),ACTIVE,French Fitness,Product Index,2025-01-14T19:35:56Z,2026-08-06T18:49:43Z,266740007228,Google & YouTube,TRUE
9879130636604,gid://shopify/Product/9879130636604,technogym-synchro-excite-700-elliptical-w-unity-1-0-console-remanufactured,Technogym Synchro Excite 700 Elliptical w/Unity 1.0 Console (Remanufactured),ACTIVE,Technogym,Product Index,2025-01-14T19:36:00Z,2026-08-04T11:03:02Z,266740007228,Google & YouTube,TRUE
9879130669372,gid://shopify/Product/9879130669372,french-fitness-x8-multi-station-gym-system-new,French Fitness X8 Multi Station Gym System (New),ACTIVE,French Fitness,Product Index,2025-01-14T19:36:02Z,2026-08-22T23:03:32Z,266740007228,Google & YouTube,TRUE
9879131291964,gid://shopify/Product/9879131291964,matrix-performance-hybrid-cycle-w-touch-console-remanufactured,Matrix Performance Hybrid Cycle w/Touch Console (Remanufactured),ACTIVE,Matrix,Product Index,2025-01-14T19:36:16Z,2026-08-04T09:39:28Z,266740007228,Google & YouTube,TRUE
9879131390268,gid://shopify/Product/9879131390268,french-fitness-fb20-commercial-flat-weight-bench-new,French Fitness FB20 Commercial Flat Weight Bench (New),ACTIVE,French Fitness,Product Index,2025-01-14T19:36:22Z,2026-08-06T18:49:43Z,266740007228,Google & YouTube,TRUE
9879131717948,gid://shopify/Product/9879131717948,technogym-synchro-700i-elliptical-w-led-console-remanufactured,Technogym Synchro 700I Elliptical w/LED Console (Remanufactured),ACTIVE,Technogym,Product Index,2025-01-14T19:36:30Z,2026-08-04T11:03:02Z,266740007228,Google & YouTube,TRUE
9879132078396,gid://shopify/Product/9879132078396,french-fitness-fb40-commercial-flat-weight-bench-new,French Fitness FB40 Commercial Flat Weight Bench (New),ACTIVE,French Fitness,Product Index,2025-01-14T19:36:46Z,2026-08-27T01:15:06Z,266740007228,Google & YouTube,TRUE
9879132143932,gid://shopify/Product/9879132143932,matrix-magnum-mg-a85-multi-adjustable-bench-remanufactured,Matrix Magnum MG-A85 Multi Adjustable Bench (Remanufactured),ACTIVE,Matrix,Product Index,2025-01-14T19:36:48Z,2026-07-29T21:08:38Z,266740007228,Google & YouTube,TRUE
9879132700988,gid://shopify/Product/9879132700988,technogym-synchro-excite-forma-elliptical-remanufactured,Technogym Synchro Excite Forma Elliptical (Remanufactured),ACTIVE,Technogym,Product Index,2025-01-14T19:37:01Z,2026-08-04T11:08:21Z,266740007228,Google & YouTube,TRUE
9879133028668,gid://shopify/Product/9879133028668,french-fitness-folding-cable-power-rack-cage-red-black-new,"French Fitness Folding Cable Power Rack / Cage, Red/Black (New)",ACTIVE,French Fitness,Product Index,2025-01-14T19:37:14Z,2026-08-22T23:03:36Z,266740007228,Google & YouTube,TRUE
9879133225276,gid://shopify/Product/9879133225276,matrix-performance-recumbent-cycle-w-touch-console-remanufactured,Matrix Performance Recumbent Cycle w/Touch Console (Remanufactured),ACTIVE,Matrix,Product Index,2025-01-14T19:37:20Z,2026-08-04T09:43:25Z,266740007228,Google & YouTube,TRUE
9879133651260,gid://shopify/Product/9879133651260,tuffstuff-s-proformance-plus-glute-ham-bench-remanufactured,TuffStuff’s Proformance Plus Glute Ham Bench (Remanufactured),ACTIVE,TuffStuff,Product Index,2025-01-14T19:37:34Z,2026-07-29T21:08:40Z,266740007228,Google & YouTube,TRUE
9879134175548,gid://shopify/Product/9879134175548,matrix-endurance-stepper-w-touch-console-remanufactured,Matrix Endurance Stepper w/Touch Console (Remanufactured),ACTIVE,Matrix,Product Index,2025-01-14T19:37:52Z,2026-07-29T21:08:38Z,266740007228,Google & YouTube,TRUE
9879134372156,gid://shopify/Product/9879134372156,technogym-vario-exc-700-ip-w-touch-screen-tv-remanufactured,Technogym Vario EXC 700 IP w/Touch Screen + TV (Remanufactured),ACTIVE,Technogym,Product Index,2025-01-14T19:37:59Z,2026-08-04T11:03:04Z,266740007228,Google & YouTube,TRUE
9879135191356,gid://shopify/Product/9879135191356,matrix-lifestyle-treadmill-w-touch-console-remanufactured,Matrix Lifestyle Treadmill w/Touch Console (Remanufactured),ACTIVE,Matrix,Product Index,2025-01-14T19:38:24Z,2026-08-04T11:00:36Z,266740007228,Google & YouTube,TRUE
9879135453500,gid://shopify/Product/9879135453500,technogym-artis-vario-elliptical-w-unity-2-0-remanufactured,Technogym Artis Vario Elliptical w/Unity 2.0 (Remanufactured),ACTIVE,Technogym,Product Index,2025-01-14T19:38:31Z,2026-08-04T11:03:02Z,266740007228,Google & YouTube,TRUE
9879136207164,gid://shopify/Product/9879136207164,matrix-mx-a5x-ascent-trainer-remanufactured,Matrix MX-A5X Ascent Trainer (Remanufactured),ACTIVE,Matrix,Product Index,2025-01-14T19:38:56Z,2026-08-04T11:06:58Z,266740007228,Google & YouTube,TRUE
9879136502076,gid://shopify/Product/9879136502076,technogym-vario-700e-w-visioweb-remanufactured,Technogym Vario 700e w/Visioweb (Remanufactured),ACTIVE,Technogym,Product Index,2025-01-14T19:39:00Z,2026-08-04T11:08:22Z,266740007228,Google & YouTube,TRUE
9879136600380,gid://shopify/Product/9879136600380,french-fitness-folding-cable-power-rack-cage-black-new,French Fitness Folding Cable Power Rack / Cage - Black (New),ACTIVE,French Fitness,Product Index,2025-01-14T19:39:03Z,2026-08-16T14:38:14Z,266740007228,Google & YouTube,TRUE
9879137124668,gid://shopify/Product/9879137124668,matrix-a5x-suspension-ascent-trainer-black-display-remanufactured,Matrix A5X Suspension Ascent Trainer (Black Display) (Remanufactured),ACTIVE,Matrix,Product Index,2025-01-14T19:39:24Z,2026-08-04T11:03:32Z,266740007228,Google & YouTube,TRUE
9879137321276,gid://shopify/Product/9879137321276,technogym-vario-exc-700i-w-led-remanufactured,Technogym Vario EXC 700i w/LED (Remanufactured),ACTIVE,Technogym,Product Index,2025-01-14T19:39:30Z,2026-08-04T11:03:03Z,266740007228,Google & YouTube,TRUE
9879138009404,gid://shopify/Product/9879138009404,matrix-a5x-suspension-ascent-trainer-white-display-remanufactured,Matrix A5X Suspension Ascent Trainer (White Display) (Remanufactured),ACTIVE,Matrix,Product Index,2025-01-14T19:39:53Z,2026-08-04T11:03:31Z,266740007228,Google & YouTube,TRUE
9879138894140,gid://shopify/Product/9879138894140,matrix-a7xe-ascent-trainer-remanufactured,Matrix A7XE Ascent Trainer (Remanufactured),ACTIVE,Matrix,Product Index,2025-01-14T19:40:20Z,2026-08-04T11:06:57Z,266740007228,Google & YouTube,TRUE
9879139254588,gid://shopify/Product/9879139254588,french-fitness-floor-glute-hamstring-developer-new,French Fitness Floor Glute & Hamstring Developer (New),ACTIVE,French Fitness,Product Index,2025-01-14T19:40:32Z,2026-08-25T06:39:59Z,266740007228,Google & YouTube,TRUE
9879140008252,gid://shopify/Product/9879140008252,french-fitness-ff-fib-0-90-degree-adjustable-bench-new,French Fitness FF-FIB 0-90 Degree Adjustable Bench (New),ACTIVE,French Fitness,Product Index,2025-01-14T19:41:01Z,2026-08-26T22:29:49Z,266740007228,Google & YouTube,TRUE
9879140172092,gid://shopify/Product/9879140172092,french-fitness-x8-multi-station-gym-system-black-new,French Fitness X8 Multi Station Gym System - Black (New),ACTIVE,French Fitness,Product Index,2025-01-14T19:41:05Z,2026-08-16T17:05:46Z,266740007228,Google & YouTube,TRUE
9879140204860,gid://shopify/Product/9879140204860,matrix-a7xe-suspension-ascent-trainer-remanufactured,Matrix A7xe Suspension Ascent Trainer (Remanufactured),ACTIVE,Matrix,Product Index,2025-01-14T19:41:07Z,2026-08-04T11:04:27Z,266740007228,Google & YouTube,TRUE
9879140729148,gid://shopify/Product/9879140729148,french-fitness-fl100-freeweight-leverage-gym-system-new,French Fitness FL100 Freeweight Leverage Gym System (New),ACTIVE,French Fitness,Product Index,2025-01-14T19:41:30Z,2026-08-12T11:45:51Z,266740007228,Google & YouTube,TRUE
9879141024060,gid://shopify/Product/9879141024060,matrix-a7xi-suspension-ascent-trainer-remanufactured,Matrix A7xi Suspension Ascent Trainer (Remanufactured),ACTIVE,Matrix,Product Index,2025-01-14T19:41:40Z,2026-08-22T23:03:36Z,266740007228,Google & YouTube,TRUE
9879141384508,gid://shopify/Product/9879141384508,french-fitness-fl20-freeweight-leverage-multi-functional-bench-new,French Fitness FL20 Freeweight Leverage Multi-Functional Bench (New),ACTIVE,French Fitness,Product Index,2025-01-14T19:41:58Z,2026-08-16T14:53:29Z,266740007228,Google & YouTube,TRUE
9879141613884,gid://shopify/Product/9879141613884,matrix-c3x-climbmill-remanufactured,Matrix C3x ClimbMill (Remanufactured),ACTIVE,Matrix,Product Index,2025-01-14T19:42:09Z,2026-07-29T21:08:36Z,266740007228,Google & YouTube,TRUE
9879142203708,gid://shopify/Product/9879142203708,french-fitness-fl3-freightweight-lat-olympic-bench-gym-new,French Fitness FL3 Freightweight Lat & Olympic Bench Gym (New),ACTIVE,French Fitness,Product Index,2025-01-14T19:42:28Z,2026-08-06T18:49:42Z,266740007228,Google & YouTube,TRUE
9879142531388,gid://shopify/Product/9879142531388,matrix-c5x-climbmill-remanufactured,Matrix C5x ClimbMill (Remanufactured),ACTIVE,Matrix,Product Index,2025-01-14T19:42:39Z,2026-08-08T19:49:50Z,266740007228,Google & YouTube,TRUE
9879142990140,gid://shopify/Product/9879142990140,french-fitness-fl30-freeweight-corner-leverage-gym-new,French Fitness FL30 Freeweight Corner Leverage Gym (New),ACTIVE,French Fitness,Product Index,2025-01-14T19:42:54Z,2026-07-29T21:08:40Z,266740007228,Google & YouTube,TRUE
9879143317820,gid://shopify/Product/9879143317820,matrix-c7xe-climbmill-remanufactured,Matrix C7xe ClimbMill (Remanufactured),ACTIVE,Matrix,Product Index,2025-01-14T19:43:10Z,2026-08-19T03:54:14Z,266740007228,Google & YouTube,TRUE
9879143711036,gid://shopify/Product/9879143711036,french-fitness-fl70-freeweight-leverage-gym-system-new,French Fitness FL70 Freeweight Leverage Gym System (New),ACTIVE,French Fitness,Product Index,2025-01-14T19:43:23Z,2026-08-22T23:44:22Z,266740007228,Google & YouTube,TRUE
9879144202556,gid://shopify/Product/9879144202556,matrix-c7xi-climbmill-remanufactured,Matrix C7xi ClimbMill (Remanufactured),ACTIVE,Matrix,Product Index,2025-01-14T19:43:41Z,2026-07-29T21:08:38Z,266740007228,Google & YouTube,TRUE
9879144890684,gid://shopify/Product/9879144890684,matrix-connexus-compact-remanufactured,Matrix Connexus Compact (Remanufactured),ACTIVE,Matrix,Product Index,2025-01-14T19:44:11Z,2026-07-29T21:08:40Z,266740007228,Google & YouTube,TRUE
9879145677116,gid://shopify/Product/9879145677116,matrix-e1x-elliptical-remanufactured,Matrix E1X Elliptical (Remanufactured),ACTIVE,Matrix,Product Index,2025-01-14T19:44:39Z,2026-08-04T11:06:58Z,266740007228,Google & YouTube,TRUE
9879146299708,gid://shopify/Product/9879146299708,french-fitness-x8-xl-multi-station-gym-system-red-black-new,"French Fitness X8 XL Multi Station Gym System, Red/Black (New)",ACTIVE,French Fitness,Product Index,2025-01-14T19:45:02Z,2026-08-22T01:01:06Z,266740007228,Google & YouTube,TRUE
9879146332476,gid://shopify/Product/9879146332476,matrix-e3x-elliptical-remanufactured,Matrix E3X Elliptical (Remanufactured),ACTIVE,Matrix,Product Index,2025-01-14T19:45:06Z,2026-08-04T11:06:56Z,266740007228,Google & YouTube,TRUE
9879146889532,gid://shopify/Product/9879146889532,matrix-e3x-suspension-elliptical-remanufactured,Matrix E3x Suspension Elliptical (Remanufactured),ACTIVE,Matrix,Product Index,2025-01-14T19:45:33Z,2026-08-04T11:04:31Z,266740007228,Google & YouTube,TRUE
9879147544892,gid://shopify/Product/9879147544892,hoggan-sprint-ube-upper-body-ergometer-remanufactured,Hoggan Sprint UBE Upper Body Ergometer (Remanufactured),ACTIVE,Hoggan,Product Index,2025-01-14T19:45:55Z,2026-07-29T21:08:40Z,266740007228,Google & YouTube,TRUE
9879147708732,gid://shopify/Product/9879147708732,matrix-e5x-elliptical-remanufactured,Matrix E5X Elliptical (Remanufactured),ACTIVE,Matrix,Product Index,2025-01-14T19:46:01Z,2026-08-02T11:15:27Z,266740007228,Google & YouTube,TRUE
9879148200252,gid://shopify/Product/9879148200252,precor-ubk-815-upright-bike-w-p10-console-remanufactured,Precor UBK 815 Upright Bike w/P10 Console (Remanufactured),ACTIVE,Precor,Product Index,2025-01-14T19:46:23Z,2026-07-29T21:08:39Z,266740007228,Google & YouTube,TRUE
9879148364092,gid://shopify/Product/9879148364092,matrix-e5x-suspension-elliptical-remanufactured,Matrix E5x Suspension Elliptical (Remanufactured),ACTIVE,Matrix,Product Index,2025-01-14T19:46:30Z,2026-08-22T23:03:36Z,266740007228,Google & YouTube,TRUE
9879148953916,gid://shopify/Product/9879148953916,precor-ubk-885-upright-bike-w-p80-console-remanufactured,Precor UBK 885 Upright Bike w/ P80 Console (Remanufactured),ACTIVE,Precor,Product Index,2025-01-14T19:46:53Z,2026-07-29T21:08:41Z,266740007228,Google & YouTube,TRUE
9879149248828,gid://shopify/Product/9879149248828,matrix-e7xe-elliptical-remanufactured,Matrix E7Xe Elliptical (Remanufactured),ACTIVE,Matrix,Product Index,2025-01-14T19:46:59Z,2026-08-04T11:06:58Z,266740007228,Google & YouTube,TRUE
9879149314364,gid://shopify/Product/9879149314364,french-fitness-x8-xl-multi-station-gym-system-black-new,French Fitness X8 XL Multi Station Gym System - Black (New),ACTIVE,French Fitness,Product Index,2025-01-14T19:47:00Z,2026-08-25T20:45:09Z,266740007228,Google & YouTube,TRUE
9879149838652,gid://shopify/Product/9879149838652,precor-ubk-885-upright-bike-w-p82-console-remanufactured,Precor UBK 885 Upright Bike w/ P82 Console (Remanufactured),ACTIVE,Precor,Product Index,2025-01-14T19:47:23Z,2026-07-29T21:08:43Z,266740007228,Google & YouTube,TRUE
9879150035260,gid://shopify/Product/9879150035260,matrix-e7xe-suspension-elliptical-remanufactured,Matrix E7xe Suspension Elliptical (Remanufactured),ACTIVE,Matrix,Product Index,2025-01-14T19:47:31Z,2026-08-04T11:04:30Z,266740007228,Google & YouTube,TRUE
9879151018300,gid://shopify/Product/9879151018300,matrix-e7xi-suspension-elliptical-remanufactured,Matrix e7xi Suspension Elliptical (Remanufactured),ACTIVE,Matrix,Product Index,2025-01-14T19:48:04Z,2026-08-04T11:03:31Z,266740007228,Google & YouTube,TRUE
9879151149372,gid://shopify/Product/9879151149372,french-fitness-fsr100-adb-adjustable-bench-w-decline-new,French Fitness FSR100-ADB Adjustable Bench w/Decline (New),ACTIVE,French Fitness,Product Index,2025-01-14T19:48:07Z,2026-08-22T23:03:36Z,266740007228,Google & YouTube,TRUE
9879151214908,gid://shopify/Product/9879151214908,bowflex-ultimate-home-gym-remanufactured,Bowflex Ultimate Home Gym (Remanufactured),ACTIVE,Bowflex,Product Index,2025-01-14T19:48:08Z,2026-07-29T21:09:12Z,266740007228,Google & YouTube,TRUE
9879151968572,gid://shopify/Product/9879151968572,matrix-functional-trainer-g3-msft300-400-remanufactured,Matrix Functional Trainer G3-MSFT300/400 (Remanufactured),ACTIVE,Matrix,Product Index,2025-01-14T19:48:35Z,2026-07-29T21:09:10Z,266740007228,Google & YouTube,TRUE
9879152034108,gid://shopify/Product/9879152034108,bowflex-ultimate-2-home-gym-remanufactured,Bowflex Ultimate 2 Home Gym (Remanufactured),ACTIVE,Bowflex,Product Index,2025-01-14T19:48:36Z,2026-08-22T23:03:36Z,266740007228,Google & YouTube,TRUE
9879152525628,gid://shopify/Product/9879152525628,french-fitness-fsr100-cb-commercial-cable-smith-rack-w-counter-balance-new,French Fitness FSR100-CB Commercial Cable Smith Rack w/Counter Balance (New),ACTIVE,French Fitness,Product Index,2025-01-14T19:48:53Z,2026-08-22T23:44:21Z,266740007228,Google & YouTube,TRUE
9879153344828,gid://shopify/Product/9879153344828,vectra-on-line-1850-home-gym-remanufactured,Vectra On-Line 1850 Home Gym (Remanufactured),ACTIVE,Vectra,Product Index,2025-01-14T19:49:20Z,2026-07-29T21:09:12Z,266740007228,Google & YouTube,TRUE
9879154426172,gid://shopify/Product/9879154426172,matrix-g3-aura-g3-s22-rear-delt-pec-fly-remanufactured,Matrix G3 Aura G3-S22 Rear Delt / Pec Fly (Remanufactured),ACTIVE,Matrix,Product Index,2025-01-14T19:50:09Z,2026-07-29T21:09:12Z,266740007228,Google & YouTube,TRUE
9879154852156,gid://shopify/Product/9879154852156,versaclimber-cl-108lxp-versa-climber-remanufactured,Versaclimber CL-108LXP Versa Climber (Remanufactured),ACTIVE,Versaclimber,Product Index,2025-01-14T19:50:28Z,2026-07-29T21:09:12Z,266740007228,Google & YouTube,TRUE
9879155081532,gid://shopify/Product/9879155081532,matrix-g3-aura-g3-s60-dip-chin-assist-remanufactured,Matrix G3 Aura G3-S60 Dip / Chin Assist (Remanufactured),ACTIVE,Matrix,Product Index,2025-01-14T19:50:39Z,2026-07-29T21:09:11Z,266740007228,Google & YouTube,TRUE
9879155802428,gid://shopify/Product/9879155802428,matrix-g3-s70-aura-leg-press-remanufactured,Matrix G3-S70 Aura Leg Press (Remanufactured),ACTIVE,Matrix,Product Index,2025-01-14T19:51:07Z,2026-07-29T21:09:12Z,266740007228,Google & YouTube,TRUE
9879156490556,gid://shopify/Product/9879156490556,matrix-g7-s55b-ultra-base-rotary-torso-remanufactured,Matrix G7-S55B Ultra Base Rotary Torso (Remanufactured),ACTIVE,Matrix,Product Index,2025-01-14T19:51:37Z,2026-08-04T05:57:32Z,266740007228,Google & YouTube,TRUE
9879156719932,gid://shopify/Product/9879156719932,cybex-vr3-abdominal-remanufactured,Cybex VR3 Abdominal (Remanufactured),ACTIVE,Cybex,Product Index,2025-01-14T19:51:42Z,2026-07-29T21:09:10Z,266740007228,Google & YouTube,TRUE
9879156949308,gid://shopify/Product/9879156949308,french-fitness-xt8-power-sled-w-resistance-new,French Fitness XT8 Power Sled w/Resistance (New),ACTIVE,French Fitness,Product Index,2025-01-14T19:51:50Z,2026-08-16T18:06:36Z,266740007228,Google & YouTube,TRUE
9879157342524,gid://shopify/Product/9879157342524,matrix-ultra-g7-s70-leg-press-remanufactured,Matrix Ultra G7-S70 Leg Press (Remanufactured),ACTIVE,Matrix,Product Index,2025-01-14T19:52:09Z,2026-07-29T21:09:12Z,266740007228,Google & YouTube,TRUE
9879157440828,gid://shopify/Product/9879157440828,cybex-vr3-hip-abduction-outer-thigh-remanufactured,Cybex VR3 Hip Abduction / Outer Thigh (Remanufactured),ACTIVE,Cybex,Product Index,2025-01-14T19:52:11Z,2026-07-29T21:09:12Z,266740007228,Google & YouTube,TRUE
9879158227260,gid://shopify/Product/9879158227260,matrix-h3x-hybrid-cycle-bike-older-style-remanufactured,Matrix H3x Hybrid Cycle Bike (Older Style) (Remanufactured),ACTIVE,Matrix,Product Index,2025-01-14T19:52:38Z,2026-08-22T23:03:36Z,266740007228,Google & YouTube,TRUE
9879158260028,gid://shopify/Product/9879158260028,cybex-vr3-hip-adduction-inner-thigh-remanufactured,Cybex VR3 Hip Adduction / Inner Thigh (Remanufactured),ACTIVE,Cybex,Product Index,2025-01-14T19:52:40Z,2026-07-29T21:09:17Z,266740007228,Google & YouTube,TRUE
9879159013692,gid://shopify/Product/9879159013692,matrix-h3x-hybrid-cycle-bike-newer-style-remanufactured,Matrix H3x Hybrid Cycle Bike (Newer Style) (Remanufactured),ACTIVE,Matrix,Product Index,2025-01-14T19:53:06Z,2026-07-29T21:09:13Z,266740007228,Google & YouTube,TRUE
9879159046460,gid://shopify/Product/9879159046460,cybex-vr3-arm-tricep-extension-12080-remanufactured,Cybex VR3 Arm Tricep Extension 12080 (Remanufactured),ACTIVE,Cybex,Product Index,2025-01-14T19:53:09Z,2026-07-29T21:09:10Z,266740007228,Google & YouTube,TRUE
9879159800124,gid://shopify/Product/9879159800124,matrix-h5x-hybrid-exercise-bike-remanufactured,Matrix H5x Hybrid Exercise Bike (Remanufactured),ACTIVE,Matrix,Product Index,2025-01-14T19:53:35Z,2026-07-29T21:09:10Z,266740007228,Google & YouTube,TRUE
9879159865660,gid://shopify/Product/9879159865660,cybex-vr3-back-extension-remanufactured,Cybex VR3 Back Extension (Remanufactured),ACTIVE,Cybex,Product Index,2025-01-14T19:53:39Z,2026-07-29T21:09:12Z,266740007228,Google & YouTube,TRUE
9879160095036,gid://shopify/Product/9879160095036,french-fitness-tahoe-commercial-flat-decline-incline-bench-new,French Fitness Tahoe Commercial Flat / Decline / Incline Bench (New),ACTIVE,French Fitness,Product Index,2025-01-14T19:53:46Z,2026-08-16T14:06:09Z,266740007228,Google & YouTube,TRUE
9879160553788,gid://shopify/Product/9879160553788,matrix-h5x-hybrid-cycle-bike-newer-style-remanufactured,Matrix H5x Hybrid Cycle Bike (Newer Style) (Remanufactured),ACTIVE,Matrix,Product Index,2025-01-14T19:54:03Z,2026-07-29T21:09:12Z,266740007228,Google & YouTube,TRUE
9879160652092,gid://shopify/Product/9879160652092,cybex-vr3-standing-calf-remanufactured,Cybex VR3 Standing Calf (Remanufactured),ACTIVE,Cybex,Product Index,2025-01-14T19:54:08Z,2026-07-29T21:09:12Z,266740007228,Google & YouTube,TRUE
9879160783164,gid://shopify/Product/9879160783164,french-fitness-aspen-dual-cable-cross-black-new,French Fitness Aspen Dual Cable Cross - Black (New),ACTIVE,French Fitness,Product Index,2025-01-14T19:54:10Z,2026-08-22T23:03:36Z,266740007228,Google & YouTube,TRUE
9879160881468,gid://shopify/Product/9879160881468,french-fitness-fsr20-multi-functional-gym-system-plate-loaded-new,French Fitness FSR20 Multi Functional Gym System Plate Loaded (New),ACTIVE,French Fitness,Product Index,2025-01-14T19:54:15Z,2026-08-22T23:44:22Z,266740007228,Google & YouTube,TRUE
9879161274684,gid://shopify/Product/9879161274684,matrix-h7xe-hybrid-exercise-bike-remanufactured,Matrix H7xe Hybrid Exercise Bike (Remanufactured),ACTIVE,Matrix,Product Index,2025-01-14T19:54:31Z,2026-07-29T21:09:12Z,266740007228,Google & YouTube,TRUE
9879161536828,gid://shopify/Product/9879161536828,cybex-vr3-cable-column-remanufactured,Cybex VR3 Cable Column (Remanufactured),ACTIVE,Cybex,Product Index,2025-01-14T19:54:38Z,2026-07-29T21:09:13Z,266740007228,Google & YouTube,TRUE
9879162159420,gid://shopify/Product/9879162159420,matrix-h7xi-hybrid-exercise-bike-remanufactured,Matrix H7xi Hybrid Exercise Bike (Remanufactured),ACTIVE,Matrix,Product Index,2025-01-14T19:55:03Z,2026-07-29T21:09:13Z,266740007228,Google & YouTube,TRUE
9879163011388,gid://shopify/Product/9879163011388,matrix-mx-t5-treadmill-remanufactured,Matrix MX-T5 Treadmill (Remanufactured),ACTIVE,Matrix,Product Index,2025-01-14T19:55:33Z,2026-08-02T11:15:27Z,266740007228,Google & YouTube,TRUE
9879163240764,gid://shopify/Product/9879163240764,french-fitness-aspen-plate-loaded-pro-power-squat-new,French Fitness Aspen Plate Loaded Pro Power Squat (New),ACTIVE,French Fitness,Product Index,2025-01-14T19:55:43Z,2026-08-18T22:52:57Z,266740007228,Google & YouTube,TRUE
9879163830588,gid://shopify/Product/9879163830588,matrix-t5x-treadmill-older-style-remanufactured,Matrix T5x Treadmill (Older Style) (Remanufactured),ACTIVE,Matrix,Product Index,2025-01-14T19:56:03Z,2026-08-04T10:57:46Z,266740007228,Google & YouTube,TRUE
9879163961660,gid://shopify/Product/9879163961660,cybex-vr3-chest-press-remanufactured,Cybex VR3 Chest Press (Remanufactured),ACTIVE,Cybex,Product Index,2025-01-14T19:56:06Z,2026-07-29T21:09:12Z,266740007228,Google & YouTube,TRUE
9879164125500,gid://shopify/Product/9879164125500,french-fitness-aspen-standing-dip-chin-assist-new,French Fitness Aspen Standing Dip/Chin Assist (New),ACTIVE,French Fitness,Product Index,2025-01-14T19:56:12Z,2026-08-24T06:23:55Z,266740007228,Google & YouTube,TRUE
9879164453180,gid://shopify/Product/9879164453180,matrix-r3x-recumbent-bike-older-style-remanufactured,Matrix R3x Recumbent Bike (Older Style) (Remanufactured),ACTIVE,Matrix,Product Index,2025-01-14T19:56:34Z,2026-07-29T21:09:12Z,266740007228,Google & YouTube,TRUE
9879164518716,gid://shopify/Product/9879164518716,cybex-vr3-dip-chin-assist-remanufactured,Cybex VR3 Dip/Chin Assist (Remanufactured),ACTIVE,Cybex,Product Index,2025-01-14T19:56:35Z,2026-07-29T21:09:12Z,266740007228,Google & YouTube,TRUE
9879165141308,gid://shopify/Product/9879165141308,french-fitness-ffb-black-360xl-energy-group-training-system-new,French Fitness FFB Black 360XL Energy Group Training System (New),ACTIVE,French Fitness,Product Index,2025-01-14T19:56:57Z,2026-08-11T17:56:31Z,266740007228,Google & YouTube,TRUE
9879165305148,gid://shopify/Product/9879165305148,cybex-vr3-leg-extension-remanufactured,Cybex VR3 Leg Extension (Remanufactured),ACTIVE,Cybex,Product Index,2025-01-14T19:57:02Z,2026-07-29T21:09:12Z,266740007228,Google & YouTube,TRUE
9879165337916,gid://shopify/Product/9879165337916,matrix-r3x-recumbent-bike-newer-style-remanufactured,Matrix R3x Recumbent Bike (Newer Style) (Remanufactured),ACTIVE,Matrix,Product Index,2025-01-14T19:57:02Z,2026-07-29T21:09:12Z,266740007228,Google & YouTube,TRUE
9879165763900,gid://shopify/Product/9879165763900,french-fitness-fsr50-dual-cable-smith-rack-home-gym-new,French Fitness FSR50 All-in-One Home Gym Smith Machine + Dual Cable Rack (New),ACTIVE,French Fitness,Product Index,2025-01-14T19:57:15Z,2026-08-26T13:28:54Z,266740007228,Google & YouTube,TRUE
9879166320956,gid://shopify/Product/9879166320956,matrix-r5x-recumbent-bike-remanufactured,Matrix R5x Recumbent Bike (Remanufactured),ACTIVE,Matrix,Product Index,2025-01-14T19:57:30Z,2026-07-29T21:09:13Z,266740007228,Google & YouTube,TRUE
9879166419260,gid://shopify/Product/9879166419260,cybex-vr3-pec-fly-rear-delt-remanufactured,Cybex VR3 Pec Fly/Rear Delt (Remanufactured),ACTIVE,Cybex,Product Index,2025-01-14T19:57:31Z,2026-07-29T21:09:12Z,266740007228,Google & YouTube,TRUE
9879167140156,gid://shopify/Product/9879167140156,matrix-r5x-recumbent-bike-cycle-newer-style-remanufactured,Matrix R5x Recumbent Bike Cycle (Newer Style) (Remanufactured),ACTIVE,Matrix,Product Index,2025-01-14T19:57:58Z,2026-07-29T21:09:13Z,266740007228,Google & YouTube,TRUE
9879167336764,gid://shopify/Product/9879167336764,cybex-vr3-glute-remanufactured,Cybex VR3 Glute (Remanufactured),ACTIVE,Cybex,Product Index,2025-01-14T19:58:00Z,2026-07-29T21:09:13Z,266740007228,Google & YouTube,TRUE
9879167893820,gid://shopify/Product/9879167893820,matrix-r7xe-recumbent-bike-remanufactured,Matrix R7xe Recumbent Bike (Remanufactured),ACTIVE,Matrix,Product Index,2025-01-14T19:58:28Z,2026-08-22T23:03:36Z,266740007228,Google & YouTube,TRUE
9879167959356,gid://shopify/Product/9879167959356,cybex-vr3-lat-pull-remanufactured,Cybex VR3 Lat Pull (Remanufactured),ACTIVE,Cybex,Product Index,2025-01-14T19:58:29Z,2026-07-29T21:09:12Z,266740007228,Google & YouTube,TRUE
9879167992124,gid://shopify/Product/9879167992124,french-fitness-ffb-black-45-degree-hyperextension-back-extension-new,French Fitness FFB Black 45 Degree Hyperextension Back Extension (New),ACTIVE,French Fitness,Product Index,2025-01-14T19:58:31Z,2026-08-11T17:57:23Z,266740007228,Google & YouTube,TRUE
9879168647484,gid://shopify/Product/9879168647484,french-fitness-ffb-black-45-degree-linear-leg-press-new,French Fitness FFB Black 45 Degree Linear Leg Press (New),ACTIVE,French Fitness,Product Index,2025-01-14T19:58:57Z,2026-08-25T20:34:05Z,266740007228,Google & YouTube,TRUE
9879168811324,gid://shopify/Product/9879168811324,matrix-r7xi-recumbent-bike-remanufactured,Matrix R7xi Recumbent Bike (Remanufactured),ACTIVE,Matrix,Product Index,2025-01-14T19:59:00Z,2026-07-29T21:09:12Z,266740007228,Google & YouTube,TRUE
9879168942396,gid://shopify/Product/9879168942396,cybex-vr3-lateral-raise-remanufactured,Cybex VR3 Lateral Raise (Remanufactured),ACTIVE,Cybex,Product Index,2025-01-14T19:59:06Z,2026-07-29T21:09:11Z,266740007228,Google & YouTube,TRUE
9879169564988,gid://shopify/Product/9879169564988,french-fitness-fsr50-ab-adjustable-bench-new,French Fitness FSR50-AB Adjustable Bench (New),ACTIVE,French Fitness,Product Index,2025-01-14T19:59:27Z,2026-08-24T07:23:19Z,266740007228,Google & YouTube,TRUE
9879169663292,gid://shopify/Product/9879169663292,matrix-s3x-stepper-remanufactured,Matrix S3x Stepper (Remanufactured),ACTIVE,Matrix,Product Index,2025-01-14T19:59:30Z,2026-07-29T21:09:14Z,266740007228,Google & YouTube,TRUE
9879169827132,gid://shopify/Product/9879169827132,cybex-vr3-leg-press-remanufactured,Cybex VR3 Leg Press (Remanufactured),ACTIVE,Cybex,Product Index,2025-01-14T19:59:36Z,2026-07-29T21:09:13Z,266740007228,Google & YouTube,TRUE
9879170351420,gid://shopify/Product/9879170351420,french-fitness-ffb-black-5-stack-multi-jungle-gym-new,French Fitness FFB Black 5 Stack Multi Jungle Gym (New),ACTIVE,French Fitness,Product Index,2025-01-14T19:59:53Z,2026-08-26T14:37:36Z,266740007228,Google & YouTube,TRUE
9879170515260,gid://shopify/Product/9879170515260,matrix-s5x-stepper-remanufactured,Matrix s5x Stepper (Remanufactured),ACTIVE,Matrix,Product Index,2025-01-14T19:59:57Z,2026-07-29T21:09:13Z,266740007228,Google & YouTube,TRUE
9879170842940,gid://shopify/Product/9879170842940,cybex-vr3-overhead-shoulder-press-remanufactured,Cybex VR3 Overhead Shoulder Press (Remanufactured),ACTIVE,Cybex,Product Index,2025-01-14T20:00:05Z,2026-07-29T21:09:13Z,266740007228,Google & YouTube,TRUE
9879171432764,gid://shopify/Product/9879171432764,matrix-s7xe-stepper-remanufactured,Matrix S7xe Stepper (Remanufactured),ACTIVE,Matrix,Product Index,2025-01-14T20:00:25Z,2026-07-29T21:09:13Z,266740007228,Google & YouTube,TRUE
9879171760444,gid://shopify/Product/9879171760444,cybex-vr3-prone-leg-curl-remanufactured,Cybex VR3 Prone Leg Curl (Remanufactured),ACTIVE,Cybex,Product Index,2025-01-14T20:00:35Z,2026-07-29T21:09:12Z,266740007228,Google & YouTube,TRUE
9879172088124,gid://shopify/Product/9879172088124,french-fitness-6-black-olympic-bar-33-lbs-new,French Fitness 6' Black Olympic Bar - 33 Lbs (New),ACTIVE,French Fitness,Product Index,2025-01-14T20:00:44Z,2026-08-06T18:49:39Z,266740007228,Google & YouTube,TRUE
9879172546876,gid://shopify/Product/9879172546876,matrix-s7xi-stepper-remanufactured,Matrix S7xi Stepper (Remanufactured),ACTIVE,Matrix,Product Index,2025-01-14T20:00:57Z,2026-07-29T21:09:13Z,266740007228,Google & YouTube,TRUE
9879172776252,gid://shopify/Product/9879172776252,cybex-vr3-pulldown-remanufactured,Cybex VR3 Pulldown (Remanufactured),ACTIVE,Cybex,Product Index,2025-01-14T20:01:05Z,2026-07-29T21:09:12Z,266740007228,Google & YouTube,TRUE
9879172874556,gid://shopify/Product/9879172874556,french-fitness-7-black-olympic-bar-45-lbs-new,French Fitness 7' Black Olympic Bar - 45 Lbs (New),ACTIVE,French Fitness,Product Index,2025-01-14T20:01:09Z,2026-08-21T21:00:11Z,266740007228,Google & YouTube,TRUE
9879173398844,gid://shopify/Product/9879173398844,matrix-t1x-treadmill-remanufactured,Matrix T1x Treadmill (Remanufactured),ACTIVE,Matrix,Product Index,2025-01-14T20:01:27Z,2026-08-04T11:00:37Z,266740007228,Google & YouTube,TRUE
9879173464380,gid://shopify/Product/9879173464380,french-fitness-ffb-black-8-stack-multi-jungle-gym-new,French Fitness FFB Black 8 Stack Multi Jungle Gym (New),ACTIVE,French Fitness,Product Index,2025-01-14T20:01:29Z,2026-08-26T14:41:52Z,266740007228,Google & YouTube,TRUE
9879173660988,gid://shopify/Product/9879173660988,french-fitness-fsr60-smith-cable-squat-rack-gym-machine-new,French Fitness FSR60 All-in-One Smith Machine + Cable Squat Rack (New),ACTIVE,French Fitness,Product Index,2025-01-14T20:01:33Z,2026-08-26T12:45:50Z,266740007228,Google & YouTube,TRUE
9879173693756,gid://shopify/Product/9879173693756,cybex-vr3-row-remanufactured,Cybex VR3 Row (Remanufactured),ACTIVE,Cybex,Product Index,2025-01-14T20:01:34Z,2026-07-29T21:09:12Z,266740007228,Google & YouTube,TRUE
9879174316348,gid://shopify/Product/9879174316348,matrix-t3x-treadmill-remanufactured,Matrix T3x Treadmill (Remanufactured),ACTIVE,Matrix,Product Index,2025-01-14T20:01:57Z,2026-08-04T10:57:46Z,266740007228,Google & YouTube,TRUE
9879174644028,gid://shopify/Product/9879174644028,cybex-vr3-seated-leg-curl-remanufactured,Cybex VR3 Seated Leg Curl (Remanufactured),ACTIVE,Cybex,Product Index,2025-01-14T20:02:04Z,2026-07-29T21:09:12Z,266740007228,Google & YouTube,TRUE
9879174938940,gid://shopify/Product/9879174938940,french-fitness-ffb-black-abdominal-adj-decline-bench-new,French Fitness FFB Black Abdominal / Adj Decline Bench (New),ACTIVE,French Fitness,Product Index,2025-01-14T20:02:17Z,2026-08-22T23:03:36Z,266740007228,Google & YouTube,TRUE
9879175364924,gid://shopify/Product/9879175364924,matrix-t5x-treadmill-newer-style-remanufactured,Matrix T5x Treadmill (Newer Style) (Remanufactured),ACTIVE,Matrix,Product Index,2025-01-14T20:02:27Z,2026-08-04T10:57:42Z,266740007228,Google & YouTube,TRUE
9879175430460,gid://shopify/Product/9879175430460,cybex-vr3-torso-rotation-remanufactured,Cybex VR3 Torso Rotation (Remanufactured),ACTIVE,Cybex,Product Index,2025-01-14T20:02:33Z,2026-08-22T23:03:37Z,266740007228,Google & YouTube,TRUE
9879175790908,gid://shopify/Product/9879175790908,french-fitness-ffb-black-ab-crunch-bench-new,French Fitness FFB Black Ab Crunch Bench (New),ACTIVE,French Fitness,Product Index,2025-01-14T20:02:43Z,2026-08-18T15:26:02Z,266740007228,Google & YouTube,TRUE
9879176118588,gid://shopify/Product/9879176118588,matrix-t7xe-treadmill-remanufactured,Matrix T7Xe Treadmill (Remanufactured),ACTIVE,Matrix,Product Index,2025-01-14T20:02:56Z,2026-08-22T23:03:36Z,266740007228,Google & YouTube,TRUE
9879176380732,gid://shopify/Product/9879176380732,cybex-vr3-tricep-press-seated-dip-remanufactured,Cybex VR3 Tricep Press Seated Dip (Remanufactured),ACTIVE,Cybex,Product Index,2025-01-14T20:03:02Z,2026-07-29T21:09:13Z,266740007228,Google & YouTube,TRUE
9879176544572,gid://shopify/Product/9879176544572,french-fitness-ffb-black-adjustable-cable-crossover-new,French Fitness FFB Black Adjustable Cable Crossover (New),ACTIVE,French Fitness,Product Index,2025-01-14T20:03:08Z,2026-08-18T21:40:09Z,266740007228,Google & YouTube,TRUE
9879177691452,gid://shopify/Product/9879177691452,matrix-t7xi-treadmill-remanufactured,Matrix T7xi Treadmill (Remanufactured),ACTIVE,Matrix,Product Index,2025-01-14T20:03:30Z,2026-08-04T10:54:21Z,266740007228,Google & YouTube,TRUE
9879179821372,gid://shopify/Product/9879179821372,woodway-4front-treadmill-w-quick-set-2024-display-remanufactured,Woodway 4Front Treadmill w/Quick Set 2024 Display (Remanufactured),ACTIVE,Woodway,Product Index,2025-01-14T20:04:06Z,2026-08-22T23:03:36Z,266740007228,Google & YouTube,TRUE
9879179886908,gid://shopify/Product/9879179886908,matrix-tomahawk-indoor-cycle-remanufactured,Matrix Tomahawk Indoor Cycle (Remanufactured),ACTIVE,Matrix,Product Index,2025-01-14T20:04:10Z,2026-07-29T21:09:12Z,266740007228,Google & YouTube,TRUE
9879180640572,gid://shopify/Product/9879180640572,matrix-u3x-upright-bike-remanufactured,Matrix U3x Upright Bike (Remanufactured),ACTIVE,Matrix,Product Index,2025-01-14T20:04:37Z,2026-07-29T21:09:12Z,266740007228,Google & YouTube,TRUE
9879180771644,gid://shopify/Product/9879180771644,french-fitness-black-arc-elliptical-trainer-new,French Fitness Black Arc Elliptical Trainer (New),ACTIVE,French Fitness,Product Index,2025-01-14T20:04:41Z,2026-08-21T07:59:16Z,266740007228,Google & YouTube,TRUE
9879181754684,gid://shopify/Product/9879181754684,matrix-u5x-upright-bike-newer-style-remanufactured,Matrix U5x Upright Bike (Newer Style) (Remanufactured),ACTIVE,Matrix,Product Index,2025-01-14T20:05:04Z,2026-07-29T21:09:13Z,266740007228,Google & YouTube,TRUE
9879181951292,gid://shopify/Product/9879181951292,french-fitness-ffb-black-cable-column-new,French Fitness FFB Black Cable Column (New),ACTIVE,French Fitness,Product Index,2025-01-14T20:05:08Z,2026-08-11T17:56:11Z,266740007228,Google & YouTube,TRUE
9879182082364,gid://shopify/Product/9879182082364,woodway-4front-treadmill-remanufactured,Woodway 4Front Treadmill (Remanufactured),ACTIVE,Woodway,Product Index,2025-01-14T20:05:12Z,2026-08-23T21:53:46Z,266740007228,Google & YouTube,TRUE
9879182737724,gid://shopify/Product/9879182737724,matrix-u7xe-upright-bike-remanufactured,Matrix U7xe Upright Bike (Remanufactured),ACTIVE,Matrix,Product Index,2025-01-14T20:05:32Z,2026-07-29T21:09:12Z,266740007228,Google & YouTube,TRUE
9879183032636,gid://shopify/Product/9879183032636,woodway-4front-treadmill-w-personal-trainer-2024-display-remanufactured,Woodway 4Front Treadmill w/Personal Trainer 2024 Display (Remanufactured),ACTIVE,Woodway,Product Index,2025-01-14T20:05:47Z,2026-08-04T10:54:21Z,266740007228,Google & YouTube,TRUE
9879183065404,gid://shopify/Product/9879183065404,french-fitness-fsr70-dual-cable-smith-half-rack-system-new,French Fitness FSR70 Dual Cable Smith Machine + Half Rack System (New),ACTIVE,French Fitness,Product Index,2025-01-14T20:05:47Z,2026-08-26T12:47:08Z,266740007228,Google & YouTube,TRUE
9879183458620,gid://shopify/Product/9879183458620,matrix-u7xi-upright-bike-remanufactured,Matrix U7xi Upright Bike (Remanufactured),ACTIVE,Matrix,Product Index,2025-01-14T20:06:04Z,2026-07-29T21:09:11Z,266740007228,Google & YouTube,TRUE
9879183851836,gid://shopify/Product/9879183851836,woodway-4front-treadmill-w-quick-set-display-remanufactured,Woodway 4Front Treadmill w/Quick Set Display (Remanufactured),ACTIVE,Woodway,Product Index,2025-01-14T20:06:23Z,2026-08-22T23:03:36Z,266740007228,Google & YouTube,TRUE
9879184539964,gid://shopify/Product/9879184539964,french-fitness-ffb-black-dual-adjustable-pulley-new,French Fitness FFB Black Dual Adjustable Pulley (New),ACTIVE,French Fitness,Product Index,2025-01-14T20:06:38Z,2026-08-25T20:34:08Z,266740007228,Google & YouTube,TRUE
9879185359164,gid://shopify/Product/9879185359164,woodway-4front-treadmill-w-prosmart-10-smart-screen-remanufactured,"Woodway 4Front Treadmill w/Prosmart 10"" Smart Screen (Remanufactured)",ACTIVE,Woodway,Product Index,2025-01-14T20:06:57Z,2026-08-04T11:00:37Z,266740007228,Google & YouTube,TRUE
9879186964796,gid://shopify/Product/9879186964796,woodway-4front-treadmill-w-hdtv-remanufactured,Woodway 4Front Treadmill w/HDTV (Remanufactured),ACTIVE,Woodway,Product Index,2025-01-14T20:07:32Z,2026-08-22T23:03:37Z,266740007228,Google & YouTube,TRUE
9879187456316,gid://shopify/Product/9879187456316,technogym-plurima-multistation-solo-leg-press-calf-remanufactured,Technogym Plurima Multistation-Solo Leg Press / Calf (Remanufactured),ACTIVE,Technogym,Product Index,2025-01-14T20:07:51Z,2026-07-29T21:09:13Z,266740007228,Google & YouTube,TRUE
9879187816764,gid://shopify/Product/9879187816764,french-fitness-ffb-dfib-15-to-90-degree-adjustable-decline-bench-new,French Fitness FFB-DFIB -15 to 90 Degree Adjustable / Decline Bench (New),ACTIVE,French Fitness,Product Index,2025-01-14T20:08:08Z,2026-08-25T08:49:21Z,266740007228,Google & YouTube,TRUE
9879187882300,gid://shopify/Product/9879187882300,woodway-path-55-treadmill-remanufactured,Woodway Path 55 Treadmill (Remanufactured),ACTIVE,Woodway,Product Index,2025-01-14T20:08:09Z,2026-08-04T11:00:36Z,266740007228,Google & YouTube,TRUE
9879188177212,gid://shopify/Product/9879188177212,french-fitness-fsr80-functional-trainer-smith-rack-gym-system-new,French Fitness FSR80 Functional Trainer Smith & Rack Gym System (New),ACTIVE,French Fitness,Product Index,2025-01-14T20:08:14Z,2026-08-22T23:44:21Z,266740007228,Google & YouTube,TRUE
9879188406588,gid://shopify/Product/9879188406588,technogym-plurima-multistation-tower-remanufactured,Technogym Plurima Multistation Tower (Remanufactured),ACTIVE,Technogym,Product Index,2025-01-14T20:08:21Z,2026-07-29T21:09:13Z,266740007228,Google & YouTube,TRUE
9879188865340,gid://shopify/Product/9879188865340,french-fitness-ffb-black-dual-stack-biceps-arm-curl-new,French Fitness FFB Black Dual Stack Biceps Arm Curl (New),ACTIVE,French Fitness,Product Index,2025-01-14T20:08:41Z,2026-08-11T17:58:36Z,266740007228,Google & YouTube,TRUE
9879189389628,gid://shopify/Product/9879189389628,woodway-curve-treadmill-remanufactured,Woodway Curve Treadmill (Remanufactured),ACTIVE,Woodway,Product Index,2025-01-14T20:08:56Z,2026-08-26T09:16:08Z,266740007228,Google & YouTube,TRUE
9879189487932,gid://shopify/Product/9879189487932,french-fitness-ffb-black-dual-stack-chest-press-new,French Fitness FFB Black Dual Stack Chest Press (New),ACTIVE,French Fitness,Product Index,2025-01-14T20:09:00Z,2026-08-11T17:58:12Z,266740007228,Google & YouTube,TRUE
9879190405436,gid://shopify/Product/9879190405436,woodway-curve-trainer-treadmill-remanufactured,Woodway Curve Trainer Treadmill (Remanufactured),ACTIVE,Woodway,Product Index,2025-01-14T20:09:26Z,2026-07-29T21:09:13Z,266740007228,Google & YouTube,TRUE
9879190503740,gid://shopify/Product/9879190503740,technogym-plurima-multistation-wall-remanufactured,Technogym Plurima Multistation Wall (Remanufactured),ACTIVE,Technogym,Product Index,2025-01-14T20:09:28Z,2026-07-29T21:09:14Z,266740007228,Google & YouTube,TRUE
9879191159100,gid://shopify/Product/9879191159100,french-fitness-ffb-black-dual-stack-decline-press-new,French Fitness FFB Black Dual Stack Decline Press (New),ACTIVE,French Fitness,Product Index,2025-01-14T20:09:39Z,2026-08-11T17:58:36Z,266740007228,Google & YouTube,TRUE
9879191748924,gid://shopify/Product/9879191748924,woodway-desmo-s-treadmill-remanufactured,Woodway Desmo S Treadmill (Remanufactured),ACTIVE,Woodway,Product Index,2025-01-14T20:09:58Z,2026-08-04T11:00:37Z,266740007228,Google & YouTube,TRUE
9879191945532,gid://shopify/Product/9879191945532,french-fitness-ffb-black-dual-stack-front-lat-pulldown-new,French Fitness FFB Black Dual Stack Front Lat Pulldown (New),ACTIVE,French Fitness,Product Index,2025-01-14T20:10:04Z,2026-08-11T17:58:36Z,266740007228,Google & YouTube,TRUE
9879192797500,gid://shopify/Product/9879192797500,french-fitness-ffb-black-dual-stack-high-row-new,French Fitness FFB Black Dual Stack High Row (New),ACTIVE,French Fitness,Product Index,2025-01-14T20:10:28Z,2026-08-11T17:58:36Z,266740007228,Google & YouTube,TRUE
9879193190716,gid://shopify/Product/9879193190716,technogym-plurima-core-leg-curl-leg-extension-remanufactured,Technogym Plurima Core / Leg Curl - Leg Extension (Remanufactured),ACTIVE,Technogym,Product Index,2025-01-14T20:10:37Z,2026-07-29T21:09:14Z,266740007228,Google & YouTube,TRUE
9879193616700,gid://shopify/Product/9879193616700,woodway-desmo-elite-treadmill-remanufactured,Woodway Desmo Elite Treadmill (Remanufactured),ACTIVE,Woodway,Product Index,2025-01-14T20:10:47Z,2026-08-04T11:00:37Z,266740007228,Google & YouTube,TRUE
9879193878844,gid://shopify/Product/9879193878844,french-fitness-ffb-black-dual-stack-incline-press-new,French Fitness FFB Black Dual Stack Incline Press (New),ACTIVE,French Fitness,Product Index,2025-01-14T20:10:53Z,2026-08-12T11:26:05Z,266740007228,Google & YouTube,TRUE
9879194042684,gid://shopify/Product/9879194042684,french-fitness-free-standing-vertical-dumbbell-rack-for-5-50-lbs-10-pairs-new,"French Fitness Free Standing Vertical Dumbbell Rack for 5-50 lbs, 10 Pairs (New)",ACTIVE,French Fitness,Product Index,2025-01-14T20:10:59Z,2026-08-21T12:06:53Z,266740007228,Google & YouTube,TRUE
9879194304828,gid://shopify/Product/9879194304828,technogym-plurima-multistation-twin-remanufactured,Technogym Plurima Multistation - Twin (Remanufactured),ACTIVE,Technogym,Product Index,2025-01-14T20:11:06Z,2026-07-29T21:09:11Z,266740007228,Google & YouTube,TRUE
9879194698044,gid://shopify/Product/9879194698044,french-fitness-ffb-black-dual-stack-low-row-new,French Fitness FFB Black Dual Stack Low Row (New),ACTIVE,French Fitness,Product Index,2025-01-14T20:11:17Z,2026-08-11T17:58:37Z,266740007228,Google & YouTube,TRUE
9879194960188,gid://shopify/Product/9879194960188,french-fitness-ft300-folding-treadmill-new,French Fitness FT300 Folding Treadmill (New),ACTIVE,French Fitness,Product Index,2025-01-14T20:11:22Z,2026-08-04T10:57:46Z,266740007228,Google & YouTube,TRUE
9879195025724,gid://shopify/Product/9879195025724,woodway-desmo-evo-treadmill-remanufactured,Woodway Desmo Evo Treadmill (Remanufactured),ACTIVE,Woodway,Product Index,2025-01-14T20:11:23Z,2026-08-22T23:03:36Z,266740007228,Google & YouTube,TRUE
9879195681084,gid://shopify/Product/9879195681084,french-fitness-ffb-black-dual-stack-shoulder-press-new,French Fitness FFB Black Dual Stack Shoulder Press (New),ACTIVE,French Fitness,Product Index,2025-01-14T20:11:42Z,2026-08-11T17:58:36Z,266740007228,Google & YouTube,TRUE
9879195943228,gid://shopify/Product/9879195943228,french-fitness-ft500-light-commercial-folding-treadmill-new,French Fitness FT500 Light Commercial Folding Treadmill (New),ACTIVE,French Fitness,Product Index,2025-01-14T20:11:51Z,2026-08-22T14:58:06Z,266740007228,Google & YouTube,TRUE
9879196467516,gid://shopify/Product/9879196467516,french-fitness-ffb-black-dual-stack-tricep-extension-new,French Fitness FFB Black Dual Stack Tricep Extension (New),ACTIVE,French Fitness,Product Index,2025-01-14T20:12:07Z,2026-07-29T21:09:14Z,266740007228,Google & YouTube,TRUE
9879197188412,gid://shopify/Product/9879197188412,french-fitness-ffb-black-elite-smith-machine-new,French Fitness FFB Black Elite Smith Machine (New),ACTIVE,French Fitness,Product Index,2025-01-14T20:12:27Z,2026-08-22T23:03:36Z,266740007228,Google & YouTube,TRUE
9879197221180,gid://shopify/Product/9879197221180,woodway-force-treadmill-remanufactured,Woodway Force Treadmill (Remanufactured),ACTIVE,Woodway,Product Index,2025-01-14T20:12:28Z,2026-08-04T11:00:12Z,266740007228,Google & YouTube,TRUE
9879198105916,gid://shopify/Product/9879198105916,french-fitness-ffb-black-glute-machine-new,French Fitness FFB Black Glute Machine (New),ACTIVE,French Fitness,Product Index,2025-01-14T20:12:57Z,2026-08-11T17:56:11Z,266740007228,Google & YouTube,TRUE
9879198499132,gid://shopify/Product/9879198499132,matrix-krankcycle-remanufactured,Matrix Krankcycle (Remanufactured),ACTIVE,Matrix,Product Index,2025-01-14T20:13:12Z,2026-07-29T21:09:14Z,266740007228,Google & YouTube,TRUE
9879198597436,gid://shopify/Product/9879198597436,woodway-mercury-treadmill-remanufactured,Woodway Mercury Treadmill (Remanufactured),ACTIVE,Woodway,Product Index,2025-01-14T20:13:15Z,2026-08-04T11:00:16Z,266740007228,Google & YouTube,TRUE
9879198957884,gid://shopify/Product/9879198957884,french-fitness-ffb-black-half-ball-captains-chair-leg-raise-vkr-new,French Fitness FFB Black Half Ball Captain's Chair Leg Raise VKR (New),ACTIVE,French Fitness,Product Index,2025-01-14T20:13:25Z,2026-08-20T12:35:48Z,266740007228,Google & YouTube,TRUE
9879199318332,gid://shopify/Product/9879199318332,matrix-versa-vs-s70-leg-press-calf-press-remanufactured,Matrix Versa VS-S70 Leg Press / Calf Press (Remanufactured),ACTIVE,Matrix,Product Index,2025-01-14T20:13:38Z,2026-07-29T21:09:12Z,266740007228,Google & YouTube,TRUE
9879199646012,gid://shopify/Product/9879199646012,french-fitness-ffb-black-leverage-horizontal-bench-press-plate-loaded-new,French Fitness FFB Black Leverage Horizontal Bench Press Plate Loaded (New),ACTIVE,French Fitness,Product Index,2025-01-14T20:13:51Z,2026-08-11T17:56:57Z,266740007228,Google & YouTube,TRUE
9879199940924,gid://shopify/Product/9879199940924,woodway-mercury-treadmill-rectangular-console-remanufactured,Woodway Mercury Treadmill (Rectangular Console) (Remanufactured),ACTIVE,Woodway,Product Index,2025-01-14T20:14:02Z,2026-08-04T11:00:13Z,266740007228,Google & YouTube,TRUE
9879200563516,gid://shopify/Product/9879200563516,french-fitness-black-ffb-linear-hack-squat-new,French Fitness Black FFB Linear Hack Squat (New),ACTIVE,French Fitness,Product Index,2025-01-14T20:14:19Z,2026-08-18T15:32:19Z,266740007228,Google & YouTube,TRUE
9879200956732,gid://shopify/Product/9879200956732,woodway-pro-treadmill-remanufactured,Woodway Pro Treadmill (Remanufactured),ACTIVE,Woodway,Product Index,2025-01-14T20:14:34Z,2026-08-04T11:00:13Z,266740007228,Google & YouTube,TRUE
9879202365756,gid://shopify/Product/9879202365756,french-fitness-ffb-black-leverage-squat-calf-machine-new,French Fitness FFB Black Leverage Squat & Calf Machine (New),ACTIVE,French Fitness,Product Index,2025-01-14T20:15:21Z,2026-08-22T23:03:36Z,266740007228,Google & YouTube,TRUE
9879202955580,gid://shopify/Product/9879202955580,life-fitness-x3i-elliptical-cross-trainer-remanufactured,Life Fitness x3i Elliptical Cross-Trainer (Remanufactured),ACTIVE,Life Fitness,Product Index,2025-01-14T20:15:38Z,2026-08-04T11:08:21Z,266740007228,Google & YouTube,TRUE
9879203184956,gid://shopify/Product/9879203184956,french-fitness-ffb-black-mab-multi-adjustable-bench-new,French Fitness FFB Black MAB Multi Adjustable Bench (New),ACTIVE,French Fitness,Product Index,2025-01-14T20:15:44Z,2026-08-22T23:45:52Z,266740007228,Google & YouTube,TRUE
9879204626748,gid://shopify/Product/9879204626748,life-fitness-x5i-elliptical-cross-trainer-remanufactured,Life Fitness x5i Elliptical Cross-Trainer (Remanufactured),ACTIVE,Life Fitness,Product Index,2025-01-14T20:16:33Z,2026-08-04T11:08:21Z,266740007228,Google & YouTube,TRUE
9879204692284,gid://shopify/Product/9879204692284,french-fitness-ffb-black-olympic-decline-bench-new,French Fitness FFB Black Olympic Decline Bench (New),ACTIVE,French Fitness,Product Index,2025-01-14T20:16:36Z,2026-08-11T17:57:21Z,266740007228,Google & YouTube,TRUE
9879205675324,gid://shopify/Product/9879205675324,life-fitness-x7-elliptical-w-advanced-console-remanufactured,Life Fitness X7 Elliptical w/Advanced Console (Remanufactured),ACTIVE,Life Fitness,Product Index,2025-01-14T20:17:03Z,2026-08-22T23:45:51Z,266740007228,Google & YouTube,TRUE
9879205806396,gid://shopify/Product/9879205806396,french-fitness-ffb-black-olympic-flat-bench-press-new,French Fitness FFB Black Olympic Flat Bench Press (New),ACTIVE,French Fitness,Product Index,2025-01-14T20:17:06Z,2026-08-20T18:36:46Z,266740007228,Google & YouTube,TRUE
9879207215420,gid://shopify/Product/9879207215420,french-fitness-ffb-black-olympic-flat-bench-w-weight-horns-new,French Fitness FFB Black Olympic Flat Bench w/Weight Horns (New),ACTIVE,French Fitness,Product Index,2025-01-14T20:17:37Z,2026-08-11T17:55:46Z,266740007228,Google & YouTube,TRUE
9879207641404,gid://shopify/Product/9879207641404,french-fitness-farmers-walk-handles-pair-new,French Fitness Farmers Walk Handles - Pair (New),ACTIVE,French Fitness,Product Index,2025-01-14T20:17:54Z,2026-08-06T18:49:34Z,266740007228,Google & YouTube,TRUE
9879207739708,gid://shopify/Product/9879207739708,life-fitness-x9i-elliptical-crosstrainer-black-remanufactured,Life Fitness x9i Elliptical CrossTrainer - Black (Remanufactured),ACTIVE,Life Fitness,Product Index,2025-01-14T20:17:58Z,2026-08-22T23:45:56Z,266740007228,Google & YouTube,TRUE
9879208165692,gid://shopify/Product/9879208165692,french-fitness-ffb-black-olympic-incline-bench-new,French Fitness FFB Black Olympic Incline Bench (New),ACTIVE,French Fitness,Product Index,2025-01-14T20:18:08Z,2026-08-18T14:53:50Z,266740007228,Google & YouTube,TRUE
9879208689980,gid://shopify/Product/9879208689980,octane-fitness-xr5000-seated-elliptical-remanufactured,Octane Fitness XR5000 Seated Elliptical (Remanufactured),ACTIVE,Octane Fitness,Product Index,2025-01-14T20:18:28Z,2026-08-04T11:07:56Z,266740007228,Google & YouTube,TRUE
9879209050428,gid://shopify/Product/9879209050428,french-fitness-ffb-black-olympic-military-bench-new,French Fitness FFB Black Olympic Military Bench (New),ACTIVE,French Fitness,Product Index,2025-01-14T20:18:41Z,2026-08-11T17:57:26Z,266740007228,Google & YouTube,TRUE
9879209541948,gid://shopify/Product/9879209541948,octane-fitness-xride-xr6-seated-elliptical-remanufactured,Octane Fitness xRide xR6 Seated Elliptical (Remanufactured),ACTIVE,Octane Fitness,Product Index,2025-01-14T20:18:55Z,2026-08-22T23:45:51Z,266740007228,Google & YouTube,TRUE
9879210131772,gid://shopify/Product/9879210131772,french-fitness-ffb-black-olympic-squat-rack-new,French Fitness FFB Black Commercial Olympic Squat Rack / Squat Stand (New),ACTIVE,French Fitness,Product Index,2025-01-14T20:19:15Z,2026-08-26T12:35:24Z,266740007228,Google & YouTube,TRUE
9879210393916,gid://shopify/Product/9879210393916,octane-fitness-xr6000-seated-elliptical-remanufactured,Octane Fitness XR6000 Seated Elliptical (Remanufactured),ACTIVE,Octane Fitness,Product Index,2025-01-14T20:19:25Z,2026-08-22T23:44:21Z,266740007228,Google & YouTube,TRUE
9879211311420,gid://shopify/Product/9879211311420,octane-fitness-xr6000-seated-elliptical-w-smart-screen-remanufactured,Octane Fitness XR6000 Seated Elliptical w/Smart Screen (Remanufactured),ACTIVE,Octane Fitness,Product Index,2025-01-14T20:19:53Z,2026-08-22T23:45:51Z,266740007228,Google & YouTube,TRUE
9879211802940,gid://shopify/Product/9879211802940,french-fitness-ffb-black-seated-calf-raise-plate-loaded-new,French Fitness FFB Black Seated Calf Raise Plate Loaded (New),ACTIVE,French Fitness,Product Index,2025-01-14T20:20:13Z,2026-08-24T08:36:38Z,266740007228,Google & YouTube,TRUE
9879211999548,gid://shopify/Product/9879211999548,octane-fitness-xr6000-seated-elliptical-w-touch-screen-remanufactured,Octane Fitness XR6000 Seated Elliptical w/ Touch Screen (Remanufactured),ACTIVE,Octane Fitness,Product Index,2025-01-14T20:20:23Z,2026-08-22T23:45:51Z,266740007228,Google & YouTube,TRUE
9879212425532,gid://shopify/Product/9879212425532,french-fitness-ffb-black-super-v-squat-plate-loaded-new,French Fitness FFB Black Super V-Squat Plate Loaded (New),ACTIVE,French Fitness,Product Index,2025-01-14T20:20:43Z,2026-08-19T00:05:58Z,266740007228,Google & YouTube,TRUE
9879212818748,gid://shopify/Product/9879212818748,octane-xt1-xt-one-elliptical-w-smart-console-remanufactured,Octane XT1 XT-One Elliptical w/Smart Console (Remanufactured),ACTIVE,Octane Fitness,Product Index,2025-01-14T20:20:54Z,2026-08-04T11:02:36Z,266740007228,Google & YouTube,TRUE
9879213343036,gid://shopify/Product/9879213343036,french-fitness-ffb-black-pectoral-pec-fly-new,French Fitness FFB Black Pectoral Pec Fly (New),ACTIVE,French Fitness,Product Index,2025-01-14T20:21:11Z,2026-08-11T17:56:31Z,266740007228,Google & YouTube,TRUE
9879214227772,gid://shopify/Product/9879214227772,french-fitness-black-pilates-reformer-new,French Fitness Black Pilates Reformer (New),ACTIVE,French Fitness,Product Index,2025-01-14T20:21:40Z,2026-08-25T07:20:27Z,266740007228,Google & YouTube,TRUE
9879214358844,gid://shopify/Product/9879214358844,french-fitness-ghd-glute-ham-developer-roman-chair-new,French Fitness GHD Glute Ham Developer Roman Chair (New),ACTIVE,French Fitness,Product Index,2025-01-14T20:21:42Z,2026-07-30T13:34:15Z,266740007228,Google & YouTube,TRUE
9879214850364,gid://shopify/Product/9879214850364,octane-xt1-xt-one-elliptical-w-standard-console-remanufactured,Octane XT1 XT-One Elliptical w/Standard Console (Remanufactured),ACTIVE,Octane Fitness,Product Index,2025-01-14T20:21:59Z,2026-08-22T21:05:18Z,266740007228,Google & YouTube,TRUE
9879215046972,gid://shopify/Product/9879215046972,french-fitness-ffb-black-pendulum-squat-leg-press-machine-new,French Fitness FFB Black Pendulum Squat Leg Press Machine (New),ACTIVE,French Fitness,Product Index,2025-01-14T20:22:05Z,2026-08-22T01:01:07Z,266740007228,Google & YouTube,TRUE
9879215145276,gid://shopify/Product/9879215145276,french-fitness-ghd-compact-roman-chair-ghd30-new,French Fitness GHD Compact Roman Chair GHD30 (New),ACTIVE,French Fitness,Product Index,2025-01-14T20:22:09Z,2026-08-06T20:01:45Z,266740007228,Google & YouTube,TRUE
9879215702332,gid://shopify/Product/9879215702332,french-fitness-black-ffb-pull-up-vertical-knee-raise-vkr-new,French Fitness Black FFB Pull Up / Vertical Knee Raise VKR (New),ACTIVE,French Fitness,Product Index,2025-01-14T20:22:30Z,2026-08-25T06:14:51Z,266740007228,Google & YouTube,TRUE
9879215800636,gid://shopify/Product/9879215800636,sportsart-xt10-recumbent-bike-remanufactured,SportsArt XT10 Recumbent Bike (Remanufactured),ACTIVE,SportsArt,Product Index,2025-01-14T20:22:34Z,2026-07-29T21:09:14Z,266740007228,Google & YouTube,TRUE
9879216455996,gid://shopify/Product/9879216455996,french-fitness-glute-ham-roller-storage-rack-new,French Fitness Glute Ham Roller Storage Rack (New),ACTIVE,French Fitness,Product Index,2025-01-14T20:22:55Z,2026-08-13T13:59:51Z,266740007228,Google & YouTube,TRUE
9879216554300,gid://shopify/Product/9879216554300,sportsart-xt20-xtrainer-recumbent-bike-remanufactured,SportsArt XT20 Xtrainer Recumbent Bike (Remanufactured),ACTIVE,SportsArt,Product Index,2025-01-14T20:23:02Z,2026-08-22T01:01:07Z,266740007228,Google & YouTube,TRUE
9879217144124,gid://shopify/Product/9879217144124,french-fitness-ffb-black-seated-leg-curl-new,French Fitness FFB Black Seated Leg Curl (New),ACTIVE,French Fitness,Product Index,2025-01-14T20:23:24Z,2026-08-12T11:29:40Z,266740007228,Google & YouTube,TRUE
9879217340732,gid://shopify/Product/9879217340732,bowflex-xtreme-home-gym-remanufactured,Bowflex Xtreme Home Gym (Remanufactured),ACTIVE,Bowflex,Product Index,2025-01-14T20:23:30Z,2026-07-29T21:09:15Z,266740007228,Google & YouTube,TRUE
9879217799484,gid://shopify/Product/9879217799484,french-fitness-ff-gt10-gym-timer-w-remote-new,French Fitness FF-GT10 Gym Timer w/Remote (New),ACTIVE,French Fitness,Product Index,2025-01-14T20:23:39Z,2026-08-06T18:49:31Z,266740007228,Google & YouTube,TRUE
9879218258236,gid://shopify/Product/9879218258236,bowflex-xtreme-2-home-gym-remanufactured,Bowflex Xtreme 2 Home Gym (Remanufactured),ACTIVE,Bowflex,Product Index,2025-01-14T20:23:57Z,2026-07-29T21:09:14Z,266740007228,Google & YouTube,TRUE
9879218487612,gid://shopify/Product/9879218487612,french-fitness-ff-gt10s-gym-timer-w-stand-remote-new,French Fitness FF-GT10S Gym Timer w/Stand & Remote (New),ACTIVE,French Fitness,Product Index,2025-01-14T20:24:01Z,2026-08-06T18:49:31Z,266740007228,Google & YouTube,TRUE
9879218684220,gid://shopify/Product/9879218684220,french-fitness-ffb-black-seated-leg-press-new,French Fitness FFB Black Seated Leg Press (New),ACTIVE,French Fitness,Product Index,2025-01-14T20:24:09Z,2026-08-20T18:40:27Z,266740007228,Google & YouTube,TRUE
9879219274044,gid://shopify/Product/9879219274044,bowflex-xtreme-2-se-home-gym-remanufactured,Bowflex Xtreme 2 SE Home Gym (Remanufactured),ACTIVE,Bowflex,Product Index,2025-01-14T20:24:24Z,2026-07-29T21:09:14Z,266740007228,Google & YouTube,TRUE
9879219601724,gid://shopify/Product/9879219601724,french-fitness-sm200-black-stairmill-new,French Fitness SM200 Black Stairmill (New),ACTIVE,French Fitness,Product Index,2025-01-14T20:24:36Z,2026-08-22T01:01:07Z,266740007228,Google & YouTube,TRUE
9879220060476,gid://shopify/Product/9879220060476,octane-fitness-zr7-zero-runner-remanufactured,Octane Fitness ZR7 Zero Runner (Remanufactured),ACTIVE,Octane Fitness,Product Index,2025-01-14T20:24:52Z,2026-08-04T11:08:21Z,266740007228,Google & YouTube,TRUE
9879220224316,gid://shopify/Product/9879220224316,french-fitness-ffb-black-single-stack-abdominal-crunch-new,French Fitness FFB Black Single Stack Abdominal Crunch (New),ACTIVE,French Fitness,Product Index,2025-01-14T20:25:00Z,2026-08-12T11:32:45Z,266740007228,Google & YouTube,TRUE
9879220814140,gid://shopify/Product/9879220814140,octane-zr8000-zero-runner-w-standard-screen-remanufactured,Octane ZR8000 Zero Runner w/Standard Screen (Remanufactured),ACTIVE,Octane Fitness,Product Index,2025-01-14T20:25:21Z,2026-08-04T11:06:57Z,266740007228,Google & YouTube,TRUE
9879221240124,gid://shopify/Product/9879221240124,french-fitness-ffb-black-single-stack-v-squat-new,French Fitness FFB Black Single Stack V-Squat (New),ACTIVE,French Fitness,Product Index,2025-01-14T20:25:34Z,2026-08-11T17:58:36Z,266740007228,Google & YouTube,TRUE
9879221895484,gid://shopify/Product/9879221895484,octane-zr8000-zero-runner-w-smart-screen-remanufactured,Octane ZR8000 Zero Runner w/Smart Screen (Remanufactured),ACTIVE,Octane Fitness,Product Index,2025-01-14T20:25:53Z,2026-08-04T11:03:02Z,266740007228,Google & YouTube,TRUE
9879222190396,gid://shopify/Product/9879222190396,french-fitness-horizontal-bumper-plate-storage-rack-new,French Fitness Horizontal Bumper Plate Storage Rack (New),ACTIVE,French Fitness,Product Index,2025-01-14T20:26:04Z,2026-08-06T18:49:30Z,266740007228,Google & YouTube,TRUE
9879222518076,gid://shopify/Product/9879222518076,french-fitness-85-xl-trap-bar-w-16-loadable-sleeves-black-new,"French Fitness 85"" XL Trap Bar w/16"" Loadable Sleeves - Black (New)",ACTIVE,French Fitness,Product Index,2025-01-14T20:26:15Z,2026-08-24T07:33:33Z,266740007228,Google & YouTube,TRUE
9879223173436,gid://shopify/Product/9879223173436,french-fitness-ffb-black-triceps-press-seated-dip-new,French Fitness FFB Black Triceps Press Seated Dip (New),ACTIVE,French Fitness,Product Index,2025-01-14T20:26:42Z,2026-08-11T17:56:59Z,266740007228,Google & YouTube,TRUE
9879224582460,gid://shopify/Product/9879224582460,french-fitness-ffb-black-utility-bench-new,French Fitness FFB Black Utility Bench (New),ACTIVE,French Fitness,Product Index,2025-01-14T20:27:37Z,2026-08-23T18:47:52Z,266740007228,Google & YouTube,TRUE
9879226351932,gid://shopify/Product/9879226351932,french-fitness-20-24-30-3-in-1-wooden-plyo-box-black,French Fitness 20-24-30 3-In-1 Wooden Plyo Box - Black (New),ACTIVE,French Fitness,Product Index,2025-01-14T20:28:24Z,2026-08-06T18:49:29Z,266740007228,Google & YouTube,TRUE
9879231103292,gid://shopify/Product/9879231103292,power-plate-my3-acceleration-trainer-remanufactured,Power Plate My3 Acceleration Trainer (Remanufactured),ACTIVE,Power Plate,Product Index,2025-01-14T20:30:42Z,2026-08-22T23:45:56Z,266740007228,Google & YouTube,TRUE
9879232020796,gid://shopify/Product/9879232020796,french-fitness-chrome-47-olympic-combination-bar-new,"French Fitness Chrome 47"" Olympic Combination Bar (New)",ACTIVE,French Fitness,Product Index,2025-01-14T20:31:12Z,2026-08-13T14:07:49Z,266740007228,Google & YouTube,TRUE
9879232086332,gid://shopify/Product/9879232086332,power-plate-my5-vibration-platform-remanufactured,Power Plate My5 Vibration Platform (Remanufactured),ACTIVE,Power Plate,Product Index,2025-01-14T20:31:13Z,2026-08-05T10:09:17Z,266740007228,Google & YouTube,TRUE
9879232905532,gid://shopify/Product/9879232905532,power-plate-my7-remanufactured,Power Plate My7 (Remanufactured),ACTIVE,Power Plate,Product Index,2025-01-14T20:31:45Z,2026-08-22T23:45:51Z,266740007228,Google & YouTube,TRUE
9879233757500,gid://shopify/Product/9879233757500,french-fitness-chrome-56-olympic-shrug-trap-hex-bar-new,"French Fitness Chrome 56"" Olympic Shrug Trap Hex Bar (New)",ACTIVE,French Fitness,Product Index,2025-01-14T20:32:18Z,2026-08-22T23:44:21Z,266740007228,Google & YouTube,TRUE
9879235297596,gid://shopify/Product/9879235297596,nautilus-humansport-arm-crunch-9-hsac3-60bze-new,Nautilus HumanSport Arm Crunch 9-HSAC3-60BZE (New),ACTIVE,Nautilus,Product Index,2025-01-14T20:33:07Z,2026-07-29T21:09:14Z,266740007228,Google & YouTube,TRUE
9879235985724,gid://shopify/Product/9879235985724,nautilus-humansport-freedom-trainer-9-hsft3-60aae-new,Nautilus HumanSport Freedom Trainer 9-HSFT3-60AAE (New),ACTIVE,Nautilus,Product Index,2025-01-14T20:33:35Z,2026-07-29T21:09:12Z,266740007228,Google & YouTube,TRUE
9879238246716,gid://shopify/Product/9879238246716,nautilus-humansport-lat-pulley-9-hslp3-60bze-new,Nautilus HumanSport Lat Pulley 9-HSLP3-60BZE (New),ACTIVE,Nautilus,Product Index,2025-01-14T20:35:06Z,2026-07-29T21:09:15Z,266740007228,Google & YouTube,TRUE
9879238771004,gid://shopify/Product/9879238771004,nautilus-humansport-pull-lift-9-hspl3-60aae-new,Nautilus HumanSport Pull Lift 9-HSPL3-60AAE (New),ACTIVE,Nautilus,Product Index,2025-01-14T20:35:32Z,2026-07-29T21:09:14Z,266740007228,Google & YouTube,TRUE
9879239524668,gid://shopify/Product/9879239524668,nautilus-humansport-shoulder-chest-9-hssc3-60bze-new,Nautilus HumanSport Shoulder Chest 9-HSSC3-60BZE (New),ACTIVE,Nautilus,Product Index,2025-01-14T20:35:59Z,2026-07-29T21:09:20Z,266740007228,Google & YouTube,TRUE
9879240212796,gid://shopify/Product/9879240212796,nautilus-humansport-total-delts-9-hstd3-60bze-new,Nautilus HumanSport Total Delts 9-HSTD3-60BZE (New),ACTIVE,Nautilus,Product Index,2025-01-14T20:36:27Z,2026-07-29T21:09:15Z,266740007228,Google & YouTube,TRUE
9879240868156,gid://shopify/Product/9879240868156,nautilus-humansport-total-legs-9-hstl3-60aae-new,Nautilus HumanSport Total Legs 9-HSTL3-60AAE (New),ACTIVE,Nautilus,Product Index,2025-01-14T20:36:55Z,2026-07-29T21:09:14Z,266740007228,Google & YouTube,TRUE
9879241818428,gid://shopify/Product/9879241818428,nautilus-inspiration-abduction-adduction-9-ipaa5-60bz-new,Nautilus Inspiration Abduction / Adduction 9-IPAA5-60BZ (New),ACTIVE,Nautilus,Product Index,2025-01-14T20:37:23Z,2026-07-29T21:09:14Z,266740007228,Google & YouTube,TRUE
9879242572092,gid://shopify/Product/9879242572092,nautilus-inspiration-abdominal-crunch-9-ipac5-60bz-new,Nautilus Inspiration Abdominal Crunch 9-IPAC5-60BZ (New),ACTIVE,Nautilus,Product Index,2025-01-14T20:37:52Z,2026-07-29T21:09:20Z,266740007228,Google & YouTube,TRUE
9879243325756,gid://shopify/Product/9879243325756,nautilus-inspiration-bilateral-arm-curl-9-ipba5-60bz-new,Nautilus Inspiration Bilateral Arm Curl 9-IPBA5-60BZ (New),ACTIVE,Nautilus,Product Index,2025-01-14T20:38:21Z,2026-07-29T21:09:15Z,266740007228,Google & YouTube,TRUE
9879243882812,gid://shopify/Product/9879243882812,nautilus-inspiration-biceps-curl-9-ipbc5-60bz-new,Nautilus Inspiration Biceps Curl 9-IPBC5-60BZ (New),ACTIVE,Nautilus,Product Index,2025-01-14T20:38:50Z,2026-07-29T21:09:15Z,266740007228,Google & YouTube,TRUE
9879244570940,gid://shopify/Product/9879244570940,nautilus-inspiration-back-extension-9-ipbe5-60bz-new,Nautilus Inspiration Back Extension 9-IPBE5-60BZ (New),ACTIVE,Nautilus,Product Index,2025-01-14T20:39:19Z,2026-07-29T21:09:14Z,266740007228,Google & YouTube,TRUE
9879245324604,gid://shopify/Product/9879245324604,nautilus-inspiration-deltoid-raise-9-ipdr5-60bzs-new,Nautilus Inspiration Deltoid Raise 9-IPDR5-60BZS (New),ACTIVE,Nautilus,Product Index,2025-01-14T20:39:49Z,2026-07-29T21:09:28Z,266740007228,Google & YouTube,TRUE
9879246045500,gid://shopify/Product/9879246045500,nautilus-inspiration-glute-press-9-ipgm5-60aas-new,Nautilus Inspiration Glute Press 9-IPGM5-60AAS (New),ACTIVE,Nautilus,Product Index,2025-01-14T20:40:18Z,2026-07-29T21:09:13Z,266740007228,Google & YouTube,TRUE
9879246831932,gid://shopify/Product/9879246831932,nautilus-inspiration-leg-curl-9-iplc5-60bz-new,Nautilus Inspiration Leg Curl 9-IPLC5-60BZ (New),ACTIVE,Nautilus,Product Index,2025-01-14T20:40:48Z,2026-07-29T21:09:13Z,266740007228,Google & YouTube,TRUE
9879247782204,gid://shopify/Product/9879247782204,nautilus-inspiration-leg-extension-9-iple5-60bz-new,Nautilus Inspiration Leg Extension 9-IPLE5-60BZ (New),ACTIVE,Nautilus,Product Index,2025-01-14T20:41:17Z,2026-07-29T21:09:14Z,266740007228,Google & YouTube,TRUE
9879248634172,gid://shopify/Product/9879248634172,nautilus-inspiration-leg-press-9-iplp5-60bz-new,Nautilus Inspiration Leg Press 9-IPLP5-60BZ (New),ACTIVE,Nautilus,Product Index,2025-01-14T20:41:46Z,2026-07-29T21:09:15Z,266740007228,Google & YouTube,TRUE
9879249355068,gid://shopify/Product/9879249355068,nautilus-inspiration-lat-pull-down-9-ippd5-60bz-new,Nautilus Inspiration Lat Pull Down 9-IPPD5-60BZ (New),ACTIVE,Nautilus,Product Index,2025-01-14T20:42:16Z,2026-07-29T21:09:15Z,266740007228,Google & YouTube,TRUE
9879249879356,gid://shopify/Product/9879249879356,nautilus-inspiration-pec-fly-rear-deltoid-9-ippf5-60bz-new,Nautilus Inspiration Pec Fly/Rear Deltoid 9-IPPF5-60BZ (New),ACTIVE,Nautilus,Product Index,2025-01-14T20:42:45Z,2026-07-29T21:09:13Z,266740007228,Google & YouTube,TRUE
9879251157308,gid://shopify/Product/9879251157308,nautilus-inspiration-pull-over-9-ippo5-60bz-pullover-new,Nautilus Inspiration Pull Over 9-IPPO5-60BZ Pullover (New),ACTIVE,Nautilus,Product Index,2025-01-14T20:43:28Z,2026-07-29T21:09:14Z,266740007228,Google & YouTube,TRUE
9879252074812,gid://shopify/Product/9879252074812,nautilus-inspiration-rotary-torso-9-iprt5-60bzs-new,Nautilus Inspiration Rotary Torso 9-IPRT5-60BZS (New),ACTIVE,Nautilus,Product Index,2025-01-14T20:43:57Z,2026-07-29T21:09:14Z,266740007228,Google & YouTube,TRUE
9879252959548,gid://shopify/Product/9879252959548,nautilus-inspiration-shoulder-press-machine-9-ipsp5-60bz-new,Nautilus Inspiration Shoulder Press Machine 9-IPSP5-60BZ (New),ACTIVE,Nautilus,Product Index,2025-01-14T20:44:25Z,2026-07-29T21:09:18Z,266740007228,Google & YouTube,TRUE
9879253778748,gid://shopify/Product/9879253778748,nautilus-inspiration-tricep-dip-9-iptd5-60bzs-new,Nautilus Inspiration Tricep Dip 9-IPTD5-60BZS (New),ACTIVE,Nautilus,Product Index,2025-01-14T20:44:55Z,2026-07-29T21:09:13Z,266740007228,Google & YouTube,TRUE
9879254958396,gid://shopify/Product/9879254958396,nautilus-inspiration-triceps-extension-9-ipte5-60bz-new,Nautilus Inspiration Triceps Extension 9-IPTE5-60BZ (New),ACTIVE,Nautilus,Product Index,2025-01-14T20:45:25Z,2026-07-29T21:09:14Z,266740007228,Google & YouTube,TRUE
9879256138044,gid://shopify/Product/9879256138044,nautilus-inspiration-chest-press-9-ipvp5-60bz-new,Nautilus Inspiration Chest Press 9-IPVP5-60BZ (New),ACTIVE,Nautilus,Product Index,2025-01-14T20:45:54Z,2026-07-29T21:09:14Z,266740007228,Google & YouTube,TRUE
9879257186620,gid://shopify/Product/9879257186620,nautilus-inspiration-vertical-row-9-ipvr5-60bz-new,Nautilus Inspiration Vertical Row 9-IPVR5-60BZ (New),ACTIVE,Nautilus,Product Index,2025-01-14T20:46:25Z,2026-07-29T21:09:16Z,266740007228,Google & YouTube,TRUE
9879258038588,gid://shopify/Product/9879258038588,nautilus-impact-prone-leg-curl-9na-s1301-60ags-new,Nautilus Impact Prone Leg Curl 9NA-S1301-60AGS (New),ACTIVE,Nautilus,Product Index,2025-01-14T20:46:54Z,2026-07-29T21:09:18Z,266740007228,Google & YouTube,TRUE
9879259021628,gid://shopify/Product/9879259021628,nautilus-impact-seated-leg-press-9na-s1305-60ags-new,Nautilus Impact Seated Leg Press 9NA-S1305-60AGS (New),ACTIVE,Nautilus,Product Index,2025-01-14T20:47:22Z,2026-07-29T21:09:14Z,266740007228,Google & YouTube,TRUE
9879259873596,gid://shopify/Product/9879259873596,nautilus-impact-abductor-9na-s1307-60ags-new,Nautilus Impact Abductor 9NA-S1307-60AGS (New),ACTIVE,Nautilus,Product Index,2025-01-14T20:47:50Z,2026-07-29T21:09:14Z,266740007228,Google & YouTube,TRUE
9879260791100,gid://shopify/Product/9879260791100,nautilus-impact-adductor-9na-s1308-60ags-new,Nautilus Impact Adductor 9NA-S1308-60AGS (New),ACTIVE,Nautilus,Product Index,2025-01-14T20:48:20Z,2026-07-29T21:09:15Z,266740007228,Google & YouTube,TRUE
9879261446460,gid://shopify/Product/9879261446460,nautilus-impact-standing-calf-9na-s1309-60ags-new,Nautilus Impact Standing Calf 9NA-S1309-60AGS (New),ACTIVE,Nautilus,Product Index,2025-01-14T20:48:49Z,2026-07-29T21:09:15Z,266740007228,Google & YouTube,TRUE
9879262232892,gid://shopify/Product/9879262232892,nautilus-impact-kneeling-leg-curl-9na-s1311-60ags-new,Nautilus Impact Kneeling Leg Curl 9NA-S1311-60AGS (New),ACTIVE,Nautilus,Product Index,2025-01-14T20:49:17Z,2026-07-29T21:09:15Z,266740007228,Google & YouTube,TRUE
9879263019324,gid://shopify/Product/9879263019324,nautilus-impact-leg-extension-9na-s1312-60ags-new,Nautilus Impact Leg Extension 9NA-S1312-60AGS (New),ACTIVE,Nautilus,Product Index,2025-01-14T20:49:46Z,2026-07-29T21:09:14Z,266740007228,Google & YouTube,TRUE
9879264133436,gid://shopify/Product/9879264133436,nautilus-impact-seated-leg-curl-9na-s1313-60ags-new,Nautilus Impact Seated Leg Curl 9NA-S1313-60AGS (New),ACTIVE,Nautilus,Product Index,2025-01-14T20:50:14Z,2026-07-29T21:09:18Z,266740007228,Google & YouTube,TRUE
9879264887100,gid://shopify/Product/9879264887100,nautilus-impact-incline-press-9na-s2301-60ags-new,Nautilus Impact Incline Press 9NA-S2301-60AGS (New),ACTIVE,Nautilus,Product Index,2025-01-14T20:50:43Z,2026-07-29T21:09:15Z,266740007228,Google & YouTube,TRUE
9929977397564,gid://shopify/Product/9929977397564,cybex-r-series-lower-body-arc-trainer-w-50l-console-remanufactured,Cybex R Series Lower Body Arc Trainer w/50L Console (Remanufactured),ACTIVE,Cybex,Product Index,2025-02-26T12:03:18Z,2026-08-04T11:06:58Z,266740007228,Google & YouTube,TRUE
9929977626940,gid://shopify/Product/9929977626940,french-fitness-mic30t-indoor-cycle-w-21-5-touch-console-new,"French Fitness MIC30T Indoor Cycle w/21.5"" Touch Console (New)",ACTIVE,French Fitness,Product Index,2025-02-26T12:03:54Z,2026-08-06T18:49:24Z,266740007228,Google & YouTube,TRUE
9929977856316,gid://shopify/Product/9929977856316,french-fitness-free-standing-rig-rack-system-22-new,French Fitness Free Standing Rig & Rack System 22 (New),ACTIVE,French Fitness,Product Index,2025-02-26T12:04:36Z,2026-07-29T21:09:39Z,266740007228,Google & YouTube,TRUE
9929980215612,gid://shopify/Product/9929980215612,french-fitness-wall-mount-rig-rack-system-23-new,French Fitness Wall Mount Rig & Rack System 23 (New),ACTIVE,French Fitness,Product Index,2025-02-26T12:12:41Z,2026-07-29T21:09:37Z,266740007228,Google & YouTube,TRUE
9929983099196,gid://shopify/Product/9929983099196,french-fitness-rack-rig-cable-column-new,French Fitness Rack & Rig Cable Column (New),ACTIVE,French Fitness,Product Index,2025-02-26T12:17:58Z,2026-08-02T17:52:50Z,266740007228,Google & YouTube,TRUE
9929984213308,gid://shopify/Product/9929984213308,french-fitness-43-rack-rig-v2-dumbbell-tier-tray-attachment-new,"French Fitness 43"" Rack & Rig V2 Dumbbell Tier/Tray Attachment (New)",ACTIVE,French Fitness,Product Index,2025-02-26T12:19:25Z,2026-08-06T18:49:24Z,266740007228,Google & YouTube,TRUE
9929984311612,gid://shopify/Product/9929984311612,french-fitness-71-rack-rig-v2-dumbbell-tier-tray-attachment-new,"French Fitness 71"" Rack & Rig V2 Dumbbell Tier/Tray Attachment (New)",ACTIVE,French Fitness,Product Index,2025-02-26T12:19:54Z,2026-08-06T18:49:23Z,266740007228,Google & YouTube,TRUE
9929985360188,gid://shopify/Product/9929985360188,french-fitness-rack-rig-rack-mounted-cable-column-new,French Fitness Rack & Rig Rack Mounted Cable Column (New),ACTIVE,French Fitness,Product Index,2025-02-26T12:21:36Z,2026-08-02T17:52:51Z,266740007228,Google & YouTube,TRUE
9929986539836,gid://shopify/Product/9929986539836,french-fitness-rack-rig-rack-mounted-cable-column-w-lat-seat-and-row-attachment-new,French Fitness Rack & Rig Rack Mounted Cable Column w/Lat Seat and Row Attachment (New),ACTIVE,French Fitness,Product Index,2025-02-26T12:23:52Z,2026-08-02T17:52:54Z,266740007228,Google & YouTube,TRUE
9929987752252,gid://shopify/Product/9929987752252,french-fitness-rack-rig-seal-row-pad-attachment-new,French Fitness Rack & Rig Seal Row Pad Attachment (New),ACTIVE,French Fitness,Product Index,2025-02-26T12:26:44Z,2026-08-25T03:21:38Z,266740007228,Google & YouTube,TRUE
9929987916092,gid://shopify/Product/9929987916092,french-fitness-se400-recumbent-seated-elliptical-w-led-console-new,French Fitness SE400 Recumbent Seated Elliptical w/LED Console (New),ACTIVE,French Fitness,Product Index,2025-02-26T12:27:12Z,2026-08-24T23:10:41Z,266740007228,Google & YouTube,TRUE
9929988047164,gid://shopify/Product/9929988047164,french-fitness-se420t-recumbent-seated-elliptical-w-10-touch-console-new,"French Fitness SE420T Recumbent Seated Elliptical w/10"" Touch Console (New)",ACTIVE,French Fitness,Product Index,2025-02-26T12:27:30Z,2026-08-04T11:09:09Z,266740007228,Google & YouTube,TRUE
9929988342076,gid://shopify/Product/9929988342076,french-fitness-vinyl-kettlebell-65-lbs-new,French Fitness Vinyl Kettlebell 65 lbs (New),ACTIVE,French Fitness,Product Index,2025-02-26T12:28:43Z,2026-08-06T18:49:22Z,266740007228,Google & YouTube,TRUE
9929988505916,gid://shopify/Product/9929988505916,french-fitness-vinyl-kettlebell-70-lbs-new,French Fitness Vinyl Kettlebell 70 lbs (New),ACTIVE,French Fitness,Product Index,2025-02-26T12:29:20Z,2026-08-06T18:49:22Z,266740007228,Google & YouTube,TRUE
9929989095740,gid://shopify/Product/9929989095740,life-fitness-pro2-pectoral-fly-remanufactured,Life Fitness Pro2 Pectoral Fly (Remanufactured),ACTIVE,Life Fitness,Product Index,2025-02-26T12:31:23Z,2026-07-29T21:09:38Z,266740007228,Google & YouTube,TRUE
9929989226812,gid://shopify/Product/9929989226812,life-fitness-insignia-series-biceps-curl-remanufactured,Life Fitness Insignia Series Biceps Curl (Remanufactured),ACTIVE,Life Fitness,Product Index,2025-02-26T12:31:45Z,2026-08-04T07:07:37Z,266740007228,Google & YouTube,TRUE
9929989783868,gid://shopify/Product/9929989783868,life-fitness-insignia-series-chest-press-remanufactured,Life Fitness Insignia Series Chest Press (Remanufactured),ACTIVE,Life Fitness,Product Index,2025-02-26T12:32:10Z,2026-08-04T09:17:07Z,266740007228,Google & YouTube,TRUE
9929990013244,gid://shopify/Product/9929990013244,life-fitness-insignia-series-pulldown-remanufactured,Life Fitness Insignia Series Pulldown (Remanufactured),ACTIVE,Life Fitness,Product Index,2025-02-26T12:32:34Z,2026-08-02T08:36:36Z,266740007228,Google & YouTube,TRUE
9929990209852,gid://shopify/Product/9929990209852,life-fitness-insignia-series-seated-leg-press-remanufactured,Life Fitness Insignia Series Seated Leg Press (Remanufactured),ACTIVE,Life Fitness,Product Index,2025-02-26T12:33:12Z,2026-08-22T23:45:52Z,266740007228,Google & YouTube,TRUE
9929990471996,gid://shopify/Product/9929990471996,life-fitness-insignia-series-shoulder-press-remanufactured,Life Fitness Insignia Series Shoulder Press (Remanufactured),ACTIVE,Life Fitness,Product Index,2025-02-26T12:33:37Z,2026-07-29T21:09:38Z,266740007228,Google & YouTube,TRUE
9929990963516,gid://shopify/Product/9929990963516,life-fitness-insignia-series-triceps-press-remanufactured,Life Fitness Insignia Series Triceps Press (Remanufactured),ACTIVE,Life Fitness,Product Index,2025-02-26T12:34:00Z,2026-08-05T09:20:46Z,266740007228,Google & YouTube,TRUE
9929991258428,gid://shopify/Product/9929991258428,matrix-indoor-rower-w-lcd-console-remanufactured,Matrix Indoor Rower w/LCD Console (Remanufactured),ACTIVE,Matrix,Product Index,2025-02-26T12:34:25Z,2026-08-03T08:26:43Z,266740007228,Google & YouTube,TRUE
9929991422268,gid://shopify/Product/9929991422268,nautilus-instinct-dual-adjustable-pulley-9nl-d2002-60aas-new,Nautilus Instinct Dual Adjustable Pulley 9NL-D2002-60AAS (New),ACTIVE,Nautilus,Product Index,2025-02-26T12:34:58Z,2026-07-29T21:09:37Z,266740007228,Google & YouTube,TRUE
9929991618876,gid://shopify/Product/9929991618876,precor-c240i-stretch-trainer-remanufactured,Precor C240i Stretch Trainer (Remanufactured),ACTIVE,Precor,Product Index,2025-02-26T12:35:18Z,2026-08-03T08:27:17Z,266740007228,Google & YouTube,TRUE
9929991815484,gid://shopify/Product/9929991815484,precor-dbr0611-discovery-series-half-rack-remanufactured,Precor DBR0611 Discovery Series Half Rack (Remanufactured),ACTIVE,Precor,Product Index,2025-02-26T12:35:39Z,2026-07-29T21:09:37Z,266740007228,Google & YouTube,TRUE
9929992438076,gid://shopify/Product/9929992438076,precor-dpl0305-discovery-series-plate-loaded-lat-pulldown-remanufactured,Precor DPL0305 Discovery Series Plate Loaded Lat Pulldown (Remanufactured),ACTIVE,Precor,Product Index,2025-02-26T12:37:39Z,2026-08-05T06:52:39Z,266740007228,Google & YouTube,TRUE
9929993814332,gid://shopify/Product/9929993814332,scifit-pro2-sport-total-body-exerciser-pro231-int-remanufactured,Scifit Pro2 Sport Total Body Exerciser PRO231-INT (Remanufactured),ACTIVE,SciFit,Product Index,2025-02-26T12:39:27Z,2026-08-20T06:01:25Z,266740007228,Google & YouTube,TRUE
9929993879868,gid://shopify/Product/9929993879868,scifit-rex7000-total-body-recumbent-elliptical-w-led-console-remanufactured,SCIFIT REX7000 Total Body Recumbent Elliptical w/LED Console (Remanufactured),ACTIVE,SciFit,Product Index,2025-02-26T12:39:41Z,2026-08-04T11:03:32Z,266740007228,Google & YouTube,TRUE
9929994928444,gid://shopify/Product/9929994928444,sportsart-g576u-eco-powr-upright-bike-remanufactured,SportsArt G576U ECO-POWR Upright Bike (Remanufactured),ACTIVE,SportsArt,Product Index,2025-02-26T12:41:01Z,2026-07-29T21:09:38Z,266740007228,Google & YouTube,TRUE
9929996763452,gid://shopify/Product/9929996763452,true-fitness-c900-recumbent-bike-w-envision-16-console-remanufactured,True Fitness C900 Recumbent Bike w/Envision 16 Console (Remanufactured),ACTIVE,True Fitness,Product Index,2025-02-26T12:46:12Z,2026-07-29T21:09:37Z,266740007228,Google & YouTube,TRUE
9929996960060,gid://shopify/Product/9929996960060,true-fitness-c900-upright-bike-w-envision-16-console-remanufactured,True Fitness C900 Upright Bike w/ENVISION 16 Console (Remanufactured),ACTIVE,True Fitness,Product Index,2025-02-26T12:46:39Z,2026-08-04T09:04:14Z,266740007228,Google & YouTube,TRUE
9929997123900,gid://shopify/Product/9929997123900,true-fitness-xs1000-spectrum-elliptical-w-transcend-16-console-remanufactured,True Fitness XS1000 Spectrum Elliptical w/Transcend 16 Console (Remanufactured),ACTIVE,True Fitness,Product Index,2025-02-26T12:47:04Z,2026-08-04T11:04:35Z,266740007228,Google & YouTube,TRUE
9972913996092,gid://shopify/Product/9972913996092,french-fitness-ub400-commercial-upright-bike-w-led-console-new,French Fitness UB400 Commercial Upright Bike w/LED Console (New),ACTIVE,French Fitness,Product Index,2025-04-01T21:43:25Z,2026-07-28T19:07:11Z,266740007228,Google & YouTube,TRUE
10005275246908,gid://shopify/Product/10005275246908,technogym-artis-run-treadmill-w-unity-3-0-console-remanufactured,Technogym Artis Run Treadmill w/Unity 3.0 Console (Remanufactured),ACTIVE,Technogym,Product Index,2025-04-19T23:31:40Z,2026-08-26T21:39:06Z,266740007228,Google & YouTube,TRUE
10005935063356,gid://shopify/Product/10005935063356,technogym-artis-recline-recumbent-bike-w-unity-3-0-console-remanufactured,Technogym Artis Recline Recumbent Bike w/Unity 3.0 Console (Remanufactured),ACTIVE,Technogym,Product Index,2025-04-20T05:52:23Z,2026-08-22T21:05:20Z,266740007228,Google & YouTube,TRUE
10006373859644,gid://shopify/Product/10006373859644,french-fitness-aerobic-deck-multifunctional-adjustable-bench-new,French Fitness Aerobic Deck Multifunctional Adjustable Bench (New),ACTIVE,French Fitness,Product Index,2025-04-20T19:41:52Z,2026-08-19T15:10:52Z,266740007228,Google & YouTube,TRUE
10007773839676,gid://shopify/Product/10007773839676,french-fitness-rack-rig-utility-seat-attachment-new,French Fitness Rack & Rig Utility Seat Attachment (New),ACTIVE,French Fitness,Product Index,2025-04-22T11:24:51Z,2026-08-06T18:49:21Z,266740007228,Google & YouTube,TRUE
10011475968316,gid://shopify/Product/10011475968316,french-fitness-3-tier-saddle-15-pair-dumbbell-rack-v2-new,French Fitness 3 Tier Saddle 15 Pair Dumbbell Rack V2 (New),ACTIVE,French Fitness,Product Index,2025-04-25T08:49:40Z,2026-08-25T05:32:07Z,266740007228,Google & YouTube,TRUE
10012639789372,gid://shopify/Product/10012639789372,star-trac-10-series-trx-freerunner-24-touch-display-new,"Star Trac 10 Series TRX Freerunner w/24"" Touch Display (New)",ACTIVE,Star Trac,Product Index,2025-04-26T08:58:29Z,2026-08-22T21:05:20Z,266740007228,Google & YouTube,TRUE
10012673343804,gid://shopify/Product/10012673343804,star-trac-10-series-freerunner-w-led-new,Star Trac 10 Series Freerunner w/LED (New),ACTIVE,Star Trac,Product Index,2025-04-26T09:53:34Z,2026-08-04T10:55:38Z,266740007228,Google & YouTube,TRUE
10012746219836,gid://shopify/Product/10012746219836,star-trac-8-series-trx-treadmill-w-24-touch-display-new,"Star Trac 8 Series TRX Treadmill w/24"" Touch Display (New)",ACTIVE,Star Trac,Product Index,2025-04-26T11:41:34Z,2026-08-22T21:05:20Z,266740007228,Google & YouTube,TRUE
10012773548348,gid://shopify/Product/10012773548348,star-trac-8-series-trx-treadmill-w-led-new,Star Trac 8 Series TRX Treadmill w/LED (New),ACTIVE,Star Trac,Product Index,2025-04-26T12:31:13Z,2026-08-04T10:55:21Z,266740007228,Google & YouTube,TRUE
10012785803580,gid://shopify/Product/10012785803580,stairmaster-8-series-freeclimber-w-16-touchscreen-display-new,"StairMaster 8 Series FreeClimber w/16"" Touch Display (New)",ACTIVE,Stairmaster,Product Index,2025-04-26T12:51:43Z,2026-08-22T21:05:19Z,266740007228,Google & YouTube,TRUE
10012945547580,gid://shopify/Product/10012945547580,stairmaster-8-series-freeclimber-w-led-display-new,StairMaster 8 Series FreeClimber w/ LED Display (New),ACTIVE,Stairmaster,Product Index,2025-04-26T16:07:15Z,2026-08-22T21:05:19Z,266740007228,Google & YouTube,TRUE
10013418717500,gid://shopify/Product/10013418717500,stairmaster-10-series-10g-gauntlet-w-16-touch-display-new,"Stairmaster 10 Series 10G Gauntlet w/16"" Touch Display (New)",ACTIVE,Stairmaster,Product Index,2025-04-27T04:18:02Z,2026-08-22T21:05:19Z,266740007228,Google & YouTube,TRUE
10013842964796,gid://shopify/Product/10013842964796,stairmaster-10-series-10g-gauntlet-w-led-display-new,Stairmaster 10 Series 10G Gauntlet w/ LED Display (New),ACTIVE,Stairmaster,Product Index,2025-04-27T19:16:28Z,2026-08-22T21:05:19Z,266740007228,Google & YouTube,TRUE
10014042784060,gid://shopify/Product/10014042784060,stairmaster-8-series-gauntlet-x-w-led-new,Stairmaster 8 Series Gauntlet X w/ LED (New),ACTIVE,Stairmaster,Product Index,2025-04-28T01:24:00Z,2026-07-16T20:42:36Z,266740007228,Google & YouTube,TRUE
10015224070460,gid://shopify/Product/10015224070460,technogym-synchro-1000-elliptical-w-unity-2-0-console-remanufactured,Technogym Synchro 1000 Elliptical w/Unity 2.0 Console (Remanufactured),ACTIVE,Technogym,Product Index,2025-04-29T04:20:22Z,2026-08-04T11:03:01Z,266740007228,Google & YouTube,TRUE
10017455243580,gid://shopify/Product/10017455243580,french-fitness-rack-rig-hip-thruster-bench-attachment-new,French Fitness Rack & Rig Hip Thruster Bench Attachment (New),ACTIVE,French Fitness,Product Index,2025-05-02T01:07:24Z,2026-08-06T18:49:20Z,266740007228,Google & YouTube,TRUE
10017532641596,gid://shopify/Product/10017532641596,french-fitness-rack-rig-glute-ham-developer-ghd-rollers-new,French Fitness Rack & Rig Glute Ham Developer GHD Rollers (New),ACTIVE,French Fitness,Product Index,2025-05-02T03:14:59Z,2026-08-06T18:49:19Z,266740007228,Google & YouTube,TRUE
10019813589308,gid://shopify/Product/10019813589308,french-fitness-colorful-hex-vinyl-48-pair-dumbbell-set-w-body-solid-gdr500-rack-new,French Fitness Colorful Hex Vinyl 48 Pair Dumbbell Set w/ Body-Solid GDR500 Rack (New),ACTIVE,French Fitness,Product Index,2025-05-06T00:07:22Z,2026-08-22T21:05:11Z,266740007228,Google & YouTube,TRUE
10026483908924,gid://shopify/Product/10026483908924,french-fitness-tahoe-seated-leg-press-sled-calf-raise-new,French Fitness Tahoe Seated Leg Press Sled / Calf Raise (New),ACTIVE,French Fitness,Product Index,2025-05-11T17:41:32Z,2026-08-25T00:16:05Z,266740007228,Google & YouTube,TRUE
10027115905340,gid://shopify/Product/10027115905340,true-fitness-cs400-elliptical-w-envision-console-remanufactured,True Fitness CS400 Elliptical w/ Envision Console (Remanufactured),ACTIVE,True Fitness,Product Index,2025-05-12T15:36:29Z,2026-08-04T11:03:31Z,266740007228,Google & YouTube,TRUE
10028565561660,gid://shopify/Product/10028565561660,french-fitness-shasta-seated-leg-press-sled-calf-raise-new,French Fitness Shasta Seated Leg Press Sled / Calf Raise (New),ACTIVE,French Fitness,Product Index,2025-05-13T16:13:44Z,2026-08-25T20:45:08Z,266740007228,Google & YouTube,TRUE
10030876852540,gid://shopify/Product/10030876852540,french-fitness-urethane-round-pro-style-dumbbell-v2-35-lbs-single-new,French Fitness Urethane Round Pro Style Dumbbell V2 35 lbs - Single (New),ACTIVE,French Fitness,Product Index,2025-05-15T16:46:27Z,2026-08-06T18:49:17Z,266740007228,Google & YouTube,TRUE
10030944125244,gid://shopify/Product/10030944125244,french-fitness-urethane-round-pro-style-dumbbell-v2-40-lbs-single-new,French Fitness Urethane Round Pro Style Dumbbell V2 40 lbs - Single (New),ACTIVE,French Fitness,Product Index,2025-05-15T17:10:12Z,2026-08-21T14:24:57Z,266740007228,Google & YouTube,TRUE
10030976729404,gid://shopify/Product/10030976729404,french-fitness-urethane-round-pro-style-dumbbell-v2-45-lbs-single-new,French Fitness Urethane Round Pro Style Dumbbell V2 45 lbs - Single (New),ACTIVE,French Fitness,Product Index,2025-05-15T17:29:05Z,2026-08-06T18:49:16Z,266740007228,Google & YouTube,TRUE
10031019065660,gid://shopify/Product/10031019065660,french-fitness-urethane-round-pro-style-dumbbell-v2-50-lbs-single-new,French Fitness Urethane Round Pro Style Dumbbell V2 50 lbs - Single (New),ACTIVE,French Fitness,Product Index,2025-05-15T19:06:07Z,2026-08-06T18:49:16Z,266740007228,Google & YouTube,TRUE
10032531046716,gid://shopify/Product/10032531046716,french-fitness-urethane-round-pro-style-dumbbell-v2-55-lbs-single-new,French Fitness Urethane Round Pro Style Dumbbell V2 55 lbs - Single (New),ACTIVE,French Fitness,Product Index,2025-05-16T18:26:33Z,2026-08-06T18:49:15Z,266740007228,Google & YouTube,TRUE
10032538714428,gid://shopify/Product/10032538714428,french-fitness-urethane-round-pro-style-dumbbell-v2-60-lbs-single-new,French Fitness Urethane Round Pro Style Dumbbell V2 60 lbs - Single (New),ACTIVE,French Fitness,Product Index,2025-05-16T18:45:17Z,2026-08-06T18:49:15Z,266740007228,Google & YouTube,TRUE
10032719429948,gid://shopify/Product/10032719429948,true-fitness-tc900-treadmill-w-envision-console-remanufactured,True Fitness TC900 Treadmill w/Envision Console (Remanufactured),ACTIVE,True Fitness,Product Index,2025-05-16T20:37:50Z,2026-07-29T21:09:37Z,266740007228,Google & YouTube,TRUE
10034665914684,gid://shopify/Product/10034665914684,french-fitness-urethane-round-pro-style-dumbbell-v2-65-lbs-single-new,French Fitness Urethane Round Pro Style Dumbbell V2 65 lbs - Single (New),ACTIVE,French Fitness,Product Index,2025-05-17T22:12:58Z,2026-08-06T18:49:15Z,266740007228,Google & YouTube,TRUE
10041131303228,gid://shopify/Product/10041131303228,french-fitness-urethane-round-pro-style-dumbbell-v2-70-lbs-single-new,French Fitness Urethane Round Pro Style Dumbbell V2 70 lbs - Single (New),ACTIVE,French Fitness,Product Index,2025-05-20T14:20:19Z,2026-08-06T18:49:14Z,266740007228,Google & YouTube,TRUE
10041155813692,gid://shopify/Product/10041155813692,french-fitness-urethane-round-pro-style-dumbbell-v2-75-lbs-single-new,French Fitness Urethane Round Pro Style Dumbbell V2 75 lbs - Single (New),ACTIVE,French Fitness,Product Index,2025-05-20T15:11:08Z,2026-08-06T18:49:14Z,266740007228,Google & YouTube,TRUE
10041171018044,gid://shopify/Product/10041171018044,french-fitness-urethane-round-pro-style-dumbbell-v2-80-bs-single-new,French Fitness Urethane Round Pro Style Dumbbell V2 80 lbs - Single (New),ACTIVE,French Fitness,Product Index,2025-05-20T15:31:36Z,2026-08-06T18:49:14Z,266740007228,Google & YouTube,TRUE
10041270305084,gid://shopify/Product/10041270305084,french-fitness-urethane-round-pro-style-dumbbell-v2-85-lbs-single-new,French Fitness Urethane Round Pro Style Dumbbell V2 85 lbs - Single (New),ACTIVE,French Fitness,Product Index,2025-05-20T16:35:55Z,2026-08-06T18:49:13Z,266740007228,Google & YouTube,TRUE
10041293013308,gid://shopify/Product/10041293013308,french-fitness-urethane-round-pro-style-dumbbell-v2-90-bs-single-new,French Fitness Urethane Round Pro Style Dumbbell V2 90 lbs - Single (New),ACTIVE,French Fitness,Product Index,2025-05-20T16:59:40Z,2026-08-06T18:49:13Z,266740007228,Google & YouTube,TRUE
10041340559676,gid://shopify/Product/10041340559676,french-fitness-urethane-round-pro-style-dumbbell-v2-95-lbs-single-new,French Fitness Urethane Round Pro Style Dumbbell V2 95 lbs - Single (New),ACTIVE,French Fitness,Product Index,2025-05-20T17:42:53Z,2026-08-06T18:49:13Z,266740007228,Google & YouTube,TRUE
10041366675772,gid://shopify/Product/10041366675772,french-fitness-urethane-round-pro-style-dumbbell-v2-100-lbs-single-new,French Fitness Urethane Round Pro Style Dumbbell V2 100 lbs - Single (New),ACTIVE,French Fitness,Product Index,2025-05-20T18:16:36Z,2026-08-06T18:49:13Z,266740007228,Google & YouTube,TRUE
10042226639164,gid://shopify/Product/10042226639164,french-fitness-urethane-round-pro-style-dumbbell-v2-set-5-50-lbs-new,"French Fitness Urethane Round Pro Style Dumbbell V2 Set, 5-50 lbs (New)",ACTIVE,French Fitness,Product Index,2025-05-21T14:40:20Z,2026-07-28T19:07:18Z,266740007228,Google & YouTube,TRUE
10042232373564,gid://shopify/Product/10042232373564,french-fitness-urethane-round-pro-style-dumbbell-v2-set-5-60-lbs-new,"French Fitness Urethane Round Pro Style Dumbbell V2 Set, 5-60 lbs (New)",ACTIVE,French Fitness,Product Index,2025-05-21T14:57:53Z,2026-08-19T15:53:07Z,266740007228,Google & YouTube,TRUE
10042246791484,gid://shopify/Product/10042246791484,french-fitness-urethane-round-pro-style-dumbbell-v2-set-5-75-lbs-new,"French Fitness Urethane Round Pro Style Dumbbell V2 Set, 5-75 lbs (New)",ACTIVE,French Fitness,Product Index,2025-05-21T15:37:37Z,2026-07-28T19:07:20Z,266740007228,Google & YouTube,TRUE
10042294239548,gid://shopify/Product/10042294239548,french-fitness-urethane-round-pro-style-dumbbell-v2-set-5-100-lbs-new,"French Fitness Urethane Round Pro Style Dumbbell V2 Set, 5-100 lbs (New)",ACTIVE,French Fitness,Product Index,2025-05-21T16:14:40Z,2026-07-28T19:07:18Z,266740007228,Google & YouTube,TRUE
10042301251900,gid://shopify/Product/10042301251900,french-fitness-urethane-round-pro-style-dumbbell-v2-set-55-75-lbs-new,"French Fitness Urethane Round Pro Style Dumbbell V2 Set, 55-75 lbs (New)",ACTIVE,French Fitness,Product Index,2025-05-21T16:24:00Z,2026-07-28T19:07:22Z,266740007228,Google & YouTube,TRUE
10042305872188,gid://shopify/Product/10042305872188,french-fitness-urethane-round-pro-style-dumbbell-v2-set-55-100-lbs-new,"French Fitness Urethane Round Pro Style Dumbbell V2 Set, 55-100 lbs (New)",ACTIVE,French Fitness,Product Index,2025-05-21T16:46:22Z,2026-07-28T19:07:17Z,266740007228,Google & YouTube,TRUE
10042758693180,gid://shopify/Product/10042758693180,technogym-artis-synchro-elliptical-w-unity-4-0-console-remanufactured,Technogym Artis Synchro Elliptical w/Unity 4.0 Console (Remanufactured),ACTIVE,Technogym,Product Index,2025-05-22T13:51:11Z,2026-07-16T20:43:23Z,266740007228,Google & YouTube,TRUE
10042888782140,gid://shopify/Product/10042888782140,french-fitness-vinyl-kettlebell-set-5-70-lbs-new,French Fitness Vinyl Kettlebell Set 5-70 lbs (New),ACTIVE,French Fitness,Product Index,2025-05-22T17:35:24Z,2026-08-14T10:21:06Z,266740007228,Google & YouTube,TRUE
10042970505532,gid://shopify/Product/10042970505532,french-fitness-8-x-4-x-2-crash-mats-3-fold-4-section-folding-gymnastics-mat-new,"French Fitness 8' x 4' x 2"" Crash Mats - 3-Fold 4-Section Folding Gymnastics Mat (New)",ACTIVE,French Fitness,Product Index,2025-05-22T20:50:12Z,2026-08-06T18:49:12Z,266740007228,Google & YouTube,TRUE
10043779744060,gid://shopify/Product/10043779744060,technogym-artis-upright-bike-w-unity-3-0-console-remanufactured,Technogym Artis Upright Bike w/Unity 3.0 Console (Remanufactured),ACTIVE,Technogym,Product Index,2025-05-23T15:48:13Z,2026-08-22T21:05:20Z,266740007228,Google & YouTube,TRUE
10044059844924,gid://shopify/Product/10044059844924,french-fitness-vinyl-kettlebell-set-of-6-5-8-10-12-15-20-lbs-new,"French Fitness Vinyl Kettlebell Set of 6 (5,8,10,12,15,20 lbs) (New)",ACTIVE,French Fitness,Product Index,2025-05-23T21:03:57Z,2026-08-16T08:43:56Z,266740007228,Google & YouTube,TRUE
10045566091580,gid://shopify/Product/10045566091580,precor-amt-835-with-open-stride-w-p31-console-remanufactured,Precor AMT 835 with Open Stride w/P31 Console (Remanufactured),ACTIVE,Precor,Product Index,2025-05-26T13:34:51Z,2026-08-22T23:45:57Z,266740007228,Google & YouTube,TRUE
10054649119036,gid://shopify/Product/10054649119036,french-fitness-telluride-selectorized-abdominal-crunch-new,French Fitness Telluride Selectorized Abdominal Crunch (New),ACTIVE,French Fitness,Product Index,2025-05-29T20:33:58Z,2026-08-24T06:26:20Z,266740007228,Google & YouTube,TRUE
10059303878972,gid://shopify/Product/10059303878972,french-fitness-vail-selectorized-abdominal-crunch-new,French Fitness Vail Selectorized Abdominal Crunch (New),ACTIVE,French Fitness,Product Index,2025-06-04T18:03:58Z,2026-08-25T08:12:18Z,266740007228,Google & YouTube,TRUE
10060362318140,gid://shopify/Product/10060362318140,french-fitness-cast-iron-kettlebell-106-lbs-new,French Fitness Cast Iron Kettlebell 106 lbs (New),ACTIVE,French Fitness,Product Index,2025-06-05T20:20:38Z,2026-08-26T21:16:40Z,266740007228,Google & YouTube,TRUE
10060368249148,gid://shopify/Product/10060368249148,french-fitness-ub420t-commercial-upright-bike-w-10-touch-console-new,"French Fitness UB420T Commercial Upright Bike w/10"" Touch Console (New)",ACTIVE,French Fitness,Product Index,2025-06-05T20:41:06Z,2026-08-22T21:05:10Z,266740007228,Google & YouTube,TRUE
10060396036412,gid://shopify/Product/10060396036412,french-fitness-cast-iron-kettlebell-115-lbs-new,French Fitness Cast Iron Kettlebell 115 lbs (New),ACTIVE,French Fitness,Product Index,2025-06-05T21:24:17Z,2026-08-26T21:16:40Z,266740007228,Google & YouTube,TRUE
10061163036988,gid://shopify/Product/10061163036988,french-fitness-free-standing-rig-rack-system-15-new,French Fitness Free Standing Rig & Rack System 15 (New),ACTIVE,French Fitness,Product Index,2025-06-06T18:40:45Z,2026-07-29T21:09:37Z,266740007228,Google & YouTube,TRUE
10062014939452,gid://shopify/Product/10062014939452,french-fitness-telluride-hip-thrust-glute-machine-new,French Fitness Telluride Hip Thrust Glute Machine (New),ACTIVE,French Fitness,Product Index,2025-06-07T20:22:02Z,2026-08-11T17:57:01Z,266740007228,Google & YouTube,TRUE
10063142551868,gid://shopify/Product/10063142551868,french-fitness-telluride-seated-leg-curl-new,French Fitness Telluride Seated Leg Curl (New),ACTIVE,French Fitness,Product Index,2025-06-08T17:55:15Z,2026-08-18T15:16:06Z,266740007228,Google & YouTube,TRUE
10063163064636,gid://shopify/Product/10063163064636,french-fitness-telluride-prone-leg-curl-new,French Fitness Telluride Prone Leg Curl (New),ACTIVE,French Fitness,Product Index,2025-06-08T18:49:27Z,2026-08-18T15:13:22Z,266740007228,Google & YouTube,TRUE
10065496801596,gid://shopify/Product/10065496801596,french-fitness-telluride-triceps-press-seated-dip-new,French Fitness Telluride Triceps Press Seated Dip (New),ACTIVE,French Fitness,Product Index,2025-06-11T13:07:00Z,2026-08-25T20:34:08Z,266740007228,Google & YouTube,TRUE
10065551556924,gid://shopify/Product/10065551556924,french-fitness-telluride-torso-rotation-new,French Fitness Telluride Torso Rotation (New),ACTIVE,French Fitness,Product Index,2025-06-11T14:15:22Z,2026-08-17T11:00:07Z,266740007228,Google & YouTube,TRUE
10065617879356,gid://shopify/Product/10065617879356,french-fitness-telluride-glute-machine-new,French Fitness Telluride Glute Machine (New),ACTIVE,French Fitness,Product Index,2025-06-11T15:56:29Z,2026-08-11T17:57:02Z,266740007228,Google & YouTube,TRUE
10071602823484,gid://shopify/Product/10071602823484,french-fitness-marin-plate-loaded-incline-super-pec-fly-new,French Fitness Marin Plate Loaded Incline Super Pec Fly (New),ACTIVE,French Fitness,Product Index,2025-06-18T14:12:09Z,2026-08-20T06:02:19Z,266740007228,Google & YouTube,TRUE
10078810145084,gid://shopify/Product/10078810145084,french-fitness-fsr40-commercial-functional-smith-squat-power-cage-83-tall-new,"French Fitness FSR40 Commercial Functional Smith & Squat Power Cage - 83"" Tall (New)",ACTIVE,French Fitness,Product Index,2025-06-25T00:34:49Z,2026-07-28T19:07:22Z,266740007228,Google & YouTube,TRUE
10078889476412,gid://shopify/Product/10078889476412,technogym-synchro-1000-elliptical-w-unity-3-0-console-remanufactured,Technogym Synchro 1000 Elliptical w/Unity 3.0 Console (Remanufactured),ACTIVE,Technogym,Product Index,2025-06-25T02:09:08Z,2026-08-04T11:08:21Z,266740007228,Google & YouTube,TRUE
10078900945212,gid://shopify/Product/10078900945212,technogym-excite-vario-1000-w-unity-3-0-console-remanufactured,Technogym Excite Vario 1000 w/Unity 3.0 Console (Remanufactured),ACTIVE,Technogym,Product Index,2025-06-25T02:54:14Z,2026-08-04T11:08:21Z,266740007228,Google & YouTube,TRUE
10082057650492,gid://shopify/Product/10082057650492,french-fitness-rack-rig-96-junction-bar-crossmember-new,"French Fitness Rack & Rig 96"" Junction Bar Crossmember (New)",ACTIVE,French Fitness,Product Index,2025-06-28T01:29:35Z,2026-08-06T18:49:11Z,266740007228,Google & YouTube,TRUE
10085311086908,gid://shopify/Product/10085311086908,total-gym-elevate-core-adj-trainer-new,Total Gym ELEVATE Core ADJ Trainer (New),ACTIVE,Total Gym,Product Index,2025-07-03T12:27:52Z,2026-08-18T01:09:00Z,266740007228,Google & YouTube,TRUE
10090326982972,gid://shopify/Product/10090326982972,french-fitness-e420t-elliptical-w-10-1-touch-console-new,"French Fitness E420T Elliptical w/10"" Touch Console (New)",ACTIVE,French Fitness,Product Index,2025-07-08T13:22:42Z,2026-08-12T11:15:45Z,266740007228,Google & YouTube,TRUE
10093970424124,gid://shopify/Product/10093970424124,true-fitness-vc900-palisade-climber-w-emerge-led-console-remanufactured,True Fitness VC900 Palisade Climber w/Emerge LED Console (Remanufactured),ACTIVE,True Fitness,Product Index,2025-07-12T21:13:38Z,2026-08-22T21:05:20Z,266740007228,Google & YouTube,TRUE
10094328545596,gid://shopify/Product/10094328545596,precor-efx-883-elliptical-crosstrainer-w-p84-console-remanufactured,Precor EFX 883 Elliptical Crosstrainer w/p84 Console (Remanufactured),ACTIVE,Precor,Product Index,2025-07-13T20:18:45Z,2026-08-04T11:08:23Z,266740007228,Google & YouTube,TRUE
10096969810236,gid://shopify/Product/10096969810236,precor-efx-885-elliptical-crosstrainer-w-p84-console-remanufactured,Precor EFX 885 Elliptical Crosstrainer w/p84 Console (Remanufactured),ACTIVE,Precor,Product Index,2025-07-16T08:05:11Z,2026-08-22T21:05:18Z,266740007228,Google & YouTube,TRUE
10104579850556,gid://shopify/Product/10104579850556,star-trac-6-series-6tr-treadmill-w-lcd-black-new,Star Trac 6 Series 6TR Treadmill w/LCD - Black (New),ACTIVE,Star Trac,Product Index,2025-07-21T17:34:02Z,2026-08-04T10:55:22Z,266740007228,Google & YouTube,TRUE
10107794522428,gid://shopify/Product/10107794522428,sportsart-t661m-medical-rehabilitation-treadmill-new,SportsArt T661M Medical Rehabilitation Treadmill (New),ACTIVE,SportsArt,Product Index,2025-07-24T12:20:53Z,2026-08-04T10:57:47Z,266740007228,Google & YouTube,TRUE
10108701311292,gid://shopify/Product/10108701311292,matrix-endurance-upright-bike-w-premium-led-console-remanufactured,Matrix Endurance Upright Bike w/Premium LED Console (Remanufactured),ACTIVE,Matrix,Product Index,2025-07-24T22:44:08Z,2026-08-22T21:05:17Z,266740007228,Google & YouTube,TRUE
10109956653372,gid://shopify/Product/10109956653372,matrix-endurance-elliptical-w-premium-led-console-remanufactured,Matrix Endurance Elliptical w/Premium LED Console (Remanufactured),ACTIVE,Matrix,Product Index,2025-07-26T00:31:14Z,2026-08-20T06:03:04Z,266740007228,Google & YouTube,TRUE
10110356947260,gid://shopify/Product/10110356947260,matrix-endurance-stepper-w-premium-led-console-remanufactured,Matrix Endurance Stepper w/Premium LED Console (Remanufactured),ACTIVE,Matrix,Product Index,2025-07-26T16:05:28Z,2026-07-29T21:09:38Z,266740007228,Google & YouTube,TRUE
10112157843772,gid://shopify/Product/10112157843772,sportsart-g576r-eco-powr-recumbent-cycle-new,SportsArt G576R ECO-POWR Recumbent Cycle (New),ACTIVE,SportsArt,Product Index,2025-07-29T01:29:34Z,2026-07-29T21:09:38Z,266740007228,Google & YouTube,TRUE
10113791656252,gid://shopify/Product/10113791656252,french-fitness-vail-glute-machine-new,French Fitness Vail Glute Machine (New),ACTIVE,French Fitness,Product Index,2025-07-30T06:30:04Z,2026-08-25T20:45:09Z,266740007228,Google & YouTube,TRUE
10114801467708,gid://shopify/Product/10114801467708,french-fitness-telluride-seated-leg-extension-new,French Fitness Telluride Seated Leg Extension (New),ACTIVE,French Fitness,Product Index,2025-07-31T00:07:48Z,2026-08-11T17:56:08Z,266740007228,Google & YouTube,TRUE
10116902388028,gid://shopify/Product/10116902388028,french-fitness-free-standing-rig-rack-system-24-new,French Fitness Free Standing Rig & Rack System 24 (New),ACTIVE,French Fitness,Product Index,2025-08-01T17:39:40Z,2026-08-22T21:05:10Z,266740007228,Google & YouTube,TRUE
10119779287356,gid://shopify/Product/10119779287356,precor-efx-863-elliptical-w-converging-crossramp-p62-console-remanufactured,Precor EFX 863 Elliptical w/Converging Crossramp + p62 Console (Remanufactured),ACTIVE,Precor,Product Index,2025-08-06T00:44:59Z,2026-08-22T21:05:18Z,266740007228,Google & YouTube,TRUE
10121200468284,gid://shopify/Product/10121200468284,precor-efx-865-elliptical-w-converging-crossramp-p62-console-remanufactured,Precor EFX 865 Elliptical w/Converging Crossramp + p62 Console (Remanufactured),ACTIVE,Precor,Product Index,2025-08-07T03:35:14Z,2026-08-04T11:04:28Z,266740007228,Google & YouTube,TRUE
10129686266172,gid://shopify/Product/10129686266172,freemotion-t11-9-reflex-treadmill-w-touch-screen-remanufactured,Freemotion T11.9 Reflex Treadmill w/Touch Screen (Remanufactured),ACTIVE,FreeMotion,Product Index,2025-08-15T05:40:20Z,2026-08-25T18:54:00Z,266740007228,Google & YouTube,TRUE
10129933762876,gid://shopify/Product/10129933762876,star-trac-6-series-6tr-treadmill-w-24-embedded-display-black-new,"Star Trac 6 Series 6TR Treadmill w/24"" Embedded Display - Black (New)",ACTIVE,Star Trac,Product Index,2025-08-15T18:28:13Z,2026-08-04T10:57:46Z,266740007228,Google & YouTube,TRUE
10130357911868,gid://shopify/Product/10130357911868,technogym-excite-unity-run-600-treadmill-w-unity-3-0-console-remanufactured,Technogym Excite Unity RUN 600 Treadmill w/Unity 3.0 Console (Remanufactured),ACTIVE,Technogym,Product Index,2025-08-16T19:07:01Z,2026-08-22T21:05:20Z,266740007228,Google & YouTube,TRUE
10138120585532,gid://shopify/Product/10138120585532,star-trac-6-series-6tr-treadmill-w-led-black-new,Star Trac 6 Series 6TR Treadmill w/LED - Black (New),ACTIVE,Star Trac,Product Index,2025-08-25T23:25:23Z,2026-08-04T10:55:21Z,266740007228,Google & YouTube,TRUE
10138129301820,gid://shopify/Product/10138129301820,star-trac-6-series-6tr-treadmill-w-16-embedded-display-black-new,"Star Trac 6 Series 6TR Treadmill w/16"" Embedded Display - Black (New)",ACTIVE,Star Trac,Product Index,2025-08-25T23:37:15Z,2026-08-04T10:57:46Z,266740007228,Google & YouTube,TRUE
10138976944444,gid://shopify/Product/10138976944444,french-fitness-pl-hack-squat-leg-press-combo,French Fitness P/L Hack Squat Leg Press Combo,ACTIVE,French Fitness,Product Index,2025-08-26T14:52:33Z,2026-08-23T16:01:47Z,266740007228,Google & YouTube,TRUE
10143915147580,gid://shopify/Product/10143915147580,star-trac-8-series-tr-treadmill-w-24-touch-display-new,"Star Trac 8 Series TR Treadmill w/24"" Touch Display (New)",ACTIVE,Star Trac,Product Index,2025-09-03T10:10:26Z,2026-08-04T10:55:21Z,266740007228,Google & YouTube,TRUE
10143925928252,gid://shopify/Product/10143925928252,star-trac-8-series-tr-treadmill-w-led-new,Star Trac 8 Series TR Treadmill w/LED (New),ACTIVE,Star Trac,Product Index,2025-09-03T11:16:24Z,2026-08-04T10:55:21Z,266740007228,Google & YouTube,TRUE
10145609482556,gid://shopify/Product/10145609482556,star-trac-8-series-rear-drive-elliptical-w-16-touch-display-new,"Star Trac 8 Series Rear Drive Elliptical w/16"" Touch Display (New)",ACTIVE,Star Trac,Product Index,2025-09-05T02:11:39Z,2026-08-04T11:06:59Z,266740007228,Google & YouTube,TRUE
10145616986428,gid://shopify/Product/10145616986428,star-trac-8-series-rear-drive-elliptical-w-led-new,Star Trac 8 Series Rear Drive Elliptical w/LED (New),ACTIVE,Star Trac,Product Index,2025-09-05T03:10:44Z,2026-08-04T11:06:58Z,266740007228,Google & YouTube,TRUE
10145641857340,gid://shopify/Product/10145641857340,star-trac-8-series-cross-trainer-w-16-touch-display-new,"Star Trac 8 Series Cross Trainer w/16"" Touch Display (New)",ACTIVE,Star Trac,Product Index,2025-09-05T04:17:50Z,2026-08-04T11:06:57Z,266740007228,Google & YouTube,TRUE
10145740325180,gid://shopify/Product/10145740325180,star-trac-8-series-cross-trainer-w-led-new,Star Trac 8 Series Cross Trainer w/LED (New),ACTIVE,Star Trac,Product Index,2025-09-05T08:25:54Z,2026-08-04T11:06:56Z,266740007228,Google & YouTube,TRUE
10150808715580,gid://shopify/Product/10150808715580,life-fitness-signature-series-utility-bench-sub-remanufactured,Life Fitness Signature Series Utility Bench SUB (Remanufactured),ACTIVE,Life Fitness,Product Index,2025-09-07T16:24:53Z,2026-07-16T20:45:32Z,266740007228,Google & YouTube,TRUE
10155587502396,gid://shopify/Product/10155587502396,hammer-strength-fw-db-decline-abdominal-bench-remanufactured,Hammer Strength FW-DB Decline Abdominal Bench (Remanufactured),ACTIVE,Hammer Strength,Product Index,2025-09-10T15:48:25Z,2026-07-30T13:43:28Z,266740007228,Google & YouTube,TRUE
10162197168444,gid://shopify/Product/10162197168444,french-fitness-t400-commercial-treadmill-w-led-console-new,French Fitness T400 Commercial Treadmill w/LED Console (New),ACTIVE,French Fitness,Product Index,2025-09-16T15:39:44Z,2026-08-22T21:05:11Z,266740007228,Google & YouTube,TRUE
10163026690364,gid://shopify/Product/10163026690364,total-gym-elevate-jump-new,Total Gym ELEVATE Jump (New),ACTIVE,Total Gym,Product Index,2025-09-17T21:12:14Z,2026-08-18T20:24:37Z,266740007228,Google & YouTube,TRUE
10163029180732,gid://shopify/Product/10163029180732,total-gym-elevate-row-adj-new,Total Gym ELEVATE Row ADJ (New),ACTIVE,Total Gym,Product Index,2025-09-17T21:30:15Z,2026-08-03T09:37:37Z,266740007228,Google & YouTube,TRUE
10164484342076,gid://shopify/Product/10164484342076,total-gym-elevate-pull-up-new,Total Gym ELEVATE Pull-Up (New),ACTIVE,Total Gym,Product Index,2025-09-19T13:01:33Z,2026-07-16T20:45:35Z,266740007228,Google & YouTube,TRUE
10170360332604,gid://shopify/Product/10170360332604,total-gym-elevate-press-new,Total Gym ELEVATE Press (New),ACTIVE,Total Gym,Product Index,2025-09-27T12:41:18Z,2026-07-16T20:45:37Z,266740007228,Google & YouTube,TRUE
10173903077692,gid://shopify/Product/10173903077692,total-gym-elevate-encompass-new,Total Gym ELEVATE Encompass (New),ACTIVE,Total Gym,Product Index,2025-10-02T11:08:36Z,2026-07-16T20:45:38Z,266740007228,Google & YouTube,TRUE
10175465128252,gid://shopify/Product/10175465128252,total-gym-rs-lex-new,Total Gym RS LEX (New),ACTIVE,Total Gym,Product Index,2025-10-04T13:26:11Z,2026-07-16T20:45:41Z,266740007228,Google & YouTube,TRUE
10175750242620,gid://shopify/Product/10175750242620,star-trac-8-series-recumbent-bike-w-16-touch-display-new,"Star Trac 8 Series Recumbent Bike w/16"" Touch Display (New)",ACTIVE,Star Trac,Product Index,2025-10-05T09:29:00Z,2026-07-29T21:09:37Z,266740007228,Google & YouTube,TRUE
10175768723772,gid://shopify/Product/10175768723772,star-trac-8-series-recumbent-bike-w-led-new,Star Trac 8 Series Recumbent Bike w/LED (New),ACTIVE,Star Trac,Product Index,2025-10-05T11:11:38Z,2026-07-29T21:09:39Z,266740007228,Google & YouTube,TRUE
10176330301756,gid://shopify/Product/10176330301756,star-trac-8-series-upright-bike-w-led-new,Star Trac 8 Series Upright Bike w/LED (New),ACTIVE,Star Trac,Product Index,2025-10-06T12:31:28Z,2026-08-22T21:05:20Z,266740007228,Google & YouTube,TRUE
10177568473404,gid://shopify/Product/10177568473404,star-trac-8-series-upright-bike-w-16-touch-display-new,"Star Trac 8 Series Upright Bike w/16"" Touch Display (New)",ACTIVE,Star Trac,Product Index,2025-10-08T11:50:55Z,2026-07-29T21:09:38Z,266740007228,Google & YouTube,TRUE
10177616675132,gid://shopify/Product/10177616675132,star-trac-8-series-versastrider-w-16-touch-display-new,"Star Trac 8 Series Versastrider w/16"" Touch Display (New)",ACTIVE,Star Trac,Product Index,2025-10-08T13:32:21Z,2026-08-04T11:07:56Z,266740007228,Google & YouTube,TRUE
10177840841020,gid://shopify/Product/10177840841020,star-trac-8-series-versastrider-w-led-new,Star Trac 8 Series Versastrider w/LED (New),ACTIVE,Star Trac,Product Index,2025-10-09T02:12:57Z,2026-08-04T11:07:56Z,266740007228,Google & YouTube,TRUE
10178331083068,gid://shopify/Product/10178331083068,versaclimber-cl-108lx-versa-climber-remanufactured,Versaclimber CL-108LX Versa Climber (Remanufactured),ACTIVE,Versaclimber,Product Index,2025-10-09T12:25:40Z,2026-08-22T21:05:20Z,266740007228,Google & YouTube,TRUE
10178987884860,gid://shopify/Product/10178987884860,french-fitness-vp100-vibration-platform,French Fitness VP100 Vibration Platform (New),ACTIVE,French Fitness,Product Index,2025-10-09T21:41:01Z,2026-07-29T21:09:39Z,266740007228,Google & YouTube,TRUE
10183744684348,gid://shopify/Product/10183744684348,precor-s-line-dual-pulldown-seated-row-remanufactured,Precor Vitality S Line Dual Pulldown / Seated Row (Remanufactured),ACTIVE,Precor,Product Index,2025-10-13T21:08:28Z,2026-07-16T20:45:45Z,266740007228,Google & YouTube,TRUE
10186935075132,gid://shopify/Product/10186935075132,sportsart-t661-essentials-eco-natural-treadmill-new,SportsArt T661 Essentials Eco-Natural Treadmill (New),ACTIVE,SportsArt,Product Index,2025-10-18T02:25:43Z,2026-08-04T10:57:47Z,266740007228,Google & YouTube,TRUE
10186956112188,gid://shopify/Product/10186956112188,sportsart-e876-16-status-senza-elliptical-new,SportsArt E876-16 Status Senza Elliptical (New),ACTIVE,SportsArt,Product Index,2025-10-18T04:00:15Z,2026-08-22T21:05:19Z,266740007228,Google & YouTube,TRUE
10186966565180,gid://shopify/Product/10186966565180,sportsart-e876-status-eco-natural-elliptical-new,SportsArt E876 Status Eco-Natural Elliptical (New),ACTIVE,SportsArt,Product Index,2025-10-18T05:13:03Z,2026-07-29T21:09:37Z,266740007228,Google & YouTube,TRUE
10186998022460,gid://shopify/Product/10186998022460,sportsart-e866-16-status-senza-front-drive-elliptical-new,SportsArt E866-16 Status Senza Front Drive Elliptical (New),ACTIVE,SportsArt,Product Index,2025-10-18T06:15:26Z,2026-07-29T21:09:39Z,266740007228,Google & YouTube,TRUE
10187180114236,gid://shopify/Product/10187180114236,precor-icarian-vertical-pec-deck-405-remanufactured,Precor Icarian Vertical Pec Deck 405 (Remanufactured),ACTIVE,Precor,Product Index,2025-10-18T13:51:57Z,2026-07-16T20:45:48Z,266740007228,Google & YouTube,TRUE
10187210588476,gid://shopify/Product/10187210588476,sportsart-e874-13-elite-senza-elliptical-new,SportsArt E874-13 Elite Senza Elliptical (New),ACTIVE,SportsArt,Product Index,2025-10-18T16:21:08Z,2026-08-04T11:03:32Z,266740007228,Google & YouTube,TRUE
10187260625212,gid://shopify/Product/10187260625212,sportsart-e874-elite-eco-natural-elliptical-new,SportsArt E874 Elite Eco-Natural Elliptical (New),ACTIVE,SportsArt,Product Index,2025-10-18T18:15:23Z,2026-07-16T20:45:49Z,266740007228,Google & YouTube,TRUE
10187390026044,gid://shopify/Product/10187390026044,sportsart-e865-essentials-eco-natural-elliptical-new,SportsArt E865 Essentials Eco-Natural Elliptical (New),ACTIVE,SportsArt,Product Index,2025-10-19T01:04:04Z,2026-08-12T08:34:42Z,266740007228,Google & YouTube,TRUE
10187401298236,gid://shopify/Product/10187401298236,sportsart-e863-prime-front-drive-elliptical-new,SportsArt E863 Prime Front-Drive Elliptical (New),ACTIVE,SportsArt,Product Index,2025-10-19T02:59:13Z,2026-08-04T11:03:31Z,266740007228,Google & YouTube,TRUE
10187407196476,gid://shopify/Product/10187407196476,sportsart-e866-status-eco-natural-front-drive-elliptical-new,SportsArt E866 Status Eco-Natural Front Drive Elliptical (New),ACTIVE,SportsArt,Product Index,2025-10-19T03:48:17Z,2026-07-29T21:09:38Z,266740007228,Google & YouTube,TRUE
10187412373820,gid://shopify/Product/10187412373820,sportsart-e835-foundation-self-generating-elliptical-new,SportsArt E835 Foundation Self Generating Elliptical (New),ACTIVE,SportsArt,Product Index,2025-10-19T04:36:50Z,2026-08-12T08:49:55Z,266740007228,Google & YouTube,TRUE
10187416338748,gid://shopify/Product/10187416338748,sportsart-c516-status-indoor-cycling-bike-new,SportsArt C516 Status Indoor Cycling Bike (New),ACTIVE,SportsArt,Product Index,2025-10-19T05:23:28Z,2026-07-16T20:45:51Z,266740007228,Google & YouTube,TRUE
10187486495036,gid://shopify/Product/10187486495036,sportsart-c510-status-indoor-cycling-bike-new,SportsArt C510 Status Indoor Cycling Bike (New),ACTIVE,SportsArt,Product Index,2025-10-19T08:33:31Z,2026-07-16T20:45:51Z,266740007228,Google & YouTube,TRUE
10187492393276,gid://shopify/Product/10187492393276,sportsart-v886-16-verso-status-senza-cross-trainer-new,SportsArt V886-16 Verso Status Senza Cross Trainer (New),ACTIVE,SportsArt,Product Index,2025-10-19T09:23:18Z,2026-08-12T09:54:05Z,266740007228,Google & YouTube,TRUE
10187519492412,gid://shopify/Product/10187519492412,french-fitness-cable-attachment-package-new,French Fitness Cable Attachment Package (New),ACTIVE,French Fitness,Product Index,2025-10-19T12:59:56Z,2026-08-06T18:49:05Z,266740007228,Google & YouTube,TRUE
10188489621820,gid://shopify/Product/10188489621820,sportsart-c576u-16-status-senza-upright-cycle-new,SportsArt C576U-16 Status Senza Upright Cycle (New),ACTIVE,SportsArt,Product Index,2025-10-21T06:19:56Z,2026-08-03T20:43:15Z,266740007228,Google & YouTube,TRUE
10188532711740,gid://shopify/Product/10188532711740,sportsart-c576u-eco-natural-upright-cycle-new,SportsArt C576U Eco-Natural Upright Cycle (New),ACTIVE,SportsArt,Product Index,2025-10-21T07:50:02Z,2026-08-03T20:43:41Z,266740007228,Google & YouTube,TRUE
10188806848828,gid://shopify/Product/10188806848828,french-fitness-telluride-dual-cable-crossover-new,French Fitness Telluride Dual Cable Crossover (New),ACTIVE,French Fitness,Product Index,2025-10-21T17:45:20Z,2026-08-18T14:41:14Z,266740007228,Google & YouTube,TRUE
10189525025084,gid://shopify/Product/10189525025084,sportsart-c576r-16-status-senza-recumbent-cycle-new,SportsArt C576R-16 Status Senza Recumbent Cycle (New),ACTIVE,SportsArt,Product Index,2025-10-22T13:40:45Z,2026-08-03T20:44:07Z,266740007228,Google & YouTube,TRUE
10189888815420,gid://shopify/Product/10189888815420,sportsart-c576r-eco-natural-recumbent-cycle-new,SportsArt C576R Eco-Natural Recumbent Cycle (New),ACTIVE,SportsArt,Product Index,2025-10-23T00:51:24Z,2026-08-03T20:44:30Z,266740007228,Google & YouTube,TRUE
10189997375804,gid://shopify/Product/10189997375804,sportsart-c574u-13-elite-senza-upright-cycle-new,SportsArt C574U-13 Elite Senza Upright Cycle (New),ACTIVE,SportsArt,Product Index,2025-10-23T02:16:35Z,2026-08-03T20:40:00Z,266740007228,Google & YouTube,TRUE
10190131593532,gid://shopify/Product/10190131593532,sportsart-c574u-eco-natural-upright-cycle-new,SportsArt C574U Eco-Natural Upright Cycle (New),ACTIVE,SportsArt,Product Index,2025-10-23T03:51:22Z,2026-08-03T20:42:20Z,266740007228,Google & YouTube,TRUE
10191983214908,gid://shopify/Product/10191983214908,french-fitness-st200-slat-belt-commercial-treadmill-new,French Fitness ST200 Slat Belt Commercial Treadmill (New),ACTIVE,French Fitness,Product Index,2025-10-25T06:00:24Z,2026-08-04T11:01:16Z,266740007228,Google & YouTube,TRUE
10192360505660,gid://shopify/Product/10192360505660,sportsart-v886-verso-status-eco-natural-cross-trainer-new,SportsArt V886 Verso Status Eco-Natural Cross Trainer (New),ACTIVE,SportsArt,Product Index,2025-10-25T17:43:32Z,2026-08-12T09:53:14Z,266740007228,Google & YouTube,TRUE
10192394256700,gid://shopify/Product/10192394256700,sportsart-s775-status-pinnacle-trainer-new,SportsArt S775 Status Pinnacle Trainer (New),ACTIVE,SportsArt,Product Index,2025-10-25T19:22:10Z,2026-08-12T09:55:24Z,266740007228,Google & YouTube,TRUE
10192457630012,gid://shopify/Product/10192457630012,total-gym-elevate-encompass-strength-package-new,Total Gym ELEVATE Encompass Strength Package (New),ACTIVE,Total Gym,Product Index,2025-10-26T00:38:44Z,2026-07-16T20:47:04Z,266740007228,Google & YouTube,TRUE
10192512909628,gid://shopify/Product/10192512909628,sportsart-s715-status-stepper-new,SportsArt S715 Status Stepper (New),ACTIVE,SportsArt,Product Index,2025-10-26T02:56:34Z,2026-08-12T09:59:08Z,266740007228,Google & YouTube,TRUE
10192517792060,gid://shopify/Product/10192517792060,sportsart-ub521m-medical-upper-body-ergometer-with-bilateral-arm-frame-and-adj-swivel-seat-new,SportsArt UB521M Medical Upper Body Ergometer With Bilateral Arm Frame And ADJ Swivel Seat (New),ACTIVE,SportsArt,Product Index,2025-10-26T03:47:47Z,2026-08-12T10:03:01Z,266740007228,Google & YouTube,TRUE
10192548790588,gid://shopify/Product/10192548790588,sportsart-g886-verso-status-eco-powr-cross-trainer-new,SportsArt G886 Verso Status Eco-Powr Cross Trainer (New),ACTIVE,SportsArt,Product Index,2025-10-26T05:21:55Z,2026-08-12T10:07:49Z,266740007228,Google & YouTube,TRUE
10192568549692,gid://shopify/Product/10192568549692,sportsart-g876-status-eco-powr-elliptical-new,SportsArt G876 Status Eco-Powr Elliptical (New),ACTIVE,SportsArt,Product Index,2025-10-26T06:38:43Z,2026-07-16T20:47:05Z,266740007228,Google & YouTube,TRUE
10192590405948,gid://shopify/Product/10192590405948,sportsart-g866-status-eco-powr-front-drive-elliptical-new,SportsArt G866 Status Eco-Powr Front-Drive Elliptical (New),ACTIVE,SportsArt,Product Index,2025-10-26T07:34:56Z,2026-07-16T20:47:05Z,266740007228,Google & YouTube,TRUE
10192643424572,gid://shopify/Product/10192643424572,sportsart-g778-status-eco-powr-stepper-new,SportsArt G778 Status Eco-Powr Stepper (New),ACTIVE,SportsArt,Product Index,2025-10-26T08:21:27Z,2026-07-16T20:47:06Z,266740007228,Google & YouTube,TRUE
10192737468732,gid://shopify/Product/10192737468732,total-gym-elevate-encompass-pilates-package-new,Total Gym ELEVATE Encompass Pilates Package (New),ACTIVE,Total Gym,Product Index,2025-10-26T12:33:33Z,2026-07-16T20:47:06Z,266740007228,Google & YouTube,TRUE
10195169902908,gid://shopify/Product/10195169902908,sportsart-g576u-status-eco-powr-upright-cycle-new,SportsArt G576U Status Eco-Powr Upright Cycle (New),ACTIVE,SportsArt,Product Index,2025-10-28T21:00:11Z,2026-08-06T15:14:20Z,266740007228,Google & YouTube,TRUE
10195190579516,gid://shopify/Product/10195190579516,sportsart-g874-elite-eco-power-elliptical-new,SportsArt G874 Elite Eco-Power Elliptical (New),ACTIVE,SportsArt,Product Index,2025-10-28T21:53:09Z,2026-07-16T20:47:06Z,266740007228,Google & YouTube,TRUE
10195212403004,gid://shopify/Product/10195212403004,sportsart-g574u-elite-eco-powr-upright-cycle-new,SportsArt G574U Elite Eco-Powr Upright Cycle (New),ACTIVE,SportsArt,Product Index,2025-10-29T00:20:53Z,2026-08-06T15:13:28Z,266740007228,Google & YouTube,TRUE
10195279741244,gid://shopify/Product/10195279741244,sportsart-g574r-elite-eco-powr-recumbent-cycle-new,SportsArt G574R Elite Eco-Powr Recumbent Cycle (New),ACTIVE,SportsArt,Product Index,2025-10-29T00:50:45Z,2026-07-16T20:47:07Z,266740007228,Google & YouTube,TRUE
10195454165308,gid://shopify/Product/10195454165308,sportsart-g260-status-eco-powr-rower-new,SportsArt G260 Status Eco-Powr Rower (New),ACTIVE,SportsArt,Product Index,2025-10-29T01:34:12Z,2026-07-16T20:47:07Z,266740007228,Google & YouTube,TRUE
10196188168508,gid://shopify/Product/10196188168508,french-fitness-st300-slat-belt-commercial-treadmill-new,French Fitness ST300 Slat Belt Commercial Treadmill (New),ACTIVE,French Fitness,Product Index,2025-10-29T18:38:25Z,2026-08-04T10:54:21Z,266740007228,Google & YouTube,TRUE
10198076096828,gid://shopify/Product/10198076096828,power-plate-pro8-matte-black-new,Power Plate pro8 - Matte Black (New),ACTIVE,Power Plate,Product Index,2025-10-30T12:34:52Z,2026-07-29T21:09:39Z,266740007228,Google & YouTube,TRUE
10198185738556,gid://shopify/Product/10198185738556,power-plate-my8-matte-black-new,Power Plate my8 - Matte Black (New),ACTIVE,Power Plate,Product Index,2025-10-30T13:35:00Z,2026-07-29T21:09:38Z,266740007228,Google & YouTube,TRUE
10200492638524,gid://shopify/Product/10200492638524,total-gym-elevate-circuit-new,Total Gym ELEVATE Circuit (New),ACTIVE,Total Gym,Product Index,2025-10-31T01:58:47Z,2026-07-16T20:47:08Z,266740007228,Google & YouTube,TRUE
10203260289340,gid://shopify/Product/10203260289340,total-gym-elevate-super-circuit-new,Total Gym ELEVATE Super Circuit (New),ACTIVE,Total Gym,Product Index,2025-10-31T09:36:55Z,2026-07-16T20:47:09Z,266740007228,Google & YouTube,TRUE
10203951825212,gid://shopify/Product/10203951825212,total-gym-rs-encompass-powertower-clinical-complete-package-new,Total Gym RS Encompass PowerTower Clinical Complete Package (New),ACTIVE,Total Gym,Product Index,2025-10-31T15:33:30Z,2026-07-16T20:47:09Z,266740007228,Google & YouTube,TRUE
10204156100924,gid://shopify/Product/10204156100924,sportsart-g516-status-eco-powr-indoor-cycling-bike-new,SportsArt G516 Status Eco-Powr Indoor Cycling Bike (New),ACTIVE,SportsArt,Product Index,2025-10-31T17:08:40Z,2026-08-22T03:29:16Z,266740007228,Google & YouTube,TRUE
10204220588348,gid://shopify/Product/10204220588348,total-gym-rs-encompass-powertower-new,Total Gym RS Encompass PowerTower (New),ACTIVE,Total Gym,Product Index,2025-10-31T17:29:03Z,2026-07-16T20:47:10Z,266740007228,Google & YouTube,TRUE
10204291203388,gid://shopify/Product/10204291203388,french-fitness-sm920-ts-stairmill-w-touch-screen-new,French Fitness SM920T Stairmill w/Touch Screen (New),ACTIVE,French Fitness,Product Index,2025-10-31T18:03:21Z,2026-08-05T20:40:41Z,266740007228,Google & YouTube,TRUE
10205224501564,gid://shopify/Product/10205224501564,sportsart-c574r-13-elite-senza-recumbent-cycle-new,SportsArt C574R-13 Elite Senza Recumbent Cycle (New),ACTIVE,SportsArt,Product Index,2025-11-01T01:26:45Z,2026-07-29T21:09:37Z,266740007228,Google & YouTube,TRUE
10205316448572,gid://shopify/Product/10205316448572,total-gym-rs-encompass-clinical-complete-package-new,Total Gym RS Encompass Clinical Complete Package (New),ACTIVE,Total Gym,Product Index,2025-11-01T02:20:05Z,2026-07-16T20:47:10Z,266740007228,Google & YouTube,TRUE
10205352689980,gid://shopify/Product/10205352689980,sportsart-c574r-eco-natural-recumbent-cycle-new,SportsArt C574R Eco-Natural Recumbent Cycle (New),ACTIVE,SportsArt,Product Index,2025-11-01T02:41:36Z,2026-07-29T21:09:37Z,266740007228,Google & YouTube,TRUE
10205476913468,gid://shopify/Product/10205476913468,total-gym-rs-encompass-new,Total Gym RS Encompass (New),ACTIVE,Total Gym,Product Index,2025-11-01T03:52:03Z,2026-07-16T20:47:11Z,266740007228,Google & YouTube,TRUE
10205506928956,gid://shopify/Product/10205506928956,sportsart-c565r-essentials-eco-natural-recumbent-cycle-new,SportsArt C565R Essentials Eco-Natural Recumbent Cycle (New),ACTIVE,SportsArt,Product Index,2025-11-01T04:08:23Z,2026-07-29T21:09:37Z,266740007228,Google & YouTube,TRUE
10205695148348,gid://shopify/Product/10205695148348,sportsart-c565u-essentials-eco-natural-upright-cycle-new,SportsArt C565U Essentials Eco-Natural Upright Cycle (New),ACTIVE,SportsArt,Product Index,2025-11-01T05:45:34Z,2026-07-29T21:09:37Z,266740007228,Google & YouTube,TRUE
10211454189884,gid://shopify/Product/10211454189884,french-fitness-onyx-iso-lateral-front-lat-pulldown-plate-loaded,French Fitness Onyx Iso-Lateral Front Lat Pulldown Plate Loaded (New),ACTIVE,French Fitness,Product Index,2025-11-03T11:00:59Z,2026-08-11T17:57:21Z,266740007228,Google & YouTube,TRUE
10212632265020,gid://shopify/Product/10212632265020,nautilus-multi-stations-9np-m9201-cable-cross-over-new,Nautilus Multi-Stations 9NP-M9201 Cable Cross Over (New),ACTIVE,Nautilus,Product Index,2025-11-03T23:10:58Z,2026-07-16T20:47:13Z,266740007228,Google & YouTube,TRUE
10213093769532,gid://shopify/Product/10213093769532,nautilus-plate-loaded-9np-l1141-angled-leg-press-new,Nautilus Plate Loaded 9NP-L1141 Angled Leg Press (New),ACTIVE,Nautilus,Product Index,2025-11-04T14:58:41Z,2026-07-16T20:47:14Z,266740007228,Google & YouTube,TRUE
10213188501820,gid://shopify/Product/10213188501820,french-fitness-rb320t-recumbent-bike-w-10-touch-console-new,"French Fitness RB320T Recumbent Bike w/10"" Touch Console (New)",ACTIVE,French Fitness,Product Index,2025-11-04T18:27:25Z,2026-08-22T21:05:11Z,266740007228,Google & YouTube,TRUE
10213993873724,gid://shopify/Product/10213993873724,french-fitness-rb310-recumbent-bike-w-led-console-cordless-new,"French Fitness RB310 Recumbent Bike w/LED Console, Cordless (New)",ACTIVE,French Fitness,Product Index,2025-11-05T18:44:59Z,2026-08-12T11:54:17Z,266740007228,Google & YouTube,TRUE
10217666281788,gid://shopify/Product/10217666281788,sportsart-c535u-foundation-upright-cycle-new,SportsArt C535U Foundation Upright Cycle (New),ACTIVE,SportsArt,Product Index,2025-11-07T11:10:49Z,2026-08-03T20:42:50Z,266740007228,Google & YouTube,TRUE
10217689612604,gid://shopify/Product/10217689612604,sportsart-c535r-foundation-recumbent-cycle-new,SportsArt C535R Foundation Recumbent Cycle (New),ACTIVE,SportsArt,Product Index,2025-11-07T12:29:38Z,2026-07-29T21:09:38Z,266740007228,Google & YouTube,TRUE
10218515661116,gid://shopify/Product/10218515661116,freemotion-f610-genesis-squat-machine-remanufactured,Freemotion F610 Genesis Squat Machine (Remanufactured),ACTIVE,FreeMotion,Product Index,2025-11-08T03:43:11Z,2026-07-16T20:47:16Z,266740007228,Google & YouTube,TRUE
10219025727804,gid://shopify/Product/10219025727804,french-fitness-t850-commercial-treadmill-w-led-console-new,French Fitness T850 Commercial Treadmill w/LED Console (New),ACTIVE,French Fitness,Product Index,2025-11-08T23:02:04Z,2026-08-22T21:05:11Z,266740007228,Google & YouTube,TRUE
10219086020924,gid://shopify/Product/10219086020924,sportsart-t635m-rehabilitation-treadmill-new,SportsArt T635M Rehabilitation Treadmill (New),ACTIVE,SportsArt,Product Index,2025-11-09T03:50:07Z,2026-08-04T10:55:21Z,266740007228,Google & YouTube,TRUE
10219946049852,gid://shopify/Product/10219946049852,french-fitness-multi-functional-adjustable-bench-v3-w-arm-curl-leg-ext-new,French Fitness Multi Functional Adjustable Bench V3 w/Arm Curl + Leg Ext (New),ACTIVE,French Fitness,Product Index,2025-11-09T10:04:40Z,2026-08-06T18:49:04Z,266740007228,Google & YouTube,TRUE
10221238124860,gid://shopify/Product/10221238124860,french-fitness-rb300-recumbent-bike-w-led-console-plug-in-new,"French Fitness RB300 Recumbent Bike w/LED Console, Plug In (New)",ACTIVE,French Fitness,Product Index,2025-11-10T18:15:56Z,2026-07-28T19:07:26Z,266740007228,Google & YouTube,TRUE
10223147024700,gid://shopify/Product/10223147024700,sportsart-c521m-rehabilitation-bi-directional-cycle-new,SportsArt C521M Rehabilitation Bi Directional Cycle (New),ACTIVE,SportsArt,Product Index,2025-11-13T00:34:53Z,2026-07-29T21:09:39Z,266740007228,Google & YouTube,TRUE
10223180874044,gid://shopify/Product/10223180874044,sportsart-tr22f-residential-folding-treadmill-new,SportsArt TR22F Residential Folding Treadmill (New),ACTIVE,SportsArt,Product Index,2025-11-13T02:23:47Z,2026-08-04T10:54:21Z,266740007228,Google & YouTube,TRUE
10223613509948,gid://shopify/Product/10223613509948,nautilus-plate-loaded-9np-l1132-belt-squat-new,Nautilus Plate Loaded 9NP-L1132 Belt Squat (New),ACTIVE,Nautilus,Product Index,2025-11-13T17:44:11Z,2026-07-16T20:47:32Z,266740007228,Google & YouTube,TRUE
10225631887676,gid://shopify/Product/10225631887676,star-trac-6-series-cross-trainer-w-16-touch-display-new,"Star Trac 6 Series Cross Trainer w/16"" Touch Display (New)",ACTIVE,Star Trac,Product Index,2025-11-14T10:49:34Z,2026-08-04T11:03:31Z,266740007228,Google & YouTube,TRUE
10225641554236,gid://shopify/Product/10225641554236,star-trac-6-series-cross-trainer-w-led-new,Star Trac 6 Series Cross Trainer w/LED (New),ACTIVE,Star Trac,Product Index,2025-11-14T12:06:26Z,2026-08-04T11:03:31Z,266740007228,Google & YouTube,TRUE
10225691263292,gid://shopify/Product/10225691263292,star-trac-6-series-cross-trainer-w-lcd-new,Star Trac 6 Series Cross Trainer w/LCD (New),ACTIVE,Star Trac,Product Index,2025-11-14T13:50:53Z,2026-08-04T11:03:31Z,266740007228,Google & YouTube,TRUE
10226754683196,gid://shopify/Product/10226754683196,french-fitness-e310-elliptical-trainer-w-led-console-cordless-new,"French Fitness E310 Elliptical Trainer w/LED Console, Cordless (New)",ACTIVE,French Fitness,Product Index,2025-11-15T19:35:18Z,2026-08-24T18:36:39Z,266740007228,Google & YouTube,TRUE
10226775687484,gid://shopify/Product/10226775687484,french-fitness-e320t-elliptical-trainer-w-10-touch-console-new,"French Fitness E320T Elliptical Trainer w/10"" Touch Console (New)",ACTIVE,French Fitness,Product Index,2025-11-15T22:03:15Z,2026-08-04T11:03:02Z,266740007228,Google & YouTube,TRUE
10227267469628,gid://shopify/Product/10227267469628,star-trac-6-series-recumbent-bike-w-16-touch-display-new,"Star Trac 6 Series Recumbent Bike w/16"" Touch Display (New)",ACTIVE,Star Trac,Product Index,2025-11-16T11:35:53Z,2026-07-29T21:09:39Z,266740007228,Google & YouTube,TRUE
10227283624252,gid://shopify/Product/10227283624252,star-trac-6-series-recumbent-bike-w-led-new,Star Trac 6 Series Recumbent Bike w/LED (New),ACTIVE,Star Trac,Product Index,2025-11-16T12:26:49Z,2026-07-29T21:09:39Z,266740007228,Google & YouTube,TRUE
10231481499964,gid://shopify/Product/10231481499964,star-trac-6-series-recumbent-bike-w-lcd-new,Star Trac 6 Series Recumbent Bike w/LCD (New),ACTIVE,Star Trac,Product Index,2025-11-19T13:00:24Z,2026-07-29T21:09:37Z,266740007228,Google & YouTube,TRUE
10232996495676,gid://shopify/Product/10232996495676,technogym-recline-excite-700-sp-recumbent-exercise-bike-remanufactured,Technogym Excite Recline 700 SP Recumbent Bike w/LED Console (Remanufactured),ACTIVE,Technogym,Product Index,2025-11-20T05:14:15Z,2026-07-30T06:01:36Z,266740007228,Google & YouTube,TRUE
10233224855868,gid://shopify/Product/10233224855868,star-trac-6-series-upright-bike-w-16-touch-display-new,"Star Trac 6 Series Upright Bike w/16"" Touch Display (New)",ACTIVE,Star Trac,Product Index,2025-11-20T14:18:25Z,2026-07-29T21:09:39Z,266740007228,Google & YouTube,TRUE
10233309561148,gid://shopify/Product/10233309561148,nautilus-plate-loaded-9np-l1112-standing-calf-new,Nautilus Plate Loaded 9NP-L1112 Standing Calf (New),ACTIVE,Nautilus,Product Index,2025-11-20T18:30:20Z,2026-07-16T20:47:44Z,266740007228,Google & YouTube,TRUE
10234029703484,gid://shopify/Product/10234029703484,star-trac-6-series-upright-bike-w-led-new,Star Trac 6 Series Upright Bike w/LED (New),ACTIVE,Star Trac,Product Index,2025-11-20T23:54:22Z,2026-07-29T21:09:39Z,266740007228,Google & YouTube,TRUE
10234173653308,gid://shopify/Product/10234173653308,star-trac-6-series-upright-bike-w-lcd-new,Star Trac 6 Series Upright Bike w/LCD (New),ACTIVE,Star Trac,Product Index,2025-11-21T01:05:49Z,2026-08-26T22:29:48Z,266740007228,Google & YouTube,TRUE
10234418364732,gid://shopify/Product/10234418364732,sportsart-e80c-residential-elliptical-new,SportsArt E80C Residential Elliptical (New),ACTIVE,SportsArt,Product Index,2025-11-21T02:24:23Z,2026-08-04T11:03:02Z,266740007228,Google & YouTube,TRUE
10234657046844,gid://shopify/Product/10234657046844,sportsart-c55u-residential-upright-bike-new,SportsArt C55U Residential Upright Bike (New),ACTIVE,SportsArt,Product Index,2025-11-21T03:39:49Z,2026-07-29T21:09:39Z,266740007228,Google & YouTube,TRUE
10235722170684,gid://shopify/Product/10235722170684,sportsart-c55r-residential-recumbent-bike-new,SportsArt C55R Residential Recumbent Bike (New),ACTIVE,SportsArt,Product Index,2025-11-21T13:44:42Z,2026-07-29T21:09:39Z,266740007228,Google & YouTube,TRUE
10237677207868,gid://shopify/Product/10237677207868,french-fitness-rubber-grip-weight-plate-set-w-7-ft-olympic-bar-495-lbs-new,French Fitness Rubber Grip Weight Plate Set w/7 ft Olympic Bar 495 lbs (New),ACTIVE,French Fitness,Product Index,2025-11-22T18:30:05Z,2026-07-28T19:07:23Z,266740007228,Google & YouTube,TRUE
10237798940988,gid://shopify/Product/10237798940988,french-fitness-cable-machine-attachment-10-piece-functional-grip-kit-new,French Fitness Cable Machine Attachment 10-Piece Functional Grip Kit (New),ACTIVE,French Fitness,Product Index,2025-11-22T20:33:32Z,2026-08-14T17:07:47Z,266740007228,Google & YouTube,TRUE
10238357995836,gid://shopify/Product/10238357995836,nautilus-plate-loaded-9np-l1110-tilt-seat-calf-new,Nautilus Plate Loaded 9NP-L1110 Tilt Seat Calf (New),ACTIVE,Nautilus,Product Index,2025-11-23T08:27:41Z,2026-08-22T21:05:17Z,266740007228,Google & YouTube,TRUE
10240114000188,gid://shopify/Product/10240114000188,french-fitness-t300-commercial-treadmill-new,French Fitness T300 Commercial Treadmill (New),ACTIVE,French Fitness,Product Index,2025-11-25T11:03:17Z,2026-08-04T10:57:46Z,266740007228,Google & YouTube,TRUE
10242947907900,gid://shopify/Product/10242947907900,french-fitness-ub300-upright-bike-w-led-console-plug-in-new,"French Fitness UB300 Upright Bike w/LED Console, Plug In (New)",ACTIVE,French Fitness,Product Index,2025-11-28T11:19:20Z,2026-07-28T19:07:18Z,266740007228,Google & YouTube,TRUE
10243068690748,gid://shopify/Product/10243068690748,french-fitness-wall-mounted-rack-functional-trainer-1-1-new,French Fitness Wall Mounted Rack Functional Trainer 1:1 (New),ACTIVE,French Fitness,Product Index,2025-11-28T16:34:51Z,2026-07-29T21:09:38Z,266740007228,Google & YouTube,TRUE
10243298099516,gid://shopify/Product/10243298099516,french-fitness-ub310-upright-bike-w-led-console-cordless-new,"French Fitness UB310 Upright Bike w/ LED Console, Cordless (New)",ACTIVE,French Fitness,Product Index,2025-11-29T07:05:46Z,2026-07-28T19:07:11Z,266740007228,Google & YouTube,TRUE
10243307503932,gid://shopify/Product/10243307503932,french-fitness-rb600-recumbent-bike-w-led-console-new,French Fitness RB600 Recumbent Bike with LED Console (New),ACTIVE,French Fitness,Product Index,2025-11-29T08:27:42Z,2026-08-06T00:27:48Z,266740007228,Google & YouTube,TRUE
10243489923388,gid://shopify/Product/10243489923388,french-fitness-shasta-v2-lat-pulldown-low-row-new,French Fitness Shasta V2 Lat Pulldown / Low Row (New),ACTIVE,French Fitness,Product Index,2025-11-29T14:27:34Z,2026-08-25T20:34:09Z,266740007228,Google & YouTube,TRUE
10243981508924,gid://shopify/Product/10243981508924,nautilus-plate-loaded-9np-l3140-incline-row-new,Nautilus Plate Loaded 9NP-L3140 Incline Lever Row (New),ACTIVE,Nautilus,Product Index,2025-11-30T09:41:33Z,2026-08-11T13:44:16Z,266740007228,Google & YouTube,TRUE
10245808587068,gid://shopify/Product/10245808587068,french-fitness-wall-mounted-rack-functional-trainer-2-1-new,French Fitness Wall Mounted Rack Functional Trainer 2:1 (New),ACTIVE,French Fitness,Product Index,2025-12-04T12:32:44Z,2026-07-29T21:09:39Z,266740007228,Google & YouTube,TRUE
10246877544764,gid://shopify/Product/10246877544764,french-fitness-47-heavy-punching-bag-100-lb-new,"French Fitness 47"" Heavy Punching Bag, 100 lb (New)",ACTIVE,French Fitness,Product Index,2025-12-05T09:47:23Z,2026-08-06T18:49:03Z,266740007228,Google & YouTube,TRUE
10247596147004,gid://shopify/Product/10247596147004,french-fitness-rubber-coated-hex-dumbbell-new,French Fitness Rubber Coated Hex Dumbbells (New),ACTIVE,French Fitness,Product Index,2025-12-06T13:51:23Z,2026-08-26T21:16:15Z,266740007228,Google & YouTube,TRUE
10247823130940,gid://shopify/Product/10247823130940,french-fitness-rb620t-recumbent-bike-w-15-touch-console-new,"French Fitness RB620T Recumbent Bike w/15"" Touch Console (New)",ACTIVE,French Fitness,Product Index,2025-12-06T23:27:15Z,2026-08-25T08:21:11Z,266740007228,Google & YouTube,TRUE
10254897807676,gid://shopify/Product/10254897807676,french-fitness-fsr110-commercial-cable-smith-rack-w-counter-balance-new,French Fitness FSR110 Light Commercial Functional Rack Trainer Cable Smith Rack w/Counter Balance (New),ACTIVE,French Fitness,Product Index,2025-12-16T05:12:37Z,2026-08-07T18:08:17Z,266740007228,Google & YouTube,TRUE
10273068548412,gid://shopify/Product/10273068548412,french-fitness-x10lp-functional-gym-system-new,French Fitness X10LP Functional Gym System (New),ACTIVE,French Fitness,Product Index,2026-01-13T21:31:05Z,2026-07-16T20:48:52Z,266740007228,Google & YouTube,TRUE
10273653457212,gid://shopify/Product/10273653457212,french-fitness-vail-hip-thrust-glute-machine-new,French Fitness Vail Hip Thrust Glute Machine (New),ACTIVE,French Fitness,Product Index,2026-01-14T19:38:23Z,2026-08-11T17:57:01Z,266740007228,Google & YouTube,TRUE
10274055684412,gid://shopify/Product/10274055684412,french-fitness-vail-triceps-press-seated-dip-new,French Fitness Vail Triceps Press Seated Dip (New),ACTIVE,French Fitness,Product Index,2026-01-15T14:49:08Z,2026-08-25T08:05:06Z,266740007228,Google & YouTube,TRUE
10279112835388,gid://shopify/Product/10279112835388,nautilus-leverage-chest-press-9np3-l2002-60bzs-new,Nautilus Leverage Chest Press 9NP3-L2002-60BZS (New),ACTIVE,Nautilus,Product Index,2026-01-22T10:35:28Z,2026-08-22T21:05:17Z,266740007228,Google & YouTube,TRUE
10285087293756,gid://shopify/Product/10285087293756,freemotion-reflex-t22-7s-touchscreen-treadmill-remanufactured,Freemotion Reflex t22.7s Touchscreen Treadmill (Remanufactured),ACTIVE,FreeMotion,Product Index,2026-02-01T09:55:37Z,2026-08-04T11:00:13Z,266740007228,Google & YouTube,TRUE
10285757563196,gid://shopify/Product/10285757563196,french-fitness-cast-iron-olympic-weight-plate-v1-set-335-lbs-new,French Fitness Cast Iron Olympic Weight Plate V1 Set 335 lbs (New),ACTIVE,French Fitness,Product Index,2026-02-02T18:16:49Z,2026-07-29T21:09:39Z,266740007228,Google & YouTube,TRUE
10290339905852,gid://shopify/Product/10290339905852,french-fitness-ub320t-upright-bike-w-10-touch-console-new,"French Fitness UB320T Upright Bike w/10"" Touch Console (New)",ACTIVE,French Fitness,Product Index,2026-02-04T18:56:24Z,2026-08-22T21:05:11Z,266740007228,Google & YouTube,TRUE
10294665543996,gid://shopify/Product/10294665543996,schwinn-aetherion-r-9-7612-aeth-r-zone-bike-w-zone-display-new,Schwinn Aetherion+ R 9-7612-AETH-R-ZONE Bike w/Zone Display (New),ACTIVE,Schwinn,Product Index,2026-02-06T21:33:56Z,2026-07-29T21:09:39Z,266740007228,Google & YouTube,TRUE
10294699131196,gid://shopify/Product/10294699131196,schwinn-aetherion-s-9-7602-aeth-s-zone-bike-w-zone-display-new,Schwinn Aetherion+ S 9-7602-AETH-S-ZONE Bike w/Zone Display (New),ACTIVE,Schwinn,Product Index,2026-02-06T23:23:20Z,2026-07-29T21:09:37Z,266740007228,Google & YouTube,TRUE
10295115350332,gid://shopify/Product/10295115350332,schwinn-aetherion-r-9-7610-kintp0-bike-new,Schwinn Aetherion R 9-7610-KINTP0 Bike (New),ACTIVE,Schwinn,Product Index,2026-02-07T20:38:02Z,2026-08-26T21:17:33Z,266740007228,Google & YouTube,TRUE
10296305320252,gid://shopify/Product/10296305320252,schwinn-aetherion-s-9-7600-kintp0-bike-new,Schwinn Aetherion S 9-7600-KINTP0 Bike (New),ACTIVE,Schwinn,Product Index,2026-02-10T21:51:42Z,2026-08-26T21:17:33Z,266740007228,Google & YouTube,TRUE
10301881418044,gid://shopify/Product/10301881418044,sportsart-a990-plate-loaded-glute-trainer-new,SportsArt A990 Plate Loaded Glute Trainer (New),ACTIVE,SportsArt,Product Index,2026-02-17T08:21:39Z,2026-08-22T21:05:19Z,266740007228,Google & YouTube,TRUE
10309869502780,gid://shopify/Product/10309869502780,life-fitness-plate-loaded-linear-leg-press-remanufactured,Life Fitness Plate Loaded Linear Leg Press (Remanufactured),ACTIVE,Life Fitness,Product Index,2026-02-26T09:06:35Z,2026-08-22T21:05:17Z,266740007228,Google & YouTube,TRUE
10310913360188,gid://shopify/Product/10310913360188,french-fitness-ub600-upright-bike-w-led-console-new,French Fitness UB600 Upright Bike w/LED Console (New),ACTIVE,French Fitness,Product Index,2026-02-28T18:08:56Z,2026-07-28T19:07:09Z,266740007228,Google & YouTube,TRUE
10323080479036,gid://shopify/Product/10323080479036,french-fitness-ub620t-upright-bike-w-15-touch-console-new,"French Fitness UB620T Upright Bike w/15"" Touch Console (New)",ACTIVE,French Fitness,Product Index,2026-03-03T19:30:15Z,2026-07-28T19:07:18Z,266740007228,Google & YouTube,TRUE
10338979610940,gid://shopify/Product/10338979610940,french-fitness-e600-elliptical-w-led-console-new,French Fitness E600 Elliptical with LED Console (New),ACTIVE,French Fitness,Product Index,2026-03-18T00:40:11Z,2026-08-21T21:00:05Z,266740007228,Google & YouTube,TRUE
10339479781692,gid://shopify/Product/10339479781692,french-fitness-e620t-elliptical-w-15-touch-console-new,"French Fitness E620T Elliptical w/15"" Touch Console (New)",ACTIVE,French Fitness,Product Index,2026-03-18T22:21:08Z,2026-08-14T10:37:42Z,266740007228,Google & YouTube,TRUE
10342691078460,gid://shopify/Product/10342691078460,precor-icarian-6-stack-multi-station-gym-cw2222-remanufactured,Precor Icarian 6-Stack Multi-Station Gym CW2222 (Remanufactured),ACTIVE,Precor,Product Index,2026-03-21T09:52:03Z,2026-07-29T21:09:38Z,266740007228,Google & YouTube,TRUE
10346655973692,gid://shopify/Product/10346655973692,french-fitness-marin-pendulum-squat-machine-new,French Fitness Marin Pendulum Squat Machine (New),ACTIVE,French Fitness,Product Index,2026-03-26T13:11:22Z,2026-07-28T19:07:22Z,266740007228,Google & YouTube,TRUE
10354483953980,gid://shopify/Product/10354483953980,french-fitness-x90-3-stack-multi-gym-system-new,French Fitness X90 3 Stack Multi-Gym System (New),ACTIVE,French Fitness,Product Index,2026-04-02T21:51:39Z,2026-08-07T15:51:27Z,266740007228,Google & YouTube,TRUE
10354513838396,gid://shopify/Product/10354513838396,french-fitness-x90-hlp-high-low-pulley-attachment-new,French Fitness X90-HLP High/Low Pulley Attachment (New),ACTIVE,French Fitness,Product Index,2026-04-02T22:53:40Z,2026-07-29T21:09:39Z,266740007228,Google & YouTube,TRUE
10357000798524,gid://shopify/Product/10357000798524,technogym-excite-crossover-1000-w-unity-3-0-console-remanufactured,Technogym Excite Crossover 1000 w/Unity 3.0 Console (Remanufactured),ACTIVE,Technogym,Product Index,2026-04-07T04:05:23Z,2026-08-04T11:03:01Z,266740007228,Google & YouTube,TRUE
10358727344444,gid://shopify/Product/10358727344444,technogym-new-recline-excite-700-w-unity-2-0-console-remanufactured,Technogym Excite Recline 700 Recumbent Bike w/Unity 2.0 Console (Remanufactured),ACTIVE,Technogym,Product Index,2026-04-08T01:39:30Z,2026-07-29T21:09:37Z,266740007228,Google & YouTube,TRUE
