Type,Page URL
product,https://www.fitnesssuperstore.com/products/sportsart-c521m-rehabilitation-bi-directional-cycle-new
product,https://www.fitnesssuperstore.com/products/total-gym-rs-encompass-clinical-complete-package-new
product,https://www.fitnesssuperstore.com/products/sportsart-c574r-eco-natural-recumbent-cycle-new
product,https://www.fitnesssuperstore.com/products/sportsart-c565r-essentials-eco-natural-recumbent-cycle-new
product,https://www.fitnesssuperstore.com/products/sportsart-c565u-essentials-eco-natural-upright-cycle-new
product,https://www.fitnesssuperstore.com/products/french-fitness-onyx-iso-lateral-front-lat-pulldown-plate-loaded
product,https://www.fitnesssuperstore.com/products/nautilus-plate-loaded-9np-l1141-angled-leg-press-new
product,https://www.fitnesssuperstore.com/products/sportsart-c535u-foundation-upright-cycle-new
product,https://www.fitnesssuperstore.com/products/sportsart-c535r-foundation-recumbent-cycle-new
product,https://www.fitnesssuperstore.com/products/freemotion-f610-genesis-squat-machine-remanufactured
product,https://www.fitnesssuperstore.com/products/french-fitness-t850-commercial-treadmill-w-led-console-new
product,https://www.fitnesssuperstore.com/products/sportsart-t635m-rehabilitation-treadmill-new
product,https://www.fitnesssuperstore.com/products/french-fitness-multi-functional-adjustable-bench-v3-w-arm-curl-leg-ext-new
product,https://www.fitnesssuperstore.com/products/sportsart-c574r-13-elite-senza-recumbent-cycle-new
product,https://www.fitnesssuperstore.com/products/sportsart-tr22f-residential-folding-treadmill-new
product,https://www.fitnesssuperstore.com/products/nautilus-plate-loaded-9np-l1132-belt-squat-new
product,https://www.fitnesssuperstore.com/products/star-trac-6-series-cross-trainer-w-16-touch-display-new
product,https://www.fitnesssuperstore.com/products/star-trac-6-series-cross-trainer-w-led-new
product,https://www.fitnesssuperstore.com/products/french-fitness-multi-adjustable-bench-w-decline-arm-leg-attachments-new
product,https://www.fitnesssuperstore.com/products/french-fitness-e310-elliptical-trainer-w-led-console-cordless-new
product,https://www.fitnesssuperstore.com/products/french-fitness-e320t-elliptical-trainer-w-10-touch-console-new
product,https://www.fitnesssuperstore.com/products/star-trac-6-series-recumbent-bike-w-led-new
product,https://www.fitnesssuperstore.com/products/french-fitness-ffb-black-commercial-adjustable-flat-incline-decline-bench-new
product,https://www.fitnesssuperstore.com/products/star-trac-6-series-recumbent-bike-w-lcd-new
product,https://www.fitnesssuperstore.com/products/star-trac-6-series-upright-bike-w-16-touch-display-new
product,https://www.fitnesssuperstore.com/products/nautilus-plate-loaded-9np-l1112-standing-calf-new
product,https://www.fitnesssuperstore.com/products/total-gym-elevate-encompass-pilates-package-new
product,https://www.fitnesssuperstore.com/products/sportsart-c574u-13-elite-senza-upright-cycle-new
product,https://www.fitnesssuperstore.com/products/sportsart-c574u-eco-natural-upright-cycle-new
product,https://www.fitnesssuperstore.com/products/french-fitness-st200-slat-belt-commercial-treadmill-new
product,https://www.fitnesssuperstore.com/products/sportsart-v886-verso-status-eco-natural-cross-trainer-new
product,https://www.fitnesssuperstore.com/products/sportsart-s775-status-pinnacle-trainer-new
product,https://www.fitnesssuperstore.com/products/total-gym-elevate-encompass-strength-package-new
product,https://www.fitnesssuperstore.com/products/sportsart-s715-status-stepper-new
product,https://www.fitnesssuperstore.com/products/sportsart-ub521m-medical-upper-body-ergometer-with-bilateral-arm-frame-and-adj-swivel-seat-new
product,https://www.fitnesssuperstore.com/products/sportsart-g886-verso-status-eco-powr-cross-trainer-new
product,https://www.fitnesssuperstore.com/products/sportsart-g876-status-eco-powr-elliptical-new
product,https://www.fitnesssuperstore.com/products/sportsart-g866-status-eco-powr-front-drive-elliptical-new
product,https://www.fitnesssuperstore.com/products/sportsart-g778-status-eco-powr-stepper-new
product,https://www.fitnesssuperstore.com/products/star-trac-6-series-upright-bike-w-led-new
product,https://www.fitnesssuperstore.com/products/sportsart-g576u-status-eco-powr-upright-cycle-new
product,https://www.fitnesssuperstore.com/products/sportsart-g874-elite-eco-power-elliptical-new
product,https://www.fitnesssuperstore.com/products/sportsart-g574u-elite-eco-powr-upright-cycle-new
product,https://www.fitnesssuperstore.com/products/sportsart-g574r-elite-eco-powr-recumbent-cycle-new
product,https://www.fitnesssuperstore.com/products/sportsart-g260-status-eco-powr-rower-new
product,https://www.fitnesssuperstore.com/products/french-fitness-st300-slat-belt-commercial-treadmill-new
product,https://www.fitnesssuperstore.com/products/power-plate-pro8-matte-black-new
product,https://www.fitnesssuperstore.com/products/total-gym-rs-encompass-powertower-clinical-complete-package-new
product,https://www.fitnesssuperstore.com/products/sportsart-g516-status-eco-powr-indoor-cycling-bike-new
product,https://www.fitnesssuperstore.com/products/total-gym-rs-encompass-powertower-new
product,https://www.fitnesssuperstore.com/products/french-fitness-sm920-ts-stairmill-w-touch-screen-new
product,https://www.fitnesssuperstore.com/products/freemotion-reflex-t22-7s-touchscreen-treadmill-remanufactured
product,https://www.fitnesssuperstore.com/products/body-solid-sls500b-leverage-squat-new
product,https://www.fitnesssuperstore.com/products/body-solid-bffid25b-adjustable-weight-bench-new
product,https://www.fitnesssuperstore.com/products/body-solid-bfmg20b-sportsman-gym-new
product,https://www.fitnesssuperstore.com/products/body-solid-bfsm250b-best-fitness-smith-machine-new
product,https://www.fitnesssuperstore.com/products/body-solid-endurance-e100-center-drive-elliptical-new
product,https://www.fitnesssuperstore.com/products/goldendesign-gdi-6880-03-fs-catalonia-8-person-full-spectrum-near-zero-emf-far-ir-sauna-new
product,https://www.fitnesssuperstore.com/products/french-fitness-x10lp-functional-gym-system-new
product,https://www.fitnesssuperstore.com/products/french-fitness-vail-hip-thrust-glute-machine-new
product,https://www.fitnesssuperstore.com/products/french-fitness-vail-triceps-press-seated-dip-new
product,https://www.fitnesssuperstore.com/products/french-fitness-aluminum-pulley-upgrade-new
product,https://www.fitnesssuperstore.com/products/nautilus-leverage-chest-press-9np3-l2002-60bzs-new
product,https://www.fitnesssuperstore.com/products/body-solid-bsld-apu-aluminum-pulley-upgrade
product,https://www.fitnesssuperstore.com/products/body-solid-s2pecx-series-2-pec-fly-and-rear-delt-new
product,https://www.fitnesssuperstore.com/products/french-fitness-cast-iron-olympic-weight-plate-v1-set-335-lbs-new
product,https://www.fitnesssuperstore.com/products/french-fitness-ub320t-upright-bike-w-10-touch-console-new
product,https://www.fitnesssuperstore.com/products/schwinn-aetherion-r-9-7612-aeth-r-zone-bike-w-zone-display-new
product,https://www.fitnesssuperstore.com/products/schwinn-aetherion-s-9-7602-aeth-s-zone-bike-w-zone-display-new
product,https://www.fitnesssuperstore.com/products/schwinn-aetherion-r-9-7610-kintp0-bike-new
product,https://www.fitnesssuperstore.com/products/schwinn-aetherion-s-9-7600-kintp0-bike-new
product,https://www.fitnesssuperstore.com/products/sportsart-a990-plate-loaded-glute-trainer-new
product,https://www.fitnesssuperstore.com/products/fitness-superstore-gift-certificate
product,https://www.fitnesssuperstore.com/products/life-fitness-plate-loaded-linear-leg-press-remanufactured
product,https://www.fitnesssuperstore.com/products/french-fitness-ub600-upright-bike-w-led-console-new
product,https://www.fitnesssuperstore.com/products/french-fitness-ub620t-upright-bike-w-15-touch-console-new
product,https://www.fitnesssuperstore.com/products/french-fitness-urethane-olympic-weight-plate-v2-set-50-lbs-new
product,https://www.fitnesssuperstore.com/products/star-trac-6-series-upright-bike-w-lcd-new
product,https://www.fitnesssuperstore.com/products/sportsart-e80c-residential-elliptical-new
product,https://www.fitnesssuperstore.com/products/sportsart-c55u-residential-upright-bike-new
product,https://www.fitnesssuperstore.com/products/sportsart-c55r-residential-recumbent-bike-new
product,https://www.fitnesssuperstore.com/products/nautilus-plate-loaded-9np-l1110-tilt-seat-calf-new
product,https://www.fitnesssuperstore.com/products/french-fitness-t300-commercial-treadmill-new
product,https://www.fitnesssuperstore.com/products/french-fitness-ub300-upright-bike-w-led-console-plug-in-new
product,https://www.fitnesssuperstore.com/products/french-fitness-wall-mounted-rack-functional-trainer-1-1-new
product,https://www.fitnesssuperstore.com/products/french-fitness-ub310-upright-bike-w-led-console-cordless-new
product,https://www.fitnesssuperstore.com/products/nautilus-plate-loaded-9np-l3140-incline-row-new
product,https://www.fitnesssuperstore.com/products/french-fitness-4-aerobic-stepper-new
product,https://www.fitnesssuperstore.com/products/french-fitness-wall-mounted-rack-functional-trainer-2-1-new
product,https://www.fitnesssuperstore.com/products/sportsart-c576r-eco-natural-recumbent-cycle-new
product,https://www.fitnesssuperstore.com/products/french-fitness-urethane-olympic-weight-plate-v2-set-70-lbs-new
product,https://www.fitnesssuperstore.com/products/french-fitness-urethane-olympic-weight-plate-v2-set-100-lbs-new
product,https://www.fitnesssuperstore.com/products/french-fitness-urethane-olympic-weight-plate-v2-set-120-lbs-new
product,https://www.fitnesssuperstore.com/products/french-fitness-urethane-olympic-weight-plate-v2-set-140-lbs-new
product,https://www.fitnesssuperstore.com/products/french-fitness-urethane-olympic-weight-plate-v2-set-170-lbs-new
product,https://www.fitnesssuperstore.com/products/body-solid-s2cpx-2-series-ii-chest-press-new
product,https://www.fitnesssuperstore.com/products/body-solid-s2ftx-series-2-functional-trainer-new
product,https://www.fitnesssuperstore.com/products/body-solid-s2iotx-series-2-inner-and-outer-thigh-new
product,https://www.fitnesssuperstore.com/products/body-solid-s2latx-series-2-lat-and-mid-row-new
product,https://www.fitnesssuperstore.com/products/body-solid-s2lecx-series-2-leg-curl-and-extension-new
product,https://www.fitnesssuperstore.com/products/body-solid-s2lpcx-series-2-leg-press-and-calf-raise-new
product,https://www.fitnesssuperstore.com/products/french-fitness-vail-glute-machine-new
product,https://www.fitnesssuperstore.com/products/technogym-synchro-1000-elliptical-w-unity-3-0-console-remanufactured
product,https://www.fitnesssuperstore.com/products/technogym-excite-vario-1000-w-unity-3-0-console-remanufactured
product,https://www.fitnesssuperstore.com/products/french-fitness-rack-rig-96-junction-bar-crossmember-new
product,https://www.fitnesssuperstore.com/products/french-fitness-rubber-flooring-ramps-beveled-edge-transition-strip-12mm-new
product,https://www.fitnesssuperstore.com/products/total-gym-elevate-core-adj-trainer-new
product,https://www.fitnesssuperstore.com/products/precor-efx-883-elliptical-crosstrainer-w-p84-console-remanufactured
product,https://www.fitnesssuperstore.com/products/precor-efx-885-elliptical-crosstrainer-w-p84-console-remanufactured
product,https://www.fitnesssuperstore.com/products/star-trac-6-series-6tr-treadmill-w-lcd-black-new
product,https://www.fitnesssuperstore.com/products/matrix-endurance-upright-bike-w-premium-led-console-remanufactured
product,https://www.fitnesssuperstore.com/products/matrix-endurance-elliptical-w-premium-led-console-remanufactured
product,https://www.fitnesssuperstore.com/products/matrix-endurance-stepper-w-premium-led-console-remanufactured
product,https://www.fitnesssuperstore.com/products/sportsart-g576r-eco-powr-recumbent-cycle-new
product,https://www.fitnesssuperstore.com/products/french-fitness-marin-plate-loaded-incline-super-pec-fly-new
product,https://www.fitnesssuperstore.com/products/precor-efx-863-elliptical-w-converging-crossramp-p62-console-remanufactured
product,https://www.fitnesssuperstore.com/products/rig-wall-mounted
product,https://www.fitnesssuperstore.com/products/rig-floor-mounted
product,https://www.fitnesssuperstore.com/products/technogym-excite-unity-run-600-treadmill-w-unity-3-0-console-remanufactured
product,https://www.fitnesssuperstore.com/products/body-solid-bfct1b-cross-trainer-elliptical-new
product,https://www.fitnesssuperstore.com/products/body-solid-bfinver10b-best-fitness-inversion-table-new
product,https://www.fitnesssuperstore.com/products/french-fitness-dumbbell-workout-training-charts-posters-new
product,https://www.fitnesssuperstore.com/products/french-fitness-medicine-ball-workout-training-charts-posters-new
product,https://www.fitnesssuperstore.com/products/french-fitness-resistance-band-workout-training-charts-posters-new
product,https://www.fitnesssuperstore.com/products/french-fitness-barbell-workout-training-charts-posters-new
product,https://www.fitnesssuperstore.com/products/french-fitness-kettlebell-workout-training-charts-posters-new
product,https://www.fitnesssuperstore.com/products/french-fitness-3-tier-saddle-15-pair-dumbbell-rack-v2-new
product,https://www.fitnesssuperstore.com/products/french-fitness-sm900-stairmill-w-led-new
product,https://www.fitnesssuperstore.com/products/true-fitness-xc900-elliptical-w-envision-16-console-remanufactured
product,https://www.fitnesssuperstore.com/products/french-fitness-8-combination-universal-storage-rack-new
product,https://www.fitnesssuperstore.com/products/technogym-new-recline-excite-700-w-unity-2-0-console-remanufactured
product,https://www.fitnesssuperstore.com/products/technogym-excite-crossover-1000-w-unity-3-0-console-remanufactured
product,https://www.fitnesssuperstore.com/products/french-fitness-x90-hlp-high-low-pulley-attachment-new
product,https://www.fitnesssuperstore.com/products/french-fitness-x90-3-stack-multi-gym-system-new
product,https://www.fitnesssuperstore.com/products/precor-icarian-6-stack-multi-station-gym-cw2222-remanufactured
product,https://www.fitnesssuperstore.com/products/french-fitness-e620t-elliptical-w-15-touch-console-new
product,https://www.fitnesssuperstore.com/products/french-fitness-e600-elliptical-w-led-console-new
product,https://www.fitnesssuperstore.com/products/french-fitness-3-tier-saddle-18-pair-dumbbell-rack-v3-new
product,https://www.fitnesssuperstore.com/products/sportsart-c576r-16-status-senza-recumbent-cycle-new
product,https://www.fitnesssuperstore.com/products/star-trac-10-series-trx-freerunner-24-touch-display-new
product,https://www.fitnesssuperstore.com/products/star-trac-8-series-trx-treadmill-w-led-new
product,https://www.fitnesssuperstore.com/products/stairmaster-8-series-freeclimber-w-16-touchscreen-display-new
product,https://www.fitnesssuperstore.com/products/stairmaster-10-series-10g-gauntlet-w-led-display-new
product,https://www.fitnesssuperstore.com/products/stairmaster-8-series-gauntlet-x-w-led-new
product,https://www.fitnesssuperstore.com/products/technogym-artis-synchro-elliptical-w-unity-4-0-console-remanufactured
product,https://www.fitnesssuperstore.com/products/french-fitness-vinyl-mesh-24-x-96-horizontal-banner-new
product,https://www.fitnesssuperstore.com/products/french-fitness-telluride-hip-thrust-glute-machine-new
product,https://www.fitnesssuperstore.com/products/french-fitness-telluride-triceps-press-seated-dip-new
product,https://www.fitnesssuperstore.com/products/french-fitness-telluride-torso-rotation-new
product,https://www.fitnesssuperstore.com/products/french-fitness-telluride-glute-machine-new
product,https://www.fitnesssuperstore.com/products/precor-icarian-vertical-pec-deck-405-remanufactured
product,https://www.fitnesssuperstore.com/products/star-trac-8-series-recumbent-bike-w-led-new
product,https://www.fitnesssuperstore.com/products/star-trac-8-series-upright-bike-w-led-new
product,https://www.fitnesssuperstore.com/products/star-trac-8-series-upright-bike-w-16-touch-display-new
product,https://www.fitnesssuperstore.com/products/star-trac-8-series-versastrider-w-16-touch-display-new
product,https://www.fitnesssuperstore.com/products/star-trac-8-series-versastrider-w-led-new
product,https://www.fitnesssuperstore.com/products/french-fitness-vp100-vibration-platform
product,https://www.fitnesssuperstore.com/products/precor-s-line-dual-pulldown-seated-row-remanufactured
product,https://www.fitnesssuperstore.com/products/sportsart-t661-essentials-eco-natural-treadmill-new
product,https://www.fitnesssuperstore.com/products/sportsart-e876-16-status-senza-elliptical-new
product,https://www.fitnesssuperstore.com/products/sportsart-e876-status-eco-natural-elliptical-new
product,https://www.fitnesssuperstore.com/products/sportsart-e866-16-status-senza-front-drive-elliptical-new
product,https://www.fitnesssuperstore.com/products/french-fitness-stability-ball-workout-training-charts-posters-new
product,https://www.fitnesssuperstore.com/products/sportsart-e874-13-elite-senza-elliptical-new
product,https://www.fitnesssuperstore.com/products/sportsart-e874-elite-eco-natural-elliptical-new
product,https://www.fitnesssuperstore.com/products/sportsart-e865-essentials-eco-natural-elliptical-new
product,https://www.fitnesssuperstore.com/products/sportsart-e863-prime-front-drive-elliptical-new
product,https://www.fitnesssuperstore.com/products/sportsart-e866-status-eco-natural-front-drive-elliptical-new
product,https://www.fitnesssuperstore.com/products/sportsart-e835-foundation-self-generating-elliptical-new
product,https://www.fitnesssuperstore.com/products/sportsart-c516-status-indoor-cycling-bike-new
product,https://www.fitnesssuperstore.com/products/sportsart-c510-status-indoor-cycling-bike-new
product,https://www.fitnesssuperstore.com/products/sportsart-v886-16-verso-status-senza-cross-trainer-new
product,https://www.fitnesssuperstore.com/products/sportsart-c576u-16-status-senza-upright-cycle-new
product,https://www.fitnesssuperstore.com/products/sportsart-c576u-eco-natural-upright-cycle-new
product,https://www.fitnesssuperstore.com/products/total-gym-leg-pulley-system-new
product,https://www.fitnesssuperstore.com/products/french-fitness-cable-machine-workout-training-charts-posters-new
product,https://www.fitnesssuperstore.com/products/star-trac-6-series-6tr-treadmill-w-led-black-new
product,https://www.fitnesssuperstore.com/products/star-trac-6-series-6tr-treadmill-w-16-embedded-display-black-new
product,https://www.fitnesssuperstore.com/products/french-fitness-pl-hack-squat-leg-press-combo
product,https://www.fitnesssuperstore.com/products/body-solid-gcbt380b-cam-series-bicep-tricep-new
product,https://www.fitnesssuperstore.com/products/body-solid-gdip59b-dip-station-new
product,https://www.fitnesssuperstore.com/products/body-solid-s2btpx-series-ii-bicep-and-tricep-machine-new
product,https://www.fitnesssuperstore.com/products/star-trac-8-series-tr-treadmill-w-24-touch-display-new
product,https://www.fitnesssuperstore.com/products/french-fitness-owt10-olympic-weight-tree-storage-rack-new
product,https://www.fitnesssuperstore.com/products/star-trac-8-series-rear-drive-elliptical-w-16-touch-display-new
product,https://www.fitnesssuperstore.com/products/star-trac-8-series-cross-trainer-w-16-touch-display-new
product,https://www.fitnesssuperstore.com/products/star-trac-8-series-cross-trainer-w-led-new
product,https://www.fitnesssuperstore.com/products/life-fitness-signature-series-utility-bench-sub-remanufactured
product,https://www.fitnesssuperstore.com/products/french-fitness-basic-t-shirt-mens-black-new
product,https://www.fitnesssuperstore.com/products/body-solid-s2abbx-series-2-ab-and-back-new
product,https://www.fitnesssuperstore.com/products/french-fitness-t400-commercial-treadmill-w-led-console-new
product,https://www.fitnesssuperstore.com/products/french-fitness-ffb-black-12-stack-multi-jungle-gym-new
product,https://www.fitnesssuperstore.com/products/total-gym-elevate-row-adj-new
product,https://www.fitnesssuperstore.com/products/french-fitness-ffs-silver-12-stack-multi-jungle-gym-new
product,https://www.fitnesssuperstore.com/products/total-gym-elevate-pull-up-new
product,https://www.fitnesssuperstore.com/products/total-gym-elevate-press-new
product,https://www.fitnesssuperstore.com/products/total-gym-rs-lex-new
product,https://www.fitnesssuperstore.com/products/matrix-g3-s76-aura-rotary-hip-remanufactured
product,https://www.fitnesssuperstore.com/products/marpo-kinetics-vmx-vlt-dual-trainer-new
product,https://www.fitnesssuperstore.com/products/marpo-kinetics-x8-compact-rope-trainer-new
product,https://www.fitnesssuperstore.com/products/matrix-lifestyle-elliptical-w-touch-console-remanufactured
product,https://www.fitnesssuperstore.com/products/magnum-5-stack-multi-station-gym-remanufactured
product,https://www.fitnesssuperstore.com/products/true-fitness-vc900-palisade-climber-w-envision-16-touch-console-remanufactured
product,https://www.fitnesssuperstore.com/products/marpo-kinetics-vmx-multi-mode-trainer-w-o-bench-new
product,https://www.fitnesssuperstore.com/products/true-fitness-tsx-elliptical-w-led-console-remanufactured
product,https://www.fitnesssuperstore.com/products/true-fitness-ts1-elliptical-strider-remanufactured
product,https://www.fitnesssuperstore.com/products/true-fitness-psx-elliptical-psxe-remanufactured
product,https://www.fitnesssuperstore.com/products/true-fitness-lc900-recumbent-bike-remanufactured
product,https://www.fitnesssuperstore.com/products/marpo-kinetics-functional-tire-trainer-new
product,https://www.fitnesssuperstore.com/products/true-fitness-es900-treadmill-remanufactured
product,https://www.fitnesssuperstore.com/products/true-fitness-csx-commercial-elliptical-remanufactured
product,https://www.fitnesssuperstore.com/products/marpo-kinetics-dual-x8-tower-system-new
product,https://www.fitnesssuperstore.com/products/true-fitness-cs900-elliptical-w-led-escalate9-console-remanufactured
product,https://www.fitnesssuperstore.com/products/magnum-tbc100-total-body-ergometer-cycle-remanufactured
product,https://www.fitnesssuperstore.com/products/magnum-nexstep-recumbent-stepper-remanufactured
product,https://www.fitnesssuperstore.com/products/french-fitness-24-x-24-eva-interlocking-tiles-new
product,https://www.fitnesssuperstore.com/products/cybex-vr3-hip-abduction-outer-thigh-remanufactured
product,https://www.fitnesssuperstore.com/products/matrix-functional-trainer-g3-msft300-400-remanufactured
product,https://www.fitnesssuperstore.com/products/theracycle-200-remanufactured
product,https://www.fitnesssuperstore.com/products/matrix-ultra-g7-s70-leg-press-remanufactured
product,https://www.fitnesssuperstore.com/products/cybex-vr3-abdominal-remanufactured
product,https://www.fitnesssuperstore.com/products/matrix-g7-s55b-ultra-base-rotary-torso-remanufactured
product,https://www.fitnesssuperstore.com/products/matrix-g3-s70-aura-leg-press-remanufactured
product,https://www.fitnesssuperstore.com/products/body-solid-obss50b-safety-squat-bar-new
product,https://www.fitnesssuperstore.com/products/matrix-g3-aura-g3-s60-dip-chin-assist-remanufactured
product,https://www.fitnesssuperstore.com/products/matrix-g3-aura-g3-s22-rear-delt-pec-fly-remanufactured
product,https://www.fitnesssuperstore.com/products/vectra-on-line-1850-home-gym-remanufactured
product,https://www.fitnesssuperstore.com/products/matrix-g7-s51-abdominal-crunch-remanufactured
product,https://www.fitnesssuperstore.com/products/hoggan-sprint-ube-upper-body-ergometer-remanufactured
product,https://www.fitnesssuperstore.com/products/throwdown-hiit-interval-white-board-magnets-set-of-20-91-00202-new
product,https://www.fitnesssuperstore.com/products/matrix-endurance-stepper-w-touch-console-remanufactured
product,https://www.fitnesssuperstore.com/products/tuffstuff-s-proformance-plus-glute-ham-bench-remanufactured
product,https://www.fitnesssuperstore.com/products/matrix-performance-recumbent-cycle-w-touch-console-remanufactured
product,https://www.fitnesssuperstore.com/products/matrix-magnum-mg-a85-multi-adjustable-bench-remanufactured
product,https://www.fitnesssuperstore.com/products/matrix-performance-hybrid-cycle-w-touch-console-remanufactured
product,https://www.fitnesssuperstore.com/products/technogym-synchro-excite-700-elliptical-w-unity-1-0-console-remanufactured
product,https://www.fitnesssuperstore.com/products/nustep-trs-3000-recumbent-crosstrainer-remanufactured
product,https://www.fitnesssuperstore.com/products/life-fitness-leg-extension-signature-series-remanufactured
product,https://www.fitnesssuperstore.com/products/true-fitness-lc900-elliptical-w-2-window-lcd-remanufactured
product,https://www.fitnesssuperstore.com/products/life-fitness-seated-leg-curl-signature-series-remanufactured
product,https://www.fitnesssuperstore.com/products/life-fitness-insignia-series-leg-extension-remanufactured
product,https://www.fitnesssuperstore.com/products/life-fitness-signature-hip-adduction-inner-thigh-remanufactured
product,https://www.fitnesssuperstore.com/products/true-fitness-cs400-elliptical-w-emerge-console-remanufactured
product,https://www.fitnesssuperstore.com/products/life-fitness-signature-hip-abduction-outer-thigh-remanufactured
product,https://www.fitnesssuperstore.com/products/nustep-trs-4000-t4-recumbent-cross-trainer-remanufactured
product,https://www.fitnesssuperstore.com/products/life-fitness-signature-prone-leg-curl-remanufactured
product,https://www.fitnesssuperstore.com/products/life-fitness-leg-press-signature-series-remanufactured
product,https://www.fitnesssuperstore.com/products/life-fitness-calf-extension-signature-series-fzce-remanufactured
product,https://www.fitnesssuperstore.com/products/life-fitness-row-rear-delt-signature-series-remanufactured
product,https://www.fitnesssuperstore.com/products/life-fitness-signature-cmrw-cable-motion-dual-row-remanufactured
product,https://www.fitnesssuperstore.com/products/life-fitness-signature-cmpd-cable-motion-lat-pulldown-remanufactured
product,https://www.fitnesssuperstore.com/products/technogym-top-xt-pro-ube-remanufactured
product,https://www.fitnesssuperstore.com/products/life-fitness-signature-cmcsp-cable-motion-shoulder-press-remanufactured
product,https://www.fitnesssuperstore.com/products/life-fitness-signature-cmcp-cable-motion-chest-press-remanufactured
product,https://www.fitnesssuperstore.com/products/life-fitness-chest-press-signature-series-remanufactured
product,https://www.fitnesssuperstore.com/products/technogym-artis-upright-bike-2-0-w-unity-console-remanufactured
product,https://www.fitnesssuperstore.com/products/true-fitness-ti1000-alpine-runner-w-emerge-console-remanufactured
product,https://www.fitnesssuperstore.com/products/true-fitness-cs800-recumbent-bike-w-lcd-touch-screen-remanufactured
product,https://www.fitnesssuperstore.com/products/body-solid-kbcs275-premium-kettlebell-set-5-to-50-lbs-new
product,https://www.fitnesssuperstore.com/products/life-fitness-signature-bosu-vkr-leg-raise-remanufactured
product,https://www.fitnesssuperstore.com/products/true-fitness-cs600-treadmill-w-16-transcend-lcd-touch-screen-remanufactured
product,https://www.fitnesssuperstore.com/products/life-fitness-t5-treadmill-w-advanced-console-remanufactured
product,https://www.fitnesssuperstore.com/products/true-fitness-cs400-treadmill-w-escalate-15-console-remanufactured
product,https://www.fitnesssuperstore.com/products/life-fitness-synrgy360xs-system-versa-package-remanufactured
product,https://www.fitnesssuperstore.com/products/true-fitness-cs200-elliptical-remanufactured
product,https://www.fitnesssuperstore.com/products/true-fitness-ti1000-alpine-runner-w-envision-16-console-remanufactured
product,https://www.fitnesssuperstore.com/products/matrix-abdominal-crunch-remanufactured
product,https://www.fitnesssuperstore.com/products/true-fitness-750r-recumbent-bike-remanufactured
product,https://www.fitnesssuperstore.com/products/life-fitness-signature-series-smith-machine-remanufactured
product,https://www.fitnesssuperstore.com/products/true-fitness-750e-elliptical-remanufactured
product,https://www.fitnesssuperstore.com/products/french-fitness-wr40-water-rowing-machine-rower-new
product,https://www.fitnesssuperstore.com/products/true-fitness-ztx-550-hrc-soft-select-treadmill-remanufactured
product,https://www.fitnesssuperstore.com/products/life-fitness-mj5-multi-jungle-signature-series-remanufactured
product,https://www.fitnesssuperstore.com/products/true-fitness-xc900-elliptical-w-transcend-16-console-remanufactured
product,https://www.fitnesssuperstore.com/products/life-fitness-mj4-multi-jungle-signature-series-remanufactured
product,https://www.fitnesssuperstore.com/products/sportsart-xt10-recumbent-bike-remanufactured
product,https://www.fitnesssuperstore.com/products/octane-fitness-zr7-zero-runner-remanufactured
product,https://www.fitnesssuperstore.com/products/body-solid-plm180x-powerline-lat-machine-new
product,https://www.fitnesssuperstore.com/products/french-fitness-ff-gt10s-gym-timer-w-stand-remote-new
product,https://www.fitnesssuperstore.com/products/french-fitness-ffb-black-seated-leg-extension-new
product,https://www.fitnesssuperstore.com/products/french-fitness-ff-gt10-gym-timer-w-remote-new
product,https://www.fitnesssuperstore.com/products/body-solid-plce165x-powerline-leg-extension-curl-machine-new
product,https://www.fitnesssuperstore.com/products/bowflex-xtreme-home-gym-remanufactured
product,https://www.fitnesssuperstore.com/products/french-fitness-ffb-black-seated-leg-curl-new
product,https://www.fitnesssuperstore.com/products/sportsart-xt20-xtrainer-recumbent-bike-remanufactured
product,https://www.fitnesssuperstore.com/products/french-fitness-ffb-black-single-stack-abdominal-crunch-new
product,https://www.fitnesssuperstore.com/products/french-fitness-gym-chalk-bag-new
product,https://www.fitnesssuperstore.com/products/french-fitness-gym-chalk-set-of-8-new
product,https://www.fitnesssuperstore.com/products/french-fitness-ffb-black-prone-leg-curl-new
product,https://www.fitnesssuperstore.com/products/octane-fitness-xr6000-seated-elliptical-remanufactured
product,https://www.fitnesssuperstore.com/products/octane-fitness-xride-xr6-seated-elliptical-remanufactured
product,https://www.fitnesssuperstore.com/products/french-fitness-ffb-black-olympic-military-bench-new
product,https://www.fitnesssuperstore.com/products/octane-fitness-xr5000-seated-elliptical-remanufactured
product,https://www.fitnesssuperstore.com/products/french-fitness-8-lb-free-weight-sandbag-bell-new
product,https://www.fitnesssuperstore.com/products/french-fitness-6-lb-free-weight-sandbag-bell-new
product,https://www.fitnesssuperstore.com/products/nautilus-inspiration-glute-press-9-ipgm5-60aas-new
product,https://www.fitnesssuperstore.com/products/nautilus-impact-kneeling-leg-curl-9na-s1311-60ags-new
product,https://www.fitnesssuperstore.com/products/body-solid-rb47-standard-curl-bar-chrome-new
product,https://www.fitnesssuperstore.com/products/body-solid-r300-endurance-rower-new
product,https://www.fitnesssuperstore.com/products/body-solid-pvlp156x-powerline-vertical-leg-press-new
product,https://www.fitnesssuperstore.com/products/nautilus-inspiration-vertical-row-9-ipvr5-60bz-new
product,https://www.fitnesssuperstore.com/products/nautilus-inspiration-chest-press-9-ipvp5-60bz-new
product,https://www.fitnesssuperstore.com/products/nautilus-inspiration-pull-over-9-ippo5-60bz-pullover-new
product,https://www.fitnesssuperstore.com/products/nautilus-inspiration-lat-pull-down-9-ippd5-60bz-new
product,https://www.fitnesssuperstore.com/products/nautilus-inspiration-leg-press-9-iplp5-60bz-new
product,https://www.fitnesssuperstore.com/products/life-fitness-x7-elliptical-w-advanced-console-remanufactured
product,https://www.fitnesssuperstore.com/products/nautilus-inspiration-deltoid-raise-9-ipdr5-60bzs-new
product,https://www.fitnesssuperstore.com/products/nautilus-inspiration-bilateral-arm-curl-9-ipba5-60bz-new
product,https://www.fitnesssuperstore.com/products/nautilus-humansport-total-legs-9-hstl3-60aae-new
product,https://www.fitnesssuperstore.com/products/nautilus-humansport-total-delts-9-hstd3-60bze-new
product,https://www.fitnesssuperstore.com/products/nautilus-humansport-arm-crunch-9-hsac3-60bze-new
product,https://www.fitnesssuperstore.com/products/goldendesigns-s-line-mx-s206-01-fs-pc-maxxus-full-spectrum-infrared-sauna-pacific-cedar-new
product,https://www.fitnesssuperstore.com/products/french-fitness-ffb-black-single-stack-v-squat-new
product,https://www.fitnesssuperstore.com/products/octane-zr8000-zero-runner-w-standard-screen-remanufactured
product,https://www.fitnesssuperstore.com/products/cybex-vr3-pec-fly-rear-delt-remanufactured
product,https://www.fitnesssuperstore.com/products/matrix-tomahawk-indoor-cycle-remanufactured
product,https://www.fitnesssuperstore.com/products/cybex-vr3-tricep-press-seated-dip-remanufactured
product,https://www.fitnesssuperstore.com/products/cybex-vr3-torso-rotation-remanufactured
product,https://www.fitnesssuperstore.com/products/cybex-vr3-seated-leg-curl-remanufactured
product,https://www.fitnesssuperstore.com/products/cybex-vr3-row-remanufactured
product,https://www.fitnesssuperstore.com/products/cybex-vr3-prone-leg-curl-remanufactured
product,https://www.fitnesssuperstore.com/products/cybex-vr3-leg-press-remanufactured
product,https://www.fitnesssuperstore.com/products/cybex-vr3-lateral-raise-remanufactured
product,https://www.fitnesssuperstore.com/products/cybex-vr3-glute-remanufactured
product,https://www.fitnesssuperstore.com/products/woodway-4front-treadmill-w-prosmart-10-smart-screen-remanufactured
product,https://www.fitnesssuperstore.com/products/cybex-vr3-leg-extension-remanufactured
product,https://www.fitnesssuperstore.com/products/cybex-vr3-dip-chin-assist-remanufactured
product,https://www.fitnesssuperstore.com/products/cybex-vr3-chest-press-remanufactured
product,https://www.fitnesssuperstore.com/products/french-fitness-aspen-plate-loaded-pro-power-squat-new
product,https://www.fitnesssuperstore.com/products/cybex-vr3-cable-column-remanufactured
product,https://www.fitnesssuperstore.com/products/matrix-h5x-hybrid-cycle-bike-newer-style-remanufactured
product,https://www.fitnesssuperstore.com/products/cybex-vr3-arm-tricep-extension-12080-remanufactured
product,https://www.fitnesssuperstore.com/products/matrix-h3x-hybrid-cycle-bike-newer-style-remanufactured
product,https://www.fitnesssuperstore.com/products/french-fitness-ffb-black-dual-stack-tricep-extension-new
product,https://www.fitnesssuperstore.com/products/french-fitness-4-lb-free-weight-sandbag-bell-new
product,https://www.fitnesssuperstore.com/products/life-fitness-x5i-elliptical-cross-trainer-remanufactured
product,https://www.fitnesssuperstore.com/products/french-fitness-25-lb-free-weight-sandbag-bell-new
product,https://www.fitnesssuperstore.com/products/french-fitness-2-lb-free-weight-sandbag-bell-new
product,https://www.fitnesssuperstore.com/products/life-fitness-x3i-elliptical-cross-trainer-remanufactured
product,https://www.fitnesssuperstore.com/products/body-solid-pft100-powerline-functional-trainer-new
product,https://www.fitnesssuperstore.com/products/woodway-mercury-treadmill-rectangular-console-remanufactured
product,https://www.fitnesssuperstore.com/products/matrix-versa-vs-s70-leg-press-calf-press-remanufactured
product,https://www.fitnesssuperstore.com/products/french-fitness-ffb-black-glute-machine-new
product,https://www.fitnesssuperstore.com/products/cybex-vr3-hip-adduction-inner-thigh-remanufactured
product,https://www.fitnesssuperstore.com/products/french-fitness-ffb-black-dual-stack-low-row-new
product,https://www.fitnesssuperstore.com/products/french-fitness-ffb-black-dual-stack-incline-press-new
product,https://www.fitnesssuperstore.com/products/technogym-plurima-core-leg-curl-leg-extension-remanufactured
product,https://www.fitnesssuperstore.com/products/french-fitness-ffb-black-dual-stack-decline-press-new
product,https://www.fitnesssuperstore.com/products/technogym-plurima-multistation-wall-remanufactured
product,https://www.fitnesssuperstore.com/products/french-fitness-ffb-black-dual-stack-chest-press-new
product,https://www.fitnesssuperstore.com/products/technogym-plurima-multistation-tower-remanufactured
product,https://www.fitnesssuperstore.com/products/technogym-plurima-multistation-solo-leg-press-calf-remanufactured
product,https://www.fitnesssuperstore.com/products/life-fitness-club-series-hip-abduction-adduction-remanufactured
product,https://www.fitnesssuperstore.com/products/body-solid-gpr370-multi-press-rack-new
product,https://www.fitnesssuperstore.com/products/body-solid-gpcb329b-preacher-curl-bench-new
product,https://www.fitnesssuperstore.com/products/body-solid-gpa3b-pec-dec-station-for-series-7-smith-machine-new
product,https://www.fitnesssuperstore.com/products/french-fitness-8-x-6-x-2-crash-mats-3-fold-4-section-folding-gymnastics-mat-new
product,https://www.fitnesssuperstore.com/products/technogym-artis-leg-extension-remanufactured
product,https://www.fitnesssuperstore.com/products/technogym-artis-total-abdominal-remanufactured
product,https://www.fitnesssuperstore.com/products/life-fitness-club-series-shoulder-press-cssp-remanufactured
product,https://www.fitnesssuperstore.com/products/technogym-element-abdominal-crunch-remanufactured
product,https://www.fitnesssuperstore.com/products/technogym-pure-strength-linear-leg-press-plate-loaded-remanufactured
product,https://www.fitnesssuperstore.com/products/life-fitness-club-series-back-extension-csbe-remanufactured
product,https://www.fitnesssuperstore.com/products/body-solid-gmfp-stk-pro-select-multi-functional-press-new
product,https://www.fitnesssuperstore.com/products/life-fitness-club-series-abdominal-csa-remanufactured
product,https://www.fitnesssuperstore.com/products/life-fitness-sm22-dual-adjustable-pulley-remanufactured
product,https://www.fitnesssuperstore.com/products/technogym-artis-climb-unity-remanufactured
product,https://www.fitnesssuperstore.com/products/technogym-pure-strength-45-degree-back-hyperextension-bench-remanufactured
product,https://www.fitnesssuperstore.com/products/body-solid-glm85b-pro-lat-machine-new
product,https://www.fitnesssuperstore.com/products/throwdown-fxd-bench-new
product,https://www.fitnesssuperstore.com/products/technogym-kinesis-personal-vision-remanufactured
product,https://www.fitnesssuperstore.com/products/body-solid-grow-rower-attachment-new
product,https://www.fitnesssuperstore.com/products/body-solid-gprfts-functional-trainer-attachment-with-weight-stacks-new
product,https://www.fitnesssuperstore.com/products/life-fitness-integrity-cll-treadmill-w-decline-remanufactured
product,https://www.fitnesssuperstore.com/products/body-solid-gprft-functional-trainer-attachment-new
product,https://www.fitnesssuperstore.com/products/technogym-selection-multi-adjustable-bench-remanufactured
product,https://www.fitnesssuperstore.com/products/technogym-selection-abdominal-decline-bench-remanufactured
product,https://www.fitnesssuperstore.com/products/life-fitness-ic7-indoor-cycle-remanufactured
product,https://www.fitnesssuperstore.com/products/technogym-selection-radiant-functional-trainer-remanufactured
product,https://www.fitnesssuperstore.com/products/life-fitness-95r-explore-console-recumbent-bike-remanufactured
product,https://www.fitnesssuperstore.com/products/technogym-k1-kinesis-one-remanufactured
product,https://www.fitnesssuperstore.com/products/life-fitness-signature-series-lateral-raise-remanufactured
product,https://www.fitnesssuperstore.com/products/technogym-kinesis-class-functional-trainer-wall-remanufactured
product,https://www.fitnesssuperstore.com/products/life-fitness-fit-series-pec-fly-rear-delt-remanufactured
product,https://www.fitnesssuperstore.com/products/life-fitness-fit-series-leg-press-calf-raise-remanufactured
product,https://www.fitnesssuperstore.com/products/life-fitness-fit-series-leg-curl-leg-extension-remanufactured
product,https://www.fitnesssuperstore.com/products/life-fitness-fit-series-abdominal-back-extension-remanufactured
product,https://www.fitnesssuperstore.com/products/life-fitness-fit-series-hip-abduction-adduction-remanufactured
product,https://www.fitnesssuperstore.com/products/body-solid-s2cp-2-series-ii-chest-press-new
product,https://www.fitnesssuperstore.com/products/french-fitness-ff-bsm20-belt-squat-machine-new
product,https://www.fitnesssuperstore.com/products/nustep-t5-recumbent-crosstrainer-remanufactured
product,https://www.fitnesssuperstore.com/products/life-fitness-platinum-club-flexstrider-w-explore-console-remanufactured
product,https://www.fitnesssuperstore.com/products/technogym-4-stack-cable-jungle-gym-remanufactured
product,https://www.fitnesssuperstore.com/products/nustep-t4r-recumbent-crosstrainer-remanufactured
product,https://www.fitnesssuperstore.com/products/french-fitness-t700-commercial-treadmill-new
product,https://www.fitnesssuperstore.com/products/french-fitness-olympic-bumper-plates-set-w-7-ft-olympic-bar-515-lbs-crumb-rubber-new
product,https://www.fitnesssuperstore.com/products/nautilus-impact-incline-press-9na-s2301-60ags-new
product,https://www.fitnesssuperstore.com/products/life-fitness-integrity-se3-hd-elliptical-remanufactured
product,https://www.fitnesssuperstore.com/products/body-solid-s2sp-2-series-ii-shoulder-press-new
product,https://www.fitnesssuperstore.com/products/french-fitness-rack-rig-seal-row-pad-attachment-new
product,https://www.fitnesssuperstore.com/products/life-fitness-insignia-series-biceps-curl-remanufactured
product,https://www.fitnesssuperstore.com/products/life-fitness-insignia-series-chest-press-remanufactured
product,https://www.fitnesssuperstore.com/products/life-fitness-insignia-series-pulldown-remanufactured
product,https://www.fitnesssuperstore.com/products/life-fitness-insignia-series-seated-leg-press-remanufactured
product,https://www.fitnesssuperstore.com/products/precor-c240i-stretch-trainer-remanufactured
product,https://www.fitnesssuperstore.com/products/scifit-pro2-sport-total-body-exerciser-pro231-int-remanufactured
product,https://www.fitnesssuperstore.com/products/sportsart-fitness-6310-hr-club-treadmill-remanufactured
product,https://www.fitnesssuperstore.com/products/body-solid-gleg-adjustable-bench-with-cabled-leg-developer-new
product,https://www.fitnesssuperstore.com/products/life-fitness-life-cycle-5500-recumbent-bike-remanufactured
product,https://www.fitnesssuperstore.com/products/body-solid-glce365b-seated-leg-extension-supine-curl-new
product,https://www.fitnesssuperstore.com/products/life-fitness-synrgy90-cc-new
product,https://www.fitnesssuperstore.com/products/life-fitness-synrgy360xm-remanufactured
product,https://www.fitnesssuperstore.com/products/body-solid-gla348bs-lat-attachment-for-series-7-smith-machine-new
product,https://www.fitnesssuperstore.com/products/life-fitness-t7-0-treadmill-remanufactured
product,https://www.fitnesssuperstore.com/products/french-fitness-tbr80-plate-loaded-t-bar-row-new
product,https://www.fitnesssuperstore.com/products/theracycle-100-remanufactured
product,https://www.fitnesssuperstore.com/products/sportsart-fitness-t631-treadmill-remanufactured
product,https://www.fitnesssuperstore.com/products/life-fitness-pro-pro1-5-stack-jungle-gym-remanufactured
product,https://www.fitnesssuperstore.com/products/sportsart-fitness-6300-institutional-treadmill-remanufactured
product,https://www.fitnesssuperstore.com/products/life-fitness-signature-assist-dip-chin-remanufactured
product,https://www.fitnesssuperstore.com/products/nustep-t5-xr-recumbent-crosstrainer-remanufactured
product,https://www.fitnesssuperstore.com/products/life-fitness-t5-5-treadmill-remanufactured
product,https://www.fitnesssuperstore.com/products/body-solid-gib2r-inversion-boots-red-new
product,https://www.fitnesssuperstore.com/products/technogym-flexability-posterior-remanufactured
product,https://www.fitnesssuperstore.com/products/technogym-pure-strength-plate-loaded-shoulder-press-remanufactured
product,https://www.fitnesssuperstore.com/products/life-fitness-signature-chin-dip-vkr-leg-raise-remanufactured
product,https://www.fitnesssuperstore.com/products/technogym-pure-strength-plate-loaded-row-remanufactured
product,https://www.fitnesssuperstore.com/products/life-fitness-signature-preacher-biceps-arm-curl-bench-remanufactured
product,https://www.fitnesssuperstore.com/products/technogym-pure-strength-plate-loaded-chest-press-remanufactured
product,https://www.fitnesssuperstore.com/products/technogym-pure-strength-plate-loaded-calf-press-remanufactured
product,https://www.fitnesssuperstore.com/products/total-gym-powertower-classic-remanufactured
product,https://www.fitnesssuperstore.com/products/life-fitness-pro2-seated-leg-press-remanufactured
product,https://www.fitnesssuperstore.com/products/technogym-selection-pulley-remanufactured
product,https://www.fitnesssuperstore.com/products/technogym-selection-med-45-degree-back-hyperextension-remanufactured
product,https://www.fitnesssuperstore.com/products/body-solid-hp150-premium-red-150-lb-weight-stack-plate-new
product,https://www.fitnesssuperstore.com/products/life-fitness-pro2-hip-and-glute-remanufactured
product,https://www.fitnesssuperstore.com/products/technogym-element-leg-press-remanufactured
product,https://www.fitnesssuperstore.com/products/life-fitness-pro2-pec-fly-rear-delt-remanufactured
product,https://www.fitnesssuperstore.com/products/technogym-element-leg-extension-remanufactured
product,https://www.fitnesssuperstore.com/products/life-fitness-pro2-assisted-chin-dip-remanufactured
product,https://www.fitnesssuperstore.com/products/technogym-element-vertical-traction-remanufactured
product,https://www.fitnesssuperstore.com/products/technogym-selection-pectoral-pec-fly-machine-remanufactured
product,https://www.fitnesssuperstore.com/products/life-fitness-insignia-series-back-extension-remanufactured
product,https://www.fitnesssuperstore.com/products/life-fitness-insiginia-chin-dip-assist-remanufactured
product,https://www.fitnesssuperstore.com/products/technogym-selection-vertical-traction-remanufactured
product,https://www.fitnesssuperstore.com/products/technogym-selection-upper-back-remanufactured
product,https://www.fitnesssuperstore.com/products/life-fitness-ss-tr-insignia-series-torso-rotation-remanufactured
product,https://www.fitnesssuperstore.com/products/life-fitness-insignia-pectoral-pec-fly-rear-delt-remanufactured
product,https://www.fitnesssuperstore.com/products/technogym-selection-rotary-torso-rotation-remanufactured
product,https://www.fitnesssuperstore.com/products/life-fitness-signature-olympic-decline-bench-remanufactured
product,https://www.fitnesssuperstore.com/products/life-fitness-optima-series-lat-pulldown-low-row-remanufactured
product,https://www.fitnesssuperstore.com/products/technogym-selection-leg-extension-remanufactured
product,https://www.fitnesssuperstore.com/products/technogym-selection-lat-pulldown-remanufactured
product,https://www.fitnesssuperstore.com/products/life-fitness-signature-pectoral-fly-rear-deltoid-remanufactured
product,https://www.fitnesssuperstore.com/products/technogym-selection-glute-remanufactured
product,https://www.fitnesssuperstore.com/products/life-fitness-signature-fzgl-glute-machine-remanufactured
product,https://www.fitnesssuperstore.com/products/technogym-selection-delts-machine-remanufactured
product,https://www.fitnesssuperstore.com/products/life-fitness-signature-fzbe-back-extension-remanufactured
product,https://www.fitnesssuperstore.com/products/technogym-selection-chin-dip-assist-remanufactured
product,https://www.fitnesssuperstore.com/products/technogym-artis-shoulder-press-mk69-w-u-go-console-remanufactured
product,https://www.fitnesssuperstore.com/products/life-fitness-activate-series-osx-elliptical-trainer-remanufactured
product,https://www.fitnesssuperstore.com/products/technogym-selection-hip-adduction-inner-thigh-remanufactured
product,https://www.fitnesssuperstore.com/products/life-fitness-optima-ossp-shoulder-press-remanufactured
product,https://www.fitnesssuperstore.com/products/technogym-selection-hip-abduction-outer-thigh-remanufactured
product,https://www.fitnesssuperstore.com/products/technogym-selection-abdominal-crunch-remanufactured
product,https://www.fitnesssuperstore.com/products/life-fitness-optima-oslp-leg-press-calf-raise-remanufactured
product,https://www.fitnesssuperstore.com/products/total-gym-26000-remanufactured
product,https://www.fitnesssuperstore.com/products/life-fitness-optima-leg-extension-prone-leg-curl-remanufactured
product,https://www.fitnesssuperstore.com/products/technogym-element-shoulder-press-remanufactured
product,https://www.fitnesssuperstore.com/products/life-fitness-optima-series-hip-abductor-adductor-remanufactured
product,https://www.fitnesssuperstore.com/products/trueform-walking-desk-non-motorized-treadmill-new
product,https://www.fitnesssuperstore.com/products/life-fitness-optima-series-pec-fly-rear-delt-osfly-remanufactured
product,https://www.fitnesssuperstore.com/products/trueform-performance-non-motorized-treadmill-new
product,https://www.fitnesssuperstore.com/products/trueform-low-rider-non-motorized-treadmill-new
product,https://www.fitnesssuperstore.com/products/life-fitness-osdap-optima-dual-adjustable-pulley-remanufactured
product,https://www.fitnesssuperstore.com/products/trueform-enduro-non-motorized-treadmill-new
product,https://www.fitnesssuperstore.com/products/life-fitness-mj5-multi-jungle-signature-custom-configuration-remanufactured
product,https://www.fitnesssuperstore.com/products/technogym-element-arm-curl-remanufactured
product,https://www.fitnesssuperstore.com/products/life-fitness-pro-pro1-smith-machine-remanufactured
product,https://www.fitnesssuperstore.com/products/life-fitness-pro-pro1-seated-leg-press-remanufactured
product,https://www.fitnesssuperstore.com/products/technogym-element-pectoral-machine-remanufactured
product,https://www.fitnesssuperstore.com/products/technogym-element-low-row-remanufactured
product,https://www.fitnesssuperstore.com/products/life-fitness-pro-pro1-multi-hip-remanufactured
product,https://www.fitnesssuperstore.com/products/body-solid-gvlp-vertical-leg-press-new
product,https://www.fitnesssuperstore.com/products/technogym-element-lower-back-remanufactured
product,https://www.fitnesssuperstore.com/products/body-solid-gvkr82b-deluxe-vkr-vertical-knee-raise-dip-pull-up-new
product,https://www.fitnesssuperstore.com/products/technogym-selection-chest-incline-remanufactured
product,https://www.fitnesssuperstore.com/products/technogym-element-chest-press-remanufactured
product,https://www.fitnesssuperstore.com/products/technogym-selection-chest-press-remanufactured
product,https://www.fitnesssuperstore.com/products/body-solid-gvkr60b-vkr-vertical-knee-raise-dip-new
product,https://www.fitnesssuperstore.com/products/life-fitness-signature-seated-calf-raise-plate-loaded-remanufactured
product,https://www.fitnesssuperstore.com/products/technogym-flexability-anterior-remanufactured
product,https://www.fitnesssuperstore.com/products/life-fitness-pro-pro1-bicep-arm-curl-remanufactured
product,https://www.fitnesssuperstore.com/products/freemotion-790-interactive-folding-treadmill-remanufactured
product,https://www.fitnesssuperstore.com/products/cybex-vr2-torso-rotation-remanufactured
product,https://www.fitnesssuperstore.com/products/precor-discovery-incline-lever-t-bar-row-dpl0311-plate-loaded-remanufactured
product,https://www.fitnesssuperstore.com/products/schwinn-sc-5-9-7410-bintp0-bike-new
product,https://www.fitnesssuperstore.com/products/dynamic-fluid-strength-p928-squat-to-overhead-machine-new
product,https://www.fitnesssuperstore.com/products/dynamic-fluid-strength-p918-squat-to-overhead-machine-new
product,https://www.fitnesssuperstore.com/products/body-solid-bstmc02rd-muscle-clamp-collars-red-new
product,https://www.fitnesssuperstore.com/products/body-solid-bstmc02bk-muscle-clamp-collars-black-new
product,https://www.fitnesssuperstore.com/products/life-fitness-g5-cable-motion-gym-remanufactured
product,https://www.fitnesssuperstore.com/products/precor-s3-55-multi-gym-strength-system-remanufactured
product,https://www.fitnesssuperstore.com/products/freemotion-treadmill-w-tv-fmtl8505p-remanufactured
product,https://www.fitnesssuperstore.com/products/freemotion-11-9-incline-trainer-w-ifit-remanufactured
product,https://www.fitnesssuperstore.com/products/schwinn-ic-classic-9-7420-bintp0-bike-new
product,https://www.fitnesssuperstore.com/products/body-solid-bstgt-tools-grip-trainers-set-of-100-150-200-lbs-new
product,https://www.fitnesssuperstore.com/products/cateye-fitness-ec-ub200-ube-remanufactured
product,https://www.fitnesssuperstore.com/products/freemotion-epic-prone-leg-curl-f814-remanufactured
product,https://www.fitnesssuperstore.com/products/cybex-vr-standing-calf-remanufactured
product,https://www.fitnesssuperstore.com/products/body-solid-bstfitbag-tools-fitness-pack-new
product,https://www.fitnesssuperstore.com/products/freemotion-reflex-i7-9-incline-trainer-remanufactured
product,https://www.fitnesssuperstore.com/products/cybex-prestige-strength-vrs-leg-press-remanufactured
product,https://www.fitnesssuperstore.com/products/cybex-modular-5345-91-assisted-chin-up-dip-assist-remanufactured
product,https://www.fitnesssuperstore.com/products/cybex-ube-upper-body-ergometer-black-remanufactured
product,https://www.fitnesssuperstore.com/products/body-solid-bstfrp18f-18-premium-foam-roller-new
product,https://www.fitnesssuperstore.com/products/cycleops-pro-300-indoor-cycle-remanufactured
product,https://www.fitnesssuperstore.com/products/precor-s3-45-multi-station-strength-system-remanufactured
product,https://www.fitnesssuperstore.com/products/rom-4-minute-workout-crosstrainer-time-machine-remanufactured
product,https://www.fitnesssuperstore.com/products/freemotion-reflex-t22-9-treadmill-w-22-hd-capacitive-touchscreen-remanufactured
product,https://www.fitnesssuperstore.com/products/biodex-rtm-500-rehab-945-285-treadmill-w-lcd-remanufactured
product,https://www.fitnesssuperstore.com/products/freemotion-epic-seated-row-f817-remanufactured
product,https://www.fitnesssuperstore.com/products/freemotion-epic-shoulder-f807-remanufactured
product,https://www.fitnesssuperstore.com/products/precor-s3-23-functional-trainer-remanufactured
product,https://www.fitnesssuperstore.com/products/freemotion-squat-gzfm6010-remanufactured
product,https://www.fitnesssuperstore.com/products/precor-s3-25-strength-system-remanufactured
product,https://www.fitnesssuperstore.com/products/body-solid-bstljoc-lockjaw-olympic-collar-blue-new
product,https://www.fitnesssuperstore.com/products/freemotion-step-gzfm6014-remanufactured
product,https://www.fitnesssuperstore.com/products/stairmaster-freeclimber-w-15-touchscreen-9-5260-8fc-15-atsc-remanufactured
product,https://www.fitnesssuperstore.com/products/stairmaster-8-series-freeclimber-w-16-embedded-display-black-new
product,https://www.fitnesssuperstore.com/products/sportsart-fitness-e82-rear-drive-elliptical-trainer-remanufactured
product,https://www.fitnesssuperstore.com/products/stairmaster-8-series-freeclimber-w-lcd-9-5260-8fc-lcd-60blk-black-new
product,https://www.fitnesssuperstore.com/products/body-solid-diot-sf-pro-dual-inner-outer-thigh-machine-new
product,https://www.fitnesssuperstore.com/products/stairmaster-8-series-gauntlet-x-w-16-embedded-display-black-new
product,https://www.fitnesssuperstore.com/products/stairmaster-8-series-gauntlet-x-w-lcd-9-5345-8gx-lcd-60blk-black-new
product,https://www.fitnesssuperstore.com/products/stairmaster-hiit-bike-remanufactured
product,https://www.fitnesssuperstore.com/products/stairmaster-ube-new
product,https://www.fitnesssuperstore.com/products/stairmaster-10-series-10g-gauntlet-w-lcd-9-5295-10g-lcd-black-new
product,https://www.fitnesssuperstore.com/products/body-solid-endurance-e300-elliptical-trainer-new
product,https://www.fitnesssuperstore.com/products/stairmaster-gravitron-2000at-chin-dip-assist-remanufactured
product,https://www.fitnesssuperstore.com/products/body-solid-esb250-endurance-indoor-cycle-bike-new
product,https://www.fitnesssuperstore.com/products/stairmaster-gravitron-hydraulic-chin-dip-assist-remanufactured
product,https://www.fitnesssuperstore.com/products/total-gym-gts-newer-style-82414-sku-5200-02-remanufactured
product,https://www.fitnesssuperstore.com/products/stairmaster-gauntlet-8-series-sm8-stepmill-w-15-openhub-remanufactured
product,https://www.fitnesssuperstore.com/products/cybex-plate-loaded-squat-press-remanufactured
product,https://www.fitnesssuperstore.com/products/scifit-iso7000-bi-directional-upright-bike-remanufactured
product,https://www.fitnesssuperstore.com/products/precor-discovery-pec-fly-rear-delt-dsl0505-remanufactured
product,https://www.fitnesssuperstore.com/products/golden-designs-gdi-7030-01-andermatt-edition-3-person-traditional-steam-sauna-pacific-premium-clear-cedar-new
product,https://www.fitnesssuperstore.com/products/schwinn-windjammer-ube-upper-body-ergometer-remanufactured
product,https://www.fitnesssuperstore.com/products/scifit-rex-total-body-recumbent-elliptical-rex7000-int-w-premium-seat-remanufactured
product,https://www.fitnesssuperstore.com/products/scifit-dc1000-treadmill-remanufactured
product,https://www.fitnesssuperstore.com/products/scifit-iso-1000-upright-bike-remanufactured
product,https://www.fitnesssuperstore.com/products/scifit-iso-1000r-recumbent-bike-remanufactured
product,https://www.fitnesssuperstore.com/products/scifit-iso-7000r-bi-directional-recumbent-bike-remanufactured
product,https://www.fitnesssuperstore.com/products/precor-dpl0560-discovery-plate-loaded-leg-extension-remanufactured
product,https://www.fitnesssuperstore.com/products/scifit-latitude-lateral-stability-trainer-remanufactured
product,https://www.fitnesssuperstore.com/products/scifit-pro1-seated-ube-pro100-int-w-premium-seat-remanufactured
product,https://www.fitnesssuperstore.com/products/scifit-pro2-total-body-exerciser-pro232-int-remanufactured
product,https://www.fitnesssuperstore.com/products/scifit-rst7000-recumbent-stepper-remanufactured
product,https://www.fitnesssuperstore.com/products/body-solid-dbtc-sf-pro-dual-bicep-tricep-machine-new
product,https://www.fitnesssuperstore.com/products/scifit-tc-1000-stair-stepper-remanufactured
product,https://www.fitnesssuperstore.com/products/stairmaster-10-series-10g-gauntlet-w-16-embedded-display-black-new
product,https://www.fitnesssuperstore.com/products/cybex-vr2-ab-crunch-remanufactured
product,https://www.fitnesssuperstore.com/products/cybex-vr1-dual-purpose-lat-row-13250-remanufactured
product,https://www.fitnesssuperstore.com/products/life-fitness-fit-series-bicep-tricep-curl-remanufactured
product,https://www.fitnesssuperstore.com/products/cybex-vr1-dual-purpose-leg-ext-seated-leg-curl-13260-remanufactured
product,https://www.fitnesssuperstore.com/products/life-fitness-fit-series-lat-pulldown-low-row-remanufactured
product,https://www.fitnesssuperstore.com/products/freemotion-genesis-dual-cable-cross-f624-remanufactured
product,https://www.fitnesssuperstore.com/products/cybex-vr1-dual-purpose-multi-press-13240-remanufactured
product,https://www.fitnesssuperstore.com/products/cybex-vr1-seated-leg-press-remanufactured
product,https://www.fitnesssuperstore.com/products/freemotion-i10-9b-incline-trainer-remanufactured
product,https://www.fitnesssuperstore.com/products/body-solid-bfsr10-best-fitness-squat-rack-new
product,https://www.fitnesssuperstore.com/products/body-solid-bsglpx-leg-press-attachment-for-the-bsg10x-new
product,https://www.fitnesssuperstore.com/products/cybex-vr2-bicep-arm-curl-remanufactured
product,https://www.fitnesssuperstore.com/products/ab-solo-pro-ct3000-new
product,https://www.fitnesssuperstore.com/products/body-solid-bstab1-tools-ab-wheel-new
product,https://www.fitnesssuperstore.com/products/freemotion-i22-9-incline-trainer-w-touch-screen-remanufactured
product,https://www.fitnesssuperstore.com/products/cybex-vr2-tricep-arm-extension-remanufactured
product,https://www.fitnesssuperstore.com/products/cybex-vr2-back-extension-remanufactured
product,https://www.fitnesssuperstore.com/products/cybex-vr2-chest-press-remanufactured
product,https://www.fitnesssuperstore.com/products/life-fitness-pro2-se-leg-extension-remanufactured
product,https://www.fitnesssuperstore.com/products/nautilus-impact-lat-pull-down-9na-s3305-60ags-new
product,https://www.fitnesssuperstore.com/products/cybex-leverage-squat-press-plate-loaded-newer-style-remanufactured
product,https://www.fitnesssuperstore.com/products/life-fitness-pro2-se-back-extension-remanufactured
product,https://www.fitnesssuperstore.com/products/cybex-eagle-row-11030-remanufactured
product,https://www.fitnesssuperstore.com/products/life-fitness-pro2-se-chest-press-remanufactured
product,https://www.fitnesssuperstore.com/products/cybex-eagle-nx-row-20030-remanufactured
product,https://www.fitnesssuperstore.com/products/life-fitness-pro2-se-lat-pulldown-remanufactured
product,https://www.fitnesssuperstore.com/products/cybex-r-series-total-body-arc-trainer-w-50l-led-console-remanufactured
product,https://www.fitnesssuperstore.com/products/freemotion-abdominal-gzfm60113-remanufactured
product,https://www.fitnesssuperstore.com/products/life-fitness-pro2-prone-leg-curl-remanufactured
product,https://www.fitnesssuperstore.com/products/cybex-free-weight-scott-arm-curl-bench-remanufactured
product,https://www.fitnesssuperstore.com/products/life-fitness-pro2-se-seated-leg-curl-remanufactured
product,https://www.fitnesssuperstore.com/products/life-fitness-fit3-fit-3-multi-gym-remanufactured
product,https://www.fitnesssuperstore.com/products/cybex-eagle-torso-rotation-11190-remanufactured
product,https://www.fitnesssuperstore.com/products/body-solid-bfsm250p2-best-fitness-smith-machine-package-with-lat-attachment-new
product,https://www.fitnesssuperstore.com/products/life-fitness-pro2-se-tricep-arm-extension-remanufactured
product,https://www.fitnesssuperstore.com/products/body-solid-bstdmb20-dual-grip-medicine-ball-20-lbs-new
product,https://www.fitnesssuperstore.com/products/life-fitness-r1-recumbent-bike-w-basic-console-remanufactured
product,https://www.fitnesssuperstore.com/products/cybex-vr2-leg-press-remanufactured
product,https://www.fitnesssuperstore.com/products/body-solid-bstdmb10-dual-grip-medicine-ball-10-lbs-new
product,https://www.fitnesssuperstore.com/products/body-solid-bstdmb12-dual-grip-medicine-ball-12-lbs-new
product,https://www.fitnesssuperstore.com/products/body-solid-bstdmb14-dual-grip-medicine-ball-14-lbs-new
product,https://www.fitnesssuperstore.com/products/body-solid-bstdmb16-dual-grip-medicine-ball-16-lbs-new
product,https://www.fitnesssuperstore.com/products/body-solid-bstdmb18-dual-grip-medicine-ball-18-lbs-new
product,https://www.fitnesssuperstore.com/products/cybex-vr-vr2-multi-hip-remanufactured
product,https://www.fitnesssuperstore.com/products/cybex-vr2-leg-extension-remanufactured
product,https://www.fitnesssuperstore.com/products/freemotion-epic-chin-dip-assist-remanufactured
product,https://www.fitnesssuperstore.com/products/cybex-vr2-prone-leg-curl-remanufactured
product,https://www.fitnesssuperstore.com/products/freemotion-epic-fly-rear-delt-f806-remanufactured
product,https://www.fitnesssuperstore.com/products/cybex-vr2-lateral-raise-4530-remanufactured
product,https://www.fitnesssuperstore.com/products/freemotion-epic-leg-extension-f801-remanufactured
product,https://www.fitnesssuperstore.com/products/cybex-vr2-rotary-calf-remanufactured
product,https://www.fitnesssuperstore.com/products/freemotion-epic-leg-press-f804-remanufactured
product,https://www.fitnesssuperstore.com/products/cybex-vr2-hip-adduction-inner-thigh-4640-remanufactured
product,https://www.fitnesssuperstore.com/products/freemotion-epic-hip-adduction-abduction-f809-remanufactured
product,https://www.fitnesssuperstore.com/products/cybex-vr2-pec-fly-machine-4545-remanufactured
product,https://www.fitnesssuperstore.com/products/freemotion-epic-bicep-curl-f810-remanufactured
product,https://www.fitnesssuperstore.com/products/cybex-vr2-glute-machine-remanufactured
product,https://www.fitnesssuperstore.com/products/freemotion-bicep-gzfm6002-remanufactured
product,https://www.fitnesssuperstore.com/products/cybex-vr2-hip-abduction-outer-thigh-remanufactured
product,https://www.fitnesssuperstore.com/products/freemotion-epic-chest-f800-remanufactured
product,https://www.fitnesssuperstore.com/products/body-solid-bstbr1550-fitness-training-rope-1-5-in-dia-50-ft-new
product,https://www.fitnesssuperstore.com/products/cybex-vr2-shoulder-press-remanufactured
product,https://www.fitnesssuperstore.com/products/freemotion-chest-gzfm6000-remanufactured
product,https://www.fitnesssuperstore.com/products/cybex-vr2-lat-pulldown-remanufactured
product,https://www.fitnesssuperstore.com/products/octane-fitness-q47ci-adjustable-stride-elliptical-remanufactured
product,https://www.fitnesssuperstore.com/products/body-solid-bstbr2050-fitness-training-rope-2-in-dia-50-ft-new
product,https://www.fitnesssuperstore.com/products/cybex-vr2-seated-leg-curl-remanufactured
product,https://www.fitnesssuperstore.com/products/body-solid-bstch44-weightlifting-chains-pair-new
product,https://www.fitnesssuperstore.com/products/octane-fitness-q47xi-elliptical-trainer-remanufactured
product,https://www.fitnesssuperstore.com/products/star-trac-instinct-multi-adjustable-bench-remanufactured
product,https://www.fitnesssuperstore.com/products/hammer-strength-iso-lat-bench-press-ilbph-ilbpv-plate-loaded-remanufactured
product,https://www.fitnesssuperstore.com/products/star-trac-virtual-bike-indoor-cycle-w-21-touchscreen-new
product,https://www.fitnesssuperstore.com/products/hammer-strength-iso-lateral-low-row-illr-plate-loaded-remanufactured
product,https://www.fitnesssuperstore.com/products/hammer-strength-iso-lateral-shoulder-press-ilsp-plate-loaded-remanufactured
product,https://www.fitnesssuperstore.com/products/hammer-strength-pl-calf-plate-loaded-seated-calf-raise-remanufactured
product,https://www.fitnesssuperstore.com/products/body-solid-gcbt-stk-pro-select-biceps-triceps-machine-new
product,https://www.fitnesssuperstore.com/products/hammer-strength-pl-sh-plate-loaded-seated-standing-shrug-remanufactured
product,https://www.fitnesssuperstore.com/products/hammer-strength-plate-loaded-ground-base-jammer-remanufactured
product,https://www.fitnesssuperstore.com/products/body-solid-gbr10-ball-rebounder-new
product,https://www.fitnesssuperstore.com/products/hammer-strength-linear-45-degree-leg-press-w-4-horns-plate-loaded-remanufactured
product,https://www.fitnesssuperstore.com/products/star-trac-s-series-trc-treadmill-w-lcd-black-new
product,https://www.fitnesssuperstore.com/products/hammer-strength-select-leg-extension-remanufactured
product,https://www.fitnesssuperstore.com/products/star-trac-s-series-trx-treadmill-w-lcd-black-new
product,https://www.fitnesssuperstore.com/products/hammer-strength-linear-45-degree-leg-press-plate-loaded-newer-style-remanufactured
product,https://www.fitnesssuperstore.com/products/body-solid-gcec340b-cam-series-leg-extension-curl-new
product,https://www.fitnesssuperstore.com/products/star-trac-recumbent-bike-4400-remanufactured
product,https://www.fitnesssuperstore.com/products/hammer-strength-olympic-military-bench-remanufactured
product,https://www.fitnesssuperstore.com/products/hammer-strength-iso-lateral-high-row-ilhr-plate-loaded-remanufactured
product,https://www.fitnesssuperstore.com/products/star-trac-4-series-upright-bike-w-15-embedded-display-black-new
product,https://www.fitnesssuperstore.com/products/hammer-strength-iso-lateral-incline-press-ilip-plate-loaded-remanufactured
product,https://www.fitnesssuperstore.com/products/star-trac-8-series-cross-trainer-w-16-embedded-display-black-new
product,https://www.fitnesssuperstore.com/products/hammer-strength-pl-lr-plate-loaded-lateral-raise-remanufactured
product,https://www.fitnesssuperstore.com/products/star-trac-8-series-recumbent-bike-w-16-embedded-display-black-new
product,https://www.fitnesssuperstore.com/products/hammer-strength-hyperextension-back-extension-bwbe-remanufactured
product,https://www.fitnesssuperstore.com/products/hammer-strength-iso-lateral-decline-press-ilcdp-plate-loaded-remanufactured
product,https://www.fitnesssuperstore.com/products/star-trac-8-series-rear-drive-elliptical-w-16-embedded-display-black-new
product,https://www.fitnesssuperstore.com/products/body-solid-gclp100-compact-leg-press-new
product,https://www.fitnesssuperstore.com/products/hammer-strength-iso-lateral-kneeling-leg-curl-ilklc-remanufactured
product,https://www.fitnesssuperstore.com/products/hammer-strength-iso-lateral-leg-extension-ille-remanufactured
product,https://www.fitnesssuperstore.com/products/hammer-strength-iso-lateral-leg-press-illp-remanufactured
product,https://www.fitnesssuperstore.com/products/body-solid-gar50-compact-accessory-tower-new
product,https://www.fitnesssuperstore.com/products/hammer-strength-iso-lateral-rowing-ilrow-plate-loaded-remanufactured
product,https://www.fitnesssuperstore.com/products/hammer-strength-iso-wide-chest-ilwc-plate-loaded-remanufactured
product,https://www.fitnesssuperstore.com/products/star-trac-8-series-upright-bike-w-16-embedded-display-black-new
product,https://www.fitnesssuperstore.com/products/body-solid-gdip59-dip-station-new
product,https://www.fitnesssuperstore.com/products/star-trac-ee4600-edge-elliptical-remanufactured
product,https://www.fitnesssuperstore.com/products/star-trac-ee5200-natural-runner-elliptical-remanufactured
product,https://www.fitnesssuperstore.com/products/hammer-strength-select-seated-leg-curl-remanufactured
product,https://www.fitnesssuperstore.com/products/star-trac-p-tbtx-total-body-trainer-elliptical-remanufactured
product,https://www.fitnesssuperstore.com/products/hammer-strength-select-seated-leg-press-remanufactured
product,https://www.fitnesssuperstore.com/products/hammer-strength-smith-machine-remanufactured
product,https://www.fitnesssuperstore.com/products/hammer-strength-select-prone-leg-curl-remanufactured
product,https://www.fitnesssuperstore.com/products/body-solid-gdib46lp4-powercenter-combo-bench-package-new
product,https://www.fitnesssuperstore.com/products/body-solid-gdcc250b-cable-crossover-new
product,https://www.fitnesssuperstore.com/products/life-fitness-integrity-treadmill-d-base-w-sl-console-remanufactured
product,https://www.fitnesssuperstore.com/products/star-trac-e-tbt-e-series-elliptical-remanufactured
product,https://www.fitnesssuperstore.com/products/keiser-power-adjustable-bench-remanufactured
product,https://www.fitnesssuperstore.com/products/keiser-m7i-wheelchair-accessible-total-body-trainer-recumbent-stepper-remanufactured
product,https://www.fitnesssuperstore.com/products/keiser-infinity-functional-trainer-w-air-compressor-remanufactured
product,https://www.fitnesssuperstore.com/products/french-fitness-aw2-ab-exercise-roller-wheel-new
product,https://www.fitnesssuperstore.com/products/french-fitness-aw4-ab-exercise-roller-wheel-new
product,https://www.fitnesssuperstore.com/products/hammer-strength-olympic-decline-bench-odb-plate-loaded-remanufactured
product,https://www.fitnesssuperstore.com/products/hammer-strength-mts-abdominal-crunch-remanufactured
product,https://www.fitnesssuperstore.com/products/hammer-strength-mts-iso-lateral-biceps-curl-remanufactured
product,https://www.fitnesssuperstore.com/products/french-fitness-single-leg-roller-adjustable-squat-stand-bulgarian-split-squats-new
product,https://www.fitnesssuperstore.com/products/hammer-strength-mts-iso-lateral-chest-press-remanufactured
product,https://www.fitnesssuperstore.com/products/hammer-strength-mts-iso-lateral-decline-press-remanufactured
product,https://www.fitnesssuperstore.com/products/hammer-strength-mts-iso-lateral-triceps-extension-remanufactured
product,https://www.fitnesssuperstore.com/products/hammer-strength-olympic-flat-bench-remanufactured
product,https://www.fitnesssuperstore.com/products/stairmaster-5100-nsl-clubstride-elliptical-remanufactured
product,https://www.fitnesssuperstore.com/products/hammer-strength-iso-lat-front-lat-pulldown-ilpd-plate-loaded-remanufactured
product,https://www.fitnesssuperstore.com/products/hammer-strength-abdominal-crunch-plate-loaded-remanufactured
product,https://www.fitnesssuperstore.com/products/hammer-strength-iso-lateral-d-y-row-ildrw-plate-loaded-remanufactured
product,https://www.fitnesssuperstore.com/products/body-solid-deluxe-cable-crossover-250-gdcc250-new
product,https://www.fitnesssuperstore.com/products/hammer-strength-pl-lhs-plate-loaded-linear-hack-squat-remanufactured
product,https://www.fitnesssuperstore.com/products/sprint-torso-ube-upper-body-ergometer-remanufactured
product,https://www.fitnesssuperstore.com/products/hammer-strength-horizontal-leg-press-remanufactured
product,https://www.fitnesssuperstore.com/products/hammer-strength-pl-shc-plate-loaded-super-horizontal-calf-remanufactured
product,https://www.fitnesssuperstore.com/products/body-solid-flp-fusion-leg-press-attachment-new
product,https://www.fitnesssuperstore.com/products/french-fitness-47-rack-rig-upright-new
product,https://www.fitnesssuperstore.com/products/hoist-cf-2179-b-3-way-olympic-bench-remanufactured
product,https://www.fitnesssuperstore.com/products/body-solid-fcd-stk-pro-select-weight-assisted-chin-dip-machine-new
product,https://www.fitnesssuperstore.com/products/hoist-cf-2355-composite-motion-leg-press-remanufactured
product,https://www.fitnesssuperstore.com/products/precor-efx-534i-elliptical-cross-trainer-remanufactured
product,https://www.fitnesssuperstore.com/products/sportsart-n685-verde-status-eco-natural-treadmill-new
product,https://www.fitnesssuperstore.com/products/body-solid-fid46-olympic-leverage-flat-incline-decline-bench-new
product,https://www.fitnesssuperstore.com/products/sportsart-t615-foundation-treadmill-with-eco-glide-contact-heart-rate-new
product,https://www.fitnesssuperstore.com/products/hoist-hd-3300-chest-shoulder-press-remanufactured
product,https://www.fitnesssuperstore.com/products/hoist-cf-3355-angled-linear-leg-press-remanufactured
product,https://www.fitnesssuperstore.com/products/sportsart-t615m-medical-rehabilitation-treadmill-new
product,https://www.fitnesssuperstore.com/products/hoist-dual-400-leg-extension-seated-leg-curl-remanufactured
product,https://www.fitnesssuperstore.com/products/body-solid-fshdm-fusion-weight-stack-metal-shroud-new
product,https://www.fitnesssuperstore.com/products/precor-efx-5-37-premium-elliptical-crosstrainer-remanufactured
product,https://www.fitnesssuperstore.com/products/sportsart-t635a-foundation-ac-motor-treadmill-new
product,https://www.fitnesssuperstore.com/products/body-solid-fshdp-fusion-weight-stack-plastic-shroud-new
product,https://www.fitnesssuperstore.com/products/precor-efx-524i-elliptical-cross-trainer-remanufactured
product,https://www.fitnesssuperstore.com/products/stairmaster-8-series-gauntlet-w-15-touch-sm-9-5250-8g-lcd-x-stepmill-remanufactured
product,https://www.fitnesssuperstore.com/products/hammer-strength-pl-ab-plate-loaded-abdominal-oblique-crunch-remanufactured
product,https://www.fitnesssuperstore.com/products/life-fitness-signature-olympic-squat-rack-remanufactured
product,https://www.fitnesssuperstore.com/products/hoist-cf-3663-back-hyper-remanufactured
product,https://www.fitnesssuperstore.com/products/stott-pilates-cadillac-trapeze-table-remanufactured
product,https://www.fitnesssuperstore.com/products/precor-efx-5-23-elliptical-newer-version-w-moving-arms-remanufactured
product,https://www.fitnesssuperstore.com/products/hoist-cf-3753-7-degree-smith-remanufactured
product,https://www.fitnesssuperstore.com/products/stott-pilates-professional-reformer-remanufactured
product,https://www.fitnesssuperstore.com/products/hoist-hd1800-inner-outer-thigh-hip-ad-ab-remanufactured
product,https://www.fitnesssuperstore.com/products/life-fitness-signature-series-pl-kneeling-leg-curl-remanufactured
product,https://www.fitnesssuperstore.com/products/precor-efx-5-25-elliptical-crosstrainer-remanufactured
product,https://www.fitnesssuperstore.com/products/hoist-hd-1610-leg-press-calf-raise-remanufactured
product,https://www.fitnesssuperstore.com/products/precor-efx-5-31-elliptical-crosstrainer-remanufactured
product,https://www.fitnesssuperstore.com/products/life-fitness-signature-series-plate-loaded-leg-extension-remanufactured
product,https://www.fitnesssuperstore.com/products/hoist-hd-2300-mid-row-lat-pulldown-remanufactured
product,https://www.fitnesssuperstore.com/products/body-solid-fcd-fusion-vkr-vertical-knee-raise-dip-pull-up-new
product,https://www.fitnesssuperstore.com/products/hammer-strength-half-rack-remanufactured
product,https://www.fitnesssuperstore.com/products/hammer-strength-select-triceps-extension-remanufactured
product,https://www.fitnesssuperstore.com/products/life-fitness-signature-triceps-press-seated-dip-remanufactured
product,https://www.fitnesssuperstore.com/products/hammer-strength-select-chin-dip-assist-remanufactured
product,https://www.fitnesssuperstore.com/products/hammer-strength-glute-ham-bench-ghd-remanufactured
product,https://www.fitnesssuperstore.com/products/hammer-strength-select-pectoral-pec-fly-rear-deltoid-remanufactured
product,https://www.fitnesssuperstore.com/products/star-trac-s-series-upright-bike-w-lcd-black-new
product,https://www.fitnesssuperstore.com/products/star-trac-elite-6230-pro-elliptical-remanufactured
product,https://www.fitnesssuperstore.com/products/star-trac-s-series-cross-trainer-w-lcd-black-new
product,https://www.fitnesssuperstore.com/products/hammer-strength-select-seated-row-remanufactured
product,https://www.fitnesssuperstore.com/products/life-fitness-f1-smart-foldable-treadmill-remanufactured
product,https://www.fitnesssuperstore.com/products/life-fitness-f3-foldable-treadmill-w-advanced-console-remanufactured
product,https://www.fitnesssuperstore.com/products/hammer-strength-olympic-multi-rack-squat-rack-remanufactured
product,https://www.fitnesssuperstore.com/products/first-degree-fitness-e750-cycle-ube-fluid-exercise-new
product,https://www.fitnesssuperstore.com/products/star-trac-4-series-upright-bike-w-10-touch-display-black-new
product,https://www.fitnesssuperstore.com/products/hammer-strength-select-hip-and-glute-remanufactured
product,https://www.fitnesssuperstore.com/products/star-trac-4-series-upright-bike-w-10-lcd-black-new
product,https://www.fitnesssuperstore.com/products/precor-efx-556i-experience-elliptical-cross-trainer-remanufactured
product,https://www.fitnesssuperstore.com/products/precor-efx-544-elliptical-remanufactured
product,https://www.fitnesssuperstore.com/products/hoist-hd-1900-dual-pulley-system-adjustable-remanufactured
product,https://www.fitnesssuperstore.com/products/sportsart-t655md-rehabilitation-treadmill-new
product,https://www.fitnesssuperstore.com/products/sportsart-t655ms-rehabilitation-treadmill-new
product,https://www.fitnesssuperstore.com/products/sportsart-t663-essentials-series-cardio-treadmill-new
product,https://www.fitnesssuperstore.com/products/precor-efx-554i-v3-elliptical-remanufactured
product,https://www.fitnesssuperstore.com/products/hoist-hd-3400-leg-extension-seated-leg-curl-remanufactured
product,https://www.fitnesssuperstore.com/products/hoist-smith-machine-w-plate-holders-remanufactured
product,https://www.fitnesssuperstore.com/products/life-fitness-signature-series-multi-adjustable-bench-remanufactured
product,https://www.fitnesssuperstore.com/products/sportsart-t673l-16-senza-prime-treadmill-new
product,https://www.fitnesssuperstore.com/products/hammer-strength-select-abdominal-crunch-remanufactured
product,https://www.fitnesssuperstore.com/products/precor-efx-556i-v4-pre-experience-elliptical-remanufactured
product,https://www.fitnesssuperstore.com/products/precor-efx-556i-navy-elliptical-cross-trainer-remanufactured
product,https://www.fitnesssuperstore.com/products/hammer-strength-olympic-flat-bench-w-weight-storage-remanufactured
product,https://www.fitnesssuperstore.com/products/sportsart-t676-eco-natural-status-treadmill-new
product,https://www.fitnesssuperstore.com/products/precor-efx-576i-v4-elliptical-remanufactured
product,https://www.fitnesssuperstore.com/products/octane-pro-450-elliptical-remanufactured
product,https://www.fitnesssuperstore.com/products/french-fitness-olympic-bumper-plate-set-w-7-ft-olympic-bar-415-lbs-bench-crumb-rubber-new
product,https://www.fitnesssuperstore.com/products/nordictrack-9600-incline-trainer-treadmill-remanufactured
product,https://www.fitnesssuperstore.com/products/french-fitness-olympic-bumper-plates-set-w-7-ft-olympic-bar-425-lbs-crumb-rubber-new
product,https://www.fitnesssuperstore.com/products/balanced-body-allegro-sport-pilates-reformer-remanufactured
product,https://www.fitnesssuperstore.com/products/octane-xride-xr6xi-seated-elliptical-remanufactured
product,https://www.fitnesssuperstore.com/products/french-fitness-60-olympic-ez-curl-bar-700-lb-capacity-new
product,https://www.fitnesssuperstore.com/products/octane-pro-3500-elliptical-remanufactured
product,https://www.fitnesssuperstore.com/products/french-fitness-marin-vertical-leg-press-plate-loaded-new
product,https://www.fitnesssuperstore.com/products/life-fitness-activate-series-ost-treadmill-remanufactured
product,https://www.fitnesssuperstore.com/products/body-solid-sprsf-premium-safeties-for-spr1000-new
product,https://www.fitnesssuperstore.com/products/body-solid-pro-clubline-sprsp-spotter-platforms-new
product,https://www.fitnesssuperstore.com/products/octane-fitness-pro-350-elliptical-remanufactured
product,https://www.fitnesssuperstore.com/products/octane-fitness-elliptical-pro-3500-xl-remanufactured
product,https://www.fitnesssuperstore.com/products/french-fitness-napa-combo-twist-plate-loaded-new
product,https://www.fitnesssuperstore.com/products/body-solid-sprtb-dual-t-bar-platform-new
product,https://www.fitnesssuperstore.com/products/octane-fitness-xt4700-elliptical-w-smart-console-remanufactured
product,https://www.fitnesssuperstore.com/products/nautilus-e916-elliptical-remanufactured
product,https://www.fitnesssuperstore.com/products/body-solid-spr1000ssbackp5-extended-power-rack-w-adjustable-commercial-bench-and-power-rack-strap-safeties-new
product,https://www.fitnesssuperstore.com/products/body-solid-spr1000ssdbback-extended-double-power-rack-package-w-power-rack-strap-safeties-new
product,https://www.fitnesssuperstore.com/products/life-fitness-95le-summit-trainer-remanufactured
product,https://www.fitnesssuperstore.com/products/nautilus-one-lat-pulldown-s6latp250-1-new
product,https://www.fitnesssuperstore.com/products/french-fitness-olympic-bumper-plate-set-w-7-ft-olympic-bar-235-lbs-crumb-rubber-new
product,https://www.fitnesssuperstore.com/products/french-fitness-olympic-bumper-plate-set-w-7-ft-olympic-bar-235-lbs-bench-crumb-rubber-new
product,https://www.fitnesssuperstore.com/products/nautilus-one-tricep-press-s6tp250-1-new
product,https://www.fitnesssuperstore.com/products/french-fitness-olympic-bumper-plate-set-260-lbs-crumb-rubber-new
product,https://www.fitnesssuperstore.com/products/octane-fitness-q35x-elliptical-remanufactured
product,https://www.fitnesssuperstore.com/products/french-fitness-olympic-bumper-plates-set-w-7-ft-olympic-bar-285-lbs-crumb-rubber-new
product,https://www.fitnesssuperstore.com/products/french-fitness-olympic-bumper-plate-set-w-7-ft-olympic-bar-325-lbs-crumb-rubber-new
product,https://www.fitnesssuperstore.com/products/nautilus-nitro-gravitron-weight-assisted-chin-dip-remanufactured
product,https://www.fitnesssuperstore.com/products/french-fitness-olympic-bumper-plate-set-w-7-ft-olympic-bar-325-lbs-bench-crumb-rubber-new
product,https://www.fitnesssuperstore.com/products/abs-company-abcoaster-cs3000-remanufactured
product,https://www.fitnesssuperstore.com/products/body-solid-sprbp-band-pegs-new
product,https://www.fitnesssuperstore.com/products/french-fitness-olympic-bumper-plate-set-w-7-ft-olympic-bar-415-lbs-crumb-rubber-new
product,https://www.fitnesssuperstore.com/products/precor-icarian-smith-machine-remanufactured
product,https://www.fitnesssuperstore.com/products/french-fitness-push-up-bars-set-of-2-new
product,https://www.fitnesssuperstore.com/products/body-solid-svkr1000-pro-club-line-vkr-vertical-knee-raise-chin-dip-new
product,https://www.fitnesssuperstore.com/products/body-solid-pro-clubline-svkr1000b-vertical-knee-raise-new
product,https://www.fitnesssuperstore.com/products/body-solid-t50-walking-treadmill-new
product,https://www.fitnesssuperstore.com/products/french-fitness-napa-squat-lunge-plate-loaded-new
product,https://www.fitnesssuperstore.com/products/powerblock-powerstand-new
product,https://www.fitnesssuperstore.com/products/french-fitness-napa-tibia-dorsi-flexion-plate-loaded-new
product,https://www.fitnesssuperstore.com/products/french-fitness-napa-wrist-curl-machine-plate-loaded-new
product,https://www.fitnesssuperstore.com/products/body-solid-stt45-strength-training-time-clock-new
product,https://www.fitnesssuperstore.com/products/power-step-plus-vibration-training-platform-remanufactured
product,https://www.fitnesssuperstore.com/products/paramount-fitness-pft-200-2-stack-functional-trainer-remanufactured
product,https://www.fitnesssuperstore.com/products/body-solid-wta2-plate-horn-attachment-new
product,https://www.fitnesssuperstore.com/products/cybex-plate-loaded-smith-press-remanufactured
product,https://www.fitnesssuperstore.com/products/pneumap-posture-gauge-remanufactured
product,https://www.fitnesssuperstore.com/products/pneuweight-single-unweighting-exercise-system-w-2-vests-compressor-remanufactured
product,https://www.fitnesssuperstore.com/products/french-fitness-napa-vertical-leg-press-plate-loaded-new
product,https://www.fitnesssuperstore.com/products/nautilus-inspiration-deltoid-raise-ipdr3-60bz-new
product,https://www.fitnesssuperstore.com/products/french-fitness-ps50-pit-shark-belt-squat-machine-new
product,https://www.fitnesssuperstore.com/products/french-fitness-lat-pulldown-low-row-plate-loaded-new
product,https://www.fitnesssuperstore.com/products/body-solid-sr-susp-hex-system-suspension-rings-new
product,https://www.fitnesssuperstore.com/products/paramount-pl-4000-standing-chin-dip-assist-remanufactured
product,https://www.fitnesssuperstore.com/products/body-solid-sr-spu-hex-system-single-pull-up-new
product,https://www.fitnesssuperstore.com/products/paramount-leg-extension-horizontal-curl-sf-1900-remanufactured
product,https://www.fitnesssuperstore.com/products/french-fitness-belt-squat-training-platform-plate-loaded-new
product,https://www.fitnesssuperstore.com/products/body-solid-sr-mb-hex-system-medicine-ball-tray-new
product,https://www.fitnesssuperstore.com/products/body-solid-sr-kb-hex-system-kettlebell-tray-new
product,https://www.fitnesssuperstore.com/products/paramount-adductor-abductor-strength-remanufactured
product,https://www.fitnesssuperstore.com/products/body-solid-sr-fpu-hex-system-flying-pull-up-new
product,https://www.fitnesssuperstore.com/products/body-solid-sr-dpu-hex-system-double-pull-up-new
product,https://www.fitnesssuperstore.com/products/bodycraft-ect800g-elliptical-cross-trainer-new
product,https://www.fitnesssuperstore.com/products/body-solid-sr-bt-hex-system-ball-throw-new
product,https://www.fitnesssuperstore.com/products/body-solid-sr-bar-hex-system-monkey-bars-new
product,https://www.fitnesssuperstore.com/products/cybex-cyclone-530r-recumbent-bike-remanufactured
product,https://www.fitnesssuperstore.com/products/cybex-360a-arc-trainer-remanufactured
product,https://www.fitnesssuperstore.com/products/nautilus-impact-vertical-row-9na-s3301-60ags-new
product,https://www.fitnesssuperstore.com/products/nautilus-impact-low-back-9na-s3302-60ags-new
product,https://www.fitnesssuperstore.com/products/nautilus-impact-fixed-lat-pull-down-9na-s3303-60ags-new
product,https://www.fitnesssuperstore.com/products/nautilus-impact-low-row-9na-s3306-60ags-new
product,https://www.fitnesssuperstore.com/products/cybex-525r-recumbent-bike-remanufactured
product,https://www.fitnesssuperstore.com/products/nautilus-impact-chest-press-9na-s4301-60ags-new
product,https://www.fitnesssuperstore.com/products/nautilus-impact-deltoid-raise-9na-s4302-60ags-new
product,https://www.fitnesssuperstore.com/products/stairmaster-1650-le-crossrobics-remanufactured
product,https://www.fitnesssuperstore.com/products/nautilus-impact-deltoid-fly-9na-s4304-60ags-new
product,https://www.fitnesssuperstore.com/products/body-solid-sh22m-l-shoulder-horn-harness-m-l-new
product,https://www.fitnesssuperstore.com/products/nautilus-impact-biceps-curl-9na-s5301-60ags-new
product,https://www.fitnesssuperstore.com/products/nautilus-impact-triceps-extension-9na-s5302-60ags-new
product,https://www.fitnesssuperstore.com/products/french-fitness-eureka-selectorized-abdominal-crunch-new
product,https://www.fitnesssuperstore.com/products/precor-efx-556i-elliptical-cross-trainer-remanufactured
product,https://www.fitnesssuperstore.com/products/nautilus-impact-chin-dip-assist-9na-s6334-60ags-new
product,https://www.fitnesssuperstore.com/products/body-solid-sls500-pro-clubline-leverage-squat-new
product,https://www.fitnesssuperstore.com/products/keiser-infinity-triple-functional-trainer-remanufactured
product,https://www.fitnesssuperstore.com/products/star-trac-impact-ab-abdominal-crunch-machine-remanufactured
product,https://www.fitnesssuperstore.com/products/star-trac-instinct-dual-adjustable-pulley-remanufactured
product,https://www.fitnesssuperstore.com/products/landice-e7-elliptical-elliptimill-trainer-remanufactured
product,https://www.fitnesssuperstore.com/products/landice-l8-treadmill-remanufactured
product,https://www.fitnesssuperstore.com/products/star-trac-max-squat-rack-full-cage-smith-machine-remanufactured
product,https://www.fitnesssuperstore.com/products/body-solid-gdr60upb-single-upright-for-gdr60-new
product,https://www.fitnesssuperstore.com/products/body-solid-gdr80-vertical-dumbbell-rack-new
product,https://www.fitnesssuperstore.com/products/life-fitness-9100-dove-tail-recumbent-bike-remanufactured
product,https://www.fitnesssuperstore.com/products/stott-pilates-rack-and-roll-reformer-remanufactured
product,https://www.fitnesssuperstore.com/products/stott-pilates-spx-reformer-remanufactured
product,https://www.fitnesssuperstore.com/products/star-trac-pro-upright-bike-remanufactured
product,https://www.fitnesssuperstore.com/products/body-solid-gfid100b-flat-incline-decline-bench-new
product,https://www.fitnesssuperstore.com/products/life-fitness-fit-series-dual-adjustable-pulley-remanufactured
product,https://www.fitnesssuperstore.com/products/technogym-vario-excite-1000-sp-w-led-console-remanufactured
product,https://www.fitnesssuperstore.com/products/body-solid-spr1000backp5-extended-power-rack-w-adjustable-commercial-bench-new
product,https://www.fitnesssuperstore.com/products/french-fitness-marin-squat-lunge-plate-loaded-new
product,https://www.fitnesssuperstore.com/products/french-fitness-mic4-magnetic-indoor-commercial-cycle-new
product,https://www.fitnesssuperstore.com/products/cybex-790t-treadmill-w-e3-console-remanufactured
product,https://www.fitnesssuperstore.com/products/french-fitness-marin-tibia-dorsi-flexion-plate-loaded-new
product,https://www.fitnesssuperstore.com/products/monark-exercise-ab-827e-exercise-bike-remanufactured
product,https://www.fitnesssuperstore.com/products/monark-exercise-ab-828e-ergomedic-exercise-bike-remanufactured
product,https://www.fitnesssuperstore.com/products/body-solid-spr1000backp4-extended-power-rack-package-new
product,https://www.fitnesssuperstore.com/products/french-fitness-marin-wrist-curl-machine-plate-loaded-new
product,https://www.fitnesssuperstore.com/products/nautilus-instinct-ab-bench-9nn-b7505-60ars-new
product,https://www.fitnesssuperstore.com/products/monark-881e-arm-ergometer-rehab-trainer-remanufactured
product,https://www.fitnesssuperstore.com/products/nautilus-leverage-shoulder-press-9np-l4002-60bzs-new
product,https://www.fitnesssuperstore.com/products/precor-9-31-premium-series-treadmill-remanufactured
product,https://www.fitnesssuperstore.com/products/precor-9-33-premium-series-treadmill-remanufactured
product,https://www.fitnesssuperstore.com/products/precor-9-35-premium-series-treadmill-remanufactured
product,https://www.fitnesssuperstore.com/products/nautilus-beauty-bell-rack-3-tier-9np-r8014-60aas-new
product,https://www.fitnesssuperstore.com/products/body-solid-spr1000ssbackp4-extended-power-rack-package-w-power-rack-strap-safeties-new
product,https://www.fitnesssuperstore.com/products/pneuback-chair-w-chair-unweighting-remanufactured
product,https://www.fitnesssuperstore.com/products/french-fitness-multi-grip-lat-pulldown-bar-attachment-new
product,https://www.fitnesssuperstore.com/products/nautilus-instinct-adjustable-abdominal-decline-bench-9nn-b7200-60ars-new
product,https://www.fitnesssuperstore.com/products/nautilus-instinct-triceps-extension-9nl-s5110-60ars-new
product,https://www.fitnesssuperstore.com/products/nautilus-instinct-vertical-row-9nl-s3320-60ars-new
product,https://www.fitnesssuperstore.com/products/nautilus-instinct-lat-pull-down-9nl-s3310-60ars-new
product,https://www.fitnesssuperstore.com/products/nautilus-instinct-chest-press-9nl-s2100-60ars-new
product,https://www.fitnesssuperstore.com/products/french-fitness-marin-iso-lateral-d-y-row-plate-loaded-new
product,https://www.fitnesssuperstore.com/products/nautilus-instinct-glute-press-9nl-s1012-60ars-new
product,https://www.fitnesssuperstore.com/products/french-fitness-marin-iso-lateral-decline-chest-press-plate-loaded-new
product,https://www.fitnesssuperstore.com/products/nautilus-instinct-dual-biceps-curl-triceps-extension-9nl-d5120-60ars-new
product,https://www.fitnesssuperstore.com/products/french-fitness-lma10-landmine-rack-or-floor-mounted-new
product,https://www.fitnesssuperstore.com/products/body-solid-soib250-pro-clubline-olympic-incline-bench-new
product,https://www.fitnesssuperstore.com/products/french-fitness-marin-combo-twist-plate-loaded-new
product,https://www.fitnesssuperstore.com/products/french-fitness-monster-compact-leg-press-sled-new
product,https://www.fitnesssuperstore.com/products/body-solid-sodb250-pro-clubline-olympic-decline-bench-new
product,https://www.fitnesssuperstore.com/products/cybex-classic-abdominal-machine-remanufactured
product,https://www.fitnesssuperstore.com/products/precor-efx-225-elliptical-remanufactured
product,https://www.fitnesssuperstore.com/products/cybex-eagle-arm-bicep-curl-11070-remanufactured
product,https://www.fitnesssuperstore.com/products/precor-efx-425-elliptical-remanufactured
product,https://www.fitnesssuperstore.com/products/cybex-bravo-pro-functional-trainer-remanufactured
product,https://www.fitnesssuperstore.com/products/precor-efx-635-elliptical-w-crossramp-p31-console-remanufactured
product,https://www.fitnesssuperstore.com/products/body-solid-bfft10-best-fitness-functional-trainer-new
product,https://www.fitnesssuperstore.com/products/cybex-eagle-calf-raise-11120-remanufactured
product,https://www.fitnesssuperstore.com/products/body-solid-bfhyp10-best-fitness-ab-board-hyperextension-new
product,https://www.fitnesssuperstore.com/products/cybex-standing-chin-dip-assist-modular-on-extended-frame-remanufactured
product,https://www.fitnesssuperstore.com/products/cybex-classic-back-extension-remanufactured
product,https://www.fitnesssuperstore.com/products/cybex-classic-leg-press-remanufactured
product,https://www.fitnesssuperstore.com/products/life-fitness-pro-pro1-ab-crunch-remanufactured
product,https://www.fitnesssuperstore.com/products/cybex-classic-multi-hip-remanufactured
product,https://www.fitnesssuperstore.com/products/life-fitness-pro-pro1-tricep-arm-extension-remanufactured
product,https://www.fitnesssuperstore.com/products/body-solid-bfmg10-best-fitness-sportsman-gym-new
product,https://www.fitnesssuperstore.com/products/life-fitness-pro-pro1-back-extension-remanufactured
product,https://www.fitnesssuperstore.com/products/precor-icarian-angled-45-degree-plate-loaded-leg-press-remanufactured
product,https://www.fitnesssuperstore.com/products/body-solid-aab2-gut-blaster-ab-slings-new
product,https://www.fitnesssuperstore.com/products/cybex-plate-loaded-smith-press-machine-5341-remanufactured
product,https://www.fitnesssuperstore.com/products/cybex-5-stack-17001-multi-jungle-gym-remanufactured
product,https://www.fitnesssuperstore.com/products/pneuweight-double-unweighting-exercise-system-remanufactured
product,https://www.fitnesssuperstore.com/products/precor-icarian-seated-calf-raise-remanufactured
product,https://www.fitnesssuperstore.com/products/precor-icarian-seated-preacher-curl-remanufactured
product,https://www.fitnesssuperstore.com/products/precor-experience-c-line-leg-press-remanufactured
product,https://www.fitnesssuperstore.com/products/tectrix-by-cybex-bikemax-recumbent-bike-remanufactured
product,https://www.fitnesssuperstore.com/products/cybex-ft-360-functional-trainer-remanufactured
product,https://www.fitnesssuperstore.com/products/cybex-7-stack-multi-jungle-gym-remanufactured
product,https://www.fitnesssuperstore.com/products/precor-icarian-leg-sled-seated-602-leg-press-remanufactured
product,https://www.fitnesssuperstore.com/products/cybex-8-stack-jungle-gym-remanufactured
product,https://www.fitnesssuperstore.com/products/precor-rbk-815-recumbent-bike-w-experience-console-remanufactured
product,https://www.fitnesssuperstore.com/products/precor-icarian-plate-loaded-t-bar-incline-lever-row-remanufactured
product,https://www.fitnesssuperstore.com/products/body-solid-bfab20-best-fitness-semi-recumbent-ab-bench-new
product,https://www.fitnesssuperstore.com/products/body-solid-bfct1-cross-trainer-elliptical-new
product,https://www.fitnesssuperstore.com/products/cybex-mg-500-3-stack-multi-station-gym-remanufactured
product,https://www.fitnesssuperstore.com/products/life-fitness-pro-pro1-leg-extension-remanufactured
product,https://www.fitnesssuperstore.com/products/cybex-eagle-leg-extension-11050-w-rom-remanufactured
product,https://www.fitnesssuperstore.com/products/life-fitness-pro-pro1-prone-leg-curl-remanufactured
product,https://www.fitnesssuperstore.com/products/cybex-vkr-leg-raise-chair-dip-remanufactured
product,https://www.fitnesssuperstore.com/products/life-fitness-pro-pro1-pullover-remanufactured
product,https://www.fitnesssuperstore.com/products/cybex-eagle-seated-leg-curl-11061-remanufactured
product,https://www.fitnesssuperstore.com/products/life-fitness-pro-pro1-rear-deltoid-pectoral-fly-remanufactured
product,https://www.fitnesssuperstore.com/products/french-fitness-tahoe-v2-seated-tricep-dip-press-plate-loaded-new
product,https://www.fitnesssuperstore.com/products/life-fitness-pro-pro1-seated-leg-curl-remanufactured
product,https://www.fitnesssuperstore.com/products/body-solid-bfsb5-best-fitness-chain-indoor-cycle-bike-new
product,https://www.fitnesssuperstore.com/products/life-fitness-pro-pro1-seated-row-remanufactured
product,https://www.fitnesssuperstore.com/products/cybex-eagle-overhead-press-11010-remanufactured
product,https://www.fitnesssuperstore.com/products/life-fitness-pro2-se-arm-bicep-curl-remanufactured
product,https://www.fitnesssuperstore.com/products/cybex-plate-loaded-45-degree-leg-press-remanufactured
product,https://www.fitnesssuperstore.com/products/cybex-plate-loaded-45-degree-leg-press-newer-style-remanufactured
product,https://www.fitnesssuperstore.com/products/life-fitness-pro2-select-abdominal-remanufactured
product,https://www.fitnesssuperstore.com/products/precor-icarian-lateral-raise-remanufactured
product,https://www.fitnesssuperstore.com/products/cybex-eagle-leg-press-11040-remanufactured
product,https://www.fitnesssuperstore.com/products/life-fitness-pro-pro1-lateral-raise-remanufactured
product,https://www.fitnesssuperstore.com/products/cybex-eagle-lat-pulldown-11130-remanufactured
product,https://www.fitnesssuperstore.com/products/cybex-eagle-hip-abduction-adduction-11181-remanufactured
product,https://www.fitnesssuperstore.com/products/life-fitness-pro-pro1-lat-pulldown-remanufactured
product,https://www.fitnesssuperstore.com/products/cybex-eagle-glute-11170-remanufactured
product,https://www.fitnesssuperstore.com/products/body-solid-best-fitness-bfpr10-olympic-press-stand-new
product,https://www.fitnesssuperstore.com/products/cybex-galileo-hip-abduction-adduction-remanufactured
product,https://www.fitnesssuperstore.com/products/life-fitness-pro-pro1-hip-adduction-inner-thigh-remanufactured
product,https://www.fitnesssuperstore.com/products/life-fitness-pro-pro1-hip-abduction-outer-thigh-remanufactured
product,https://www.fitnesssuperstore.com/products/life-fitness-pro-pro1-pec-fly-remanufactured
product,https://www.fitnesssuperstore.com/products/cybex-ft-450-bravo-advanced-tall-8810-90-functional-trainer-remanufactured
product,https://www.fitnesssuperstore.com/products/body-solid-bfob10-best-fitness-oly-folding-bench-new
product,https://www.fitnesssuperstore.com/products/life-fitness-pro-pro1-seated-dip-remanufactured
product,https://www.fitnesssuperstore.com/products/life-fitness-pro-pro1-chest-press-remanufactured
product,https://www.fitnesssuperstore.com/products/precor-discovery-series-selectorized-glute-extension-remanufactured
product,https://www.fitnesssuperstore.com/products/cybex-classic-shoulder-press-remanufactured
product,https://www.fitnesssuperstore.com/products/precor-clm-835-stair-stepper-w-p30-console-remanufactured
product,https://www.fitnesssuperstore.com/products/precor-efx-833-elliptical-w-converging-crossramp-p31-console-remanufactured
product,https://www.fitnesssuperstore.com/products/concept2-bikeerg-stationary-bike-w-pm5-console-new
product,https://www.fitnesssuperstore.com/products/precor-discovery-series-selectorized-chest-press-remanufactured
product,https://www.fitnesssuperstore.com/products/cybex-utility-bench-remanufactured
product,https://www.fitnesssuperstore.com/products/precor-discovery-series-selectorized-prone-leg-curl-remanufactured
product,https://www.fitnesssuperstore.com/products/cybex-625a-arc-trainer-w-e3-console-remanufactured
product,https://www.fitnesssuperstore.com/products/cybex-classic-chest-press-remanufactured
product,https://www.fitnesssuperstore.com/products/cybex-625r-recumbent-bike-w-e3-console-remanufactured
product,https://www.fitnesssuperstore.com/products/precor-icarian-chin-dip-assist-remanufactured
product,https://www.fitnesssuperstore.com/products/french-fitness-ffs-silver-glute-machine-new
product,https://www.fitnesssuperstore.com/products/cybex-525at-arc-trainer-remanufactured
product,https://www.fitnesssuperstore.com/products/cybex-adjustable-bench-w-0-80-degree-incline-remanufactured
product,https://www.fitnesssuperstore.com/products/cybex-800s-ct-stepper-remanufactured
product,https://www.fitnesssuperstore.com/products/precor-820-multi-gym-8-stack-10-station-remanufactured
product,https://www.fitnesssuperstore.com/products/precor-icarian-super-squat-624-remanufactured
product,https://www.fitnesssuperstore.com/products/cybex-classic-bicep-curl-remanufactured
product,https://www.fitnesssuperstore.com/products/cybex-classic-hip-adduction-inner-thigh-remanufactured
product,https://www.fitnesssuperstore.com/products/cybex-classic-hip-abduction-outer-thigh-remanufactured
product,https://www.fitnesssuperstore.com/products/power-plate-classic-machine-remanufactured
product,https://www.fitnesssuperstore.com/products/power-plate-my7-matte-black-new
product,https://www.fitnesssuperstore.com/products/balanced-body-trapeze-table-cadillac-remanufactured
product,https://www.fitnesssuperstore.com/products/freemotion-cable-cross-machine-gzfm60063-remanufactured
product,https://www.fitnesssuperstore.com/products/precor-c966-treadmill-remanufactured
product,https://www.fitnesssuperstore.com/products/french-fitness-phoenix-plate-loaded-pro-power-squat-new
product,https://www.fitnesssuperstore.com/products/power-plate-pro7-series-power-shield-graphite-new
product,https://www.fitnesssuperstore.com/products/sportsart-c570r-recumbent-bike-remanufactured
product,https://www.fitnesssuperstore.com/products/sportsart-c530r-recumbent-bike-remanufactured
product,https://www.fitnesssuperstore.com/products/french-fitness-newport-selectorized-glute-machine-new
product,https://www.fitnesssuperstore.com/products/power-plate-my7-series-power-shield-black-new
product,https://www.fitnesssuperstore.com/products/french-fitness-newport-selectorized-abdominal-crunch-new
product,https://www.fitnesssuperstore.com/products/bodymasters-decline-portable-bench-remanufactured
product,https://www.fitnesssuperstore.com/products/biodex-medical-945-130-upper-body-cycle-ube-remanufactured
product,https://www.fitnesssuperstore.com/products/precor-vitality-c027es-leg-extension-leg-curl-remanufactured
product,https://www.fitnesssuperstore.com/products/biodex-biostep-semi-recumbent-elliptical-remanufactured
product,https://www.fitnesssuperstore.com/products/cybex-eagle-nx-leg-extension-20050-51-remanufactured
product,https://www.fitnesssuperstore.com/products/biodex-biostep-2-950-240-semi-recumbent-elliptical-remanufactured
product,https://www.fitnesssuperstore.com/products/cybex-eagle-nx-abdominal-20090-remanufactured
product,https://www.fitnesssuperstore.com/products/precor-icarian-cw-702-vkr-vertical-knee-raise-remanufactured
product,https://www.fitnesssuperstore.com/products/cybex-prestige-strength-vrs-standing-calf-raise-21110-remanufactured
product,https://www.fitnesssuperstore.com/products/cybex-vr-lat-pulldown-remanufactured
product,https://www.fitnesssuperstore.com/products/precor-icarian-5-stack-cw2200-multi-station-gym-remanufactured
product,https://www.fitnesssuperstore.com/products/cybex-prestige-total-access-seated-leg-curl-21461-remanufactured
product,https://www.fitnesssuperstore.com/products/bodymasters-plate-loaded-leverage-t-bar-row-remanufactured
product,https://www.fitnesssuperstore.com/products/cybex-prestige-45-degree-back-hyperextension-remanufactured
product,https://www.fitnesssuperstore.com/products/precor-discovery-squat-machine-dpl0624-plate-loaded-remanufactured
product,https://www.fitnesssuperstore.com/products/bodymasters-smith-machine-remanufactured
product,https://www.fitnesssuperstore.com/products/precor-icarian-2-tier-saddle-dumbbell-rack-10-pairs-remanufactured
product,https://www.fitnesssuperstore.com/products/bh-fitness-vibration-platform-remanufactured
product,https://www.fitnesssuperstore.com/products/cybex-r-series-70t-lower-body-arc-trainer-remanufactured
product,https://www.fitnesssuperstore.com/products/precor-ab102-ab-bench-remanufactured
product,https://www.fitnesssuperstore.com/products/precor-discovery-adjustable-decline-ab-bench-remanufactured
product,https://www.fitnesssuperstore.com/products/cybex-eagle-incline-pull-11020-remanufactured
product,https://www.fitnesssuperstore.com/products/precor-vitality-series-chest-press-remanufactured
product,https://www.fitnesssuperstore.com/products/french-fitness-ffs-silver-olympic-military-bench-new
product,https://www.fitnesssuperstore.com/products/precor-vitality-series-lat-pulldown-remanufactured
product,https://www.fitnesssuperstore.com/products/precor-vitality-series-leg-extension-remanufactured
product,https://www.fitnesssuperstore.com/products/bodyguard-t460xc-treadmill-remanufactured
product,https://www.fitnesssuperstore.com/products/cybex-eagle-lateral-raise-11160-remanufactured
product,https://www.fitnesssuperstore.com/products/precor-vitality-series-seated-leg-curl-remanufactured
product,https://www.fitnesssuperstore.com/products/cybex-prestige-series-leg-raise-chair-16180-remanufactured
product,https://www.fitnesssuperstore.com/products/precor-c010es-vitality-leg-press-calf-extension-remanufactured
product,https://www.fitnesssuperstore.com/products/biodex-950-120-semi-recumbent-cycle-remanufactured
product,https://www.fitnesssuperstore.com/products/precor-vitality-series-shoulder-press-remanufactured
page,https://www.fitnesssuperstore.com/pages/costars-cooperative-purchasing-program
page,https://www.fitnesssuperstore.com/pages/fitness-equipment-alabama
page,https://www.fitnesssuperstore.com/pages/life-fitness-powermill-comparison-chart
page,https://www.fitnesssuperstore.com/pages/octane-seated-elliptical-comparison-chart
page,https://www.fitnesssuperstore.com/pages/selectorized-multi-hip-and-glute-machines-comparison-chart
page,https://www.fitnesssuperstore.com/pages/selectorized-prone-leg-curl-leg-extension-combo-comparison-chart
page,https://www.fitnesssuperstore.com/pages/selectorized-split-leg-press-sled-comparison-chart
page,https://www.fitnesssuperstore.com/pages/comparison-charts/adjustable-cable-crossover
page,https://www.fitnesssuperstore.com/pages/comparison-chart/adjustable-cable-crossover-comparison-chart
collection,https://www.fitnesssuperstore.com/collections/french-fitness-summer-overstock-sale
collection,https://www.fitnesssuperstore.com/collections/stairmaster-remanufactured
collection,https://www.fitnesssuperstore.com/collections/stairmaster-new
collection,https://www.fitnesssuperstore.com/collections/power-plate-remanufactured
collection,https://www.fitnesssuperstore.com/collections/power-plate-new
collection,https://www.fitnesssuperstore.com/collections/french-fitness-vail-series-1
collection,https://www.fitnesssuperstore.com/collections/french-fitness-telluride-series-1
collection,https://www.fitnesssuperstore.com/collections/french-fitness-wall-mounted-cable-machines
collection,https://www.fitnesssuperstore.com/collections/meta-pilot-products-for-multifeeds
collection,https://www.fitnesssuperstore.com/collections/starter-packages
collection,https://www.fitnesssuperstore.com/collections/gym-packages
collection,https://www.fitnesssuperstore.com/collections/french-fitness-inversion-tables
collection,https://www.fitnesssuperstore.com/collections/selectorized-bicep-tricep-combo
collection,https://www.fitnesssuperstore.com/collections/resistance-based-gym-systems
other,https://www.fitnesssuperstore.com/agents.md
