product_id,sku,condition_state,expected_condition,feed
10006373859644,FF-ADMAB,New,new,googleshoppingfrenchfitness
10007773839676,FF-RR-USA,New,new,googleshoppingfrenchfitness
10011475968316,FF-3TS15PDR-V2,New,new,googleshoppingfrenchfitness
10017455243580,FF-RR-HTBA,New,new,googleshoppingfrenchfitness
10017532641596,FF-RR-GHDR,New,new,googleshoppingfrenchfitness
10019813589308,FF-HVD-GDR500,New,new,googleshoppingfrenchfitness
10026483908924,FFT-LPSCR,New,new,googleshoppingfrenchfitness
10028565561660,FFS-LPSCR,New,new,googleshoppingfrenchfitness
10030876852540,FF-URPSD35-V2,New,new,googleshoppingfrenchfitness
10030944125244,FF-URPSD40-V2,New,new,googleshoppingfrenchfitness
10030976729404,FF-URPSD45-V2,New,new,googleshoppingfrenchfitness
10031019065660,FF-URPSD50-V2,New,new,googleshoppingfrenchfitness
10032531046716,FF-URPSD55-V2,New,new,googleshoppingfrenchfitness
10032538714428,FF-URPSD60-V2,New,new,googleshoppingfrenchfitness
10034665914684,FF-URPSD65-V2,New,new,googleshoppingfrenchfitness
10041131303228,FF-URPSD70-V2,New,new,googleshoppingfrenchfitness
10041155813692,FF-URPSD75-V2,New,new,googleshoppingfrenchfitness
10041171018044,FF-URPSD80-V2,New,new,googleshoppingfrenchfitness
10041270305084,FF-URPSD85-V2,New,new,googleshoppingfrenchfitness
10041293013308,FF-URPSD90-V2,New,new,googleshoppingfrenchfitness
10041340559676,FF-URPSD95-V2,New,new,googleshoppingfrenchfitness
10041366675772,FF-URPSD100-V2,New,new,googleshoppingfrenchfitness
10042226639164,FF-URPSD5-50-V2,New,new,googleshoppingfrenchfitness
10042232373564,FF-URPSD5-60-V2,New,new,googleshoppingfrenchfitness
10042246791484,FF-URPSD5-75-V2,New,new,googleshoppingfrenchfitness
10042294239548,FF-URPSD5-100-V2,New,new,googleshoppingfrenchfitness
10042301251900,FF-URPSD55-75-V2,New,new,googleshoppingfrenchfitness
10042305872188,FF-URPSD55-100-V2,New,new,googleshoppingfrenchfitness
10042888782140,FF-VKB570,New,new,googleshoppingfrenchfitness
10042970505532,FF-CMFGM-4,New,new,googleshoppingfrenchfitness
10044059844924,FF-VKB520,New,new,googleshoppingfrenchfitness
10054649119036,FF-TRIDE-SAC,New,new,googleshoppingfrenchfitness
10058504208700,FF-RR-JBS-43-NCM,New,new,googleshoppingfrenchfitness
10059303878972,FF-VAIL-SAC,New,new,googleshoppingfrenchfitness
10060362318140,FF-CIKB106,New,new,googleshoppingfrenchfitness
10060368249148,FF-UB420T,New,new,googleshoppingfrenchfitness
10060396036412,FF-CIKB115,New,new,googleshoppingfrenchfitness
10061163036988,FF-RIG15,New,new,googleshoppingfrenchfitness
10062014939452,FF-TRIDE-HTGM,New,new,googleshoppingfrenchfitness
10063142551868,FF-TRIDE-SLC,New,new,googleshoppingfrenchfitness
10063163064636,FF-TRIDE-PLC,New,new,googleshoppingfrenchfitness
10065496801596,FF-TRIDE-TPSD,New,new,googleshoppingfrenchfitness
10065551556924,FF-TRIDE-TR,New,new,googleshoppingfrenchfitness
10065617879356,FF-TRIDE-GM,New,new,googleshoppingfrenchfitness
10071602823484,FFM-PLISPL,New,new,googleshoppingfrenchfitness
10078810145084,FF-FSR40,New,new,googleshoppingfrenchfitness
10082057650492,FF-RR-JBS-96-CM,New,new,googleshoppingfrenchfitness
10090326982972,FF-E420T,New,new,googleshoppingfrenchfitness
10112722927932,FF-RR-JBS-71-NCM,New,new,googleshoppingfrenchfitness
10113791656252,FF-VAIL-GM,New,new,googleshoppingfrenchfitness
10114801467708,FF-TRIDE-SLE,New,new,googleshoppingfrenchfitness
10116902388028,FF-RIG24,New,new,googleshoppingfrenchfitness
10124211355964,FF-VAIL-TR,New,new,googleshoppingfrenchfitness
10138976944444,FF-PLHSLP,New,new,googleshoppingfrenchfitness
10162197168444,FF-T400,New,new,googleshoppingfrenchfitness
10178987884860,FF-VP100,New,new,googleshoppingfrenchfitness
10187519492412,FF-CAP,New,new,googleshoppingfrenchfitness
10188806848828,FF-TRIDE-DCC,New,new,googleshoppingfrenchfitness
10191983214908,FF-ST200,New,new,googleshoppingfrenchfitness
10196188168508,FF-ST300,New,new,googleshoppingfrenchfitness
10204291203388,FF-SM920T,New,new,googleshoppingfrenchfitness
10211454189884,FFO-FLPPL,New,new,googleshoppingfrenchfitness
10213188501820,FF-RB320T,New,new,googleshoppingfrenchfitness
10213993873724,FF-RB310,New,new,googleshoppingfrenchfitness
10219025727804,FF-T850,New,new,googleshoppingfrenchfitness
10219946049852,FF-MFAB-ACLE-V3,New,new,googleshoppingfrenchfitness
10221238124860,FF-RB300,New,new,googleshoppingfrenchfitness
10226699469116,FF-MAB40D-AL,New,new,googleshoppingfrenchfitness
10226754683196,FF-E310,New,new,googleshoppingfrenchfitness
10226775687484,FF-E320T,New,new,googleshoppingfrenchfitness
10227311083836,FFB-CAFID,New,new,googleshoppingfrenchfitness
10237677207868,FF-RGOP495,New,new,googleshoppingfrenchfitness
10237798940988,FF-CA-FGK10,New,new,googleshoppingfrenchfitness
10240114000188,FF-T300,New,new,googleshoppingfrenchfitness
10242947907900,FF-UB300,New,new,googleshoppingfrenchfitness
10243068690748,FF-WMRFT11,New,new,googleshoppingfrenchfitness
10243298099516,FF-UB310,New,new,googleshoppingfrenchfitness
10243307503932,FF-RB600,New,new,googleshoppingfrenchfitness
10243489923388,FFS-LPDLR-V2,New,new,googleshoppingfrenchfitness
10245808587068,FF-WMRFT21,New,new,googleshoppingfrenchfitness
10246877544764,FF-HPB100-47,New,new,googleshoppingfrenchfitness
10247596147004,FF-RCHD10,New,new,googleshoppingfrenchfitness
10247596147004,FF-RCHD100,New,new,googleshoppingfrenchfitness
10247596147004,FF-RCHD105,New,new,googleshoppingfrenchfitness
10247596147004,FF-RCHD105-120,New,new,googleshoppingfrenchfitness
10247596147004,FF-RCHD110,New,new,googleshoppingfrenchfitness
10247596147004,FF-RCHD115,New,new,googleshoppingfrenchfitness
10247596147004,FF-RCHD12-5,New,new,googleshoppingfrenchfitness
10247596147004,FF-RCHD120,New,new,googleshoppingfrenchfitness
10247596147004,FF-RCHD125,New,new,googleshoppingfrenchfitness
10247596147004,FF-RCHD130,New,new,googleshoppingfrenchfitness
10247596147004,FF-RCHD135,New,new,googleshoppingfrenchfitness
10247596147004,FF-RCHD140,New,new,googleshoppingfrenchfitness
10247596147004,FF-RCHD145,New,new,googleshoppingfrenchfitness
10247596147004,FF-RCHD15,New,new,googleshoppingfrenchfitness
10247596147004,FF-RCHD150,New,new,googleshoppingfrenchfitness
10247596147004,FF-RCHD17-5,New,new,googleshoppingfrenchfitness
10247596147004,FF-RCHD2-5,New,new,googleshoppingfrenchfitness
10247596147004,FF-RCHD2-5-22-5,New,new,googleshoppingfrenchfitness
10247596147004,FF-RCHD2-5-25,New,new,googleshoppingfrenchfitness
10247596147004,FF-RCHD20,New,new,googleshoppingfrenchfitness
10247596147004,FF-RCHD22-5,New,new,googleshoppingfrenchfitness
10247596147004,FF-RCHD25,New,new,googleshoppingfrenchfitness
10247596147004,FF-RCHD27-5,New,new,googleshoppingfrenchfitness
10247596147004,FF-RCHD30,New,new,googleshoppingfrenchfitness
10247596147004,FF-RCHD35,New,new,googleshoppingfrenchfitness
10247596147004,FF-RCHD40,New,new,googleshoppingfrenchfitness
10247596147004,FF-RCHD45,New,new,googleshoppingfrenchfitness
10247596147004,FF-RCHD5,New,new,googleshoppingfrenchfitness
10247596147004,FF-RCHD5-100,New,new,googleshoppingfrenchfitness
10247596147004,FF-RCHD5-50,New,new,googleshoppingfrenchfitness
10247596147004,FF-RCHD5-75,New,new,googleshoppingfrenchfitness
10247596147004,FF-RCHD50,New,new,googleshoppingfrenchfitness
10247596147004,FF-RCHD55,New,new,googleshoppingfrenchfitness
10247596147004,FF-RCHD55-100,New,new,googleshoppingfrenchfitness
10247596147004,FF-RCHD55-75,New,new,googleshoppingfrenchfitness
10247596147004,FF-RCHD60,New,new,googleshoppingfrenchfitness
10247596147004,FF-RCHD65,New,new,googleshoppingfrenchfitness
10247596147004,FF-RCHD7-5,New,new,googleshoppingfrenchfitness
10247596147004,FF-RCHD70,New,new,googleshoppingfrenchfitness
10247596147004,FF-RCHD75,New,new,googleshoppingfrenchfitness
10247596147004,FF-RCHD80,New,new,googleshoppingfrenchfitness
10247596147004,FF-RCHD80-100,New,new,googleshoppingfrenchfitness
10247596147004,FF-RCHD85,New,new,googleshoppingfrenchfitness
10247596147004,FF-RCHD90,New,new,googleshoppingfrenchfitness
10247596147004,FF-RCHD95,New,new,googleshoppingfrenchfitness
10247823130940,FF-RB620T,New,new,googleshoppingfrenchfitness
10248660681020,FF-U12OWP50-V2,New,new,googleshoppingfrenchfitness
10248941601084,FF-U12OWP70-V2,New,new,googleshoppingfrenchfitness
10249000485180,FF-U12OWP100-V2,New,new,googleshoppingfrenchfitness
10249211707708,FF-U12OWP120-V2,New,new,googleshoppingfrenchfitness
10249273966908,FF-U12OWP140-V2,New,new,googleshoppingfrenchfitness
10249283862844,FF-U12OWP170-V2,New,new,googleshoppingfrenchfitness
10254897807676,FF-FSR110,New,new,googleshoppingfrenchfitness
10269254254908,FF-MSS-123-2T,New,new,googleshoppingfrenchfitness
10269254254908,FF-MSS-123-3T,New,new,googleshoppingfrenchfitness
10269254254908,FF-MSS-151-2T,New,new,googleshoppingfrenchfitness
10269254254908,FF-MSS-151-3T,New,new,googleshoppingfrenchfitness
10269254254908,FF-MSS-48-2T,New,new,googleshoppingfrenchfitness
10269254254908,FF-MSS-48-3T,New,new,googleshoppingfrenchfitness
10269254254908,FF-MSS-77-2T,New,new,googleshoppingfrenchfitness
10269254254908,FF-MSS-77-3T,New,new,googleshoppingfrenchfitness
10269254254908,FF-MSS-94-2T,New,new,googleshoppingfrenchfitness
10269254254908,FF-MSS-94-3T,New,new,googleshoppingfrenchfitness
10273068548412,FF-X10LP,New,new,googleshoppingfrenchfitness
10273653457212,FF-VAIL-HTGM,New,new,googleshoppingfrenchfitness
10274055684412,FF-VAIL-TPSD,New,new,googleshoppingfrenchfitness
10285757563196,FF-CIOWP335,New,new,googleshoppingfrenchfitness
10290339905852,FF-UB320T,New,new,googleshoppingfrenchfitness
10310913360188,FF-UB600,New,new,googleshoppingfrenchfitness
10323080479036,FF-UB620T,New,new,googleshoppingfrenchfitness
10338979610940,FF-E600,New,new,googleshoppingfrenchfitness
10339479781692,FF-E620T,New,new,googleshoppingfrenchfitness
10346655973692,FFM-PSM,New,new,googleshoppingfrenchfitness
10347757601084,FF-RCHD2-5-25,New,new,googleshoppingfrenchfitness
10347757797692,FF-RCHD5-100,New,new,googleshoppingfrenchfitness
10347758256444,FF-RCHD5-50,New,new,googleshoppingfrenchfitness
10347758485820,FF-RCHD5-75,New,new,googleshoppingfrenchfitness
10347758715196,FF-RCHD2-5-22-5,New,new,googleshoppingfrenchfitness
10354483953980,FF-X90,New,new,googleshoppingfrenchfitness
10354513838396,FF-X90-HLP,New,new,googleshoppingfrenchfitness
10363259519292,FF-SR6,New,new,googleshoppingfrenchfitness
10380780503356,FF-SM900,New,new,googleshoppingfrenchfitness
10393251086652,FF-RR-BPSP-43,New,new,googleshoppingfrenchfitness
9875868123452,FF-FSR100,New,new,googleshoppingfrenchfitness
9875912786236,FFB-4SMJG,New,new,googleshoppingfrenchfitness
9878150218044,FF-FSR90,New,new,googleshoppingfrenchfitness
9878463152444,FF-HDR,New,new,googleshoppingfrenchfitness
9878463938876,FF-HE450,New,new,googleshoppingfrenchfitness
9878463971644,FFD-PLBAC,New,new,googleshoppingfrenchfitness
9878464627004,FF-HPB100,New,new,googleshoppingfrenchfitness
9878465282364,FF-HTB20,New,new,googleshoppingfrenchfitness
9878465675580,FFD-PLDCP,New,new,googleshoppingfrenchfitness
9878465806652,FF-HVD-1-10,New,new,googleshoppingfrenchfitness
9878466887996,FFD-PLILFP,New,new,googleshoppingfrenchfitness
9878466953532,FF-HVD-1-10R,New,new,googleshoppingfrenchfitness
9878467248444,FFD-PLILHR,New,new,googleshoppingfrenchfitness
9878467445052,FF-HVD-1-15,New,new,googleshoppingfrenchfitness
9878467903804,FFD-PLILKLC,New,new,googleshoppingfrenchfitness
9878468526396,FFD-PLILLE,New,new,googleshoppingfrenchfitness
9878468985148,FFD-PLSLR,New,new,googleshoppingfrenchfitness
9878469607740,FFD-PLSOP,New,new,googleshoppingfrenchfitness
9878470230332,FFD-PLSTDP,New,new,googleshoppingfrenchfitness
9878471278908,FFM-ACB,New,new,googleshoppingfrenchfitness
9878472393020,FFM-AHBSR3,New,new,googleshoppingfrenchfitness
9878472819004,FFM-AHBSR5,New,new,googleshoppingfrenchfitness
9878473277756,FFM-ASP,New,new,googleshoppingfrenchfitness
9878474031420,FFM-CLPS,New,new,googleshoppingfrenchfitness
9878474457404,FF-JCR30,New,new,googleshoppingfrenchfitness
9878474654012,FFM-CT,New,new,googleshoppingfrenchfitness
9878475243836,FFM-GBJ,New,new,googleshoppingfrenchfitness
9878475407676,FF-JTR30,New,new,googleshoppingfrenchfitness
9878476652860,FFM-ILPLC,New,new,googleshoppingfrenchfitness
9878477078844,FFM-ILSIP,New,new,googleshoppingfrenchfitness
9878477603132,FFM-LPLR,New,new,googleshoppingfrenchfitness
9878478291260,FFM-OIBWH,New,new,googleshoppingfrenchfitness
9878478487868,FF-LMA100,New,new,googleshoppingfrenchfitness
9878479274300,FFM-PCB,New,new,googleshoppingfrenchfitness
9878479307068,FF-LMA20,New,new,googleshoppingfrenchfitness
9878480191804,FFM-PL4WN,New,new,googleshoppingfrenchfitness
9878480585020,FFM-PLAOC,New,new,googleshoppingfrenchfitness
9878480879932,FFM-PLCBC,New,new,googleshoppingfrenchfitness
9878481305916,FFM-PLDCP,New,new,googleshoppingfrenchfitness
9878481404220,FF-LSSM20,New,new,googleshoppingfrenchfitness
9878481764668,FFM-PLDYR,New,new,googleshoppingfrenchfitness
9878482125116,FF-MAB20-AR,New,new,googleshoppingfrenchfitness
9878482157884,FFM-PLFCBP,New,new,googleshoppingfrenchfitness
9878482452796,FF-MAB30,New,new,googleshoppingfrenchfitness
9878482583868,FFM-PLFLP,New,new,googleshoppingfrenchfitness
9878483730748,FFM-PLHLP,New,new,googleshoppingfrenchfitness
9878484025660,FF-MBR12,New,new,googleshoppingfrenchfitness
9878484091196,FFM-PLHSLP,New,new,googleshoppingfrenchfitness
9878484517180,FF-MBR20,New,new,googleshoppingfrenchfitness
9878484779324,FFM-PLICP,New,new,googleshoppingfrenchfitness
9878485238076,FFM-PLILHR,New,new,googleshoppingfrenchfitness
9878485303612,FF-MBR500,New,new,googleshoppingfrenchfitness
9878485729596,FFM-PLKLC,New,new,googleshoppingfrenchfitness
9878486122812,FFM-PLLE,New,new,googleshoppingfrenchfitness
9878486417724,FF-MFAB-ACLE-V2,New,new,googleshoppingfrenchfitness
9878486647100,FFM-PLLR,New,new,googleshoppingfrenchfitness
9878487073084,FF-MGLPD,New,new,googleshoppingfrenchfitness
9878487105852,FFM-PLP,New,new,googleshoppingfrenchfitness
9878487400764,FFM-PLR,New,new,googleshoppingfrenchfitness
9878487761212,FFM-PLSHC,New,new,googleshoppingfrenchfitness
9878488187196,FF-MIC20,New,new,googleshoppingfrenchfitness
9878488318268,FFM-PLSL,New,new,googleshoppingfrenchfitness
9878488613180,FFM-PLSLC,New,new,googleshoppingfrenchfitness
9878488711484,FF-MIC21,New,new,googleshoppingfrenchfitness
9878489104700,FF-MIC3,New,new,googleshoppingfrenchfitness
9878489268540,FFM-PLSP,New,new,googleshoppingfrenchfitness
9878489334076,FF-MIC4,New,new,googleshoppingfrenchfitness
9878489661756,FFM-PLSTP,New,new,googleshoppingfrenchfitness
9878490120508,FF-MOSB-V2,New,new,googleshoppingfrenchfitness
9878490153276,FFM-PLTDF,New,new,googleshoppingfrenchfitness
9878490546492,FFM-PLWC,New,new,googleshoppingfrenchfitness
9878491038012,FFM-PLWCM,New,new,googleshoppingfrenchfitness
9878491496764,FFM-PLWP,New,new,googleshoppingfrenchfitness
9878491660604,FF-MSAT,New,new,googleshoppingfrenchfitness
9878491857212,FFM-R30,New,new,googleshoppingfrenchfitness
9878503391548,FF-MSS-U45,New,new,googleshoppingfrenchfitness
9878503817532,FF-MSWB-S10-625,New,new,googleshoppingfrenchfitness
9878509388092,FF-OBP190,New,new,googleshoppingfrenchfitness
9878509420860,FFM-R30-MAB30,New,new,googleshoppingfrenchfitness
9878512632124,FF-OBP235,New,new,googleshoppingfrenchfitness
9878513451324,FF-OBP235B,New,new,googleshoppingfrenchfitness
9878513779004,FFM-R30-RE,New,new,googleshoppingfrenchfitness
9878514368828,FF-OBP240,New,new,googleshoppingfrenchfitness
9878515614012,FF-OBP260,New,new,googleshoppingfrenchfitness
9878516400444,FF-OBP280,New,new,googleshoppingfrenchfitness
9878517285180,FF-OBP285,New,new,googleshoppingfrenchfitness
9878517973308,FF-OBP325,New,new,googleshoppingfrenchfitness
9878518530364,FFM-R30-RE-LPLW,New,new,googleshoppingfrenchfitness
9878518694204,FF-OBP325B,New,new,googleshoppingfrenchfitness
9878520004924,FF-OBP380,New,new,googleshoppingfrenchfitness
9878520791356,FF-OBP415,New,new,googleshoppingfrenchfitness
9878521577788,FF-OBP415B,New,new,googleshoppingfrenchfitness
9878522265916,FF-OBP425,New,new,googleshoppingfrenchfitness
9878523117884,FFM-RKG,New,new,googleshoppingfrenchfitness
9878523642172,FFT-SBE,New,new,googleshoppingfrenchfitness
9878523674940,FF-OBP470,New,new,googleshoppingfrenchfitness
9878524231996,FFT-SHC,New,new,googleshoppingfrenchfitness
9878524428604,FF-OBP55,New,new,googleshoppingfrenchfitness
9878524821820,FFT-SHLP,New,new,googleshoppingfrenchfitness
9878524854588,FF-OCB,New,new,googleshoppingfrenchfitness
9878525247804,FF-OCB60-700,New,new,googleshoppingfrenchfitness
9878525378876,FFM-SM,New,new,googleshoppingfrenchfitness
9878525870396,FF-OCBPB,New,new,googleshoppingfrenchfitness
9878526034236,FFM-SRB,New,new,googleshoppingfrenchfitness
9878526525756,FF-OHTB,New,new,googleshoppingfrenchfitness
9878526722364,FFM-SSS,New,new,googleshoppingfrenchfitness
9878527377724,FFM-VLP,New,new,googleshoppingfrenchfitness
9878528786748,FFN-3D-SMITH,New,new,googleshoppingfrenchfitness
9878529442108,FFN-ACB,New,new,googleshoppingfrenchfitness
9878530031932,FFN-AHBSR3,New,new,googleshoppingfrenchfitness
9878530163004,FF-OWT20,New,new,googleshoppingfrenchfitness
9878530392380,FFN-AHBSR5,New,new,googleshoppingfrenchfitness
9878530687292,FF-OWT30,New,new,googleshoppingfrenchfitness
9878530883900,FFN-ASP,New,new,googleshoppingfrenchfitness
9878531178812,FF-OWTBH5,New,new,googleshoppingfrenchfitness
9878531604796,FFN-CT,New,new,googleshoppingfrenchfitness
9878531801404,FF-P-PWS,New,new,googleshoppingfrenchfitness
9878532161852,FFN-FIDOBP,New,new,googleshoppingfrenchfitness
9878532817212,FFN-GBJ,New,new,googleshoppingfrenchfitness
9878533341500,FFN-HDEHR,New,new,googleshoppingfrenchfitness
9878533505340,FF-P-PWS-V2,New,new,googleshoppingfrenchfitness
9878533996860,FFN-ILPLC,New,new,googleshoppingfrenchfitness
9878534488380,FF-PBPSR,New,new,googleshoppingfrenchfitness
9878534586684,FFN-ILSIP,New,new,googleshoppingfrenchfitness
9878535110972,FFN-OIBWH,New,new,googleshoppingfrenchfitness
9878535864636,FFN-PCB,New,new,googleshoppingfrenchfitness
9878536126780,FF-PLBSTP,New,new,googleshoppingfrenchfitness
9878536421692,FFN-PL4WN,New,new,googleshoppingfrenchfitness
9878536945980,FFN-PLAOC,New,new,googleshoppingfrenchfitness
9878537732412,FFN-PLCBC,New,new,googleshoppingfrenchfitness
9878538322236,FFN-PLDCP,New,new,googleshoppingfrenchfitness
9878538617148,FF-PLLPLR20,New,new,googleshoppingfrenchfitness
9878538912060,FFN-PLDYR,New,new,googleshoppingfrenchfitness
9878539665724,FFN-PLFCBP,New,new,googleshoppingfrenchfitness
9878539895100,FF-PLPSDSC,New,new,googleshoppingfrenchfitness
9878540255548,FFN-PLFLP,New,new,googleshoppingfrenchfitness
9878540484924,FF-PROBBR,New,new,googleshoppingfrenchfitness
9878541074748,FF-PS50,New,new,googleshoppingfrenchfitness
9878541959484,FFN-PLHLP,New,new,googleshoppingfrenchfitness
9878542156092,FF-PSSJB60,New,new,googleshoppingfrenchfitness
9878542582076,FFN-PLICP,New,new,googleshoppingfrenchfitness
9878543171900,FFN-PLILHR,New,new,googleshoppingfrenchfitness
9878543663420,FFN-PLKLC,New,new,googleshoppingfrenchfitness
9878544449852,FFN-PLLE,New,new,googleshoppingfrenchfitness
9878545006908,FFN-PLLR,New,new,googleshoppingfrenchfitness
9878545662268,FFN-PLP,New,new,googleshoppingfrenchfitness
9878545924412,FF-R1,New,new,googleshoppingfrenchfitness
9878546284860,FFN-PLR,New,new,googleshoppingfrenchfitness
9878546514236,FF-R10,New,new,googleshoppingfrenchfitness
9878546940220,FFN-PLSHC,New,new,googleshoppingfrenchfitness
9878547530044,FFN-PLSL,New,new,googleshoppingfrenchfitness
9878547661116,FF-R20,New,new,googleshoppingfrenchfitness
9878548087100,FFN-PLSLC,New,new,googleshoppingfrenchfitness
9878548840764,FF-R4,New,new,googleshoppingfrenchfitness
9878549004604,FFN-PLSP,New,new,googleshoppingfrenchfitness
9878549299516,FF-R5,New,new,googleshoppingfrenchfitness
9878549627196,FFN-PLSTP,New,new,googleshoppingfrenchfitness
9878549823804,FF-R6,New,new,googleshoppingfrenchfitness
9878550217020,FFN-PLTDF,New,new,googleshoppingfrenchfitness
9878550282556,FF-R8,New,new,googleshoppingfrenchfitness
9878550643004,FFN-PLWC,New,new,googleshoppingfrenchfitness
9878550970684,FF-RB200,New,new,googleshoppingfrenchfitness
9878551331132,FFN-PLWCM,New,new,googleshoppingfrenchfitness
9878551888188,FFN-PLWP,New,new,googleshoppingfrenchfitness
9878552576316,FFN-RKG,New,new,googleshoppingfrenchfitness
9878553035068,FFS-SBE,New,new,googleshoppingfrenchfitness
9878553624892,FFS-SHC,New,new,googleshoppingfrenchfitness
9878554411324,FFS-SHLP,New,new,googleshoppingfrenchfitness
9878555033916,FFN-SM,New,new,googleshoppingfrenchfitness
9878555459900,FFN-SRB,New,new,googleshoppingfrenchfitness
9878556311868,FFN-SSS,New,new,googleshoppingfrenchfitness
9878557131068,FFN-VLP,New,new,googleshoppingfrenchfitness
9878558015804,FFNS-AC,New,new,googleshoppingfrenchfitness
9878558671164,FFNS-DCC,New,new,googleshoppingfrenchfitness
9878560866620,FFNS-GM,New,new,googleshoppingfrenchfitness
9878561325372,FFNS-TP,New,new,googleshoppingfrenchfitness
9878562406716,FFP-CFDI,New,new,googleshoppingfrenchfitness
9878562865468,FFP-DCC,New,new,googleshoppingfrenchfitness
9878564733244,FFP-PLPPS,New,new,googleshoppingfrenchfitness
9878565224764,FFP-RTR,New,new,googleshoppingfrenchfitness
9878565814588,FFP-TAC,New,new,googleshoppingfrenchfitness
9878566240572,FFR-86COB-1500,New,new,googleshoppingfrenchfitness
9878570271036,FFS-360T,New,new,googleshoppingfrenchfitness
9878572237116,FFS-360XL,New,new,googleshoppingfrenchfitness
9878574399804,FFS-360XS,New,new,googleshoppingfrenchfitness
9878575219004,FF-RCHD5-100-R,New,new,googleshoppingfrenchfitness
9878575612220,FF-RCHD5-100-RB,New,new,googleshoppingfrenchfitness
9878576300348,FFS-45DHBE,New,new,googleshoppingfrenchfitness
9878576955708,FF-RCHD5-50-R,New,new,googleshoppingfrenchfitness
9878577119548,FFS-45DLLP,New,new,googleshoppingfrenchfitness
9878577578300,FF-RCHD5-50-RB,New,new,googleshoppingfrenchfitness
9878578626876,FF-RCHD5-70-R,New,new,googleshoppingfrenchfitness
9878578659644,FFS-4SMJG,New,new,googleshoppingfrenchfitness
9878579708220,FFS-5SMJG,New,new,googleshoppingfrenchfitness
9878580527420,FF-RCHD5-75R,New,new,googleshoppingfrenchfitness
9878580789564,FFS-8SMJG,New,new,googleshoppingfrenchfitness
9878581051708,FF-RCHD5-75RB,New,new,googleshoppingfrenchfitness
9878581870908,FFS-AADB,New,new,googleshoppingfrenchfitness
9878582427964,FFS-ACB,New,new,googleshoppingfrenchfitness
9878582886716,FFS-ACC,New,new,googleshoppingfrenchfitness
9878584787260,FFS-ACD,New,new,googleshoppingfrenchfitness
9878585344316,FFS-ACLB,New,new,googleshoppingfrenchfitness
9878586425660,FFS-AET50,New,new,googleshoppingfrenchfitness
9878586818876,FFS-BAC,New,new,googleshoppingfrenchfitness
9878587507004,FFS-CC,New,new,googleshoppingfrenchfitness
9878589571388,FFS-CLP,New,new,googleshoppingfrenchfitness
9878592651580,FFS-CP,New,new,googleshoppingfrenchfitness
9878594650428,FFS-CSMP,New,new,googleshoppingfrenchfitness
9878595338556,FF-RGOP100,New,new,googleshoppingfrenchfitness
9878595567932,FFS-DAP,New,new,googleshoppingfrenchfitness
9878596911420,FF-RGOP120,New,new,googleshoppingfrenchfitness
9878597435708,FFS-DBCT,New,new,googleshoppingfrenchfitness
9878597763388,FF-RGOP140,New,new,googleshoppingfrenchfitness
9878598615356,FFS-ESM,New,new,googleshoppingfrenchfitness
9878598648124,FF-RGOP170,New,new,googleshoppingfrenchfitness
9878599336252,FFS-FLP,New,new,googleshoppingfrenchfitness
9878599467324,FF-RGOP190,New,new,googleshoppingfrenchfitness
9878599827772,FFS-GM,New,new,googleshoppingfrenchfitness
9878600253756,FF-RGOP235-B,New,new,googleshoppingfrenchfitness
9878600319292,FFS-HAA,New,new,googleshoppingfrenchfitness
9878600712508,FF-RGOP235-BB,New,new,googleshoppingfrenchfitness
9878600778044,FFS-HAIT,New,new,googleshoppingfrenchfitness
9878601302332,FFS-HAOT,New,new,googleshoppingfrenchfitness
9878601924924,FFS-HBCC-VKR,New,new,googleshoppingfrenchfitness
9878602088764,FF-RGOP260,New,new,googleshoppingfrenchfitness
9878602580284,FFS-LHBP,New,new,googleshoppingfrenchfitness
9878603235644,FFS-LHS,New,new,googleshoppingfrenchfitness
9878603628860,FF-RGOP305-B,New,new,googleshoppingfrenchfitness
9878603956540,FFS-LPDLR,New,new,googleshoppingfrenchfitness
9878604972348,FF-RGOP350,New,new,googleshoppingfrenchfitness
9878606184764,FF-RGOP395-B,New,new,googleshoppingfrenchfitness
9878606610748,FFS-LR,New,new,googleshoppingfrenchfitness
9878607003964,FF-RGOP395-BB,New,new,googleshoppingfrenchfitness
9878607397180,FFS-MAB,New,new,googleshoppingfrenchfitness
9878607954236,FFS-MHG,New,new,googleshoppingfrenchfitness
9878608314684,FF-RGOP450,New,new,googleshoppingfrenchfitness
9878608675132,FFS-ODB-SILVER,New,new,googleshoppingfrenchfitness
9878609297724,FFS-OFB,New,new,googleshoppingfrenchfitness
9878610018620,FFS-OFBWH,New,new,googleshoppingfrenchfitness
9878610346300,FF-RGOP70,New,new,googleshoppingfrenchfitness
9878610542908,FFS-OIB,New,new,googleshoppingfrenchfitness
9878611296572,FFS-OMB,New,new,googleshoppingfrenchfitness
9878611984700,FF-RH80,New,new,googleshoppingfrenchfitness
9878612312380,FFS-OSR,New,new,googleshoppingfrenchfitness
9878612738364,FF-RIG1,New,new,googleshoppingfrenchfitness
9878613492028,FFS-PF,New,new,googleshoppingfrenchfitness
9878614245692,FFS-PFRD,New,new,googleshoppingfrenchfitness
9878615785788,FFS-PLC,New,new,googleshoppingfrenchfitness
9878616637756,FFS-PLCLE,New,new,googleshoppingfrenchfitness
9878617817404,FFS-PLSCR,New,new,googleshoppingfrenchfitness
9878618538300,FFS-PLSVS,New,new,googleshoppingfrenchfitness
9878619193660,FFS-PVKR,New,new,googleshoppingfrenchfitness
9878619717948,FFS-SAC,New,new,googleshoppingfrenchfitness
9878619947324,FF-RIG10,New,new,googleshoppingfrenchfitness
9878620340540,FFS-SHAC,New,new,googleshoppingfrenchfitness
9878620963132,FFS-SLC,New,new,googleshoppingfrenchfitness
9878621749564,FFS-SLCLE,New,new,googleshoppingfrenchfitness
9878622241084,FFS-SLE,New,new,googleshoppingfrenchfitness
9878623027516,FFS-SLP,New,new,googleshoppingfrenchfitness
9878623486268,FFS-SM200,New,new,googleshoppingfrenchfitness
9878623912252,FFS-SP,New,new,googleshoppingfrenchfitness
9878624371004,FFS-SR,New,new,googleshoppingfrenchfitness
9878624731452,FF-RIG11,New,new,googleshoppingfrenchfitness
9878624862524,FFS-SSC,New,new,googleshoppingfrenchfitness
9878625354044,FFS-TAE,New,new,googleshoppingfrenchfitness
9878625845564,FFS-TPSD,New,new,googleshoppingfrenchfitness
9878627025212,FFS-UB,New,new,googleshoppingfrenchfitness
9878627320124,FFS-USRS,New,new,googleshoppingfrenchfitness
9878630400316,FFT-ACD,New,new,googleshoppingfrenchfitness
9878630990140,FFT-ACLB,New,new,googleshoppingfrenchfitness
9878632300860,FFT-BAC,New,new,googleshoppingfrenchfitness
9878632661308,FFT-CLP,New,new,googleshoppingfrenchfitness
9878633152828,FFT-CP,New,new,googleshoppingfrenchfitness
9878633644348,FFT-CSMP,New,new,googleshoppingfrenchfitness
9878633709884,FF-RIG2,New,new,googleshoppingfrenchfitness
9878634070332,FFT-DBCT,New,new,googleshoppingfrenchfitness
9878634594620,FFT-FLP,New,new,googleshoppingfrenchfitness
9878635020604,FFT-HAA,New,new,googleshoppingfrenchfitness
9878635577660,FFT-HAIT,New,new,googleshoppingfrenchfitness
9878635807036,FFT-HAOT,New,new,googleshoppingfrenchfitness
9878636200252,FFT-HCR,New,new,googleshoppingfrenchfitness
9878636790076,FFT-LPDLR,New,new,googleshoppingfrenchfitness
9878637281596,FFT-LR,New,new,googleshoppingfrenchfitness
9878637871420,FFT-MHG,New,new,googleshoppingfrenchfitness
9878638035260,FF-RIG20,New,new,googleshoppingfrenchfitness
9878638264636,FFT-PCFR,New,new,googleshoppingfrenchfitness
9878639608124,FFT-PFRD,New,new,googleshoppingfrenchfitness
9878640132412,FFT-PLBAC,New,new,googleshoppingfrenchfitness
9878640558396,FFT-PLC,New,new,googleshoppingfrenchfitness
9878640951612,FFT-PLCLE,New,new,googleshoppingfrenchfitness
9878641672508,FFT-PLCP,New,new,googleshoppingfrenchfitness
9878642098492,FFT-PLDCP,New,new,googleshoppingfrenchfitness
9878642491708,FF-RIG21,New,new,googleshoppingfrenchfitness
9878642983228,FFT-PLILKLC,New,new,googleshoppingfrenchfitness
9878643310908,FFT-PLILLE,New,new,googleshoppingfrenchfitness
9878644392252,FFT-PLSOP,New,new,googleshoppingfrenchfitness
9878645145916,FFT-PLSTDP-V2,New,new,googleshoppingfrenchfitness
9878645834044,FFT-SHAC,New,new,googleshoppingfrenchfitness
9878646489404,FFT-SLC,New,new,googleshoppingfrenchfitness
9878647144764,FFT-SLCLE,New,new,googleshoppingfrenchfitness
9878647669052,FFT-SLE,New,new,googleshoppingfrenchfitness
9878648062268,FFT-SP,New,new,googleshoppingfrenchfitness
9878648324412,FF-RIG3,New,new,googleshoppingfrenchfitness
9878648619324,FFT-SR,New,new,googleshoppingfrenchfitness
9878648947004,FFT-SSC,New,new,googleshoppingfrenchfitness
9878649405756,FFT-TAE,New,new,googleshoppingfrenchfitness
9878649995580,FFV-3D-Smith,New,new,googleshoppingfrenchfitness
9878651076924,FFV-DCC,New,new,googleshoppingfrenchfitness
9878652420412,FFV-FIDOBP,New,new,googleshoppingfrenchfitness
9878657597756,FF-RIG5,New,new,googleshoppingfrenchfitness
9878662119740,FF-RIG6,New,new,googleshoppingfrenchfitness
9878666838332,FF-RIG7,New,new,googleshoppingfrenchfitness
9878670967100,FF-RIG8,New,new,googleshoppingfrenchfitness
9878674243900,FF-RIG9,New,new,googleshoppingfrenchfitness
9878683189564,FF-RMB-S10-430,New,new,googleshoppingfrenchfitness
9878687220028,FF-RMB-S6-620,New,new,googleshoppingfrenchfitness
9878699704636,FF-RMB6-25-MBR10,New,new,googleshoppingfrenchfitness
9878716580156,FF-RR-BPR-43,New,new,googleshoppingfrenchfitness
9878718939452,FF-RR-BPR-71,New,new,googleshoppingfrenchfitness
9878723887420,FF-RR-BR-71,New,new,googleshoppingfrenchfitness
9878734995772,FF-RR-CC-SB2,New,new,googleshoppingfrenchfitness
9878735421756,FF-RR-DBR-43,New,new,googleshoppingfrenchfitness
9878736372028,FF-RR-DBR-71,New,new,googleshoppingfrenchfitness
9878738633020,FF-RR-DPB-43,New,new,googleshoppingfrenchfitness
9878740336956,FF-RR-DPB-71,New,new,googleshoppingfrenchfitness
9878742237500,FF-RR-DSBA-43,New,new,googleshoppingfrenchfitness
9878744105276,FF-RR-DSBA-71,New,new,googleshoppingfrenchfitness
9878746726716,FF-RR-DWBT-V2,New,new,googleshoppingfrenchfitness
9878747414844,FF-RR-FPBA,New,new,googleshoppingfrenchfitness
9878750593340,FF-RR-FT-3TS49,New,new,googleshoppingfrenchfitness
9878767599932,FF-RR-FT-3TS78,New,new,googleshoppingfrenchfitness
9878776250684,FF-RR-FT-CAVE,New,new,googleshoppingfrenchfitness
9878787588412,FF-RR-JAA,New,new,googleshoppingfrenchfitness
9878789161276,FF-RR-JB-UCB,New,new,googleshoppingfrenchfitness
9878791422268,FF-RR-JBS-71-V1-CM,New,new,googleshoppingfrenchfitness
9878792077628,FF-RR-JBS-MCG,New,new,googleshoppingfrenchfitness
9878793060668,FF-RR-KBR-43,New,new,googleshoppingfrenchfitness
9878794207548,FF-RR-KBR-71,New,new,googleshoppingfrenchfitness
9878795649340,FF-RR-LPLW,New,new,googleshoppingfrenchfitness
9878796894524,FF-RR-LS,New,new,googleshoppingfrenchfitness
9878797386044,FF-RR-MBA,New,new,googleshoppingfrenchfitness
9878798958908,FF-RR-MGPUB,New,new,googleshoppingfrenchfitness
9878799515964,FF-RR-MSGPUB,New,new,googleshoppingfrenchfitness
9878805905724,FF-RR-PBH,New,new,googleshoppingfrenchfitness
9878823502140,FF-RR-RMUA-26MM,New,new,googleshoppingfrenchfitness
9878824485180,FF-RR-SA-V2HD,New,new,googleshoppingfrenchfitness
9878825075004,FF-RR-SAA,New,new,googleshoppingfrenchfitness
9878825533756,FF-RR-SBHA,New,new,googleshoppingfrenchfitness
9878826058044,FF-RR-SPA,New,new,googleshoppingfrenchfitness
9878826484028,FF-RR-U-108,New,new,googleshoppingfrenchfitness
9878827073852,FF-RR-U-120,New,new,googleshoppingfrenchfitness
9878827565372,FF-RR-U-130,New,new,googleshoppingfrenchfitness
9878828122428,FF-RR-U-142,New,new,googleshoppingfrenchfitness
9878829596988,FF-RR-U-72,New,new,googleshoppingfrenchfitness
9878830252348,FF-RR-U-84,New,new,googleshoppingfrenchfitness
9878830907708,FF-RR-U-91,New,new,googleshoppingfrenchfitness
9878834250044,FF-RR-WCA,New,new,googleshoppingfrenchfitness
9878837854524,FF-RRGF,New,new,googleshoppingfrenchfitness
9878850634044,FF-SB-100,New,new,googleshoppingfrenchfitness
9878851715388,FF-SB100,New,new,googleshoppingfrenchfitness
9878854140220,FF-SB14-100,New,new,googleshoppingfrenchfitness
9878866297148,FF-SB180,New,new,googleshoppingfrenchfitness
9878869410108,FF-SB275,New,new,googleshoppingfrenchfitness
9878875439420,FF-SB70,New,new,googleshoppingfrenchfitness
9878876520764,FF-SB80,New,new,googleshoppingfrenchfitness
9878877176124,FF-SB90,New,new,googleshoppingfrenchfitness
9878877667644,FF-SBR-12,New,new,googleshoppingfrenchfitness
9878878224700,FF-SC15,New,new,googleshoppingfrenchfitness
9878878748988,FF-SC15-Black,New,new,googleshoppingfrenchfitness
9878880026940,FF-SC600,New,new,googleshoppingfrenchfitness
9878882287932,FF-SCIWP190,New,new,googleshoppingfrenchfitness
9878886515004,FF-SCIWP260,New,new,googleshoppingfrenchfitness
9878890283324,FF-SCIWP350,New,new,googleshoppingfrenchfitness
9878891561276,FF-SCIWP450,New,new,googleshoppingfrenchfitness
9878895067452,FF-235R4MFAB,New,new,googleshoppingfrenchfitness
9878898180412,FF-SFPB-16-20-24,New,new,googleshoppingfrenchfitness
9878898245948,FF-2TSDB10,New,new,googleshoppingfrenchfitness
9878899065148,FF-2TSDB10-V2,New,new,googleshoppingfrenchfitness
9878899818812,FF-305R4MFAB,New,new,googleshoppingfrenchfitness
9878900146492,FF-SHR80,New,new,googleshoppingfrenchfitness
9878900736316,FF-31SFPB,New,new,googleshoppingfrenchfitness
9878905094460,FF-395R4MFAB,New,new,googleshoppingfrenchfitness
9878905684284,FF-3THDR,New,new,googleshoppingfrenchfitness
9878905979196,FF-SHR80-MAB30,New,new,googleshoppingfrenchfitness
9878906306876,FF-3TKR,New,new,googleshoppingfrenchfitness
9878906700092,FF-3TS12PDR,New,new,googleshoppingfrenchfitness
9878907060540,FF-3TS15PDR,New,new,googleshoppingfrenchfitness
9878907388220,FF-3TSDB10,New,new,googleshoppingfrenchfitness
9878908174652,FF-4SVDR-16,New,new,googleshoppingfrenchfitness
9878908666172,FF-4TSSR,New,new,googleshoppingfrenchfitness
9878909911356,FF-SKI,New,new,googleshoppingfrenchfitness
9878910697788,FF-4TSSR-2,New,new,googleshoppingfrenchfitness
9878912532796,FF-SLRASS,New,new,googleshoppingfrenchfitness
9878912827708,FF-SMOSB,New,new,googleshoppingfrenchfitness
9878912893244,FF-4TSSR-3,New,new,googleshoppingfrenchfitness
9878913253692,FF-SMWB-S10-430,New,new,googleshoppingfrenchfitness
9878913810748,FF-SMWB-S6-620,New,new,googleshoppingfrenchfitness
9878915416380,FF-5-80-ADS,New,new,googleshoppingfrenchfitness
9878917972284,FF-72OB,New,new,googleshoppingfrenchfitness
9878918431036,FF-72OB-1000,New,new,googleshoppingfrenchfitness
9878919086396,FF-7OB-FSR90,New,new,googleshoppingfrenchfitness
9878919610684,FF-86OB,New,new,googleshoppingfrenchfitness
9878919938364,FF-86OB-1500,New,new,googleshoppingfrenchfitness
9878920560956,FF-86OB-2000,New,new,googleshoppingfrenchfitness
9878920659260,FF-SPB,New,new,googleshoppingfrenchfitness
9878921118012,FF-8BWMHR,New,new,googleshoppingfrenchfitness
9878922264892,FF-ABM40,New,new,googleshoppingfrenchfitness
9878922527036,FF-SPB30,New,new,googleshoppingfrenchfitness
9878923084092,FF-SPB36,New,new,googleshoppingfrenchfitness
9878923542844,FF-SPB42,New,new,googleshoppingfrenchfitness
9878924362044,FF-SPBS7,New,new,googleshoppingfrenchfitness
9878924689724,FF-ADSS,New,new,googleshoppingfrenchfitness
9878925607228,FF-AFB,New,new,googleshoppingfrenchfitness
9878925738300,FF-SR7,New,new,googleshoppingfrenchfitness
9878926229820,FF-SRFT8,New,new,googleshoppingfrenchfitness
9878926557500,FF-AGSL,New,new,googleshoppingfrenchfitness
9878927114556,FF-AGSL-V2,New,new,googleshoppingfrenchfitness
9878927573308,FF-AGSL-V3,New,new,googleshoppingfrenchfitness
9878928818492,FF-APGT-1450,New,new,googleshoppingfrenchfitness
9878929310012,FF-AR,New,new,googleshoppingfrenchfitness
9878931112252,FF-ASR,New,new,googleshoppingfrenchfitness
9878931276092,FF-SS20,New,new,googleshoppingfrenchfitness
9878931767612,FF-ASR-PACK,New,new,googleshoppingfrenchfitness
9878932816188,FF-SSB,New,new,googleshoppingfrenchfitness
9878934815036,FF-ST10,New,new,googleshoppingfrenchfitness
9878935437628,FF-ST100,New,new,googleshoppingfrenchfitness
9878935961916,FF-STP3,New,new,googleshoppingfrenchfitness
9878937010492,FF-STRBB,New,new,googleshoppingfrenchfitness
9878937993532,FF-BDPB-BLUE,New,new,googleshoppingfrenchfitness
9878938648892,FF-STRBB-20-60,New,new,googleshoppingfrenchfitness
9878939271484,FF-STRBB-25-65,New,new,googleshoppingfrenchfitness
9878940057916,FF-STRBB100,New,new,googleshoppingfrenchfitness
9878940614972,FF-STRBB105,New,new,googleshoppingfrenchfitness
9878940713276,FF-BOBP190B,New,new,googleshoppingfrenchfitness
9878941008188,FF-STRBB110,New,new,googleshoppingfrenchfitness
9878941696316,FF-STRBB115,New,new,googleshoppingfrenchfitness
9878941761852,FF-BOBP230B,New,new,googleshoppingfrenchfitness
9878942384444,FF-STRBB120,New,new,googleshoppingfrenchfitness
9878943105340,FF-STRBB125,New,new,googleshoppingfrenchfitness
9878943891772,FF-BOBP260B,New,new,googleshoppingfrenchfitness
9878944940348,FF-BOBP320B,New,new,googleshoppingfrenchfitness
9878945530172,FF-STRBB25-115,New,new,googleshoppingfrenchfitness
9878946021692,FF-BOBP340B,New,new,googleshoppingfrenchfitness
9878947004732,FF-STRBB40,New,new,googleshoppingfrenchfitness
9878947463484,FF-BOBP370B,New,new,googleshoppingfrenchfitness
9878947529020,FF-STRBB45,New,new,googleshoppingfrenchfitness
9878947823932,FF-STRBB50,New,new,googleshoppingfrenchfitness
9878948118844,FF-STRBB55,New,new,googleshoppingfrenchfitness
9878948348220,FF-BOBP55B,New,new,googleshoppingfrenchfitness
9878948446524,FF-STRBB60,New,new,googleshoppingfrenchfitness
9878948839740,FF-STRBB65,New,new,googleshoppingfrenchfitness
9878948938044,FF-BOBP680B,New,new,googleshoppingfrenchfitness
9878949167420,FF-STRBB70,New,new,googleshoppingfrenchfitness
9878949593404,FF-STRBB75,New,new,googleshoppingfrenchfitness
9878949626172,FF-BP-1BP-20KG,New,new,googleshoppingfrenchfitness
9878949855548,FF-STRBB80,New,new,googleshoppingfrenchfitness
9878950215996,FF-STRBB85,New,new,googleshoppingfrenchfitness
9878950281532,FF-BP-20SBPR,New,new,googleshoppingfrenchfitness
9878950478140,FF-STRBB90,New,new,googleshoppingfrenchfitness
9878950609212,FF-BP-20SR,New,new,googleshoppingfrenchfitness
9878950838588,FF-STRBB95,New,new,googleshoppingfrenchfitness
9878951330108,FF-SWJB-S8,New,new,googleshoppingfrenchfitness
9878951493948,FF-BP515,New,new,googleshoppingfrenchfitness
9878951690556,FF-T600,New,new,googleshoppingfrenchfitness
9878952182076,FF-T700,New,new,googleshoppingfrenchfitness
9878952575292,FF-T800,New,new,googleshoppingfrenchfitness
9878952739132,FF-BR1550,New,new,googleshoppingfrenchfitness
9878952935740,FF-BR2030,New,new,googleshoppingfrenchfitness
9878952968508,FF-T900,New,new,googleshoppingfrenchfitness
9878953328956,FF-BR2040,New,new,googleshoppingfrenchfitness
9878953689404,FF-BR2050,New,new,googleshoppingfrenchfitness
9878954017084,FF-BRC10,New,new,googleshoppingfrenchfitness
9878954344764,FF-TBAR-C90-BLACK,New,new,googleshoppingfrenchfitness
9878954377532,FF-BSM20,New,new,googleshoppingfrenchfitness
9878955000124,FF-TBAR-C90-SILVER,New,new,googleshoppingfrenchfitness
9878955163964,FF-BTPS2,New,new,googleshoppingfrenchfitness
9878955721020,FF-TBE200,New,new,googleshoppingfrenchfitness
9878955950396,FF-C305R4MFAB,New,new,googleshoppingfrenchfitness
9878957228348,FF-TBR40,New,new,googleshoppingfrenchfitness
9878957883708,FF-TBR80,New,new,googleshoppingfrenchfitness
9878958670140,FF-TDR,New,new,googleshoppingfrenchfitness
9878959063356,FF-CIKB100,New,new,googleshoppingfrenchfitness
9878964371772,FF-U12OWP190-V2,New,new,googleshoppingfrenchfitness
9878965125436,FF-CIKB530,New,new,googleshoppingfrenchfitness
9878966206780,FF-CIKB55,New,new,googleshoppingfrenchfitness
9878966698300,FF-CIKB550,New,new,googleshoppingfrenchfitness
9878967222588,FF-CIKB570,New,new,googleshoppingfrenchfitness
9878967615804,FF-U12OWP260-V2,New,new,googleshoppingfrenchfitness
9878967877948,FF-CIKB580,New,new,googleshoppingfrenchfitness
9878968205628,FF-U12OWP35-V2,New,new,googleshoppingfrenchfitness
9878968500540,FF-CIKB60,New,new,googleshoppingfrenchfitness
9878968664380,FF-U12OWP350-V2,New,new,googleshoppingfrenchfitness
9878969024828,FF-CIKB65,New,new,googleshoppingfrenchfitness
9878969483580,FF-U12OWP45-V2,New,new,googleshoppingfrenchfitness
9878969549116,FF-CIKB70,New,new,googleshoppingfrenchfitness
9878970270012,FF-U12OWP450-V2,New,new,googleshoppingfrenchfitness
9878970335548,FF-CIKB75,New,new,googleshoppingfrenchfitness
9878970958140,FF-CIKB80,New,new,googleshoppingfrenchfitness
9878971580732,FF-CIKB85,New,new,googleshoppingfrenchfitness
9878972137788,FF-CIKB90,New,new,googleshoppingfrenchfitness
9878972694844,FF-CIKB95,New,new,googleshoppingfrenchfitness
9878972924220,FF-U8SHD100,New,new,googleshoppingfrenchfitness
9878973645116,FF-U8SHD105,New,new,googleshoppingfrenchfitness
9878974103868,FF-CIOWP100,New,new,googleshoppingfrenchfitness
9878974366012,FF-U8SHD105-130,New,new,googleshoppingfrenchfitness
9878974726460,FF-CIOWP190,New,new,googleshoppingfrenchfitness
9878975709500,FF-U8SHD110,New,new,googleshoppingfrenchfitness
9878976201020,FF-U8SHD115,New,new,googleshoppingfrenchfitness
9878976266556,FF-CIOWP235,New,new,googleshoppingfrenchfitness
9878977347900,FF-U8SHD120,New,new,googleshoppingfrenchfitness
9878977642812,FF-CIOWP260,New,new,googleshoppingfrenchfitness
9878977970492,FF-U8SHD125,New,new,googleshoppingfrenchfitness
9878978462012,FF-U8SHD130,New,new,googleshoppingfrenchfitness
9878979019068,FF-U8SHD135,New,new,googleshoppingfrenchfitness
9878979182908,FF-CIOWP305,New,new,googleshoppingfrenchfitness
9878979543356,FF-U8SHD140,New,new,googleshoppingfrenchfitness
9878980133180,FF-U8SHD145,New,new,googleshoppingfrenchfitness
9878980460860,FF-CIOWP350,New,new,googleshoppingfrenchfitness
9878981050684,FF-U8SHD150,New,new,googleshoppingfrenchfitness
9878981247292,FF-CIOWP395,New,new,googleshoppingfrenchfitness
9878982492476,FF-CIOWP450,New,new,googleshoppingfrenchfitness
9878984524092,FF-CMFGM,New,new,googleshoppingfrenchfitness
9878985015612,FF-CMPTBBR,New,new,googleshoppingfrenchfitness
9878985343292,FF-U8SHD35,New,new,googleshoppingfrenchfitness
9878985998652,FF-U8SHD40,New,new,googleshoppingfrenchfitness
9878986555708,FF-U8SHD45,New,new,googleshoppingfrenchfitness
9878987604284,FF-U8SHD5-100,New,new,googleshoppingfrenchfitness
9878987899196,FF-COBP190,New,new,googleshoppingfrenchfitness
9878988652860,FF-U8SHD5-50,New,new,googleshoppingfrenchfitness
9878988718396,FF-COBP190B,New,new,googleshoppingfrenchfitness
9878989537596,FF-COBP230,New,new,googleshoppingfrenchfitness
9878990192956,FF-COBP230B,New,new,googleshoppingfrenchfitness
9878991208764,FF-U8SHD5-60,New,new,googleshoppingfrenchfitness
9878991700284,FF-COBP260,New,new,googleshoppingfrenchfitness
9878992060732,FF-U8SHD5-75,New,new,googleshoppingfrenchfitness
9878992453948,FF-COBP260B,New,new,googleshoppingfrenchfitness
9878993109308,FF-U8SHD50,New,new,googleshoppingfrenchfitness
9878993502524,FF-COBP320B,New,new,googleshoppingfrenchfitness
9878993568060,FF-U8SHD55,New,new,googleshoppingfrenchfitness
9878994288956,FF-U8SHD55-100,New,new,googleshoppingfrenchfitness
9878994649404,FF-COBP340B,New,new,googleshoppingfrenchfitness
9878995206460,FF-U8SHD60,New,new,googleshoppingfrenchfitness
9878996386108,FF-U8SHD65,New,new,googleshoppingfrenchfitness
9878999269692,FF-U8SHD70,New,new,googleshoppingfrenchfitness
9878999335228,FF-COBP370,New,new,googleshoppingfrenchfitness
9879000023356,FF-U8SHD75,New,new,googleshoppingfrenchfitness
9879000711484,FF-COBP370B,New,new,googleshoppingfrenchfitness
9879000842556,FF-U8SHD80,New,new,googleshoppingfrenchfitness
9879001563452,FF-U8SHD85,New,new,googleshoppingfrenchfitness
9879002054972,FF-U8SHD90,New,new,googleshoppingfrenchfitness
9879002808636,FF-U8SHD95,New,new,googleshoppingfrenchfitness
9879004315964,FF-COBP55,New,new,googleshoppingfrenchfitness
9879006183740,FF-COBP55B,New,new,googleshoppingfrenchfitness
9879006282044,FF-UB200,New,new,googleshoppingfrenchfitness
9879007134012,FF-COBP680B,New,new,googleshoppingfrenchfitness
9879007920444,FF-UBE100,New,new,googleshoppingfrenchfitness
9879009132860,FF-COP100,New,new,googleshoppingfrenchfitness
9879009460540,FF-URPSD100,New,new,googleshoppingfrenchfitness
9879010017596,FF-URPSD105,New,new,googleshoppingfrenchfitness
9879010410812,FF-COP120,New,new,googleshoppingfrenchfitness
9879010574652,FF-URPSD105-130,New,new,googleshoppingfrenchfitness
9879011459388,FF-URPSD110,New,new,googleshoppingfrenchfitness
9879011688764,FF-COP140,New,new,googleshoppingfrenchfitness
9879012114748,FF-URPSD115,New,new,googleshoppingfrenchfitness
9879012802876,FF-URPSD120,New,new,googleshoppingfrenchfitness
9879013196092,FF-COP170,New,new,googleshoppingfrenchfitness
9879013589308,FF-URPSD125,New,new,googleshoppingfrenchfitness
9879014277436,FF-URPSD130,New,new,googleshoppingfrenchfitness
9879014768956,FF-COP190,New,new,googleshoppingfrenchfitness
9879014998332,FF-URPSD135,New,new,googleshoppingfrenchfitness
9879015424316,FF-URPSD140,New,new,googleshoppingfrenchfitness
9879016046908,FF-COP235,New,new,googleshoppingfrenchfitness
9879016210748,FF-URPSD145,New,new,googleshoppingfrenchfitness
9879017029948,FF-COP235B,New,new,googleshoppingfrenchfitness
9879017259324,FF-URPSD150,New,new,googleshoppingfrenchfitness
9879019028796,FF-COP260,New,new,googleshoppingfrenchfitness
9879019815228,FF-URPSD35,New,new,googleshoppingfrenchfitness
9879020503356,FF-URPSD40,New,new,googleshoppingfrenchfitness
9879020994876,FF-COP305,New,new,googleshoppingfrenchfitness
9879021027644,FF-URPSD45,New,new,googleshoppingfrenchfitness
9879021945148,FF-COP305B,New,new,googleshoppingfrenchfitness
9879022010684,FF-URPSD5-100,New,new,googleshoppingfrenchfitness
9879022633276,FF-URPSD5-50,New,new,googleshoppingfrenchfitness
9879023288636,FF-COP350,New,new,googleshoppingfrenchfitness
9879024337212,FF-COP395,New,new,googleshoppingfrenchfitness
9879025090876,FF-URPSD5-60,New,new,googleshoppingfrenchfitness
9879025615164,FF-COP395B,New,new,googleshoppingfrenchfitness
9879026204988,FF-URPSD5-75,New,new,googleshoppingfrenchfitness
9879026794812,FF-URPSD50,New,new,googleshoppingfrenchfitness
9879027122492,FF-COP450,New,new,googleshoppingfrenchfitness
9879027286332,FF-URPSD55,New,new,googleshoppingfrenchfitness
9879027876156,FF-URPSD55-100,New,new,googleshoppingfrenchfitness
9879028662588,FF-URPSD55-75,New,new,googleshoppingfrenchfitness
9879029711164,FF-URPSD60,New,new,googleshoppingfrenchfitness
9879030235452,FF-URPSD65,New,new,googleshoppingfrenchfitness
9879030399292,FF-COP70,New,new,googleshoppingfrenchfitness
9879030726972,FF-URPSD70,New,new,googleshoppingfrenchfitness
9879031087420,FF-URPSD75,New,new,googleshoppingfrenchfitness
9879031644476,FF-URPSD80,New,new,googleshoppingfrenchfitness
9879032398140,FF-URPSD85,New,new,googleshoppingfrenchfitness
9879033708860,FF-URPSD90,New,new,googleshoppingfrenchfitness
9879034331452,FF-URPSD95,New,new,googleshoppingfrenchfitness
9879034462524,FF-CSTBR,New,new,googleshoppingfrenchfitness
9879034790204,FF-VC200,New,new,googleshoppingfrenchfitness
9879035216188,FF-CT-100,New,new,googleshoppingfrenchfitness
9879037739324,FF-CT80,New,new,googleshoppingfrenchfitness
9879040524604,FF-CUBP-B210,New,new,googleshoppingfrenchfitness
9879042294076,FF-VKB530,New,new,googleshoppingfrenchfitness
9879042588988,FF-CUBP-B25,New,new,googleshoppingfrenchfitness
9879042851132,FF-VKB55,New,new,googleshoppingfrenchfitness
9879043014972,FF-CUBP-B260,New,new,googleshoppingfrenchfitness
9879043440956,FF-VKB550,New,new,googleshoppingfrenchfitness
9879044391228,FF-VKB560,New,new,googleshoppingfrenchfitness
9879044456764,FF-CUBP-B300,New,new,googleshoppingfrenchfitness
9879045112124,FF-VKB60,New,new,googleshoppingfrenchfitness
9879045341500,FF-CUBP-B320,New,new,googleshoppingfrenchfitness
9879045701948,FF-VKR20-PT,New,new,googleshoppingfrenchfitness
9879046357308,FF-CUBP-B340,New,new,googleshoppingfrenchfitness
9879046553916,FF-VMBR10,New,new,googleshoppingfrenchfitness
9879047110972,FF-VO10BRH,New,new,googleshoppingfrenchfitness
9879047373116,FF-CUBP-B35,New,new,googleshoppingfrenchfitness
9879047930172,FF-CUBP-B350,New,new,googleshoppingfrenchfitness
9879048683836,FF-CUBP-B45,New,new,googleshoppingfrenchfitness
9879048716604,FF-WBB-135,New,new,googleshoppingfrenchfitness
9879049535804,FF-CUBP-B55,New,new,googleshoppingfrenchfitness
9879050912060,FF-WBB-201,New,new,googleshoppingfrenchfitness
9879051239740,FF-CUBP-C210,New,new,googleshoppingfrenchfitness
9879054549308,FF-CUBP-C25,New,new,googleshoppingfrenchfitness
9879055892796,FF-CUBP-C260,New,new,googleshoppingfrenchfitness
9879056122172,FF-WBB-36,New,new,googleshoppingfrenchfitness
9879058841916,FF-WBB-RACK,New,new,googleshoppingfrenchfitness
9879059366204,FF-CUBP-C300,New,new,googleshoppingfrenchfitness
9879059464508,FF-WBB-SET,New,new,googleshoppingfrenchfitness
9879060775228,FF-WBWS,New,new,googleshoppingfrenchfitness
9879061332284,FF-CUBP-C320,New,new,googleshoppingfrenchfitness
9879062774076,FF-WC44,New,new,googleshoppingfrenchfitness
9879063167292,FF-WDP20,New,new,googleshoppingfrenchfitness
9879063232828,FF-CUBP-C340,New,new,googleshoppingfrenchfitness
9879064478012,FF-WDWPRI-80,New,new,googleshoppingfrenchfitness
9879065887036,FF-WMDCCC,New,new,googleshoppingfrenchfitness
9879065919804,FF-CUBP-C35,New,new,googleshoppingfrenchfitness
9879066378556,FF-CUBP-C350,New,new,googleshoppingfrenchfitness
9879068246332,FF-CUBP-C45,New,new,googleshoppingfrenchfitness
9879069393212,FF-CUBP-C55,New,new,googleshoppingfrenchfitness
9879072899388,FF-DAP50,New,new,googleshoppingfrenchfitness
9879073259836,FF-WMPUB10,New,new,googleshoppingfrenchfitness
9879073718588,FF-WMR10,New,new,googleshoppingfrenchfitness
9879076831548,FF-DBJ10,New,new,googleshoppingfrenchfitness
9879078175036,FF-DFIB-FSR,New,new,googleshoppingfrenchfitness
9879078764860,ff-dgmb-s10-430,New,new,googleshoppingfrenchfitness
9879079485756,ff-dgmb-s10-625,New,new,googleshoppingfrenchfitness
9879081320764,FF-WMSBPBB,New,new,googleshoppingfrenchfitness
9879082402108,FF-WPSB10,New,new,googleshoppingfrenchfitness
9879083024700,FF-WPSB100,New,new,googleshoppingfrenchfitness
9879084106044,FF-WPSB20,New,new,googleshoppingfrenchfitness
9879084663100,FF-WPSB30,New,new,googleshoppingfrenchfitness
9879085187388,FF-WPSB40,New,new,googleshoppingfrenchfitness
9879085941052,FF-WPSB460,New,new,googleshoppingfrenchfitness
9879087120700,FF-WPSB50,New,new,googleshoppingfrenchfitness
9879087907132,FF-WPSB60,New,new,googleshoppingfrenchfitness
9879088660796,FF-WPSB70,New,new,googleshoppingfrenchfitness
9879089217852,FF-WPSB80,New,new,googleshoppingfrenchfitness
9879089512764,FF-DHR80,New,new,googleshoppingfrenchfitness
9879089611068,FF-WR40,New,new,googleshoppingfrenchfitness
9879091085628,FF-WR80,New,new,googleshoppingfrenchfitness
9879093870908,FF-X10,New,new,googleshoppingfrenchfitness
9879097508156,FF-DPWMCC,New,new,googleshoppingfrenchfitness
9879098753340,FF-X12,New,new,googleshoppingfrenchfitness
9879103144252,FF-X2,New,new,googleshoppingfrenchfitness
9879107043644,FF-X2-Black,New,new,googleshoppingfrenchfitness
9879108124988,FF-E500,New,new,googleshoppingfrenchfitness
9879109075260,FF-EBR9,New,new,googleshoppingfrenchfitness
9879111074108,FF-EZCURLBB,New,new,googleshoppingfrenchfitness
9879111205180,FF-X20,New,new,googleshoppingfrenchfitness
9879112319292,FF-EZCURLBB-20-60,New,new,googleshoppingfrenchfitness
9879113040188,FF-EZCURLBB-25-65,New,new,googleshoppingfrenchfitness
9879113859388,FF-X4,New,new,googleshoppingfrenchfitness
9879113892156,FF-EZCURLBB100,New,new,googleshoppingfrenchfitness
9879114678588,FF-EZCURLBB105,New,new,googleshoppingfrenchfitness
9879115366716,FF-EZCURLBB110,New,new,googleshoppingfrenchfitness
9879115989308,FF-EZCURLBB115,New,new,googleshoppingfrenchfitness
9879116644668,FF-EZCURLBB120,New,new,googleshoppingfrenchfitness
9879117267260,FF-X4-Black,New,new,googleshoppingfrenchfitness
9879117300028,FF-EZCURLBB125,New,new,googleshoppingfrenchfitness
9879119659324,FF-EZCURLBB25-115,New,new,googleshoppingfrenchfitness
9879122018620,FF-EZCURLBB40,New,new,googleshoppingfrenchfitness
9879122510140,FF-EZCURLBB45,New,new,googleshoppingfrenchfitness
9879123362108,FF-EZCURLBB50,New,new,googleshoppingfrenchfitness
9879124050236,FF-EZCURLBB55,New,new,googleshoppingfrenchfitness
9879124836668,FF-EZCURLBB60,New,new,googleshoppingfrenchfitness
9879125623100,FF-EZCURLBB65,New,new,googleshoppingfrenchfitness
9879126343996,FF-EZCURLBB70,New,new,googleshoppingfrenchfitness
9879127097660,FF-EZCURLBB75,New,new,googleshoppingfrenchfitness
9879127425340,FF-X7LP,New,new,googleshoppingfrenchfitness
9879128047932,FF-EZCURLBB80,New,new,googleshoppingfrenchfitness
9879128637756,FF-EZCURLBB85,New,new,googleshoppingfrenchfitness
9879129293116,FF-EZCURLBB90,New,new,googleshoppingfrenchfitness
9879130014012,FF-EZCURLBB95,New,new,googleshoppingfrenchfitness
9879130538300,FF-FB10,New,new,googleshoppingfrenchfitness
9879130669372,FF-X8,New,new,googleshoppingfrenchfitness
9879131390268,FF-FB20,New,new,googleshoppingfrenchfitness
9879132078396,FF-FB40,New,new,googleshoppingfrenchfitness
9879133028668,FF-FCPRC,New,new,googleshoppingfrenchfitness
9879136600380,FF-FCPRC-BLK,New,new,googleshoppingfrenchfitness
9879139254588,FF-FGHD,New,new,googleshoppingfrenchfitness
9879140008252,FF-FIB,New,new,googleshoppingfrenchfitness
9879140172092,FF-X8-BLACK,New,new,googleshoppingfrenchfitness
9879140729148,FF-FL100,New,new,googleshoppingfrenchfitness
9879141384508,FF-FL20,New,new,googleshoppingfrenchfitness
9879142203708,FF-FL3,New,new,googleshoppingfrenchfitness
9879142990140,FF-FL30,New,new,googleshoppingfrenchfitness
9879143711036,FF-FL70,New,new,googleshoppingfrenchfitness
9879146299708,FF-X8XL,New,new,googleshoppingfrenchfitness
9879149314364,FF-X8XL-BLACK,New,new,googleshoppingfrenchfitness
9879151149372,FF-FSR100-ABD,New,new,googleshoppingfrenchfitness
9879152525628,FF-FSR100-CB,New,new,googleshoppingfrenchfitness
9879156949308,FF-XT8,New,new,googleshoppingfrenchfitness
9879160095036,FFT-CFDI,New,new,googleshoppingfrenchfitness
9879160783164,FFA-DCC,New,new,googleshoppingfrenchfitness
9879160881468,FF-FSR20-PL,New,new,googleshoppingfrenchfitness
9879163240764,FFA-PLPPS,New,new,googleshoppingfrenchfitness
9879164125500,FFA-SDCA,New,new,googleshoppingfrenchfitness
9879165141308,FFB-360XL,New,new,googleshoppingfrenchfitness
9879165763900,FF-FSR50,New,new,googleshoppingfrenchfitness
9879167992124,FFB-45DHBE,New,new,googleshoppingfrenchfitness
9879168647484,FFB-45DLLP,New,new,googleshoppingfrenchfitness
9879169564988,FF-FSR50-AB,New,new,googleshoppingfrenchfitness
9879170351420,FFB-5SMJG,New,new,googleshoppingfrenchfitness
9879172088124,FFB-72OB,New,new,googleshoppingfrenchfitness
9879172874556,FFB-86OB,New,new,googleshoppingfrenchfitness
9879173464380,FFB-8SMJG,New,new,googleshoppingfrenchfitness
9879173660988,FF-FSR60,New,new,googleshoppingfrenchfitness
9879174938940,FFB-AADB,New,new,googleshoppingfrenchfitness
9879175790908,FFB-ACB,New,new,googleshoppingfrenchfitness
9879176544572,FFB-ACC,New,new,googleshoppingfrenchfitness
9879180771644,FFB-AET50,New,new,googleshoppingfrenchfitness
9879181951292,FFB-CC,New,new,googleshoppingfrenchfitness
9879183065404,FF-FSR70,New,new,googleshoppingfrenchfitness
9879184539964,FFB-DAP,New,new,googleshoppingfrenchfitness
9879187816764,FFB-DFIB,New,new,googleshoppingfrenchfitness
9879188177212,FF-FSR80,New,new,googleshoppingfrenchfitness
9879188865340,FFB-DS-BAC,New,new,googleshoppingfrenchfitness
9879189487932,FFB-DS-CP,New,new,googleshoppingfrenchfitness
9879191159100,FFB-DS-DP,New,new,googleshoppingfrenchfitness
9879191945532,FFB-DS-FLPD,New,new,googleshoppingfrenchfitness
9879192797500,FFB-DS-HR,New,new,googleshoppingfrenchfitness
9879193878844,FFB-DS-IP,New,new,googleshoppingfrenchfitness
9879194042684,FF-FSVDR,New,new,googleshoppingfrenchfitness
9879194698044,FFB-DS-LR,New,new,googleshoppingfrenchfitness
9879194960188,FF-FT300,New,new,googleshoppingfrenchfitness
9879195681084,FFB-DS-SP,New,new,googleshoppingfrenchfitness
9879195943228,FF-FT500,New,new,googleshoppingfrenchfitness
9879196467516,FFB-DS-TE,New,new,googleshoppingfrenchfitness
9879197188412,FFB-ESM,New,new,googleshoppingfrenchfitness
9879198105916,FFB-GM,New,new,googleshoppingfrenchfitness
9879198957884,FFB-HBCC-VKR,New,new,googleshoppingfrenchfitness
9879199646012,FFB-LHBP,New,new,googleshoppingfrenchfitness
9879200563516,FFB-LHS,New,new,googleshoppingfrenchfitness
9879202365756,FFB-LSC,New,new,googleshoppingfrenchfitness
9879203184956,FFB-MAB,New,new,googleshoppingfrenchfitness
9879204692284,FFB-ODB-BLACK,New,new,googleshoppingfrenchfitness
9879205806396,FFB-OFB,New,new,googleshoppingfrenchfitness
9879207215420,FFB-OFBWH,New,new,googleshoppingfrenchfitness
9879207641404,FF-FWH,New,new,googleshoppingfrenchfitness
9879208165692,FFB-OIB,New,new,googleshoppingfrenchfitness
9879209050428,FFB-OMB,New,new,googleshoppingfrenchfitness
9879210131772,FFB-OSR,New,new,googleshoppingfrenchfitness
9879211802940,FFB-PLSCR,New,new,googleshoppingfrenchfitness
9879212425532,FFB-PLSVS,New,new,googleshoppingfrenchfitness
9879213343036,FFB-PPF,New,new,googleshoppingfrenchfitness
9879214227772,FFB-PR,New,new,googleshoppingfrenchfitness
9879214358844,FF-GHD20,New,new,googleshoppingfrenchfitness
9879215046972,FFB-PSLP,New,new,googleshoppingfrenchfitness
9879215145276,FF-GHD30,New,new,googleshoppingfrenchfitness
9879215702332,FFB-PVKR,New,new,googleshoppingfrenchfitness
9879216455996,FF-GHRSR,New,new,googleshoppingfrenchfitness
9879217144124,FFB-SLC,New,new,googleshoppingfrenchfitness
9879217799484,FF-GT10,New,new,googleshoppingfrenchfitness
9879218487612,FF-GT10S,New,new,googleshoppingfrenchfitness
9879218684220,FFB-SLP,New,new,googleshoppingfrenchfitness
9879219601724,FFB-SM200,New,new,googleshoppingfrenchfitness
9879220224316,FFB-SS-AC,New,new,googleshoppingfrenchfitness
9879221240124,FFB-SS-VS,New,new,googleshoppingfrenchfitness
9879222190396,FF-HBPSR,New,new,googleshoppingfrenchfitness
9879222518076,FFB-TB16,New,new,googleshoppingfrenchfitness
9879223173436,FFB-TPSD,New,new,googleshoppingfrenchfitness
9879224582460,FFB-UB,New,new,googleshoppingfrenchfitness
9879226351932,FFB-WPB-20-24-30,New,new,googleshoppingfrenchfitness
9879232020796,FFC-47OCB,New,new,googleshoppingfrenchfitness
9879233757500,FFC-56OHB,New,new,googleshoppingfrenchfitness
9929977626940,FF-MIC30T,New,new,googleshoppingfrenchfitness
9929977856316,FF-RIG22,New,new,googleshoppingfrenchfitness
9929980215612,FF-RIG23,New,new,googleshoppingfrenchfitness
9929983099196,FF-RR-CC,New,new,googleshoppingfrenchfitness
9929984213308,FF-RR-DBR-43-V2,New,new,googleshoppingfrenchfitness
9929984311612,FF-RR-DBR-71-V2,New,new,googleshoppingfrenchfitness
9929985360188,FF-RR-RMCC,New,new,googleshoppingfrenchfitness
9929986539836,FF-RR-RMCC-LSFR,New,new,googleshoppingfrenchfitness
9929987752252,FF-RR-SRP,New,new,googleshoppingfrenchfitness
9929987916092,FF-SE400,New,new,googleshoppingfrenchfitness
9929988047164,FF-SE420T,New,new,googleshoppingfrenchfitness
9929988342076,FF-VKB65,New,new,googleshoppingfrenchfitness
9929988505916,FF-VKB70,New,new,googleshoppingfrenchfitness
9972913996092,FF-UB400,New,new,googleshoppingfrenchfitness
10005275246908,technogymartisrununity3,Remanufactured,refurbished,googleshoppingfs
10005935063356,technogymartisrbunity3,Remanufactured,refurbished,googleshoppingfs
10012639789372,ST-10TRX-110-24IN-79,New,new,googleshoppingfs
10012673343804,ST-10TRX-110-LED-MI-79,New,new,googleshoppingfs
10012746219836,ST-8TRX-110-24IN-60,New,new,googleshoppingfs
10012773548348,ST-8TRX-110-LED-MI-60,New,new,googleshoppingfs
10012785803580,SM-8FC-16IN-60,New,new,googleshoppingfs
10012945547580,SM-8FC-LED-60,New,new,googleshoppingfs
10013418717500,SM-10G-16IN-60,New,new,googleshoppingfs
10013842964796,SM-10G-LED-60,New,new,googleshoppingfs
10014042784060,SM-8Gx-LED-60,New,new,googleshoppingfs
10015224070460,TGSynchro1000Unity,Remanufactured,refurbished,googleshoppingfs
10027115905340,TRUE-CS400-EN,Remanufactured,refurbished,googleshoppingfs
10032719429948,TRUE-TC900,Remanufactured,refurbished,googleshoppingfs
10042758693180,TECH-ARTISSYNCHRO-4,Remanufactured,refurbished,googleshoppingfs
10043779744060,TECHARTISUNITY3,Remanufactured,refurbished,googleshoppingfs
10045566091580,PRE-AMT835-P31,Remanufactured,refurbished,googleshoppingfs
10078889476412,TGSynchro1000Unity3,Remanufactured,refurbished,googleshoppingfs
10078900945212,TECH-EV1000-UNITY3,Remanufactured,refurbished,googleshoppingfs
10085311086908,TG-6000-B2,New,new,googleshoppingfs
10093970424124,TRUEVC900EMERGE,Remanufactured,refurbished,googleshoppingfs
10094328545596,EFX883P84,Remanufactured,refurbished,googleshoppingfs
10096969810236,EFX885P84,Remanufactured,refurbished,googleshoppingfs
10104579850556,ST-6TR-110-LCD,New,new,googleshoppingfs
10107794522428,SPORTSART-T661M,New,new,googleshoppingfs
10108701311292,MATRIXENUB-PLED,Remanufactured,refurbished,googleshoppingfs
10109956653372,MATRIXENEL-PLED,Remanufactured,refurbished,googleshoppingfs
10110356947260,MATRIXENS-PLED,Remanufactured,refurbished,googleshoppingfs
10112157843772,SPORTSART-G576R,New,new,googleshoppingfs
10119779287356,EFX863P62,Remanufactured,refurbished,googleshoppingfs
10121200468284,EFX865P62,Remanufactured,refurbished,googleshoppingfs
10129686266172,FMRT119TS,Remanufactured,refurbished,googleshoppingfs
10129933762876,ST-6TR-110-24IN,New,new,googleshoppingfs
10130357911868,technogymRUN600,Remanufactured,refurbished,googleshoppingfs
10138120585532,ST-6TR-110-LED,New,new,googleshoppingfs
10138129301820,ST-6TR-110-16IN,New,new,googleshoppingfs
10143915147580,ST-8TR-110-24IN-60,New,new,googleshoppingfs
10143925928252,ST-8TR-110-LED-MI-60,New,new,googleshoppingfs
10145609482556,ST-8RDE-16IN-60,New,new,googleshoppingfs
10145616986428,ST-8RDE-LED-60,New,new,googleshoppingfs
10145641857340,ST-8CT-16IN-60,New,new,googleshoppingfs
10145740325180,ST-8CT-LED-60,New,new,googleshoppingfs
10150808715580,LFSSUB,Remanufactured,refurbished,googleshoppingfs
10155587502396,HSFWDB,Remanufactured,refurbished,googleshoppingfs
10163026690364,TG-5900-B2,New,new,googleshoppingfs
10163029180732,TG-7450-B2,New,new,googleshoppingfs
10164484342076,TG-5800-B1,New,new,googleshoppingfs
10170360332604,TG-5850-B1,New,new,googleshoppingfs
10173903077692,TG-5200-B2,New,new,googleshoppingfs
10175465128252,TG-5900-03,New,new,googleshoppingfs
10175750242620,ST-8RB-16IN-60,New,new,googleshoppingfs
10175768723772,ST-8RB-LED-60,New,new,googleshoppingfs
10176330301756,ST-8UB-LED-60,New,new,googleshoppingfs
10177568473404,ST-8UB-16IN-60,New,new,googleshoppingfs
10177616675132,ST-8VS-16IN-60,New,new,googleshoppingfs
10177840841020,ST-8VS-LED-60,New,new,googleshoppingfs
10178331083068,VERSA108LX,Remanufactured,refurbished,googleshoppingfs
10183744684348,PRECOR-C026ES,Remanufactured,refurbished,googleshoppingfs
10186935075132,SPORTSART-T661,New,new,googleshoppingfs
10186956112188,SPORTSART-E876-16,New,new,googleshoppingfs
10186966565180,SPORTSART-E876,New,new,googleshoppingfs
10186998022460,SPORTSART-E866-16,New,new,googleshoppingfs
10187180114236,PRECOR-IVPD405,Remanufactured,refurbished,googleshoppingfs
10187210588476,SPORTSART-E874-13,New,new,googleshoppingfs
10187260625212,SPORTSART-E874,New,new,googleshoppingfs
10187390026044,SPORTSART-E865,New,new,googleshoppingfs
10187401298236,SPORTSART-E863,New,new,googleshoppingfs
10187407196476,SPORTSART-E866,New,new,googleshoppingfs
10187412373820,SPORTSART-E835,New,new,googleshoppingfs
10187416338748,SPORTSART-C516,New,new,googleshoppingfs
10187486495036,SPORTSART-C510,New,new,googleshoppingfs
10187492393276,SPORTSART-V886-16,New,new,googleshoppingfs
10188489621820,SPORTSART-C576U-16,New,new,googleshoppingfs
10188532711740,SPORTSART-C576U,New,new,googleshoppingfs
10189525025084,SPORTSART-C576R-16,New,new,googleshoppingfs
10189888815420,SPORTSART-C576R,New,new,googleshoppingfs
10189997375804,SPORTSART-C574U-13,New,new,googleshoppingfs
10190131593532,SPORTSART-C574U,New,new,googleshoppingfs
10192360505660,SPORTSART-V886,New,new,googleshoppingfs
10192394256700,SPORTSART-S775,New,new,googleshoppingfs
10192457630012,TG-EESP17,New,new,googleshoppingfs
10192512909628,SPORTSART-S715,New,new,googleshoppingfs
10192517792060,SPORTSART-UB521M,New,new,googleshoppingfs
10192548790588,SPORTSART-G886,New,new,googleshoppingfs
10192568549692,SPORTSART-G876,New,new,googleshoppingfs
10192590405948,SPORTSART-G866,New,new,googleshoppingfs
10192643424572,SPORTSART-G778,New,new,googleshoppingfs
10192737468732,TG-EEPP17,New,new,googleshoppingfs
10195169902908,SPORTSART-G576U,New,new,googleshoppingfs
10195190579516,SPORTSART-G874,New,new,googleshoppingfs
10195212403004,SPORTSART-G574U,New,new,googleshoppingfs
10195279741244,SPORTSART-G574R,New,new,googleshoppingfs
10195454165308,SPORTSART-G260,New,new,googleshoppingfs
10198076096828,PP-Pro8,New,new,googleshoppingfs
10198185738556,PP-MY8,New,new,googleshoppingfs
10200492638524,TG-CIRCUIT-E5B,New,new,googleshoppingfs
10203260289340,TG-CIRCUIT-E6B,New,new,googleshoppingfs
10203951825212,TG-PTCP17,New,new,googleshoppingfs
10204156100924,SPORTSART-G516,New,new,googleshoppingfs
10204220588348,TG-5300-05,New,new,googleshoppingfs
10205224501564,SPORTSART-C574R-13,New,new,googleshoppingfs
10205316448572,TG-ENCP17,New,new,googleshoppingfs
10205352689980,SPORTSART-C574R,New,new,googleshoppingfs
10205476913468,TG-5200-E2,New,new,googleshoppingfs
10205506928956,SPORTSART-C565R,New,new,googleshoppingfs
10205695148348,SPORTSART-C565U,New,new,googleshoppingfs
10212632265020,NAU-9NP-M9201,New,new,googleshoppingfs
10213093769532,NAU-9NP-L1141-60BZS,New,new,googleshoppingfs
10217666281788,SPORTSART-C535U,New,new,googleshoppingfs
10217689612604,SPORTSART-C535R,New,new,googleshoppingfs
10218515661116,FMSQUATF610,Remanufactured,refurbished,googleshoppingfs
10219086020924,SPORTSART-T635M,New,new,googleshoppingfs
10223147024700,SPORTSART-C521M,New,new,googleshoppingfs
10223180874044,SPORTSART-TR22F,New,new,googleshoppingfs
10223613509948,NAU-9NP-L1132-60AAS,New,new,googleshoppingfs
10225631887676,ST-6CT-16IN-60,New,new,googleshoppingfs
10225641554236,ST-6CT-LED-60,New,new,googleshoppingfs
10225691263292,ST-6CT-LCD-60,New,new,googleshoppingfs
10227267469628,ST-6RB-16IN-60,New,new,googleshoppingfs
10227283624252,ST-6RB-LED-60,New,new,googleshoppingfs
10231481499964,ST-6RB-LCD-60,New,new,googleshoppingfs
10232996495676,TECHREC700SP,Remanufactured,refurbished,googleshoppingfs
10233224855868,ST-6UB-16IN-60,New,new,googleshoppingfs
10233309561148,NAU-9NP-L1112-60BZS,New,new,googleshoppingfs
10234029703484,ST-6UB-LED-60,New,new,googleshoppingfs
10234173653308,ST-6UB-LCD-60,New,new,googleshoppingfs
10234418364732,SPORTSART-E80C,New,new,googleshoppingfs
10234657046844,SPORTSART-C55U,New,new,googleshoppingfs
10235722170684,SPORTSART-C55R,New,new,googleshoppingfs
10238357995836,NAU-9NP-L1110-60BZS,New,new,googleshoppingfs
10243981508924,NAU-9NP-L3140-60BZS,New,new,googleshoppingfs
10279112835388,NAU-9NP3-L2002-60BZS,New,new,googleshoppingfs
10285087293756,FMRtreadmillt227s,Remanufactured,refurbished,googleshoppingfs
10294665543996,SCHWINN-AETH-9-7612,New,new,googleshoppingfs
10294699131196,SCHWINN-AETH-9-7602,New,new,googleshoppingfs
10295115350332,SCHWINN-AETH-9-7610,New,new,googleshoppingfs
10296305320252,SCHWINN-AETH-9-7600,New,new,googleshoppingfs
10301881418044,SPORTSART-A990,New,new,googleshoppingfs
10309869502780,LF-PLLLP,Remanufactured,refurbished,googleshoppingfs
10342691078460,PRECOR-CW2222,Remanufactured,refurbished,googleshoppingfs
10357000798524,technogymexcitecrossover3,Remanufactured,refurbished,googleshoppingfs
10358727344444,TechRec700unity2,Remanufactured,refurbished,googleshoppingfs
10366379065660,TF-XC900E,Remanufactured,refurbished,googleshoppingfs
10440921809212,PRECOR-C404EC,Remanufactured,refurbished,googleshoppingfs
9875864715580,610A,Remanufactured,refurbished,googleshoppingfs
9875904364860,95tinspire,Remanufactured,refurbished,googleshoppingfs
9878461481276,1650LE,Remanufactured,refurbished,googleshoppingfs
9878462038332,350A,Remanufactured,refurbished,googleshoppingfs
9878462333244,360A,Remanufactured,refurbished,googleshoppingfs
9878462628156,4200PT,Remanufactured,refurbished,googleshoppingfs
9878463086908,425A,Remanufactured,refurbished,googleshoppingfs
9878463709500,4400CL,Remanufactured,refurbished,googleshoppingfs
9878464201020,4400PT,Remanufactured,refurbished,googleshoppingfs
9878464725308,450T,Remanufactured,refurbished,googleshoppingfs
9878464954684,NAU-9NAS330160AGS,New,new,googleshoppingfs
9878465118524,4600CL,Remanufactured,refurbished,googleshoppingfs
9878465511740,4600clSILVER,Remanufactured,refurbished,googleshoppingfs
9878465610044,NAU-9NAS330260AGS,New,new,googleshoppingfs
9878466134332,4600PT,Remanufactured,refurbished,googleshoppingfs
9878466167100,NAU-9NAS330360AGS,New,new,googleshoppingfs
9878466625852,4600PT-B,Remanufactured,refurbished,googleshoppingfs
9878466724156,NAU-9NAS330560AGS,New,new,googleshoppingfs
9878467117372,NAU-9NAS330660AGS,New,new,googleshoppingfs
9878467182908,525R,Remanufactured,refurbished,googleshoppingfs
9878467707196,NAU-9NAS430160AGS,New,new,googleshoppingfs
9878467772732,530C,Remanufactured,refurbished,googleshoppingfs
9878468133180,NAU-9NAS430260AGS,New,new,googleshoppingfs
9878468165948,530R,Remanufactured,refurbished,googleshoppingfs
9878468723004,530T,Remanufactured,refurbished,googleshoppingfs
9878468788540,NAU-9NAS430460AGS,New,new,googleshoppingfs
9878469345596,NAU-9NAS430760AGS,New,new,googleshoppingfs
9878469378364,546V1,Remanufactured,refurbished,googleshoppingfs
9878470033724,NAU-9NAS530160AGS,New,new,googleshoppingfs
9878470099260,546V2,Remanufactured,refurbished,googleshoppingfs
9878470459708,NAU-9NAS530260AGS,New,new,googleshoppingfs
9878470558012,546V3,Remanufactured,refurbished,googleshoppingfs
9878471082300,NAU-9NAS530360AGS,New,new,googleshoppingfs
9878471115068,550T,Remanufactured,refurbished,googleshoppingfs
9878471573820,NAU-9NAS630160AGS,New,new,googleshoppingfs
9878471704892,556I,Remanufactured,refurbished,googleshoppingfs
9878472065340,NAU-9NAS633460AGS,New,new,googleshoppingfs
9878472360252,576I,Remanufactured,refurbished,googleshoppingfs
9878472655164,NAU-9NLD101360ARS,New,new,googleshoppingfs
9878473244988,600A,Remanufactured,refurbished,googleshoppingfs
9878473310524,NAU-9NLD101460ARS,New,new,googleshoppingfs
9878473834812,NAU-9NLD101560ARS,New,new,googleshoppingfs
9878474064188,61ART4100,Remanufactured,refurbished,googleshoppingfs
9878476390716,61NGG3100,Remanufactured,refurbished,googleshoppingfs
9878477242684,620A,Remanufactured,refurbished,googleshoppingfs
9878477701436,625A,Remanufactured,refurbished,googleshoppingfs
9878477865276,NAU-9NLD211060ARS,New,new,googleshoppingfs
9878478225724,625AT,Remanufactured,refurbished,googleshoppingfs
9878478356796,NAU-9NLD212060ARS,New,new,googleshoppingfs
9878479175996,630A,Remanufactured,refurbished,googleshoppingfs
9878479241532,NAU-9NLD334060ARS,New,new,googleshoppingfs
9878480027964,7000PT,Remanufactured,refurbished,googleshoppingfs
9878480126268,NAU-9NLD512060ARS,New,new,googleshoppingfs
9878480519484,NAU-9NLD633060ARS,New,new,googleshoppingfs
9878480552252,7000PTBLK,Remanufactured,refurbished,googleshoppingfs
9878480748860,NAU-9NLS101060ARS,New,new,googleshoppingfs
9878480814396,7000PTSILVER,Remanufactured,refurbished,googleshoppingfs
9878481174844,NAU-9NLS101160ARS,New,new,googleshoppingfs
9878481273148,750a,Remanufactured,refurbished,googleshoppingfs
9878481535292,NAU-9NLS101260ARS,New,new,googleshoppingfs
9878481699132,750at,Remanufactured,refurbished,googleshoppingfs
9878481928508,NAU-9NLS210060ARS,New,new,googleshoppingfs
9878482059580,750r,Remanufactured,refurbished,googleshoppingfs
9878482354492,NAU-9NLS331060ARS,New,new,googleshoppingfs
9878482485564,750T,Remanufactured,refurbished,googleshoppingfs
9878482682172,NAU-9NLS332060ARS,New,new,googleshoppingfs
9878483009852,770a,Remanufactured,refurbished,googleshoppingfs
9878483108156,NAU-9NLS410060ARS,New,new,googleshoppingfs
9878483435836,770aE3,Remanufactured,refurbished,googleshoppingfs
9878483763516,770at,Remanufactured,refurbished,googleshoppingfs
9878483927356,NAU-9NLS511060ARS,New,new,googleshoppingfs
9878484255036,770atE3,Remanufactured,refurbished,googleshoppingfs
9878484353340,NAU-9NLS630060ARS,New,new,googleshoppingfs
9878484844860,770r,Remanufactured,refurbished,googleshoppingfs
9878485270844,770rE3,Remanufactured,refurbished,googleshoppingfs
9878485401916,NAU-9NNB720160ARS,New,new,googleshoppingfs
9878485827900,770T,Remanufactured,refurbished,googleshoppingfs
9878486450492,770tE3,Remanufactured,refurbished,googleshoppingfs
9878486876476,771a,Remanufactured,refurbished,googleshoppingfs
9878487466300,771AT,Remanufactured,refurbished,googleshoppingfs
9878487859516,772aE3,Remanufactured,refurbished,googleshoppingfs
9878488285500,NAU-9NNR800260ARS,New,new,googleshoppingfs
9878488351036,772AT,Remanufactured,refurbished,googleshoppingfs
9878488678716,776i,Remanufactured,refurbished,googleshoppingfs
9878489039164,776iexp,Remanufactured,refurbished,googleshoppingfs
9878489203004,NAU-9NPB750660BZS,New,new,googleshoppingfs
9878489366844,790TE3,Remanufactured,refurbished,googleshoppingfs
9878489628988,NAU-9NPL113060BZS,New,new,googleshoppingfs
9878489891132,818e,Remanufactured,refurbished,googleshoppingfs
9878490054972,NAU-9NPL113160BZ,New,new,googleshoppingfs
9878490317116,827e,Remanufactured,refurbished,googleshoppingfs
9878490644796,828e,Remanufactured,refurbished,googleshoppingfs
9878491103548,NAU-9NPL200260BZS,New,new,googleshoppingfs
9878491169084,828eRobo,Remanufactured,refurbished,googleshoppingfs
9878491529532,839e,Remanufactured,refurbished,googleshoppingfs
9878491627836,NAU-9NPL200360BZS,New,new,googleshoppingfs
9878491988284,874e,Remanufactured,refurbished,googleshoppingfs
9878492152124,NAU-9NPL200460BZS,New,new,googleshoppingfs
9878492381500,881e,Remanufactured,refurbished,googleshoppingfs
9878492610876,NAU-9NPL300360BZS,New,new,googleshoppingfs
9878492709180,894E,Remanufactured,refurbished,googleshoppingfs
9878492905788,NAU-9NPL300460BZS,New,new,googleshoppingfs
9878493462844,NAU-9NPL300560BZS,New,new,googleshoppingfs
9878493495612,90x,Remanufactured,refurbished,googleshoppingfs
9878493856060,91ti,Remanufactured,refurbished,googleshoppingfs
9878493954364,NAU-9NPL300660AAS,New,new,googleshoppingfs
9878494478652,91x,Remanufactured,refurbished,googleshoppingfs
9878494609724,NAU-9NPL400260BZS,New,new,googleshoppingfs
9878494806332,91xi,Remanufactured,refurbished,googleshoppingfs
9878495101244,NAU-9NPL500260BZS,New,new,googleshoppingfs
9878495265084,931,Remanufactured,refurbished,googleshoppingfs
9878495559996,NAU-9NPL500360BZS,New,new,googleshoppingfs
9878495887676,933,Remanufactured,refurbished,googleshoppingfs
9878496379196,935,Remanufactured,refurbished,googleshoppingfs
9878496543036,NAU-9NPR801460BZ,New,new,googleshoppingfs
9878496706876,93c,Remanufactured,refurbished,googleshoppingfs
9878496805180,NAU-HDHR2-HDP6DBB2,New,new,googleshoppingfs
9878497165628,93r,Remanufactured,refurbished,googleshoppingfs
9878497689916,93t,Remanufactured,refurbished,googleshoppingfs
9878498115900,93x,Remanufactured,refurbished,googleshoppingfs
9878498672956,9500HRclassic,Remanufactured,refurbished,googleshoppingfs
9878498804028,NAU-HDP4-BB2,New,new,googleshoppingfs
9878499197244,9500HRnext,Remanufactured,refurbished,googleshoppingfs
9878499295548,NAU-HDP4D-BB2,New,new,googleshoppingfs
9878499623228,9500HRNGUPRIGHT,Remanufactured,refurbished,googleshoppingfs
9878499721532,NAU-HDP4D-BB2-SA,New,new,googleshoppingfs
9878500016444,9500HRRECUMBENT,Remanufactured,refurbished,googleshoppingfs
9878500081980,NAU-HDP6-BB2,New,new,googleshoppingfs
9878500507964,9500HRRECUMBENT2,Remanufactured,refurbished,googleshoppingfs
9878500540732,NAU-HDP6D-BB2-SA,New,new,googleshoppingfs
9878500999484,NAU-HDP6D-LFHR,New,new,googleshoppingfs
9878501065020,9500hrStepper,Remanufactured,refurbished,googleshoppingfs
9878501359932,NAU-IPDR3-60BZ,New,new,googleshoppingfs
9878501491004,9500hrtread,Remanufactured,refurbished,googleshoppingfs
9878501851452,NAU-NP-D9302-60AAS,New,new,googleshoppingfs
9878502015292,9500HRUPRIGHT,Remanufactured,refurbished,googleshoppingfs
9878502506812,95ACHIEVE,Remanufactured,refurbished,googleshoppingfs
9878503227708,95CACHIEVE,Remanufactured,refurbished,googleshoppingfs
9878503620924,NAU-NP-L8507,New,new,googleshoppingfs
9878503653692,95CE,Remanufactured,refurbished,googleshoppingfs
9878504636732,95CENGAGE,Remanufactured,refurbished,googleshoppingfs
9878505062716,95CI,Remanufactured,refurbished,googleshoppingfs
9878505128252,NAU-S6AA250-1,New,new,googleshoppingfs
9878505455932,95CINSPIRE,Remanufactured,refurbished,googleshoppingfs
9878505947452,95LE,Remanufactured,refurbished,googleshoppingfs
9878506635580,95LI,Remanufactured,refurbished,googleshoppingfs
9878506733884,NAU-S6BC250-1,New,new,googleshoppingfs
9878507258172,95RACHIEVE,Remanufactured,refurbished,googleshoppingfs
9878508503356,95RE,Remanufactured,refurbished,googleshoppingfs
9878508831036,NAU-S6LATP250-1,New,new,googleshoppingfs
9878509158716,95RENGAGE,Remanufactured,refurbished,googleshoppingfs
9878509781308,95RI,Remanufactured,refurbished,googleshoppingfs
9878510436668,95RINSPIRE,Remanufactured,refurbished,googleshoppingfs
9878510862652,NAU-S6LE250-1,New,new,googleshoppingfs
9878511223100,95SE,Remanufactured,refurbished,googleshoppingfs
9878511747388,95SI,Remanufactured,refurbished,googleshoppingfs
9878512140604,95TE,Remanufactured,refurbished,googleshoppingfs
9878512304444,NAU-S6RT250-1,New,new,googleshoppingfs
9878512697660,95tengage,Remanufactured,refurbished,googleshoppingfs
9878513385788,95TI,Remanufactured,refurbished,googleshoppingfs
9878513516860,NAU-S6TP250-1,New,new,googleshoppingfs
9878513942844,95xachieve,Remanufactured,refurbished,googleshoppingfs
9878514336060,Nautilus-9-HDHR2,New,new,googleshoppingfs
9878514729276,95xe,Remanufactured,refurbished,googleshoppingfs
9878515286332,95xengage,Remanufactured,refurbished,googleshoppingfs
9878515908924,95xi,Remanufactured,refurbished,googleshoppingfs
9878516105532,NautilusE916,Remanufactured,refurbished,googleshoppingfs
9878516597052,95xinspire,Remanufactured,refurbished,googleshoppingfs
9878516662588,nautilusf2ft,Remanufactured,refurbished,googleshoppingfs
9878517350716,9700hrtread,Remanufactured,refurbished,googleshoppingfs
9878517842236,97te,Remanufactured,refurbished,googleshoppingfs
9878518464828,97ti,Remanufactured,refurbished,googleshoppingfs
9878518497596,nautilusGRAVITRON,Remanufactured,refurbished,googleshoppingfs
9878519513404,ABS1003B,Remanufactured,refurbished,googleshoppingfs
9878519775548,NEXTGEN,Remanufactured,refurbished,googleshoppingfs
9878521184572,activatetread,Remanufactured,refurbished,googleshoppingfs
9878521708860,NT9600,Remanufactured,refurbished,googleshoppingfs
9878522233148,OCT-XR6000S-SMART,Remanufactured,refurbished,googleshoppingfs
9878522921276,OCT-XR6000S-STD,Remanufactured,refurbished,googleshoppingfs
9878523576636,AllegroSport,Remanufactured,refurbished,googleshoppingfs
9878525215036,OCTANE-xR6xi,Remanufactured,refurbished,googleshoppingfs
9878526492988,octane3500,Remanufactured,refurbished,googleshoppingfs
9878527115580,octane3700,Remanufactured,refurbished,googleshoppingfs
9878528753980,octane450,Remanufactured,refurbished,googleshoppingfs
9878528852284,AMT100i,Remanufactured,refurbished,googleshoppingfs
9878529343804,octane4700,Remanufactured,refurbished,googleshoppingfs
9878529474876,AMT835,Remanufactured,refurbished,googleshoppingfs
9878529966396,octane4700ts,Remanufactured,refurbished,googleshoppingfs
9878530097468,AMT835openstride,Remanufactured,refurbished,googleshoppingfs
9878530523452,octanepro350,Remanufactured,refurbished,googleshoppingfs
9878530785596,AMT865,Remanufactured,refurbished,googleshoppingfs
9878531146044,octanepro3500xl,Remanufactured,refurbished,googleshoppingfs
9878531408188,amt885,Remanufactured,refurbished,googleshoppingfs
9878531866940,octanext4700s,Remanufactured,refurbished,googleshoppingfs
9878532063548,AMT885A,Remanufactured,refurbished,googleshoppingfs
9878532718908,amt885p82,Remanufactured,refurbished,googleshoppingfs
9878532948284,OF-Q35X,Remanufactured,refurbished,googleshoppingfs
9878533636412,ofq37c,Remanufactured,refurbished,googleshoppingfs
9878535176508,PARA-FS52,Remanufactured,refurbished,googleshoppingfs
9878535930172,PARA-XFW5300,Remanufactured,refurbished,googleshoppingfs
9878537077052,PARALESF1900,Remanufactured,refurbished,googleshoppingfs
9878537797948,paraPL4000,Remanufactured,refurbished,googleshoppingfs
9878538387772,parat755t,Remanufactured,refurbished,googleshoppingfs
9878544580924,PB-505-00123-01,New,new,googleshoppingfs
9878545891644,PB-505-00175-01,New,new,googleshoppingfs
9878549791036,PB-750-00309-00,New,new,googleshoppingfs
9878550708540,PERSONAL,Remanufactured,refurbished,googleshoppingfs
9878551429436,PISmith,Remanufactured,refurbished,googleshoppingfs
9878553231676,PMPFT200,Remanufactured,refurbished,googleshoppingfs
9878555164988,pneuback,Remanufactured,refurbished,googleshoppingfs
9878555885884,pneumap,Remanufactured,refurbished,googleshoppingfs
9878556410172,pneuweight,Remanufactured,refurbished,googleshoppingfs
9878557688124,pneuweightd,Remanufactured,refurbished,googleshoppingfs
9878559392060,c5150,Remanufactured,refurbished,googleshoppingfs
9878560080188,c52r,Remanufactured,refurbished,googleshoppingfs
9878560899388,c530r,Remanufactured,refurbished,googleshoppingfs
9878561521980,c570r,Remanufactured,refurbished,googleshoppingfs
9878562079036,c846ir,Remanufactured,refurbished,googleshoppingfs
9878562537788,c846iu,Remanufactured,refurbished,googleshoppingfs
9878563488060,c936i,Remanufactured,refurbished,googleshoppingfs
9878564077884,c954i,Remanufactured,refurbished,googleshoppingfs
9878564569404,c956,Remanufactured,refurbished,googleshoppingfs
9878565093692,c956i,Remanufactured,refurbished,googleshoppingfs
9878565683516,c966,Remanufactured,refurbished,googleshoppingfs
9878566207804,c966i,Remanufactured,refurbished,googleshoppingfs
9878566863164,CABLECROSS,Remanufactured,refurbished,googleshoppingfs
9878567616828,PP-My3,New,new,googleshoppingfs
9878568403260,PP-My5,New,new,googleshoppingfs
9878568698172,CADILLAC,Remanufactured,refurbished,googleshoppingfs
9878569353532,cardiogymcg6,Remanufactured,refurbished,googleshoppingfs
9878569746748,PP-My7,New,new,googleshoppingfs
9878570041660,cl108a,Remanufactured,refurbished,googleshoppingfs
9878570991932,PP-Personal,New,new,googleshoppingfs
9878571680060,cl108cm,Remanufactured,refurbished,googleshoppingfs
9878572794172,PP-Pro5,New,new,googleshoppingfs
9878574170428,PP-Pro7,New,new,googleshoppingfs
9878575776060,PP-Pro7HC,Remanufactured,refurbished,googleshoppingfs
9878576595260,PP-REV,New,new,googleshoppingfs
9878577250620,cl108o,Remanufactured,refurbished,googleshoppingfs
9878577709372,PP-REV-WOOD,New,new,googleshoppingfs
9878578594108,cl108sm,Remanufactured,refurbished,googleshoppingfs
9878578790716,PPClassicM,Remanufactured,refurbished,googleshoppingfs
9878579380540,ppmove,Remanufactured,refurbished,googleshoppingfs
9878579609916,cl109lx,Remanufactured,refurbished,googleshoppingfs
9878580691260,ClassicAbduction,Remanufactured,refurbished,googleshoppingfs
9878581412156,ClassicAdduction,Remanufactured,refurbished,googleshoppingfs
9878581674300,PPMOVE-BLACK,New,new,googleshoppingfs
9878582165820,classicbicep,Remanufactured,refurbished,googleshoppingfs
9878582460732,PPMOVE-RED,New,new,googleshoppingfs
9878582853948,classicchest,Remanufactured,refurbished,googleshoppingfs
9878583148860,PPMOVE-SILVER,New,new,googleshoppingfs
9878583542076,CLASSICFLY,Remanufactured,refurbished,googleshoppingfs
9878583869756,PPMOVE-WOOD,New,new,googleshoppingfs
9878584262972,classicshoulder,Remanufactured,refurbished,googleshoppingfs
9878585049404,CLM835p30,Remanufactured,refurbished,googleshoppingfs
9878585606460,PRE-EFX833-CC-P31,Remanufactured,refurbished,googleshoppingfs
9878585671996,CLUB,Remanufactured,refurbished,googleshoppingfs
9878589342012,PRECOR-DSL0204,Remanufactured,refurbished,googleshoppingfs
9878591570236,PRECOR-DSL0208,Remanufactured,refurbished,googleshoppingfs
9878593634620,PRECOR-DSL0313,Remanufactured,refurbished,googleshoppingfs
9878594683196,ct9100,Remanufactured,refurbished,googleshoppingfs
9878594715964,PRECOR-DSL0314,Remanufactured,refurbished,googleshoppingfs
9878595240252,cx445t,Remanufactured,refurbished,googleshoppingfs
9878595535164,PRECOR-DSL0414,Remanufactured,refurbished,googleshoppingfs
9878596026684,CY530S,Remanufactured,refurbished,googleshoppingfs
9878596190524,PRECOR-DSL0515,Remanufactured,refurbished,googleshoppingfs
9878596485436,CYB16031,Remanufactured,refurbished,googleshoppingfs
9878596813116,PRECOR-DSL0606,Remanufactured,refurbished,googleshoppingfs
9878597108028,cyb625ae3,Remanufactured,refurbished,googleshoppingfs
9878597501244,PRECOR-DSL0618,Remanufactured,refurbished,googleshoppingfs
9878597894460,cyb625cE3,Remanufactured,refurbished,googleshoppingfs
9878598156604,PRECOR-DSL0619,Remanufactured,refurbished,googleshoppingfs
9878598484284,cyb625re3,Remanufactured,refurbished,googleshoppingfs
9878598877500,PRECOR-EFX835P31,Remanufactured,refurbished,googleshoppingfs
9878599237948,CYB750C,Remanufactured,refurbished,googleshoppingfs
9878599532860,PRECOR-ICDA,Remanufactured,refurbished,googleshoppingfs
9878599860540,cyb770c,Remanufactured,refurbished,googleshoppingfs
9878600122684,precor624,Remanufactured,refurbished,googleshoppingfs
9878600384828,cyb770cE3,Remanufactured,refurbished,googleshoppingfs
9878600581436,precor781p82,Remanufactured,refurbished,googleshoppingfs
9878600810812,CYBADJb80,Remanufactured,refurbished,googleshoppingfs
9878601498940,CYBblab,Remanufactured,refurbished,googleshoppingfs
9878601531708,Precor833,Remanufactured,refurbished,googleshoppingfs
9878602318140,Precor835,Remanufactured,refurbished,googleshoppingfs
9878602776892,CYBEX-800S-CT,Remanufactured,refurbished,googleshoppingfs
9878603039036,Precor865V2,Remanufactured,refurbished,googleshoppingfs
9878603661628,Precor885,Remanufactured,refurbished,googleshoppingfs
9878603989308,cybex-maxr,Remanufactured,refurbished,googleshoppingfs
9878604448060,Precor885p82,Remanufactured,refurbished,googleshoppingfs
9878604677436,CYBEX-NXAE-20080,Remanufactured,refurbished,googleshoppingfs
9878605300028,CYBEX-PCP-21000,Remanufactured,refurbished,googleshoppingfs
9878605431100,Precor885V2,Remanufactured,refurbished,googleshoppingfs
9878606381372,CYBEX-POP-21010,Remanufactured,refurbished,googleshoppingfs
9878607102268,cybex-rslbat70t,Remanufactured,refurbished,googleshoppingfs
9878607692092,cybex-rsrb70t,Remanufactured,refurbished,googleshoppingfs
9878608249148,precor946iTRM,Remanufactured,refurbished,googleshoppingfs
9878608511292,cybex-rst70t,Remanufactured,refurbished,googleshoppingfs
9878608871740,PrecorAb100p,Remanufactured,refurbished,googleshoppingfs
9878609199420,CYBEX-VRLP,Remanufactured,refurbished,googleshoppingfs
9878609559868,PrecorAB102,Remanufactured,refurbished,googleshoppingfs
9878610051388,cybex11000,Remanufactured,refurbished,googleshoppingfs
9878610247996,PrecorADJAb,Remanufactured,refurbished,googleshoppingfs
9878610608444,cybex11020,Remanufactured,refurbished,googleshoppingfs
9878610870588,PrecorC001ES,Remanufactured,refurbished,googleshoppingfs
9878611231036,cybex11080,Remanufactured,refurbished,googleshoppingfs
9878611394876,PrecorC002ES,Remanufactured,refurbished,googleshoppingfs
9878611951932,cybex11090,Remanufactured,refurbished,googleshoppingfs
9878612214076,PrecorC005ES,Remanufactured,refurbished,googleshoppingfs
9878612705596,BGT460XC,Remanufactured,refurbished,googleshoppingfs
9878612836668,cybex11160,Remanufactured,refurbished,googleshoppingfs
9878613295420,PrecorC007ES,Remanufactured,refurbished,googleshoppingfs
9878613655868,BHVP,Remanufactured,refurbished,googleshoppingfs
9878613688636,cybex12070,Remanufactured,refurbished,googleshoppingfs
9878614180156,PrecorC010ES,Remanufactured,refurbished,googleshoppingfs
9878614573372,cybex16171,Remanufactured,refurbished,googleshoppingfs
9878614606140,BioCycle950-120,Remanufactured,refurbished,googleshoppingfs
9878615687484,PrecorC012ES,Remanufactured,refurbished,googleshoppingfs
9878616015164,cybex16180,Remanufactured,refurbished,googleshoppingfs
9878616080700,BioMed945130,Remanufactured,refurbished,googleshoppingfs
9878616408380,PrecorC027ES,Remanufactured,refurbished,googleshoppingfs
9878616965436,BioStep,Remanufactured,refurbished,googleshoppingfs
9878616998204,cybex20050-51,Remanufactured,refurbished,googleshoppingfs
9878617227580,PrecorCW-408,Remanufactured,refurbished,googleshoppingfs
9878617489724,BioStep2,Remanufactured,refurbished,googleshoppingfs
9878617522492,cybex20090,Remanufactured,refurbished,googleshoppingfs
9878618014012,precorCW-702,Remanufactured,refurbished,googleshoppingfs
9878618341692,cybex21110,Remanufactured,refurbished,googleshoppingfs
9878618702140,BMDeclineBench,Remanufactured,refurbished,googleshoppingfs
9878618865980,precorcw2200,Remanufactured,refurbished,googleshoppingfs
9878619160892,cybex21461,Remanufactured,refurbished,googleshoppingfs
9878619357500,BMPLC,Remanufactured,refurbished,googleshoppingfs
9878619914556,cybex4100Hlegpr,Remanufactured,refurbished,googleshoppingfs
9878620143932,bmplr,Remanufactured,refurbished,googleshoppingfs
9878620635452,cybex45dbh,Remanufactured,refurbished,googleshoppingfs
9878620668220,precorDPL0624,Remanufactured,refurbished,googleshoppingfs
9878620832060,BMsmith,Remanufactured,refurbished,googleshoppingfs
9878621159740,CYBEX50A1,Remanufactured,refurbished,googleshoppingfs
9878621225276,PrecorEFX524,Remanufactured,refurbished,googleshoppingfs
9878621880636,precori2tsdr,Remanufactured,refurbished,googleshoppingfs
9878621946172,Cybex525AT,Remanufactured,refurbished,googleshoppingfs
9878622437692,PrecorIACC,Remanufactured,refurbished,googleshoppingfs
9878622601532,CYBEX525T,Remanufactured,refurbished,googleshoppingfs
9878623191356,CYBEX525Te3,Remanufactured,refurbished,googleshoppingfs
9878623781180,cybex5341,Remanufactured,refurbished,googleshoppingfs
9878624076092,precoribe,Remanufactured,refurbished,googleshoppingfs
9878624600380,precorilr,Remanufactured,refurbished,googleshoppingfs
9878625124668,PrecorISCR,Remanufactured,refurbished,googleshoppingfs
9878625485116,Cybex625at,Remanufactured,refurbished,googleshoppingfs
9878625714492,precorispr,Remanufactured,refurbished,googleshoppingfs
9878625878332,CYBEX625Te3,Remanufactured,refurbished,googleshoppingfs
9878626140476,PrecorLP,Remanufactured,refurbished,googleshoppingfs
9878626468156,cybex700,Remanufactured,refurbished,googleshoppingfs
9878626664764,PrecorLP601,Remanufactured,refurbished,googleshoppingfs
9878627090748,PrecorLP602,Remanufactured,refurbished,googleshoppingfs
9878627582268,precormpub,Remanufactured,refurbished,googleshoppingfs
9878627844412,PrecorRBK815Exp,Remanufactured,refurbished,googleshoppingfs
9878628368700,precortbarilr,Remanufactured,refurbished,googleshoppingfs
9878628860220,PrecorTRM823p20,Remanufactured,refurbished,googleshoppingfs
9878629089596,CYBEXACDM,Remanufactured,refurbished,googleshoppingfs
9878630367548,PrecorUBK815Exp,Remanufactured,refurbished,googleshoppingfs
9878631317820,preefx225,Remanufactured,refurbished,googleshoppingfs
9878631481660,CYBEXACURL11070,Remanufactured,refurbished,googleshoppingfs
9878632333628,preefx425,Remanufactured,refurbished,googleshoppingfs
9878632366396,CYBEXBACKEXT11101,Remanufactured,refurbished,googleshoppingfs
9878632759612,CybexBP,Remanufactured,refurbished,googleshoppingfs
9878632792380,preefx635crp31,Remanufactured,refurbished,googleshoppingfs
9878633120060,preefx833crp30,Remanufactured,refurbished,googleshoppingfs
9878633742652,preefx835crp30,Remanufactured,refurbished,googleshoppingfs
9878634004796,cybexcalf11120,Remanufactured,refurbished,googleshoppingfs
9878634627388,cybexCAM,Remanufactured,refurbished,googleshoppingfs
9878634725692,PREEFX883crp82,Remanufactured,refurbished,googleshoppingfs
9878635086140,CybexCBE,Remanufactured,refurbished,googleshoppingfs
9878635544892,PREEFX885crp82,Remanufactured,refurbished,googleshoppingfs
9878635741500,cybexclassleg,Remanufactured,refurbished,googleshoppingfs
9878636101948,Pro1abs,Remanufactured,refurbished,googleshoppingfs
9878636134716,CybexCMH,Remanufactured,refurbished,googleshoppingfs
9878636691772,Pro1armex,Remanufactured,refurbished,googleshoppingfs
9878636724540,cybexflyreardelt,Remanufactured,refurbished,googleshoppingfs
9878637117756,cybexfsdca,Remanufactured,refurbished,googleshoppingfs
9878637183292,Pro1back,Remanufactured,refurbished,googleshoppingfs
9878637510972,CybexFT360,Remanufactured,refurbished,googleshoppingfs
9878637707580,Pro1chestpress,Remanufactured,refurbished,googleshoppingfs
9878638362940,Pro1dip,Remanufactured,refurbished,googleshoppingfs
9878638821692,CybexFT450,Remanufactured,refurbished,googleshoppingfs
9878638919996,Pro1fly,Remanufactured,refurbished,googleshoppingfs
9878639378748,Pro1hipab,Remanufactured,refurbished,googleshoppingfs
9878639870268,pro1hipadd,Remanufactured,refurbished,googleshoppingfs
9878640066876,CYBEXGHAA,Remanufactured,refurbished,googleshoppingfs
9878640329020,Pro1hlp,Remanufactured,refurbished,googleshoppingfs
9878640525628,cybexglute11170,Remanufactured,refurbished,googleshoppingfs
9878640853308,Pro1latpul,Remanufactured,refurbished,googleshoppingfs
9878640886076,CYBEXHIP11181,Remanufactured,refurbished,googleshoppingfs
9878641443132,CYBEXLATPULL11130,Remanufactured,refurbished,googleshoppingfs
9878641574204,Pro1latraise,Remanufactured,refurbished,googleshoppingfs
9878641934652,cybexleg11040,Remanufactured,refurbished,googleshoppingfs
9878642164028,Pro1legc,Remanufactured,refurbished,googleshoppingfs
9878642426172,CYBEXLEG20040,Remanufactured,refurbished,googleshoppingfs
9878642688316,Pro1legex,Remanufactured,refurbished,googleshoppingfs
9878642819388,CYBEXLEGEXT11051,Remanufactured,refurbished,googleshoppingfs
9878643147068,pro1prnlegcurl,Remanufactured,refurbished,googleshoppingfs
9878643245372,cybexlpcurl11141,Remanufactured,refurbished,googleshoppingfs
9878643671356,cybexlrd,Remanufactured,refurbished,googleshoppingfs
9878643736892,Pro1pull,Remanufactured,refurbished,googleshoppingfs
9878644457788,CYBEXLSCURL11061,Remanufactured,refurbished,googleshoppingfs
9878644588860,Pro1reardeltpec,Remanufactured,refurbished,googleshoppingfs
9878645276988,cybexmg500,Remanufactured,refurbished,googleshoppingfs
9878645571900,Pro1row,Remanufactured,refurbished,googleshoppingfs
9878646325564,Pro1shoulder,Remanufactured,refurbished,googleshoppingfs
9878646915388,CYBEXOPRESS11010,Remanufactured,refurbished,googleshoppingfs
9878647079228,Pro2BicepCurl,Remanufactured,refurbished,googleshoppingfs
9878647537980,cybexpl45dlegpr,Remanufactured,refurbished,googleshoppingfs
9878647734588,Pro2HipABD,Remanufactured,refurbished,googleshoppingfs
9878648029500,cybexpl45dlp,Remanufactured,refurbished,googleshoppingfs
9878648193340,Pro2SEA,Remanufactured,refurbished,googleshoppingfs
9878648553788,cybexplsmithpress,Remanufactured,refurbished,googleshoppingfs
9878648783164,Pro2SEAC,Remanufactured,refurbished,googleshoppingfs
9878649110844,cybexplsp,Remanufactured,refurbished,googleshoppingfs
9878649209148,Pro2SEADD,Remanufactured,refurbished,googleshoppingfs
9878649504060,cybexplspnewer,Remanufactured,refurbished,googleshoppingfs
9878649831740,Pro2SEbe,Remanufactured,refurbished,googleshoppingfs
9878650093884,CYBEXROW11030,Remanufactured,refurbished,googleshoppingfs
9878651011388,Pro2SEChest,Remanufactured,refurbished,googleshoppingfs
9878651142460,CYBEXROW20030,Remanufactured,refurbished,googleshoppingfs
9878651339068,Pro2SELAT,Remanufactured,refurbished,googleshoppingfs
9878651470140,cybexrser50l,Remanufactured,refurbished,googleshoppingfs
9878652158268,cybexrser70t,Remanufactured,refurbished,googleshoppingfs
9878652191036,Pro2SEle,Remanufactured,refurbished,googleshoppingfs
9878652584252,CYBEXRUN625T,Remanufactured,refurbished,googleshoppingfs
9878652780860,Pro2SEplc,Remanufactured,refurbished,googleshoppingfs
9878653632828,cybexscottcurl,Remanufactured,refurbished,googleshoppingfs
9878653796668,Pro2SEslc,Remanufactured,refurbished,googleshoppingfs
9878653894972,Fit3,Remanufactured,refurbished,googleshoppingfs
9878654320956,CYBEXTORSOROT11190,Remanufactured,refurbished,googleshoppingfs
9878654583100,Pro2SEte,Remanufactured,refurbished,googleshoppingfs
9878654976316,cybexvr1,Remanufactured,refurbished,googleshoppingfs
9878655598908,Pro2SP,Remanufactured,refurbished,googleshoppingfs
9878655992124,CybexVR1LatRow,Remanufactured,refurbished,googleshoppingfs
9878656483644,fitsbitricep,Remanufactured,refurbished,googleshoppingfs
9878656647484,pro5hp,New,new,googleshoppingfs
9878657204540,CybexVR1LESLC,Remanufactured,refurbished,googleshoppingfs
9878657302844,FitSLPLR,Remanufactured,refurbished,googleshoppingfs
9878657564988,pro5hpairdaptive,Remanufactured,refurbished,googleshoppingfs
9878658089276,fm-f624,Remanufactured,refurbished,googleshoppingfs
9878658318652,CybexVR1MultiPress,Remanufactured,refurbished,googleshoppingfs
9878658351420,Pro6,Remanufactured,refurbished,googleshoppingfs
9878659334460,cybexVR1slegpr,Remanufactured,refurbished,googleshoppingfs
9878659432764,Pro7,Remanufactured,refurbished,googleshoppingfs
9878659891516,FM-I109B,Remanufactured,refurbished,googleshoppingfs
9878659957052,cybexvr2abc,Remanufactured,refurbished,googleshoppingfs
9878660645180,FM-i119-10HD,Remanufactured,refurbished,googleshoppingfs
9878660710716,cybexvr2armc,Remanufactured,refurbished,googleshoppingfs
9878661202236,FM-i22-9-IT,Remanufactured,refurbished,googleshoppingfs
9878661366076,PROMAXIMA-HLP,Remanufactured,refurbished,googleshoppingfs
9878661497148,cybexvr2arme,Remanufactured,refurbished,googleshoppingfs
9878662152508,cybexvr2bacex,Remanufactured,refurbished,googleshoppingfs
9878662447420,q35,Remanufactured,refurbished,googleshoppingfs
9878662775100,FM-T109B,Remanufactured,refurbished,googleshoppingfs
9878663037244,cybexvr2chpr,Remanufactured,refurbished,googleshoppingfs
9878663102780,q35e,Remanufactured,refurbished,googleshoppingfs
9878663528764,FMAbGZFM60113,Remanufactured,refurbished,googleshoppingfs
9878663790908,q37,Remanufactured,refurbished,googleshoppingfs
9878664216892,FMAddAbdF809,Remanufactured,refurbished,googleshoppingfs
9878664249660,cybexvr2FLY4545,Remanufactured,refurbished,googleshoppingfs
9878664511804,q45,Remanufactured,refurbished,googleshoppingfs
9878664905020,FMBicepF810,Remanufactured,refurbished,googleshoppingfs
9878665036092,cybexvr2glu,Remanufactured,refurbished,googleshoppingfs
9878665232700,q45e,Remanufactured,refurbished,googleshoppingfs
9878665494844,FMBicepGZFM6002,Remanufactured,refurbished,googleshoppingfs
9878665625916,cybexvr2hipab,Remanufactured,refurbished,googleshoppingfs
9878665822524,q47,Remanufactured,refurbished,googleshoppingfs
9878666051900,FMChestF800,Remanufactured,refurbished,googleshoppingfs
9878666379580,cybexvr2hipad,Remanufactured,refurbished,googleshoppingfs
9878666543420,q47ce,Remanufactured,refurbished,googleshoppingfs
9878666707260,FMChestGZFM6000,Remanufactured,refurbished,googleshoppingfs
9878667100476,cybexvr2latpu,Remanufactured,refurbished,googleshoppingfs
9878667133244,Q47ci,Remanufactured,refurbished,googleshoppingfs
9878667297084,FMCincline,Remanufactured,refurbished,googleshoppingfs
9878667919676,q47e,Remanufactured,refurbished,googleshoppingfs
9878667952444,cybexvr2legcu,Remanufactured,refurbished,googleshoppingfs
9878668083516,FMCincline7259,Remanufactured,refurbished,googleshoppingfs
9878668542268,q47xi,Remanufactured,refurbished,googleshoppingfs
9878668607804,cybexvr2legex,Remanufactured,refurbished,googleshoppingfs
9878668640572,FMdualcablecross,Remanufactured,refurbished,googleshoppingfs
9878669033788,R1,Remanufactured,refurbished,googleshoppingfs
9878669394236,cybexvr2legpr,Remanufactured,refurbished,googleshoppingfs
9878670246204,cybexvr2lowr,Remanufactured,refurbished,googleshoppingfs
9878670377276,RBK815,Remanufactured,refurbished,googleshoppingfs
9878670737724,FMEL4505P,Remanufactured,refurbished,googleshoppingfs
9878671098172,cybexvr2mulhp,Remanufactured,refurbished,googleshoppingfs
9878671196476,RBK835,Remanufactured,refurbished,googleshoppingfs
9878671491388,FMES812,Remanufactured,refurbished,googleshoppingfs
9878671819068,RBK835UPRIGHT,Remanufactured,refurbished,googleshoppingfs
9878671884604,cybexvr2Plegcu,Remanufactured,refurbished,googleshoppingfs
9878672048444,FMFlyRearDeltF806,Remanufactured,refurbished,googleshoppingfs
9878672703804,RBK885Recumbent,Remanufactured,refurbished,googleshoppingfs
9878672802108,cybexvr2Raise4530,Remanufactured,refurbished,googleshoppingfs
9878672867644,FMLatGZFM6020,Remanufactured,refurbished,googleshoppingfs
9878673359164,RBK885RecumbentP82,Remanufactured,refurbished,googleshoppingfs
9878673654076,FMLegExtensionF801,Remanufactured,refurbished,googleshoppingfs
9878673719612,cybexvr2rotac,Remanufactured,refurbished,googleshoppingfs
9878674211132,FMLegPressF804,Remanufactured,refurbished,googleshoppingfs
9878674473276,cybexvr2shopr,Remanufactured,refurbished,googleshoppingfs
9878674833724,FMLiftGZFM6012,Remanufactured,refurbished,googleshoppingfs
9878674899260,Revolution,Remanufactured,refurbished,googleshoppingfs
9878675030332,cybexvr2torsr,Remanufactured,refurbished,googleshoppingfs
9878675325244,FMMEX81110,Remanufactured,refurbished,googleshoppingfs
9878675816764,FMProneLegCurlF814,Remanufactured,refurbished,googleshoppingfs
9878676111676,cybexvrcalf,Remanufactured,refurbished,googleshoppingfs
9878676472124,FMRinclinei119,Remanufactured,refurbished,googleshoppingfs
9878676537660,cybexvrs,Remanufactured,refurbished,googleshoppingfs
9878676734268,REVOLUTIONFT,Remanufactured,refurbished,googleshoppingfs
9878677127484,FMRinclinei79,Remanufactured,refurbished,googleshoppingfs
9878677291324,CybexVRS21040,Remanufactured,refurbished,googleshoppingfs
9878678569276,FMRowGZFM6004,Remanufactured,refurbished,googleshoppingfs
9878678831420,CYBModcud,Remanufactured,refurbished,googleshoppingfs
9878680043836,FMRTREADMILLT107,Remanufactured,refurbished,googleshoppingfs
9878680273212,cybube,Remanufactured,refurbished,googleshoppingfs
9878681485628,RevolutionXP,Remanufactured,refurbished,googleshoppingfs
9878681747772,cycleops300,Remanufactured,refurbished,googleshoppingfs
9878681780540,FMRtreadmillt113,Remanufactured,refurbished,googleshoppingfs
9878683353404,FMRtreadmillt118,Remanufactured,refurbished,googleshoppingfs
9878683779388,ROM,Remanufactured,refurbished,googleshoppingfs
9878685057340,FMRtreadmillt229,Remanufactured,refurbished,googleshoppingfs
9878685450556,RTM500,Remanufactured,refurbished,googleshoppingfs
9878687351100,FMS118CDIC,Remanufactured,refurbished,googleshoppingfs
9878687383868,S2,Remanufactured,refurbished,googleshoppingfs
9878689382716,FMS119CDIC,Remanufactured,refurbished,googleshoppingfs
9878689612092,S2r,Remanufactured,refurbished,googleshoppingfs
9878692561212,FMSeatedRowF817,Remanufactured,refurbished,googleshoppingfs
9878692823356,S2u,Remanufactured,refurbished,googleshoppingfs
9878694592828,FMShoulderF807,Remanufactured,refurbished,googleshoppingfs
9878694986044,s323,Remanufactured,refurbished,googleshoppingfs
9878696395068,FMShoulderGZFM6001,Remanufactured,refurbished,googleshoppingfs
9878697574716,FMSquatGZFM6010,Remanufactured,refurbished,googleshoppingfs
9878698131772,FMSR84409,Remanufactured,refurbished,googleshoppingfs
9878698361148,s325,Remanufactured,refurbished,googleshoppingfs
9878698819900,FMStepGZFM6014,Remanufactured,refurbished,googleshoppingfs
9878698950972,s345,Remanufactured,refurbished,googleshoppingfs
9878699540796,FMTK74817,Remanufactured,refurbished,googleshoppingfs
9878700196156,FMTread790,Remanufactured,refurbished,googleshoppingfs
9878701080892,FMTread8255P,Remanufactured,refurbished,googleshoppingfs
9878701703484,FMTread8505P,Remanufactured,refurbished,googleshoppingfs
9878702031164,s355,Remanufactured,refurbished,googleshoppingfs
9878702391612,FMTricepGZFM6019,Remanufactured,refurbished,googleshoppingfs
9878703341884,g5cable,Remanufactured,refurbished,googleshoppingfs
9878707306812,S3r,Remanufactured,refurbished,googleshoppingfs
9878712254780,S3u,Remanufactured,refurbished,googleshoppingfs
9878714155324,S3un,Remanufactured,refurbished,googleshoppingfs
9878715531580,S3y,Remanufactured,refurbished,googleshoppingfs
9878717006140,sabb,Remanufactured,refurbished,googleshoppingfs
9878718972220,sbe,Remanufactured,refurbished,googleshoppingfs
9878721429820,sc5,Remanufactured,refurbished,googleshoppingfs
9878723952956,sc916,Remanufactured,refurbished,googleshoppingfs
9878726607164,Schwinn-9-7340,New,new,googleshoppingfs
9878732276028,Schwinn-9-7410,New,new,googleshoppingfs
9878734373180,DPL0311,Remanufactured,refurbished,googleshoppingfs
9878734733628,Schwinn-9-7420,New,new,googleshoppingfs
9878735159612,dpl0540,Remanufactured,refurbished,googleshoppingfs
9878736175420,dpl0560,Remanufactured,refurbished,googleshoppingfs
9878737060156,DSL0505,Remanufactured,refurbished,googleshoppingfs
9878750265660,SCHWINNPSB,Remanufactured,refurbished,googleshoppingfs
9878752854332,schwinnube,Remanufactured,refurbished,googleshoppingfs
9878754853180,Scifit-TBRE,Remanufactured,refurbished,googleshoppingfs
9878756589884,SF-ISO7000R,Remanufactured,refurbished,googleshoppingfs
9878757638460,SF-PRO1000-UBE,Remanufactured,refurbished,googleshoppingfs
9878761308476,SFAC5000M,Remanufactured,refurbished,googleshoppingfs
9878763045180,SFAC7000,Remanufactured,refurbished,googleshoppingfs
9878765371708,SFDC1000,Remanufactured,refurbished,googleshoppingfs
9878766092604,sfiso1000,Remanufactured,refurbished,googleshoppingfs
9878766780732,sfiso1000r,Remanufactured,refurbished,googleshoppingfs
9878767796540,sfiso1000U,Remanufactured,refurbished,googleshoppingfs
9878768386364,sfiso7000r,Remanufactured,refurbished,googleshoppingfs
9878769074492,sfiso7000U,Remanufactured,refurbished,googleshoppingfs
9878769828156,sfllstrainer,Remanufactured,refurbished,googleshoppingfs
9878770942268,sfpro1,Remanufactured,refurbished,googleshoppingfs
9878771663164,sfpro100,Remanufactured,refurbished,googleshoppingfs
9878772515132,sfpro1000,Remanufactured,refurbished,googleshoppingfs
9878773924156,sfpro100int,Remanufactured,refurbished,googleshoppingfs
9878774579516,SFPRO1032-INT,Remanufactured,refurbished,googleshoppingfs
9878776938812,sfpro2,Remanufactured,refurbished,googleshoppingfs
9878777856316,SFPRO232-INT,Remanufactured,refurbished,googleshoppingfs
9878779724092,sfrexrelliptical,Remanufactured,refurbished,googleshoppingfs
9878780739900,sfRST7000,Remanufactured,refurbished,googleshoppingfs
9878781559100,sfstepone,Remanufactured,refurbished,googleshoppingfs
9878782378300,sfTC1000,Remanufactured,refurbished,googleshoppingfs
9878784246076,SM-10G-16-ATSC,New,new,googleshoppingfs
9878786441532,SM-4G-10,New,new,googleshoppingfs
9878787129660,SM-4G-15-ATSC,New,new,googleshoppingfs
9878787850556,SM-4G-LCD,New,new,googleshoppingfs
9878788440380,SM-8FC-16-ATSC,New,new,googleshoppingfs
9878788931900,E82RD,Remanufactured,refurbished,googleshoppingfs
9878789718332,E8300,Remanufactured,refurbished,googleshoppingfs
9878790209852,SM-8Gx-16-ATSC,New,new,googleshoppingfs
9878790373692,e846ir,Remanufactured,refurbished,googleshoppingfs
9878791094588,e846iu,Remanufactured,refurbished,googleshoppingfs
9878791913788,e932i,Remanufactured,refurbished,googleshoppingfs
9878792175932,SM-9-4650-REMAN,Remanufactured,refurbished,googleshoppingfs
9878792732988,e954i,Remanufactured,refurbished,googleshoppingfs
9878793716028,e956i,Remanufactured,refurbished,googleshoppingfs
9878794567996,e966i,Remanufactured,refurbished,googleshoppingfs
9878798500156,sm-fc15,Remanufactured,refurbished,googleshoppingfs
9878798631228,GDP6AAR,New,new,googleshoppingfs
9878799057212,GDP6ASM,New,new,googleshoppingfs
9878799974716,sm-sc5ts1,Remanufactured,refurbished,googleshoppingfs
9878800367932,Gravitron-2000,Remanufactured,refurbished,googleshoppingfs
9878801809724,GravitronCDA,Remanufactured,refurbished,googleshoppingfs
9878802334012,SM-TC5,Remanufactured,refurbished,googleshoppingfs
9878812361020,SM5,Remanufactured,refurbished,googleshoppingfs
9878815605052,SM5TSE1,Remanufactured,refurbished,googleshoppingfs
9878819275068,SM8,Remanufactured,refurbished,googleshoppingfs
9878819930428,sm8fc,Remanufactured,refurbished,googleshoppingfs
9878820585788,SM916,Remanufactured,refurbished,googleshoppingfs
9878822027580,ECUB200,Remanufactured,refurbished,googleshoppingfs
9878822060348,smab,Remanufactured,refurbished,googleshoppingfs
9878822551868,EFHDR,Remanufactured,refurbished,googleshoppingfs
9878822617404,SMGAUNTLET,Remanufactured,refurbished,googleshoppingfs
9878823108924,SMGAUNTLET8S,Remanufactured,refurbished,googleshoppingfs
9878823764284,EFX517i,Remanufactured,refurbished,googleshoppingfs
9878823960892,smgauntlet8sx,Remanufactured,refurbished,googleshoppingfs
9878824157500,HDYB,Remanufactured,refurbished,googleshoppingfs
9878824550716,EFX519,Remanufactured,refurbished,googleshoppingfs
9878824845628,SMGAUNTLETD1,Remanufactured,refurbished,googleshoppingfs
9878825337148,EFX521i,Remanufactured,refurbished,googleshoppingfs
9878825468220,SOFB,Remanufactured,refurbished,googleshoppingfs
9878826090812,hmplcrunch,Remanufactured,refurbished,googleshoppingfs
9878826320188,SOIB,Remanufactured,refurbished,googleshoppingfs
9878827172156,sosr,Remanufactured,refurbished,googleshoppingfs
9878827204924,EFX523,Remanufactured,refurbished,googleshoppingfs
9878827303228,HOIST-CF3663,Remanufactured,refurbished,googleshoppingfs
9878827696444,sp-ctt,Remanufactured,refurbished,googleshoppingfs
9878827761980,EFX523NV,Remanufactured,refurbished,googleshoppingfs
9878827860284,Hoist-CF3753,Remanufactured,refurbished,googleshoppingfs
9878828286268,sp-pr,Remanufactured,refurbished,googleshoppingfs
9878828351804,EFX524i,Remanufactured,refurbished,googleshoppingfs
9878828581180,hoist-hd1500,Remanufactured,refurbished,googleshoppingfs
9878828876092,SPLKLC,Remanufactured,refurbished,googleshoppingfs
9878828974396,EFX525,Remanufactured,refurbished,googleshoppingfs
9878829367612,hoist-hd1610,Remanufactured,refurbished,googleshoppingfs
9878829531452,EFX531,Remanufactured,refurbished,googleshoppingfs
9878829564220,splle,Remanufactured,refurbished,googleshoppingfs
9878830055740,HOIST-HD2300,Remanufactured,refurbished,googleshoppingfs
9878830350652,EFX532iexerience,Remanufactured,refurbished,googleshoppingfs
9878830448956,SPORTSART-G660,New,new,googleshoppingfs
9878831006012,hoist-hd3300,Remanufactured,refurbished,googleshoppingfs
9878831268156,EFX533,Remanufactured,refurbished,googleshoppingfs
9878831825212,HOISTCF2179B,Remanufactured,refurbished,googleshoppingfs
9878832087356,EFX533premium,Remanufactured,refurbished,googleshoppingfs
9878832120124,SPORTSART-G690,New,new,googleshoppingfs
9878832841020,HOISTCF2355,Remanufactured,refurbished,googleshoppingfs
9878832906556,EFX534,Remanufactured,refurbished,googleshoppingfs
9878833037628,SPORTSART-N685,New,new,googleshoppingfs
9878833529148,EFX534i,Remanufactured,refurbished,googleshoppingfs
9878833594684,HOISTCF2367,Remanufactured,refurbished,googleshoppingfs
9878834020668,SPORTSART-T615-CHR,New,new,googleshoppingfs
9878834315580,EFX535premium,Remanufactured,refurbished,googleshoppingfs
9878834544956,hoistcf3355,Remanufactured,refurbished,googleshoppingfs
9878834643260,SPORTSART-T615M,New,new,googleshoppingfs
9878835167548,EFX536i,Remanufactured,refurbished,googleshoppingfs
9878835691836,hoistd400,Remanufactured,refurbished,googleshoppingfs
9878836052284,EFX537,Remanufactured,refurbished,googleshoppingfs
9878836085052,SPORTSART-T635A,New,new,googleshoppingfs
9878836412732,HOISTHD1800,Remanufactured,refurbished,googleshoppingfs
9878836642108,SPORTSART-T645L,New,new,googleshoppingfs
9878836674876,EFX544,Remanufactured,refurbished,googleshoppingfs
9878837100860,HoistHD1900,Remanufactured,refurbished,googleshoppingfs
9878837264700,SPORTSART-T655MD,New,new,googleshoppingfs
9878837428540,EFX546i,Remanufactured,refurbished,googleshoppingfs
9878838509884,SPORTSART-T655MS,New,new,googleshoppingfs
9878839099708,EFX546iexp,Remanufactured,refurbished,googleshoppingfs
9878844539196,SPORTSART-T663,New,new,googleshoppingfs
9878847127868,EFX546iV4,Remanufactured,refurbished,googleshoppingfs
9878848831804,SPORTSART-T663M,New,new,googleshoppingfs
9878849323324,efx554i,Remanufactured,refurbished,googleshoppingfs
9878849552700,SPORTSART-T665,New,new,googleshoppingfs
9878849978684,hoisthd3400,Remanufactured,refurbished,googleshoppingfs
9878850306364,EFX556,Remanufactured,refurbished,googleshoppingfs
9878850502972,SPORTSART-T673L,New,new,googleshoppingfs
9878850732348,HoistSM,Remanufactured,refurbished,googleshoppingfs
9878850797884,EFX556iexp,Remanufactured,refurbished,googleshoppingfs
9878851092796,SPORTSART-T673L-16,New,new,googleshoppingfs
9878851486012,HS-ABC,Remanufactured,refurbished,googleshoppingfs
9878851518780,EFX556iv4,Remanufactured,refurbished,googleshoppingfs
9878851879228,SPORTSART-T674L,New,new,googleshoppingfs
9878853386556,EFX556NAVY,Remanufactured,refurbished,googleshoppingfs
9878853517628,HS-BC,Remanufactured,refurbished,googleshoppingfs
9878853910844,SPORTSART-T674L-16,New,new,googleshoppingfs
9878854271292,EFX556V2,Remanufactured,refurbished,googleshoppingfs
9878854304060,HS-OFB-OWS,Remanufactured,refurbished,googleshoppingfs
9878854795580,SPORTSART-T676,New,new,googleshoppingfs
9878854959420,EFX576i,Remanufactured,refurbished,googleshoppingfs
9878855156028,HS-PD,Remanufactured,refurbished,googleshoppingfs
9878855418172,SPORTSART-T676-19,New,new,googleshoppingfs
9878855450940,EFX813P10,Remanufactured,refurbished,googleshoppingfs
9878857220412,HS-SSR,Remanufactured,refurbished,googleshoppingfs
9878858989884,EFX815,Remanufactured,refurbished,googleshoppingfs
9878863774012,HS-TE,Remanufactured,refurbished,googleshoppingfs
9878865183036,EFX833,Remanufactured,refurbished,googleshoppingfs
9878866067772,ssbicep,Remanufactured,refurbished,googleshoppingfs
9878866886972,hs-ub75,Remanufactured,refurbished,googleshoppingfs
9878867345724,efx835,Remanufactured,refurbished,googleshoppingfs
9878868164924,sstriceps,Remanufactured,refurbished,googleshoppingfs
9878868656444,hsadc,Remanufactured,refurbished,googleshoppingfs
9878869016892,EFX883,Remanufactured,refurbished,googleshoppingfs
9878869147964,ST-10TRX-19-REMAN,Remanufactured,refurbished,googleshoppingfs
9878869508412,EFX883P82,Remanufactured,refurbished,googleshoppingfs
9878869606716,hsbwgh,Remanufactured,refurbished,googleshoppingfs
9878869737788,ST-10TRX-20-ATSC,New,new,googleshoppingfs
9878870196540,efx885,Remanufactured,refurbished,googleshoppingfs
9878870393148,hscp,Remanufactured,refurbished,googleshoppingfs
9878870982972,efx885p82,Remanufactured,refurbished,googleshoppingfs
9878871474492,hsFLY,Remanufactured,refurbished,googleshoppingfs
9878872097084,ST-3140-KINTP0,New,new,googleshoppingfs
9878872326460,hsfpd,Remanufactured,refurbished,googleshoppingfs
9878872359228,EGRB,Remanufactured,refurbished,googleshoppingfs
9878873047356,HSFWBAR,Remanufactured,refurbished,googleshoppingfs
9878873112892,elite6230,Remanufactured,refurbished,googleshoppingfs
9878873243964,ST-3150-KINTP0,New,new,googleshoppingfs
9878874161468,espinner,Remanufactured,refurbished,googleshoppingfs
9878874325308,ST-3150-KINTP0-SILVER,Remanufactured,refurbished,googleshoppingfs
9878875013436,espinner7200,Remanufactured,refurbished,googleshoppingfs
9878875341116,ST-4060-KINTP0,New,new,googleshoppingfs
9878875832636,EXPRESSO-GO-RB,New,new,googleshoppingfs
9878876029244,ST-4CT-10-TS,New,new,googleshoppingfs
9878876684604,expressoGO,Remanufactured,refurbished,googleshoppingfs
9878876815676,ST-4CT-10IN,New,new,googleshoppingfs
9878877274428,HSHALFRACK,Remanufactured,refurbished,googleshoppingfs
9878877569340,expressoHD,Remanufactured,refurbished,googleshoppingfs
9878877929788,ST-4CT-15-ATSC,New,new,googleshoppingfs
9878878028092,hshdladj,Remanufactured,refurbished,googleshoppingfs
9878878290236,ExVibStep,Remanufactured,refurbished,googleshoppingfs
9878878519612,ST-4RB-10-TS,New,new,googleshoppingfs
9878878847292,F1SMART,Remanufactured,refurbished,googleshoppingfs
9878878945596,ST-4RB-10IN,New,new,googleshoppingfs
9878879011132,HSHDLHRL,Remanufactured,refurbished,googleshoppingfs
9878879633724,F3,Remanufactured,refurbished,googleshoppingfs
9878879830332,ST-4RB-15-ATSC,New,new,googleshoppingfs
9878880747836,ST-4TR-10-TS,New,new,googleshoppingfs
9878882386236,ST-4TR-10IN,New,new,googleshoppingfs
9878884548924,HSHDLMR,Remanufactured,refurbished,googleshoppingfs
9878885237052,ST-4TR-15-ATSC,New,new,googleshoppingfs
9878885466428,FDF-E750,New,new,googleshoppingfs
9878885826876,hshdlpr,Remanufactured,refurbished,googleshoppingfs
9878886285628,ST-4UB-10-TS,New,new,googleshoppingfs
9878886777148,FDF-VKPX,New,new,googleshoppingfs
9878887530812,hshg,Remanufactured,refurbished,googleshoppingfs
9878887792956,ST-4UB-10IN,New,new,googleshoppingfs
9878889824572,HSISOLFLP,Remanufactured,refurbished,googleshoppingfs
9878889857340,ST-4UB-15-ATSC,New,new,googleshoppingfs
9878890217788,FDVIKPROV,New,new,googleshoppingfs
9878890447164,HSISOlip,Remanufactured,refurbished,googleshoppingfs
9878891036988,ST-8CT-16-ATSC,New,new,googleshoppingfs
9878891397436,HSISOLR,Remanufactured,refurbished,googleshoppingfs
9878892314940,HSISOPLbc,Remanufactured,refurbished,googleshoppingfs
9878893527356,ST-8RB-16-ATSC,New,new,googleshoppingfs
9878894772540,HSISOPLbwbe,Remanufactured,refurbished,googleshoppingfs
9878897787196,HSISOPLdp,Remanufactured,refurbished,googleshoppingfs
9878898540860,ST-8RDE-16-ATSC,New,new,googleshoppingfs
9878898540860,ST-8RDE-16-ATSC-OOB,New,new,googleshoppingfs
9878899130684,HSISOPLhr,Remanufactured,refurbished,googleshoppingfs
9878900080956,HSISOPLilklc,Remanufactured,refurbished,googleshoppingfs
9878900179260,ST-8TR-20-ATSC,New,new,googleshoppingfs
9878900179260,ST-8TR-20-ATSC-OOB,New,new,googleshoppingfs
9878901096764,HSISOPLille,Remanufactured,refurbished,googleshoppingfs
9878902309180,HSISOPLillp,Remanufactured,refurbished,googleshoppingfs
9878902636860,ST-8TRX-20-ATSC,New,new,googleshoppingfs
9878903259452,HSISOPLILR,Remanufactured,refurbished,googleshoppingfs
9878904013116,HSISOPLilwc,Remanufactured,refurbished,googleshoppingfs
9878904209724,ST-8UB-16-ATSC,New,new,googleshoppingfs
9878904537404,HSISOPLlbp,Remanufactured,refurbished,googleshoppingfs
9878905291068,ST-8VB-79QS,New,new,googleshoppingfs
9878905323836,HSISOPLlr,Remanufactured,refurbished,googleshoppingfs
9878905815356,HSISOPLlsp,Remanufactured,refurbished,googleshoppingfs
9878906241340,ST-8VS-16-ATSC,New,new,googleshoppingfs
9878906667324,HSISOPLplcalf,Remanufactured,refurbished,googleshoppingfs
9878907289916,HSISOshrug,Remanufactured,refurbished,googleshoppingfs
9878907355452,ST-FL114,Remanufactured,refurbished,googleshoppingfs
9878907748668,HSJAMMER,Remanufactured,refurbished,googleshoppingfs
9878908010812,st-imab,Remanufactured,refurbished,googleshoppingfs
9878908305724,HSL45DLP,Remanufactured,refurbished,googleshoppingfs
9878908567868,ST-KUSAP0,New,new,googleshoppingfs
9878909026620,hsle,Remanufactured,refurbished,googleshoppingfs
9878909124924,ST-KUSAP3,New,new,googleshoppingfs
9878909616444,hsllp,Remanufactured,refurbished,googleshoppingfs
9878909944124,st4400,Remanufactured,refurbished,googleshoppingfs
9878910271804,HSMILBENCH,Remanufactured,refurbished,googleshoppingfs
9878910763324,ST4TR15IN2024,Remanufactured,refurbished,googleshoppingfs
9878911254844,hsmtsac,Remanufactured,refurbished,googleshoppingfs
9878911549756,st5600,Remanufactured,refurbished,googleshoppingfs
9878912008508,HSMTSbc,Remanufactured,refurbished,googleshoppingfs
9878912172348,st6430,Remanufactured,refurbished,googleshoppingfs
9878912598332,hsmtscp,Remanufactured,refurbished,googleshoppingfs
9878912663868,st7600,Remanufactured,refurbished,googleshoppingfs
9878912958780,hsmtsdp,Remanufactured,refurbished,googleshoppingfs
9878913155388,STAGES-SC3,Remanufactured,refurbished,googleshoppingfs
9878913351996,hsmtst,Remanufactured,refurbished,googleshoppingfs
9878913483068,stairmaster3400ce,Remanufactured,refurbished,googleshoppingfs
9878914302268,HSOFB,Remanufactured,refurbished,googleshoppingfs
9878914367804,Stairmaster4000pt,Remanufactured,refurbished,googleshoppingfs
9878914859324,stairmaster5100nsl,Remanufactured,refurbished,googleshoppingfs
9878914990396,HSOIB,Remanufactured,refurbished,googleshoppingfs
9878915449148,stairmasterAF,Remanufactured,refurbished,googleshoppingfs
9878915842364,HSolympicbench,Remanufactured,refurbished,googleshoppingfs
9878916104508,StarECT,Remanufactured,refurbished,googleshoppingfs
9878916563260,hspfg,Remanufactured,refurbished,googleshoppingfs
9878917284156,HSPLAC,Remanufactured,refurbished,googleshoppingfs
9878917873980,HSpliso,Remanufactured,refurbished,googleshoppingfs
9878918005052,stblade,Remanufactured,refurbished,googleshoppingfs
9878918725948,HSPLLHP,Remanufactured,refurbished,googleshoppingfs
9878918758716,STE,Remanufactured,refurbished,googleshoppingfs
9878919184700,ste-e-tc,Remanufactured,refurbished,googleshoppingfs
9878919315772,HSPLLP,Remanufactured,refurbished,googleshoppingfs
9878919774524,HSPLSHC,Remanufactured,refurbished,googleshoppingfs
9878920331580,ste-EE4600,Remanufactured,refurbished,googleshoppingfs
9878920462652,HSPLSTE,Remanufactured,refurbished,googleshoppingfs
9878920888636,ste-EE5200,Remanufactured,refurbished,googleshoppingfs
9878921019708,hsslc,Remanufactured,refurbished,googleshoppingfs
9878921380156,ste-ptbtx,Remanufactured,refurbished,googleshoppingfs
9878921609532,hsslp,Remanufactured,refurbished,googleshoppingfs
9878922199356,HSSM,Remanufactured,refurbished,googleshoppingfs
9878922494268,ste-rb,Remanufactured,refurbished,googleshoppingfs
9878922953020,hssp,Remanufactured,refurbished,googleshoppingfs
9878923575612,HSSPLC,Remanufactured,refurbished,googleshoppingfs
9878923772220,ste-rbe,Remanufactured,refurbished,googleshoppingfs
9878924132668,HSVKR,Remanufactured,refurbished,googleshoppingfs
9878924230972,ste-sm,Remanufactured,refurbished,googleshoppingfs
9878925148476,INT-DSL-ALLXM-11-REM,Remanufactured,refurbished,googleshoppingfs
9878925443388,ste-st,Remanufactured,refurbished,googleshoppingfs
9878925672764,jacobsladder,New,new,googleshoppingfs
9878926590268,jacobsladder2,New,new,googleshoppingfs
9878926754108,STE-STe,Remanufactured,refurbished,googleshoppingfs
9878927311164,ste-tbt,Remanufactured,refurbished,googleshoppingfs
9878927802684,jacobsladderstairGTL,New,new,googleshoppingfs
9878928294204,jacobsladderx,New,new,googleshoppingfs
9878928589116,ste-tr,Remanufactured,refurbished,googleshoppingfs
9878928687420,keiser3150p,Remanufactured,refurbished,googleshoppingfs
9878929277244,keiserm3,Remanufactured,refurbished,googleshoppingfs
9878929506620,ste-tre,Remanufactured,refurbished,googleshoppingfs
9878929801532,keiserm3p,Remanufactured,refurbished,googleshoppingfs
9878930129212,ste-trx,Remanufactured,refurbished,googleshoppingfs
9878930456892,keiserM7i5210,Remanufactured,refurbished,googleshoppingfs
9878931243324,KIFT,Remanufactured,refurbished,googleshoppingfs
9878931636540,ste-trxe,Remanufactured,refurbished,googleshoppingfs
9878932324668,ste-ub,Remanufactured,refurbished,googleshoppingfs
9878933963068,KITT,Remanufactured,refurbished,googleshoppingfs
9878934421820,ste-ube,Remanufactured,refurbished,googleshoppingfs
9878935142716,stiac,Remanufactured,refurbished,googleshoppingfs
9878935765308,stidap,Remanufactured,refurbished,googleshoppingfs
9878936256828,landicee7,Remanufactured,refurbished,googleshoppingfs
9878938321212,STIPL8505,Remanufactured,refurbished,googleshoppingfs
9878938550588,landicel8,Remanufactured,refurbished,googleshoppingfs
9878939074876,STJohnnySpin,Remanufactured,refurbished,googleshoppingfs
9878939992380,STMax,Remanufactured,refurbished,googleshoppingfs
9878940582204,lcx425t,Remanufactured,refurbished,googleshoppingfs
9878941270332,lf-9100rc,Remanufactured,refurbished,googleshoppingfs
9878941303100,stottpilatesRAR,Remanufactured,refurbished,googleshoppingfs
9878942253372,lf-dse395fs,Remanufactured,refurbished,googleshoppingfs
9878942286140,stottpilatesspx,Remanufactured,refurbished,googleshoppingfs
9878943203644,stpro,Remanufactured,refurbished,googleshoppingfs
9878943269180,lf-dse395x,Remanufactured,refurbished,googleshoppingfs
9878944121148,STProUB,Remanufactured,refurbished,googleshoppingfs
9878944219452,LF-DSE3HD95R,Remanufactured,refurbished,googleshoppingfs
9878944710972,STPST,Remanufactured,refurbished,googleshoppingfs
9878945071420,lf-dse3hd95x,Remanufactured,refurbished,googleshoppingfs
9878945923388,lf-dse3hdelu,Remanufactured,refurbished,googleshoppingfs
9878946349372,STSTRXTreadblack,Remanufactured,refurbished,googleshoppingfs
9878946545980,LF-DSE3HDLBAT,Remanufactured,refurbished,googleshoppingfs
9878947332412,LF-DSE3LBAT,Remanufactured,refurbished,googleshoppingfs
9878947627324,sttr4000,Remanufactured,refurbished,googleshoppingfs
9878947791164,LF-FSDAP,Remanufactured,refurbished,googleshoppingfs
9878948053308,sttr4500,Remanufactured,refurbished,googleshoppingfs
9878948643132,sx1000,Remanufactured,refurbished,googleshoppingfs
9878949036348,sx7000,Remanufactured,refurbished,googleshoppingfs
9878949429564,LF-FXTF-UU,Remanufactured,refurbished,googleshoppingfs
9878949495100,sxt7000,Remanufactured,refurbished,googleshoppingfs
9878949888316,sxt7000e,Remanufactured,refurbished,googleshoppingfs
9878950379836,T1000SPLED,Remanufactured,refurbished,googleshoppingfs
9878950576444,LF-IEC,Remanufactured,refurbished,googleshoppingfs
9878951166268,LF-IEX,Remanufactured,refurbished,googleshoppingfs
9878951821628,t3old,Remanufactured,refurbished,googleshoppingfs
9878951985468,LF-IRB-SE3HD,Remanufactured,refurbished,googleshoppingfs
9878952313148,t4r,Remanufactured,refurbished,googleshoppingfs
9878952837436,T4StackCJ,Remanufactured,refurbished,googleshoppingfs
9878953558332,lf-pcf,Remanufactured,refurbished,googleshoppingfs
9878953951548,lf-pmc95ps,Remanufactured,refurbished,googleshoppingfs
9878954082620,t5,Remanufactured,refurbished,googleshoppingfs
9878954541372,LF-SE3HD,Remanufactured,refurbished,googleshoppingfs
9878955327804,T55,Remanufactured,refurbished,googleshoppingfs
9878955360572,LF-SE3HDUB,Remanufactured,refurbished,googleshoppingfs
9878955884860,t5xr,Remanufactured,refurbished,googleshoppingfs
9878955917628,LF-SigADC,Remanufactured,refurbished,googleshoppingfs
9878956310844,t6300,Remanufactured,refurbished,googleshoppingfs
9878956867900,t631,Remanufactured,refurbished,googleshoppingfs
9878957424956,t6310,Remanufactured,refurbished,googleshoppingfs
9878958178620,T70,Remanufactured,refurbished,googleshoppingfs
9878959128892,LF-SYNRGY360XM,Remanufactured,refurbished,googleshoppingfs
9878960111932,TC1000,Remanufactured,refurbished,googleshoppingfs
9878960767292,TC20,Remanufactured,refurbished,googleshoppingfs
9878960800060,LF-SYNRGY90CC,New,new,googleshoppingfs
9878962405692,TC3000,Remanufactured,refurbished,googleshoppingfs
9878963290428,TC5000,Remanufactured,refurbished,googleshoppingfs
9878964044092,TC5300,Remanufactured,refurbished,googleshoppingfs
9878964404540,LF5500HR,Remanufactured,refurbished,googleshoppingfs
9878965092668,TC5500,Remanufactured,refurbished,googleshoppingfs
9878965256508,lf5500recumbent,Remanufactured,refurbished,googleshoppingfs
9878965911868,TC6000,Remanufactured,refurbished,googleshoppingfs
9878965977404,LF90TTread,Remanufactured,refurbished,googleshoppingfs
9878966665532,tcw700,Remanufactured,refurbished,googleshoppingfs
9878966763836,lf95rexplore,Remanufactured,refurbished,googleshoppingfs
9878967288124,tcw700e,Remanufactured,refurbished,googleshoppingfs
9878967550268,lfcablecross,Remanufactured,refurbished,googleshoppingfs
9878968074556,tcw700eu,Remanufactured,refurbished,googleshoppingfs
9878968697148,tcw700ev,Remanufactured,refurbished,googleshoppingfs
9878970007868,LFCABLEMOT,Remanufactured,refurbished,googleshoppingfs
9878971908412,TECH-45DBHB,Remanufactured,refurbished,googleshoppingfs
9878972727612,TECH-ARTIS-CLIMB,Remanufactured,refurbished,googleshoppingfs
9878973120828,LFCABLESM22,Remanufactured,refurbished,googleshoppingfs
9878973776188,Tech-Artis-Renew,Remanufactured,refurbished,googleshoppingfs
9878974857532,TECH-ARTISSYNCHRO,Remanufactured,refurbished,googleshoppingfs
9878975840572,TECH-AVE-U3,Remanufactured,refurbished,googleshoppingfs
9878976037180,LFCSA,Remanufactured,refurbished,googleshoppingfs
9878976659772,TECH-EV1000-UNITY2,Remanufactured,refurbished,googleshoppingfs
9878977020220,LFCSBE,Remanufactured,refurbished,googleshoppingfs
9878977478972,TECHARTIS,Remanufactured,refurbished,googleshoppingfs
9878977708348,LFCSCP,Remanufactured,refurbished,googleshoppingfs
9878978330940,TechArtisUnity,Remanufactured,refurbished,googleshoppingfs
9878978494780,LFCSHAA,Remanufactured,refurbished,googleshoppingfs
9878979051836,techelementab,Remanufactured,refurbished,googleshoppingfs
9878979313980,LFCSSP,Remanufactured,refurbished,googleshoppingfs
9878979838268,techexforma,Remanufactured,refurbished,googleshoppingfs
9878980067644,lfdeclineBench,Remanufactured,refurbished,googleshoppingfs
9878980624700,lfdiscse3recumbent,Remanufactured,refurbished,googleshoppingfs
9878980821308,TechGCSB,Remanufactured,refurbished,googleshoppingfs
9878981411132,techmk83,Remanufactured,refurbished,googleshoppingfs
9878981443900,lfdiscse3upright,Remanufactured,refurbished,googleshoppingfs
9878982164796,TECHNOGYM-ALE,Remanufactured,refurbished,googleshoppingfs
9878982197564,LFDiscSEElliptical,Remanufactured,refurbished,googleshoppingfs
9878982951228,technogym-skillrow,Remanufactured,refurbished,googleshoppingfs
9878983377212,LFDiscSEFlexstrider,Remanufactured,refurbished,googleshoppingfs
9878984196412,LFDiscSERecumbent,Remanufactured,refurbished,googleshoppingfs
9878984294716,technogym500,Remanufactured,refurbished,googleshoppingfs
9878984917308,technogym600,Remanufactured,refurbished,googleshoppingfs
9878985048380,LFDiscSEUpright,Remanufactured,refurbished,googleshoppingfs
9878985769276,technogym700,Remanufactured,refurbished,googleshoppingfs
9878985867580,LFDiscSIElliptical,Remanufactured,refurbished,googleshoppingfs
9878986588476,technogym700LED,Remanufactured,refurbished,googleshoppingfs
9878986817852,lfdiscsiflexstrider,Remanufactured,refurbished,googleshoppingfs
9878987243836,technogym700visio,Remanufactured,refurbished,googleshoppingfs
9878987505980,LFDiscSIRecumbent,Remanufactured,refurbished,googleshoppingfs
9878987931964,technogym900,Remanufactured,refurbished,googleshoppingfs
9878988325180,LFDiscSIUpright,Remanufactured,refurbished,googleshoppingfs
9878988489020,technogym900TV,Remanufactured,refurbished,googleshoppingfs
9878988947772,LFDiscTreadSE,Remanufactured,refurbished,googleshoppingfs
9878989111612,technogym900VISIO,Remanufactured,refurbished,googleshoppingfs
9878989701436,lfdisctreadse3,Remanufactured,refurbished,googleshoppingfs
9878989799740,technogymartisrun,Remanufactured,refurbished,googleshoppingfs
9878990160188,LFDiscTreadSI,Remanufactured,refurbished,googleshoppingfs
9878990455100,technogymJog700,Remanufactured,refurbished,googleshoppingfs
9878990782780,LFDSE3AT,Remanufactured,refurbished,googleshoppingfs
9878990946620,technogymJog700V,Remanufactured,refurbished,googleshoppingfs
9878991438140,lfdse3hdat,Remanufactured,refurbished,googleshoppingfs
9878991503676,technogymllp,Remanufactured,refurbished,googleshoppingfs
9878992027964,lfedse3hd,Remanufactured,refurbished,googleshoppingfs
9878992290108,technogymRUN1000,Remanufactured,refurbished,googleshoppingfs
9878992486716,lffitship,Remanufactured,refurbished,googleshoppingfs
9878992879932,technogymrunnow,Remanufactured,refurbished,googleshoppingfs
9878993273148,LFFSABE,Remanufactured,refurbished,googleshoppingfs
9878994092348,technogymskillmill,Remanufactured,refurbished,googleshoppingfs
9878994125116,LFFSFLY,Remanufactured,refurbished,googleshoppingfs
9878994911548,LFFSLegPress,Remanufactured,refurbished,googleshoppingfs
9878995239228,technogymsynchroexcite,Remanufactured,refurbished,googleshoppingfs
9878996058428,LFFSMutliPress,Remanufactured,refurbished,googleshoppingfs
9878997500220,technogymunity5000,Remanufactured,refurbished,googleshoppingfs
9878998352188,LFFSPec,Remanufactured,refurbished,googleshoppingfs
9878999695676,LFFZLR,Remanufactured,refurbished,googleshoppingfs
9879000449340,TECHNOKINONE,Remanufactured,refurbished,googleshoppingfs
9879000777020,LFIC3,Remanufactured,refurbished,googleshoppingfs
9879001760060,LFIC5,Remanufactured,refurbished,googleshoppingfs
9879002382652,TECHNORADINC,Remanufactured,refurbished,googleshoppingfs
9879002743100,LFIC7,Remanufactured,refurbished,googleshoppingfs
9879006839100,LFINTCCONSOLE,Remanufactured,refurbished,googleshoppingfs
9879007559996,TECHNOSelectADB,Remanufactured,refurbished,googleshoppingfs
9879007691068,lfintegrity-r,Remanufactured,refurbished,googleshoppingfs
9879008575804,TECHNOSelectMAB,Remanufactured,refurbished,googleshoppingfs
9879008674108,lfintegrity-rbc,Remanufactured,refurbished,googleshoppingfs
9879009624380,TechRec1000,Remanufactured,refurbished,googleshoppingfs
9879009722684,lfintegrity-rbx,Remanufactured,refurbished,googleshoppingfs
9879010345276,TechRec700,Remanufactured,refurbished,googleshoppingfs
9879010476348,lfintegrity-u,Remanufactured,refurbished,googleshoppingfs
9879011230012,TechRec700e,Remanufactured,refurbished,googleshoppingfs
9879011328316,lfintegrity-ucconsole,Remanufactured,refurbished,googleshoppingfs
9879012278588,TechRec700eTV,Remanufactured,refurbished,googleshoppingfs
9879012442428,lfintegrity-uxconsole,Remanufactured,refurbished,googleshoppingfs
9879013392700,TechRec700i,Remanufactured,refurbished,googleshoppingfs
9879013458236,lfintegritycll,Remanufactured,refurbished,googleshoppingfs
9879014474044,techrecforma,Remanufactured,refurbished,googleshoppingfs
9879014572348,LFIntegrityE,Remanufactured,refurbished,googleshoppingfs
9879015457084,LFIntegrityS,Remanufactured,refurbished,googleshoppingfs
9879015489852,techtopxt700e,Remanufactured,refurbished,googleshoppingfs
9879016472892,LFIntegrityT,Remanufactured,refurbished,googleshoppingfs
9879016866108,TechUp1000,Remanufactured,refurbished,googleshoppingfs
9879017324860,LFIntSerStairclimb,Remanufactured,refurbished,googleshoppingfs
9879017783612,TechUp700,Remanufactured,refurbished,googleshoppingfs
9879018340668,LFINTSSE,Remanufactured,refurbished,googleshoppingfs
9879018733884,TechUp700i,Remanufactured,refurbished,googleshoppingfs
9879019389244,LFINTXCONSOLE,Remanufactured,refurbished,googleshoppingfs
9879019684156,TechUp700Visio,Remanufactured,refurbished,googleshoppingfs
9879020208444,LFLCGX,Remanufactured,refurbished,googleshoppingfs
9879021158716,LFMJ5SS-CC,Remanufactured,refurbished,googleshoppingfs
9879021584700,TEXC700iEStep,Remanufactured,refurbished,googleshoppingfs
9879022207292,texcite700,Remanufactured,refurbished,googleshoppingfs
9879022862652,texcite700unity,Remanufactured,refurbished,googleshoppingfs
9879023485244,texcite700visio,Remanufactured,refurbished,googleshoppingfs
9879023550780,LFOpLPLR,Remanufactured,refurbished,googleshoppingfs
9879024402748,texciteLED,Remanufactured,refurbished,googleshoppingfs
9879024533820,lfosadj,Remanufactured,refurbished,googleshoppingfs
9879025549628,TFET,New,new,googleshoppingfs
9879025746236,lfosdap,Remanufactured,refurbished,googleshoppingfs
9879027056956,TFLRT,New,new,googleshoppingfs
9879027810620,TFPT,New,new,googleshoppingfs
9879028072764,lfosfly,Remanufactured,refurbished,googleshoppingfs
9879028728124,TFWDT,New,new,googleshoppingfs
9879028924732,lfoshaa,Remanufactured,refurbished,googleshoppingfs
9879029842236,TG-ASP-MK69,Remanufactured,refurbished,googleshoppingfs
9879030071612,LFOSLE,Remanufactured,refurbished,googleshoppingfs
9879030464828,TG26000,Remanufactured,refurbished,googleshoppingfs
9879030759740,LFOSLP,Remanufactured,refurbished,googleshoppingfs
9879031054652,TGAbdominal,Remanufactured,refurbished,googleshoppingfs
9879031415100,LFOSMP,Remanufactured,refurbished,googleshoppingfs
9879031939388,TGAbductor,Remanufactured,refurbished,googleshoppingfs
9879032561980,LFOSSP,Remanufactured,refurbished,googleshoppingfs
9879033676092,TGAdductor,Remanufactured,refurbished,googleshoppingfs
9879034134844,LFOSX,Remanufactured,refurbished,googleshoppingfs
9879034560828,TGAnterior,Remanufactured,refurbished,googleshoppingfs
9879034822972,LFPecFlySig,Remanufactured,refurbished,googleshoppingfs
9879035281724,TGArmCurl,Remanufactured,refurbished,googleshoppingfs
9879035642172,lfpl,Remanufactured,refurbished,googleshoppingfs
9879036428604,TGChest,Remanufactured,refurbished,googleshoppingfs
9879036821820,LFPowerMill,Remanufactured,refurbished,googleshoppingfs
9879037313340,TGChestPress,Remanufactured,refurbished,googleshoppingfs
9879038001468,LFPro1ACD,Remanufactured,refurbished,googleshoppingfs
9879038984508,TGCI,Remanufactured,refurbished,googleshoppingfs
9879040000316,lfpro1bicep,Remanufactured,refurbished,googleshoppingfs
9879040164156,TGElemLowBack,Remanufactured,refurbished,googleshoppingfs
9879040655676,LFPro1MH,Remanufactured,refurbished,googleshoppingfs
9879040786748,TGElemLowRow,Remanufactured,refurbished,googleshoppingfs
9879041343804,TGElemPec,Remanufactured,refurbished,googleshoppingfs
9879041376572,LFPro1slp,Remanufactured,refurbished,googleshoppingfs
9879042425148,TGElemSP,Remanufactured,refurbished,googleshoppingfs
9879042621756,LFPro1SmithMachine,Remanufactured,refurbished,googleshoppingfs
9879043047740,TGElemVertTrac,Remanufactured,refurbished,googleshoppingfs
9879043539260,LFPro2ACD,Remanufactured,refurbished,googleshoppingfs
9879043834172,TGLegex,Remanufactured,refurbished,googleshoppingfs
9879044358460,LFPro2fly,Remanufactured,refurbished,googleshoppingfs
9879044587836,TGLegpr,Remanufactured,refurbished,googleshoppingfs
9879045243196,LFPro2P2HG,Remanufactured,refurbished,googleshoppingfs
9879045374268,TGLowRow,Remanufactured,refurbished,googleshoppingfs
9879046095164,tgmed45dbh,Remanufactured,refurbished,googleshoppingfs
9879046127932,LFPro2Row,Remanufactured,refurbished,googleshoppingfs
9879047078204,TGPosterior,Remanufactured,refurbished,googleshoppingfs
9879047274812,LFPro2SLegPress,Remanufactured,refurbished,googleshoppingfs
9879047864636,TGPowerTower,Remanufactured,refurbished,googleshoppingfs
9879048126780,LFPSFPD,Remanufactured,refurbished,googleshoppingfs
9879048454460,tgpscalf,Remanufactured,refurbished,googleshoppingfs
9879048880444,lfrowgx,Remanufactured,refurbished,googleshoppingfs
9879049077052,tgpschest,Remanufactured,refurbished,googleshoppingfs
9879049273660,lfsac,Remanufactured,refurbished,googleshoppingfs
9879049830716,tgpsrow,Remanufactured,refurbished,googleshoppingfs
9879049929020,LFSCDLR,Remanufactured,refurbished,googleshoppingfs
9879050649916,tgpsshoulder,Remanufactured,refurbished,googleshoppingfs
9879050813756,lfse3hdpowermill,Remanufactured,refurbished,googleshoppingfs
9879051665724,TGPulley,Remanufactured,refurbished,googleshoppingfs
9879051862332,lfse3powermill,Remanufactured,refurbished,googleshoppingfs
9879052714300,TGSELArmCurl,Remanufactured,refurbished,googleshoppingfs
9879052812604,LFSEPowermill,Remanufactured,refurbished,googleshoppingfs
9879053500732,TGSELArmExt,Remanufactured,refurbished,googleshoppingfs
9879053599036,lfsfb,Remanufactured,refurbished,googleshoppingfs
9879054221628,TGSELCDA,Remanufactured,refurbished,googleshoppingfs
9879054385468,LFSFZBEBE,Remanufactured,refurbished,googleshoppingfs
9879055106364,TGSELDelt,Remanufactured,refurbished,googleshoppingfs
9879055532348,LFSFZGLGM,Remanufactured,refurbished,googleshoppingfs
9879056351548,TGSELGLUTE,Remanufactured,refurbished,googleshoppingfs
9879056580924,lfsigfly,Remanufactured,refurbished,googleshoppingfs
9879057629500,TGSELLatpd,Remanufactured,refurbished,googleshoppingfs
9879057891644,lfsighilow,Remanufactured,refurbished,googleshoppingfs
9879059300668,TGSELLegCurl,Remanufactured,refurbished,googleshoppingfs
9879060087100,TGSELLegex,Remanufactured,refurbished,googleshoppingfs
9879060873532,TGSELLowBack,Remanufactured,refurbished,googleshoppingfs
9879061299516,LFSigLatPull,Remanufactured,refurbished,googleshoppingfs
9879062249788,TGSelPM,Remanufactured,refurbished,googleshoppingfs
9879062577468,lfsipowermill,Remanufactured,refurbished,googleshoppingfs
9879063003452,TGSELROTC,Remanufactured,refurbished,googleshoppingfs
9879063134524,lfsodb,Remanufactured,refurbished,googleshoppingfs
9879063626044,tgselrotr,Remanufactured,refurbished,googleshoppingfs
9879063953724,lfsomb,Remanufactured,refurbished,googleshoppingfs
9879065035068,TGShoulder,Remanufactured,refurbished,googleshoppingfs
9879066018108,LFSS-FLY,Remanufactured,refurbished,googleshoppingfs
9879066181948,TGSslp,Remanufactured,refurbished,googleshoppingfs
9879066640700,LFSS-RW,Remanufactured,refurbished,googleshoppingfs
9879066771772,TGTotalAbdominal,Remanufactured,refurbished,googleshoppingfs
9879067492668,lfss-tr,Remanufactured,refurbished,googleshoppingfs
9879067951420,TGUpper,Remanufactured,refurbished,googleshoppingfs
9879068442940,LFSSABS,Remanufactured,refurbished,googleshoppingfs
9879068836156,TGVertical,Remanufactured,refurbished,googleshoppingfs
9879069294908,lfssadc,Remanufactured,refurbished,googleshoppingfs
9879069819196,theracycle100,Remanufactured,refurbished,googleshoppingfs
9879071162684,LFSSBE,Remanufactured,refurbished,googleshoppingfs
9879071654204,theracycle200,Remanufactured,refurbished,googleshoppingfs
9879072178492,LFSSChestPress,Remanufactured,refurbished,googleshoppingfs
9879072276796,TopXT700e,Remanufactured,refurbished,googleshoppingfs
9879072997692,LFSSCMCP,Remanufactured,refurbished,googleshoppingfs
9879073128764,TopXT700u,Remanufactured,refurbished,googleshoppingfs
9879073784124,LFSSCMCSP,Remanufactured,refurbished,googleshoppingfs
9879074046268,TopXTproUBE,Remanufactured,refurbished,googleshoppingfs
9879074603324,LFSSCMPD,Remanufactured,refurbished,googleshoppingfs
9879074734396,TopXTtopex,Remanufactured,refurbished,googleshoppingfs
9879075455292,LFSSCMRW,Remanufactured,refurbished,googleshoppingfs
9879076471100,LFSSDELT,Remanufactured,refurbished,googleshoppingfs
9879076766012,TRM815,Remanufactured,refurbished,googleshoppingfs
9879077126460,LFSSFZCE,Remanufactured,refurbished,googleshoppingfs
9879077945660,trs3000,Remanufactured,refurbished,googleshoppingfs
9879078207804,LFSSFZLC,Remanufactured,refurbished,googleshoppingfs
9879078732092,trs4000,Remanufactured,refurbished,googleshoppingfs
9879078863164,LFSSHIPABD,Remanufactured,refurbished,googleshoppingfs
9879079256380,TRUE-CS400-E,Remanufactured,refurbished,googleshoppingfs
9879079420220,LFSSHIPADD,Remanufactured,refurbished,googleshoppingfs
9879079944508,TRUE-CS400-T10,Remanufactured,refurbished,googleshoppingfs
9879080173884,LFSSLE,Remanufactured,refurbished,googleshoppingfs
9879081779516,TRUE-CS900,Remanufactured,refurbished,googleshoppingfs
9879081910588,LFSSLegCurl,Remanufactured,refurbished,googleshoppingfs
9879082762556,True-LC900-E2W,Remanufactured,refurbished,googleshoppingfs
9879082926396,LFSSLegExt,Remanufactured,refurbished,googleshoppingfs
9879083811132,True-Spectrum,Remanufactured,refurbished,googleshoppingfs
9879083876668,LFSSLegPress,Remanufactured,refurbished,googleshoppingfs
9879084532028,True-TE900,Remanufactured,refurbished,googleshoppingfs
9879084564796,LFSSMJ4,Remanufactured,refurbished,googleshoppingfs
9879085646140,TRUE-TLT-16ETC,Remanufactured,refurbished,googleshoppingfs
9879086793020,TRUE-XC900,Remanufactured,refurbished,googleshoppingfs
9879087186236,LFSSMJ5,Remanufactured,refurbished,googleshoppingfs
9879088136508,true550SOFT,Remanufactured,refurbished,googleshoppingfs
9879089054012,true600u,Remanufactured,refurbished,googleshoppingfs
9879089086780,LFSSSLC,Remanufactured,refurbished,googleshoppingfs
9879089742140,true750e,Remanufactured,refurbished,googleshoppingfs
9879090102588,LFSSSmithMachine,Remanufactured,refurbished,googleshoppingfs
9879091151164,true750r,Remanufactured,refurbished,googleshoppingfs
9879091577148,LFSSSP,Remanufactured,refurbished,googleshoppingfs
9879091937596,true825ZTX,Remanufactured,refurbished,googleshoppingfs
9879092363580,lfstpowermill,Remanufactured,refurbished,googleshoppingfs
9879092691260,truealpinemerge,Remanufactured,refurbished,googleshoppingfs
9879093575996,truealpinet16,Remanufactured,refurbished,googleshoppingfs
9879094493500,truealpineti1000,Remanufactured,refurbished,googleshoppingfs
9879096328508,trueCS200,Remanufactured,refurbished,googleshoppingfs
9879097377084,lfsynrgy360xsversa,Remanufactured,refurbished,googleshoppingfs
9879097737532,trueCS400,Remanufactured,refurbished,googleshoppingfs
9879098491196,LFSYNVERSDAP,Remanufactured,refurbished,googleshoppingfs
9879098687804,truecs5.0,Remanufactured,refurbished,googleshoppingfs
9879099670844,trueCS500,Remanufactured,refurbished,googleshoppingfs
9879100981564,truecs550,Remanufactured,refurbished,googleshoppingfs
9879101112636,lft5adv,Remanufactured,refurbished,googleshoppingfs
9879101767996,truecs6.0LCD,Remanufactured,refurbished,googleshoppingfs
9879102030140,lftorsor,Remanufactured,refurbished,googleshoppingfs
9879102849340,truecs600,Remanufactured,refurbished,googleshoppingfs
9879103013180,LFVKRBOSU,Remanufactured,refurbished,googleshoppingfs
9879103865148,LX8000,Remanufactured,refurbished,googleshoppingfs
9879103897916,truecs600-9lcd,Remanufactured,refurbished,googleshoppingfs
9879104684348,LX8000ltss,Remanufactured,refurbished,googleshoppingfs
9879104815420,trueCS800,Remanufactured,refurbished,googleshoppingfs
9879106027836,trueCS8002,Remanufactured,refurbished,googleshoppingfs
9879106093372,lx8000ss,Remanufactured,refurbished,googleshoppingfs
9879107240252,trueCS800E,Remanufactured,refurbished,googleshoppingfs
9879107404092,LX8000ts,Remanufactured,refurbished,googleshoppingfs
9879108092220,trueCS800T,Remanufactured,refurbished,googleshoppingfs
9879108288828,MABC,Remanufactured,refurbished,googleshoppingfs
9879109140796,trueCS800U,Remanufactured,refurbished,googleshoppingfs
9879110189372,trueCS800U2,Remanufactured,refurbished,googleshoppingfs
9879111729468,truecs900,Remanufactured,refurbished,googleshoppingfs
9879112679740,trueCS900E,Remanufactured,refurbished,googleshoppingfs
9879112778044,MagNexStepRecStep,Remanufactured,refurbished,googleshoppingfs
9879113564476,trueCS900E15,Remanufactured,refurbished,googleshoppingfs
9879113662780,magTBC100,Remanufactured,refurbished,googleshoppingfs
9879114613052,magub300,Remanufactured,refurbished,googleshoppingfs
9879114809660,trueCS900E9,Remanufactured,refurbished,googleshoppingfs
9879115694396,trueCSX,Remanufactured,refurbished,googleshoppingfs
9879116546364,truees900,Remanufactured,refurbished,googleshoppingfs
9879117529404,truelc1100,Remanufactured,refurbished,googleshoppingfs
9879118315836,trueLC900E,Remanufactured,refurbished,googleshoppingfs
9879119036732,trueLC900R,Remanufactured,refurbished,googleshoppingfs
9879120052540,trueps900,Remanufactured,refurbished,googleshoppingfs
9879121101116,truePSXe,Remanufactured,refurbished,googleshoppingfs
9879121920316,truets1,Remanufactured,refurbished,googleshoppingfs
9879122215228,MarpoVMX,Remanufactured,refurbished,googleshoppingfs
9879122641212,trueTSXa,Remanufactured,refurbished,googleshoppingfs
9879123722556,TRUEVC900E16,Remanufactured,refurbished,googleshoppingfs
9879124803900,trueztx850,Remanufactured,refurbished,googleshoppingfs
9879128506684,MATRIX-E-LS-TOUCH,Remanufactured,refurbished,googleshoppingfs
9879128965436,tsynchro700,Remanufactured,refurbished,googleshoppingfs
9879129391420,Matrix-G3-S76,Remanufactured,refurbished,googleshoppingfs
9879129751868,tsynchro700e,Remanufactured,refurbished,googleshoppingfs
9879130276156,Matrix-G7-S51,Remanufactured,refurbished,googleshoppingfs
9879130636604,tsynchro700eu,Remanufactured,refurbished,googleshoppingfs
9879131291964,MATRIX-H-PS-TOUCH,Remanufactured,refurbished,googleshoppingfs
9879131717948,tsynchro700i,Remanufactured,refurbished,googleshoppingfs
9879132143932,Matrix-MG-A85,Remanufactured,refurbished,googleshoppingfs
9879132700988,tsynchroforma,Remanufactured,refurbished,googleshoppingfs
9879133225276,MATRIX-R-PS-TOUCH,Remanufactured,refurbished,googleshoppingfs
9879133651260,TUFFGHB,Remanufactured,refurbished,googleshoppingfs
9879134175548,MATRIX-S-ES-TOUCH,Remanufactured,refurbished,googleshoppingfs
9879134372156,Tvario700e,Remanufactured,refurbished,googleshoppingfs
9879135191356,MATRIX-TLS-TOUCH,Remanufactured,refurbished,googleshoppingfs
9879135453500,Tvario700ea,Remanufactured,refurbished,googleshoppingfs
9879136207164,matrixa5x,Remanufactured,refurbished,googleshoppingfs
9879136502076,Tvario700ev,Remanufactured,refurbished,googleshoppingfs
9879137124668,matrixA5XAT,Remanufactured,refurbished,googleshoppingfs
9879137321276,TvarioLED,Remanufactured,refurbished,googleshoppingfs
9879138009404,matrixa5xsat,Remanufactured,refurbished,googleshoppingfs
9879138894140,matrixa7xe,Remanufactured,refurbished,googleshoppingfs
9879140204860,matrixa7xesu,Remanufactured,refurbished,googleshoppingfs
9879141024060,matrixA7xi,Remanufactured,refurbished,googleshoppingfs
9879141613884,matrixc3x,Remanufactured,refurbished,googleshoppingfs
9879142531388,matrixc5x,Remanufactured,refurbished,googleshoppingfs
9879143317820,matrixc7xe,Remanufactured,refurbished,googleshoppingfs
9879144202556,matrixC7xi,Remanufactured,refurbished,googleshoppingfs
9879144890684,MATRIXCONNEXUS,Remanufactured,refurbished,googleshoppingfs
9879145677116,matrixe1x,Remanufactured,refurbished,googleshoppingfs
9879146332476,matrixe3x,Remanufactured,refurbished,googleshoppingfs
9879146889532,matrixe3xsusellip,Remanufactured,refurbished,googleshoppingfs
9879147544892,UBE174,Remanufactured,refurbished,googleshoppingfs
9879147708732,matrixe5x,Remanufactured,refurbished,googleshoppingfs
9879148200252,UBK815UPRIGHT,Remanufactured,refurbished,googleshoppingfs
9879148364092,matrixe5xSE,Remanufactured,refurbished,googleshoppingfs
9879148953916,UBK885UPRIGHT,Remanufactured,refurbished,googleshoppingfs
9879149248828,matrixe7xe,Remanufactured,refurbished,googleshoppingfs
9879149838652,UBK885UPRIGHTP82,Remanufactured,refurbished,googleshoppingfs
9879150035260,matrixe7xesusellip,Remanufactured,refurbished,googleshoppingfs
9879151018300,matrixe7xisusellip,Remanufactured,refurbished,googleshoppingfs
9879151214908,Ultimate,Remanufactured,refurbished,googleshoppingfs
9879151968572,matrixg3,Remanufactured,refurbished,googleshoppingfs
9879152034108,Ultimate2,Remanufactured,refurbished,googleshoppingfs
9879153344828,vectra1850,Remanufactured,refurbished,googleshoppingfs
9879154426172,MATRIXG3-S22,Remanufactured,refurbished,googleshoppingfs
9879154852156,VERSA108LXP,Remanufactured,refurbished,googleshoppingfs
9879155081532,MATRIXG3-S60,Remanufactured,refurbished,googleshoppingfs
9879155802428,matrixg3s70,Remanufactured,refurbished,googleshoppingfs
9879156490556,matrixg7-s55b,Remanufactured,refurbished,googleshoppingfs
9879156719932,VR3Abdominal12090,Remanufactured,refurbished,googleshoppingfs
9879157342524,MATRIXG7-S70,Remanufactured,refurbished,googleshoppingfs
9879157440828,VR3Abduction12200,Remanufactured,refurbished,googleshoppingfs
9879158227260,matrixh3x,Remanufactured,refurbished,googleshoppingfs
9879158260028,VR3Adduction12210,Remanufactured,refurbished,googleshoppingfs
9879159013692,matrixh3xhybrid,Remanufactured,refurbished,googleshoppingfs
9879159046460,VR3ArmExtend12080,Remanufactured,refurbished,googleshoppingfs
9879159800124,matrixh5x,Remanufactured,refurbished,googleshoppingfs
9879159865660,VR3backext12100,Remanufactured,refurbished,googleshoppingfs
9879160553788,matrixh5xnewer,Remanufactured,refurbished,googleshoppingfs
9879160652092,VR3Calf12120,Remanufactured,refurbished,googleshoppingfs
9879161274684,matrixh7xe,Remanufactured,refurbished,googleshoppingfs
9879161536828,VR3CColumn12220,Remanufactured,refurbished,googleshoppingfs
9879162159420,matrixh7xi,Remanufactured,refurbished,googleshoppingfs
9879163011388,matrixmx-t5,Remanufactured,refurbished,googleshoppingfs
9879163830588,matrixot5x,Remanufactured,refurbished,googleshoppingfs
9879163961660,VR3Chest12001,Remanufactured,refurbished,googleshoppingfs
9879164453180,matrixr3x,Remanufactured,refurbished,googleshoppingfs
9879164518716,VR3dipchin12230,Remanufactured,refurbished,googleshoppingfs
9879165305148,VR3Extend12050,Remanufactured,refurbished,googleshoppingfs
9879165337916,matrixr3xrecumbent,Remanufactured,refurbished,googleshoppingfs
9879166320956,matrixr5x,Remanufactured,refurbished,googleshoppingfs
9879166419260,VR3FlyRearDelt12110,Remanufactured,refurbished,googleshoppingfs
9879167140156,matrixr5xnewer,Remanufactured,refurbished,googleshoppingfs
9879167336764,VR3Glute12170,Remanufactured,refurbished,googleshoppingfs
9879167893820,matrixr7xe,Remanufactured,refurbished,googleshoppingfs
9879167959356,VR3Lat12130,Remanufactured,refurbished,googleshoppingfs
9879168811324,matrixR7xi,Remanufactured,refurbished,googleshoppingfs
9879168942396,VR3LatRaise12160,Remanufactured,refurbished,googleshoppingfs
9879169663292,matrixs3x,Remanufactured,refurbished,googleshoppingfs
9879169827132,VR3Leg12040,Remanufactured,refurbished,googleshoppingfs
9879170515260,matrixs5x,Remanufactured,refurbished,googleshoppingfs
9879170842940,VR3overhead12010,Remanufactured,refurbished,googleshoppingfs
9879171432764,matrixs7xe,Remanufactured,refurbished,googleshoppingfs
9879171760444,VR3pronecurl12140,Remanufactured,refurbished,googleshoppingfs
9879172546876,matrixs7xi,Remanufactured,refurbished,googleshoppingfs
9879172776252,VR3pulldown12020,Remanufactured,refurbished,googleshoppingfs
9879173398844,matrixt1x,Remanufactured,refurbished,googleshoppingfs
9879173693756,VR3Row12030,Remanufactured,refurbished,googleshoppingfs
9879174316348,matrixt3x,Remanufactured,refurbished,googleshoppingfs
9879174644028,VR3SLegCurl12060,Remanufactured,refurbished,googleshoppingfs
9879175364924,matrixt5x,Remanufactured,refurbished,googleshoppingfs
9879175430460,VR3TorsoRot12190,Remanufactured,refurbished,googleshoppingfs
9879176118588,matrixt7xe,Remanufactured,refurbished,googleshoppingfs
9879176380732,VR3triceppress12180,Remanufactured,refurbished,googleshoppingfs
9879177691452,matrixT7xi,Remanufactured,refurbished,googleshoppingfs
9879179821372,ww-4fqs2024,Remanufactured,refurbished,googleshoppingfs
9879179886908,matrixtomahawk,Remanufactured,refurbished,googleshoppingfs
9879180640572,matrixu3x,Remanufactured,refurbished,googleshoppingfs
9879181754684,matrixu5x,Remanufactured,refurbished,googleshoppingfs
9879182082364,WW-4Front,Remanufactured,refurbished,googleshoppingfs
9879182737724,matrixu7xe,Remanufactured,refurbished,googleshoppingfs
9879183032636,WW-4FrontPT2024,Remanufactured,refurbished,googleshoppingfs
9879183458620,matrixU7xi,Remanufactured,refurbished,googleshoppingfs
9879183851836,WW-4FrontQuickSet,Remanufactured,refurbished,googleshoppingfs
9879185359164,WW-4FrontSmart,Remanufactured,refurbished,googleshoppingfs
9879186964796,WW-4FrontTV,Remanufactured,refurbished,googleshoppingfs
9879187456316,MF20,Remanufactured,refurbished,googleshoppingfs
9879187882300,WW-55-path,Remanufactured,refurbished,googleshoppingfs
9879188406588,MF25,Remanufactured,refurbished,googleshoppingfs
9879189389628,WW-CURVE,Remanufactured,refurbished,googleshoppingfs
9879190405436,ww-curve-trainer,Remanufactured,refurbished,googleshoppingfs
9879190503740,MF30,Remanufactured,refurbished,googleshoppingfs
9879191748924,WW-DES-318,Remanufactured,refurbished,googleshoppingfs
9879193190716,MF65,Remanufactured,refurbished,googleshoppingfs
9879193616700,WW-DES-ELITE,Remanufactured,refurbished,googleshoppingfs
9879194304828,MFMULTITWIN,Remanufactured,refurbished,googleshoppingfs
9879195025724,WW-DES-EVO,Remanufactured,refurbished,googleshoppingfs
9879197221180,WW-FORCE,Remanufactured,refurbished,googleshoppingfs
9879198499132,MKrank,Remanufactured,refurbished,googleshoppingfs
9879198597436,WW-M-tread,Remanufactured,refurbished,googleshoppingfs
9879199318332,MLPCP,Remanufactured,refurbished,googleshoppingfs
9879199940924,WW-Mercury,Remanufactured,refurbished,googleshoppingfs
9879200956732,WW-PRO,Remanufactured,refurbished,googleshoppingfs
9879202955580,x3i,Remanufactured,refurbished,googleshoppingfs
9879204626748,x5i,Remanufactured,refurbished,googleshoppingfs
9879205675324,X7,Remanufactured,refurbished,googleshoppingfs
9879207739708,x9i,Remanufactured,refurbished,googleshoppingfs
9879208689980,xr5000,Remanufactured,refurbished,googleshoppingfs
9879209541948,xr6,Remanufactured,refurbished,googleshoppingfs
9879210393916,xr6000,Remanufactured,refurbished,googleshoppingfs
9879211311420,XR6000SS,Remanufactured,refurbished,googleshoppingfs
9879211999548,xr6000ts,Remanufactured,refurbished,googleshoppingfs
9879212818748,XT-ONE,Remanufactured,refurbished,googleshoppingfs
9879214850364,xt-onesc,Remanufactured,refurbished,googleshoppingfs
9879215800636,xt10,Remanufactured,refurbished,googleshoppingfs
9879216554300,xt20,Remanufactured,refurbished,googleshoppingfs
9879217340732,Xtreme,Remanufactured,refurbished,googleshoppingfs
9879218258236,Xtreme2,Remanufactured,refurbished,googleshoppingfs
9879219274044,Xtreme2SE,Remanufactured,refurbished,googleshoppingfs
9879220060476,ZR7,Remanufactured,refurbished,googleshoppingfs
9879220814140,zr8000,Remanufactured,refurbished,googleshoppingfs
9879221895484,zr8000ss,Remanufactured,refurbished,googleshoppingfs
9879231103292,My3,Remanufactured,refurbished,googleshoppingfs
9879232086332,My5,Remanufactured,refurbished,googleshoppingfs
9879232905532,My7,Remanufactured,refurbished,googleshoppingfs
9879235297596,NAU-9HSAC360BZE,New,new,googleshoppingfs
9879235985724,NAU-9HSFT360AAE,New,new,googleshoppingfs
9879238246716,NAU-9HSLP360BZE,New,new,googleshoppingfs
9879238771004,NAU-9HSPL360AAE,New,new,googleshoppingfs
9879239524668,NAU-9HSSC360BZE,New,new,googleshoppingfs
9879240212796,NAU-9HSTD360BZE,New,new,googleshoppingfs
9879240868156,NAU-9HSTL360AAE,New,new,googleshoppingfs
9879241818428,NAU-9IPAA560BZ,New,new,googleshoppingfs
9879242572092,NAU-9IPAC560BZ,New,new,googleshoppingfs
9879243325756,NAU-9IPBA560BZ,New,new,googleshoppingfs
9879243882812,NAU-9IPBC560BZ,New,new,googleshoppingfs
9879244570940,NAU-9IPBE560BZ,New,new,googleshoppingfs
9879245324604,NAU-9IPDR560BZS,New,new,googleshoppingfs
9879246045500,NAU-9IPGM560AAS,New,new,googleshoppingfs
9879246831932,NAU-9IPLC560BZ,New,new,googleshoppingfs
9879247782204,NAU-9IPLE560BZ,New,new,googleshoppingfs
9879248634172,NAU-9IPLP560BZ,New,new,googleshoppingfs
9879249355068,NAU-9IPPD560BZ,New,new,googleshoppingfs
9879249879356,NAU-9IPPF560BZ,New,new,googleshoppingfs
9879251157308,NAU-9IPPO560BZ,New,new,googleshoppingfs
9879252074812,NAU-9IPRT560BZS,New,new,googleshoppingfs
9879252959548,NAU-9IPSP560BZ,New,new,googleshoppingfs
9879253778748,NAU-9IPTD560BZS,New,new,googleshoppingfs
9879254958396,NAU-9IPTE560BZ,New,new,googleshoppingfs
9879256138044,NAU-9IPVP560BZ,New,new,googleshoppingfs
9879257186620,NAU-9IPVR560BZ,New,new,googleshoppingfs
9879258038588,NAU-9NAS130160AGS,New,new,googleshoppingfs
9879259021628,NAU-9NAS130560AGS,New,new,googleshoppingfs
9879259873596,NAU-9NAS130760AGS,New,new,googleshoppingfs
9879260791100,NAU-9NAS130860AGS,New,new,googleshoppingfs
9879261446460,NAU-9NAS130960AGS,New,new,googleshoppingfs
9879262232892,NAU-9NAS131160AGS,New,new,googleshoppingfs
9879263019324,NAU-9NAS131260AGS,New,new,googleshoppingfs
9879264133436,NAU-9NAS131360AGS,New,new,googleshoppingfs
9879264887100,NAU-9NAS230160AGS,New,new,googleshoppingfs
9929977397564,CYBEXR-LBARC50L,Remanufactured,refurbished,googleshoppingfs
9929989095740,LFPRO2PEC,Remanufactured,refurbished,googleshoppingfs
9929989226812,LFSS-BC,Remanufactured,refurbished,googleshoppingfs
9929989783868,LFSS-CP,Remanufactured,refurbished,googleshoppingfs
9929990013244,LFSS-PD,Remanufactured,refurbished,googleshoppingfs
9929990209852,LFSS-SLP,Remanufactured,refurbished,googleshoppingfs
9929990471996,LFSS-SP,Remanufactured,refurbished,googleshoppingfs
9929990963516,LFSS-TP,Remanufactured,refurbished,googleshoppingfs
9929991258428,MATRIX-IR-LCD,Remanufactured,refurbished,googleshoppingfs
9929991422268,NAU-9NLD200260AAS,New,new,googleshoppingfs
9929991618876,PRECOR-C240i,Remanufactured,refurbished,googleshoppingfs
9929991815484,PRECOR-DBR0611,Remanufactured,refurbished,googleshoppingfs
9929992438076,PRECOR-DPLLP,Remanufactured,refurbished,googleshoppingfs
9929993814332,SCIFIT-PRO2,Remanufactured,refurbished,googleshoppingfs
9929993879868,SCIFIT-REX7000-LED,Remanufactured,refurbished,googleshoppingfs
9929994928444,SPORTSART-G576UB,Remanufactured,refurbished,googleshoppingfs
9929996763452,TRUE-C900RB16,Remanufactured,refurbished,googleshoppingfs
9929996960060,TRUE-C900UB16,Remanufactured,refurbished,googleshoppingfs
9929997123900,TRUE-SPECTRUM16,Remanufactured,refurbished,googleshoppingfs
